# txschools.net — unofficial. Not operated by, endorsed by, or affiliated with the Texas Education Agency.
# source: Texas Education Agency, published publicly at https://txschools.gov
# snapshot: 15 August 2026 — the date this site fetched TEA's data. TEA may have revised it since.
# dataset: ranking board
# page: https://txschools.net/rankings/texas-campuses/chronically-absent-highest
# rows: 7358 (excluding this header and the column row)
# ranking: Texas campuses with the highest chronically absent in 2025-26
# population: 7,358 campuses of 8,066 campuses are ranked here.
# population: 420 were not rated by TEA for 2025-26 and are not ranked.
# population: 288 reported no figure for this measure and are not ranked.
# rank_of is how many rows were actually ranked (can be smaller than the population above); two rows on the same value share a rank ("tied"), and the next rank is skipped.
# empty cell = TEA did not publish that figure. It does not mean zero.
# numbers are unformatted: no thousands separators, no currency symbols, no percent signs.
# lines starting with # are comments — pandas: read_csv(path, comment='#')
rank,rank_of,tied,entity_id,name,district,rating,value,enrollment,url
1,7358,1,108909007,PSJA Southwest Early College HS,Pharr-San Juan-Alamo ISD,B,100,1459,https://txschools.net/campus/psja-southwest-early-college-hs-108909007
1,7358,1,101924110,Sheldon Early Childhood Academy,Sheldon ISD,C,100,515,https://txschools.net/campus/sheldon-early-childhood-academy-101924110
3,7358,0,071902020,College Career Technology Academy (Ccta),El Paso ISD,B,95.1,110,https://txschools.net/campus/college-career-technology-academy-ccta-071902020
4,7358,0,003903004,Hackney Learning Center,Lufkin ISD,D,93.8,106,https://txschools.net/campus/hackney-learning-center-003903004
5,7358,0,057903003,Grimes Education Center,Carrollton-Farmers Branch ISD,B,92.3,86,https://txschools.net/campus/grimes-education-center-057903003
6,7358,0,232903003,Crossroads Academy,Uvalde CISD,B,92,57,https://txschools.net/campus/crossroads-academy-232903003
7,7358,0,007905005,Pleasanton ISD School of Choice,Pleasanton ISD,D,90.9,12,https://txschools.net/campus/pleasanton-isd-school-of-choice-007905005
8,7358,0,015905016,Learn4life,Edgewood ISD,C,89.8,230,https://txschools.net/campus/learn4life-015905016
9,7358,0,003902004,Stubblefield Lrn Ctr,Hudson ISD,A,86.4,19,https://txschools.net/campus/stubblefield-lrn-ctr-003902004
10,7358,0,178904009,Coles HS and Educational Center,Corpus Christi ISD,A,85.7,115,https://txschools.net/campus/coles-hs-and-educational-center-178904009
11,7358,0,174904005,Margie Chumbley Academy for Success,Nacogdoches ISD,C,85.2,55,https://txschools.net/campus/margie-chumbley-academy-for-success-174904005
12,7358,0,108907002,Mercedes Academic Academy,Mercedes ISD,A,84.7,131,https://txschools.net/campus/mercedes-academic-academy-108907002
13,7358,0,091903002,Pathways HS,Denison ISD,A,83.5,60,https://txschools.net/campus/pathways-hs-091903002
14,7358,0,227910002,Del Valle Opportunity Ctr,Del Valle ISD,B,83.4,148,https://txschools.net/campus/del-valle-opportunity-ctr-227910002
15,7358,0,108906007,Lamar Academy,McAllen ISD,A,83.3,49,https://txschools.net/campus/lamar-academy-108906007
16,7358,0,146901004,Frederick A Douglass Learning Academy,Cleveland ISD,C,82.3,144,https://txschools.net/campus/frederick-a-douglass-learning-academy-146901004
17,7358,0,011901022,Genesis HS,Bastrop ISD,B,80.8,86,https://txschools.net/campus/genesis-hs-011901022
18,7358,0,227901015,Garza Independence HS,Austin ISD,B,80.6,132,https://txschools.net/campus/garza-independence-hs-227901015
19,7358,0,233901004,Blended Academy,San Felipe-Del Rio CISD,B,79.1,115,https://txschools.net/campus/blended-academy-233901004
20,7358,0,015907182,Healy-Murphy,San Antonio ISD,C,78.7,110,https://txschools.net/campus/healy-murphy-015907182
21,7358,0,020905006,Brazos Success Academy,Brazosport ISD,B,78.3,134,https://txschools.net/campus/brazos-success-academy-020905006
22,7358,0,015910008,Academy of Creative Ed,North East ISD,A,78,96,https://txschools.net/campus/academy-of-creative-ed-015910008
23,7358,0,105902005,San Marcos Excel Academy,San Marcos CISD,A,77.8,52,https://txschools.net/campus/san-marcos-excel-academy-105902005
24,7358,0,057907004,Mary E Smithey Pace HS,Duncanville ISD,C,77.3,96,https://txschools.net/campus/mary-e-smithey-pace-hs-057907004
25,7358,0,084902007,Aim College & Career Prep,Galveston ISD,A,75.5,77,https://txschools.net/campus/aim-college-career-prep-084902007
26,7358,1,050910005,Central Texas Innovation Academy,Copperas Cove ISD,B,75.2,114,https://txschools.net/campus/central-texas-innovation-academy-050910005
26,7358,1,235902006,Visd Success Academy,Victoria ISD,B,75.2,212,https://txschools.net/campus/visd-success-academy-235902006
28,7358,2,021901005,Cvhs Accelerated Academy,College Station ISD,A,75,24,https://txschools.net/campus/cvhs-accelerated-academy-021901005
28,7358,2,015904004,Frank M Tejeda Beyond Academy,Harlandale ISD,B,75,136,https://txschools.net/campus/frank-m-tejeda-beyond-academy-015904004
28,7358,2,046901038,Two Rivers HS,New Braunfels ISD,A,75,62,https://txschools.net/campus/two-rivers-hs-046901038
31,7358,0,133903105,Hill Country HS,Kerrville ISD,A,73.4,29,https://txschools.net/campus/hill-country-hs-133903105
32,7358,0,021902017,The Mary Catherine Harris School-School of Choice,Bryan ISD,D,72.7,295,https://txschools.net/campus/the-mary-catherine-harris-school-school-of-choice-021902017
33,7358,0,116905001,New Horizons Learning Center,Greenville ISD,C,72.6,54,https://txschools.net/campus/new-horizons-learning-center-116905001
34,7358,0,101911005,Peter E Hyland Empower Academy,Goose Creek CISD,A,72.5,105,https://txschools.net/campus/peter-e-hyland-empower-academy-101911005
35,7358,0,105906004,Live Oak Academy,Hays CISD,B,71.1,156,https://txschools.net/campus/live-oak-academy-105906004
36,7358,1,152901011,Dupre Academy HS,Lubbock ISD,C,70.8,116,https://txschools.net/campus/dupre-academy-hs-152901011
36,7358,1,014906006,Pathways Academic Campus,Killeen ISD,A,70.8,247,https://txschools.net/campus/pathways-academic-campus-014906006
38,7358,0,002901002,Andrews Education Center,Andrews ISD,B,70.6,28,https://txschools.net/campus/andrews-education-center-002901002
39,7358,0,246909011,Success HS,Round Rock ISD,C,70.5,201,https://txschools.net/campus/success-hs-246909011
40,7358,0,094902002,Allison L Steele E L C,Schertz-Cibolo-U City ISD,B,70.4,75,https://txschools.net/campus/allison-l-steele-e-l-c-094902002
41,7358,0,011902004,Phoenix HS,Elgin ISD,C,70.3,42,https://txschools.net/campus/phoenix-hs-011902004
42,7358,0,043902005,Anna Academic Achievement Center,Anna ISD,A,70,49,https://txschools.net/campus/anna-academic-achievement-center-043902005
43,7358,0,221901003,Woodson Center for Excellence,Abilene ISD,B,69.7,85,https://txschools.net/campus/woodson-center-for-excellence-221901003
44,7358,0,101902013,Hall Success Academy,Aldine ISD,A,69.3,174,https://txschools.net/campus/hall-success-academy-101902013
45,7358,1,182903002,Mineral Wells Academy,Mineral Wells ISD,B,68.8,29,https://txschools.net/campus/mineral-wells-academy-182903002
45,7358,1,168901003,Wallace Accelerated HS,Colorado ISD,C,68.8,14,https://txschools.net/campus/wallace-accelerated-hs-168901003
47,7358,0,246904002,Chip Richarte HS,Georgetown ISD,B,68.1,83,https://txschools.net/campus/chip-richarte-hs-246904002
48,7358,0,015907006,Houston HS,San Antonio ISD,B,67.7,713,https://txschools.net/campus/houston-hs-015907006
49,7358,0,015907024,Cooper Academy at Navarro,San Antonio ISD,A,67.3,365,https://txschools.net/campus/cooper-academy-at-navarro-015907024
50,7358,0,227901007,Travis Early College HS,Austin ISD,D,67.1,917,https://txschools.net/campus/travis-early-college-hs-227901007
51,7358,0,091906037,Jefferson Learning Ctr,Sherman ISD,B,66.7,76,https://txschools.net/campus/jefferson-learning-ctr-091906037
52,7358,0,101912484,MS College HS at HCC Gulfton,Houston ISD,B,66.3,59,https://txschools.net/campus/ms-college-hs-at-hcc-gulfton-101912484
53,7358,1,212905010,Alvin V Anderson Rise Academy,Tyler ISD,A,65.9,77,https://txschools.net/campus/alvin-v-anderson-rise-academy-212905010
53,7358,1,015907005,Highlands HS,San Antonio ISD,C,65.9,1416,https://txschools.net/campus/highlands-hs-015907005
55,7358,0,057910009,Crosswinds Accelerated HS,Grand Prairie ISD,A,65.7,318,https://txschools.net/campus/crosswinds-accelerated-hs-057910009
56,7358,0,101916002,The Academy of Viola Dewalt HS,La Porte ISD,B,65.5,112,https://txschools.net/campus/the-academy-of-viola-dewalt-hs-101916002
57,7358,0,101905005,Endeavor HS,Channelview ISD,A,65.2,91,https://txschools.net/campus/endeavor-hs-101905005
58,7358,0,101912456,HS Ahead Academy,Houston ISD,A,65,160,https://txschools.net/campus/hs-ahead-academy-101912456
59,7358,0,028902038,Lockhart Pride HS,Lockhart ISD,C,64.7,71,https://txschools.net/campus/lockhart-pride-hs-028902038
60,7358,0,170906012,Stephens Academy,Magnolia ISD,B,64,80,https://txschools.net/campus/stephens-academy-170906012
61,7358,1,227904007,Pflugerville Academic and Career Education (Pace),Pflugerville ISD,B,63.6,83,https://txschools.net/campus/pflugerville-academic-and-career-education-pace-227904007
61,7358,1,220908006,The Phoenix Academy,Mansfield ISD,A,63.6,56,https://txschools.net/campus/the-phoenix-academy-220908006
63,7358,0,071905032,Thrive Academy,Ysleta ISD,B,63.1,110,https://txschools.net/campus/thrive-academy-071905032
64,7358,0,129902002,Forney Learning Academy,Forney ISD,A,62.7,92,https://txschools.net/campus/forney-learning-academy-129902002
65,7358,0,019907003,Options Early Graduation HS,Texarkana ISD,A,62.6,70,https://txschools.net/campus/options-early-graduation-hs-019907003
66,7358,1,014909008,Fred W Edwards Academy AEC,Temple ISD,A,62.5,50,https://txschools.net/campus/fred-w-edwards-academy-aec-014909008
66,7358,1,216901180,Wall Special Programs,Sterling City ISD,A,62.5,11,https://txschools.net/campus/wall-special-programs-216901180
68,7358,0,029901003,Hope HS,Calhoun County ISD,A,62.3,28,https://txschools.net/campus/hope-hs-029901003
69,7358,0,086901002,Gillespie County HS,Fredericksburg ISD,A,62.2,20,https://txschools.net/campus/gillespie-county-hs-086901002
70,7358,0,220907039,Keller Compass Center,Keller ISD,B,62.1,32,https://txschools.net/campus/keller-compass-center-220907039
71,7358,0,046902201,Comal Academy,Comal ISD,A,62,101,https://txschools.net/campus/comal-academy-046902201
72,7358,0,101910001,Accelerated Center for Education (Ace),Galena Park ISD,B,61.8,166,https://txschools.net/campus/accelerated-center-for-education-ace-101910001
73,7358,0,227901019,Eastside Early College HS,Austin ISD,C,61.6,584,https://txschools.net/campus/eastside-early-college-hs-227901019
74,7358,0,227901014,LBJ Early College HS,Austin ISD,C,61,728,https://txschools.net/campus/lbj-early-college-hs-227901014
75,7358,0,123910042,Smith MS,Beaumont ISD,F,60.8,501,https://txschools.net/campus/smith-ms-123910042
76,7358,0,220918002,Elmer C Watson HS,Eagle Mt-Saginaw ISD,A,60.6,98,https://txschools.net/campus/elmer-c-watson-hs-220918002
77,7358,0,108903004,Edcouch-Elsa HS Academy,Edcouch-Elsa ISD,C,60.5,16,https://txschools.net/campus/edcouch-elsa-hs-academy-108903004
78,7358,0,246913011,New Hope HS,Leander ISD,A,60.2,72,https://txschools.net/campus/new-hope-hs-246913011
79,7358,0,083903002,Seminole Success Ctr,Seminole ISD,A,60,27,https://txschools.net/campus/seminole-success-ctr-083903002
80,7358,0,227901051,Martin MS,Austin ISD,F,59.3,308,https://txschools.net/campus/martin-ms-227901051
81,7358,0,015907066,Tafolla College Prep MS,San Antonio ISD,F,58.6,348,https://txschools.net/campus/tafolla-college-prep-ms-015907066
82,7358,0,015907008,Lanier HS,San Antonio ISD,C,58.4,1556,https://txschools.net/campus/lanier-hs-015907008
83,7358,0,101919003,Andy Dekaney HS,Spring ISD,C,57.6,2344,https://txschools.net/campus/andy-dekaney-hs-101919003
84,7358,0,015905002,John F Kennedy HS,Edgewood ISD,C,57.5,944,https://txschools.net/campus/john-f-kennedy-hs-015905002
85,7358,0,220905009,Polytechnic HS,Fort Worth ISD,C,56.9,1253,https://txschools.net/campus/polytechnic-hs-220905009
86,7358,0,227901004,Navarro Early College HS,Austin ISD,B,56.8,1391,https://txschools.net/campus/navarro-early-college-hs-227901004
87,7358,0,057905017,H Grady Spruce HS,Dallas ISD,C,56.5,1207,https://txschools.net/campus/h-grady-spruce-hs-057905017
88,7358,0,220902012,Bob E Griggs HS,Birdville ISD,B,56.1,122,https://txschools.net/campus/bob-e-griggs-hs-220902012
89,7358,1,057912005,Barbara Cardwell Career Preparatory Center,Irving ISD,A,56,241,https://txschools.net/campus/barbara-cardwell-career-preparatory-center-057912005
89,7358,1,178904003,Roy Miller HS and Metro School of Design,Corpus Christi ISD,B,56,1325,https://txschools.net/campus/roy-miller-hs-and-metro-school-of-design-178904003
91,7358,0,220906006,Bridges Academy,Grapevine-Colleyville ISD,B,55.7,42,https://txschools.net/campus/bridges-academy-220906006
92,7358,0,191901004,Midway Alternative HS,Canyon ISD,B,55.3,39,https://txschools.net/campus/midway-alternative-hs-191901004
93,7358,1,094901002,Mercer & Blumberg Lrn Ctr,Seguin ISD,A,55.2,65,https://txschools.net/campus/mercer-blumberg-lrn-ctr-094901002
93,7358,1,126903002,Team Sch,Cleburne ISD,A,55.2,44,https://txschools.net/campus/team-sch-126903002
95,7358,1,101912004,Furr HS,Houston ISD,B,55,724,https://txschools.net/campus/furr-hs-101912004
95,7358,1,227901006,Northeast Early College HS,Austin ISD,C,55,952,https://txschools.net/campus/northeast-early-college-hs-227901006
97,7358,0,178904047,Driscoll MS,Corpus Christi ISD,D,54.6,479,https://txschools.net/campus/driscoll-ms-178904047
98,7358,0,045902002,Columbus Crossing HS,Columbus ISD,B,54.5,8,https://txschools.net/campus/columbus-crossing-hs-045902002
99,7358,0,179901002,Ludi Pena Martin Accelerated Education Center,Perryton ISD,B,54.3,17,https://txschools.net/campus/ludi-pena-martin-accelerated-education-center-179901002
100,7358,0,101912310,Houston Math Science and Technology Center,Houston ISD,A,54.2,2074,https://txschools.net/campus/houston-math-science-and-technology-center-101912310
101,7358,2,071902009,Jefferson HS,El Paso ISD,D,54,880,https://txschools.net/campus/jefferson-hs-071902009
101,7358,2,102902006,Marshall Early Graduation School,Marshall ISD,B,54,91,https://txschools.net/campus/marshall-early-graduation-school-102902006
101,7358,2,057905380,Wilmer-Hutchins HS,Dallas ISD,C,54,717,https://txschools.net/campus/wilmer-hutchins-hs-057905380
104,7358,0,015905003,Memorial HS,Edgewood ISD,C,53.6,775,https://txschools.net/campus/memorial-hs-015905003
105,7358,0,101912016,Washington B T HS,Houston ISD,A,53.5,704,https://txschools.net/campus/washington-b-t-hs-101912016
106,7358,1,123910131,Fehl-Price Elem,Beaumont ISD,F,53.4,318,https://txschools.net/campus/fehl-price-elem-123910131
106,7358,1,165901004,Viola M Coleman HS,Midland ISD,A,53.4,148,https://txschools.net/campus/viola-m-coleman-hs-165901004
108,7358,2,015907007,Jefferson HS,San Antonio ISD,B,52.8,1574,https://txschools.net/campus/jefferson-hs-015907007
108,7358,2,101917007,Tegeler Community School,Pasadena ISD,A,52.8,174,https://txschools.net/campus/tegeler-community-school-101917007
108,7358,2,101912082,Williams MS,Houston ISD,A,52.8,270,https://txschools.net/campus/williams-ms-101912082
111,7358,1,101912007,Kashmere HS,Houston ISD,B,52.7,601,https://txschools.net/campus/kashmere-hs-101912007
111,7358,1,139909008,Travis HS of Choice,Paris ISD,B,52.7,32,https://txschools.net/campus/travis-hs-of-choice-139909008
113,7358,0,020908004,Pace Center,Pearland ISD,A,52.2,86,https://txschools.net/campus/pace-center-020908004
114,7358,0,015907044,Hot Wells MS,San Antonio ISD,D,52.1,526,https://txschools.net/campus/hot-wells-ms-015907044
115,7358,1,240904041,Bruni MS,Webb CISD,B,51.8,45,https://txschools.net/campus/bruni-ms-240904041
115,7358,1,015907065,Davis College Prep MS,San Antonio ISD,F,51.8,264,https://txschools.net/campus/davis-college-prep-ms-015907065
117,7358,0,232903001,Uvalde HS,Uvalde CISD,D,51.6,1142,https://txschools.net/campus/uvalde-hs-232903001
118,7358,0,057905023,David W Carter HS,Dallas ISD,A,51.5,909,https://txschools.net/campus/david-w-carter-hs-057905023
119,7358,0,120901004,Edna Alternative,Edna ISD,C,51.4,16,https://txschools.net/campus/edna-alternative-120901004
120,7358,1,101912044,Cullen MS,Houston ISD,C,51.3,318,https://txschools.net/campus/cullen-ms-101912044
120,7358,1,129906004,Terrell Alternative Education Center/Phoenix Sch,Terrell ISD,C,51.3,32,https://txschools.net/campus/terrell-alternative-education-center-phoenix-sch-129906004
122,7358,0,071902003,Bowie HS,El Paso ISD,C,50.9,881,https://txschools.net/campus/bowie-hs-071902003
123,7358,0,170902002,Booker T Washington HS,Conroe ISD,B,50.6,164,https://txschools.net/campus/booker-t-washington-hs-170902002
124,7358,0,123910014,Beaumont United HS,Beaumont ISD,C,50.5,1864,https://txschools.net/campus/beaumont-united-hs-123910014
125,7358,0,101912009,Wisdom HS,Houston ISD,B,50.2,1607,https://txschools.net/campus/wisdom-hs-101912009
126,7358,0,031912001,San Benito HS,San Benito CISD,B,50.1,2544,https://txschools.net/campus/san-benito-hs-031912001
127,7358,0,041902180,Wall Sp Prog,Robert Lee ISD,A,50,6,https://txschools.net/campus/wall-sp-prog-041902180
128,7358,0,101912324,Liberty HS,Houston ISD,A,49.9,314,https://txschools.net/campus/liberty-hs-101912324
129,7358,1,108912004,Juarez-Lincoln HS,La Joya ISD,C,49.8,1806,https://txschools.net/campus/juarez-lincoln-hs-108912004
129,7358,1,227901058,Mendez MS,Austin ISD,D,49.8,283,https://txschools.net/campus/mendez-ms-227901058
131,7358,0,057905012,Dr L G Pinkston Sr HS,Dallas ISD,A,49.7,1174,https://txschools.net/campus/dr-l-g-pinkston-sr-hs-057905012
132,7358,0,212905003,Tyler HS,Tyler ISD,B,49.5,2066,https://txschools.net/campus/tyler-hs-212905003
133,7358,0,227907001,Manor HS,Manor ISD,C,48.9,2210,https://txschools.net/campus/manor-hs-227907001
134,7358,0,126905002,New Horizon HS,Joshua ISD,A,48.4,35,https://txschools.net/campus/new-horizon-hs-126905002
135,7358,1,015907002,Burbank HS,San Antonio ISD,B,48.3,1433,https://txschools.net/campus/burbank-hs-015907002
135,7358,1,168901001,Colorado HS,Colorado ISD,B,48.3,219,https://txschools.net/campus/colorado-hs-168901001
137,7358,0,057905016,South Oak Cliff HS,Dallas ISD,A,48.2,1535,https://txschools.net/campus/south-oak-cliff-hs-057905016
138,7358,2,015905041,Brentwood MS,Edgewood ISD,F,48.1,576,https://txschools.net/campus/brentwood-ms-015905041
138,7358,2,108903001,Edcouch-Elsa HS,Edcouch-Elsa ISD,C,48.1,1257,https://txschools.net/campus/edcouch-elsa-hs-108903001
138,7358,2,061901039,Fred Moore HS,Denton ISD,A,48.1,75,https://txschools.net/campus/fred-moore-hs-061901039
141,7358,1,071902008,Irvin HS,El Paso ISD,C,48,826,https://txschools.net/campus/irvin-hs-071902008
141,7358,1,057905008,Justin F Kimball HS,Dallas ISD,B,48,1152,https://txschools.net/campus/justin-f-kimball-hs-057905008
143,7358,0,220916005,Keys HS,Hurst-Euless-Bedford ISD,A,47.8,48,https://txschools.net/campus/keys-hs-220916005
144,7358,2,084906002,La Marque HS,Texas City ISD,B,47.7,738,https://txschools.net/campus/la-marque-hs-084906002
144,7358,2,015904002,McCollum HS,Harlandale ISD,C,47.7,1438,https://txschools.net/campus/mccollum-hs-015904002
144,7358,2,220905016,O D Wyatt HS,Fort Worth ISD,D,47.7,1380,https://txschools.net/campus/o-d-wyatt-hs-220905016
147,7358,3,152901021,Estacado HS,Lubbock ISD,C,47.6,698,https://txschools.net/campus/estacado-hs-152901021
147,7358,3,015907137,Hirsch Elem,San Antonio ISD,F,47.6,540,https://txschools.net/campus/hirsch-elem-015907137
147,7358,3,101919001,Spring HS,Spring ISD,C,47.6,2358,https://txschools.net/campus/spring-hs-101919001
147,7358,3,101912018,Wheatley HS,Houston ISD,A,47.6,494,https://txschools.net/campus/wheatley-hs-101912018
151,7358,1,101912110,Blackshear Elem,Houston ISD,C,47,230,https://txschools.net/campus/blackshear-elem-101912110
151,7358,1,232903044,Morales JH,Uvalde CISD,F,47,654,https://txschools.net/campus/morales-jh-232903044
153,7358,0,084901009,Dickinson Continuation Center,Dickinson ISD,A,46.8,69,https://txschools.net/campus/dickinson-continuation-center-084901009
154,7358,1,101917003,South Houston HS,Pasadena ISD,B,46.7,1980,https://txschools.net/campus/south-houston-hs-101917003
154,7358,1,220905221,Western Hills Pri,Fort Worth ISD,C,46.7,375,https://txschools.net/campus/western-hills-pri-220905221
156,7358,2,015905046,Gus Garcia MS,Edgewood ISD,D,46.6,722,https://txschools.net/campus/gus-garcia-ms-015905046
156,7358,2,057905032,James Madison HS,Dallas ISD,B,46.6,279,https://txschools.net/campus/james-madison-hs-057905032
156,7358,2,057905005,Moises E Molina HS,Dallas ISD,B,46.6,1736,https://txschools.net/campus/moises-e-molina-hs-057905005
159,7358,0,152901063,Dunbar College Preparatory Academy,Lubbock ISD,D,46.5,400,https://txschools.net/campus/dunbar-college-preparatory-academy-152901063
160,7358,0,057905072,Dr Frederick Douglass Todd Sr MS,Dallas ISD,B,46.3,438,https://txschools.net/campus/dr-frederick-douglass-todd-sr-ms-057905072
161,7358,1,227910001,Del Valle HS,Del Valle ISD,C,46.1,3589,https://txschools.net/campus/del-valle-hs-227910001
161,7358,1,015907003,Edison HS,San Antonio ISD,B,46.1,1212,https://txschools.net/campus/edison-hs-015907003
163,7358,0,101915002,Klein Forest HS,Klein ISD,B,46,3201,https://txschools.net/campus/klein-forest-hs-101915002
164,7358,0,027903003,Quest HS,Burnet CISD,A,45.8,31,https://txschools.net/campus/quest-hs-027903003
165,7358,0,043914004,Achieve Academy,Wylie ISD,A,45.7,122,https://txschools.net/campus/achieve-academy-043914004
166,7358,0,082903001,Pearsall HS,Pearsall ISD,C,45.6,564,https://txschools.net/campus/pearsall-hs-082903001
167,7358,1,057905013,Franklin D Roosevelt HS of Innovation,Dallas ISD,B,45.5,761,https://txschools.net/campus/franklin-d-roosevelt-hs-of-innovation-057905013
167,7358,1,015907045,Rogers College Prep MS,San Antonio ISD,D,45.5,312,https://txschools.net/campus/rogers-college-prep-ms-015907045
169,7358,0,061902005,Learning Ctr,Lewisville ISD,B,45.4,193,https://txschools.net/campus/learning-ctr-061902005
170,7358,1,126902003,Crossroads HS,Burleson ISD,B,45.3,56,https://txschools.net/campus/crossroads-hs-126902003
170,7358,1,161914002,Waco HS,Waco ISD,C,45.3,1703,https://txschools.net/campus/waco-hs-161914002
172,7358,0,178904004,Moody HS,Corpus Christi ISD,B,45.2,1230,https://txschools.net/campus/moody-hs-178904004
173,7358,3,082902001,Dilley HS,Dilley ISD,B,45.1,234,https://txschools.net/campus/dilley-hs-082902001
173,7358,3,137901001,H M King HS,Kingsville ISD,C,45.1,814,https://txschools.net/campus/h-m-king-hs-137901001
173,7358,3,015907055,Rhodes MS,San Antonio ISD,F,45.1,386,https://txschools.net/campus/rhodes-ms-015907055
173,7358,3,015912005,Southwest Legacy HS,Southwest ISD,B,45.1,2241,https://txschools.net/campus/southwest-legacy-hs-015912005
177,7358,0,235901001,Bloomington HS,Bloomington ISD,C,45,210,https://txschools.net/campus/bloomington-hs-235901001
178,7358,0,101902004,Eisenhower HS,Aldine ISD,B,44.9,2012,https://txschools.net/campus/eisenhower-hs-101902004
179,7358,1,108912007,La Joya Palmview HS,La Joya ISD,B,44.8,1999,https://txschools.net/campus/la-joya-palmview-hs-108912007
179,7358,1,178909001,Robstown Early College HS,Robstown ISD,B,44.8,718,https://txschools.net/campus/robstown-early-college-hs-178909001
181,7358,0,227904003,John B Connally HS,Pflugerville ISD,B,44.7,1846,https://txschools.net/campus/john-b-connally-hs-227904003
182,7358,0,220901006,Venture Alter HS,Arlington ISD,B,44.5,598,https://txschools.net/campus/venture-alter-hs-220901006
183,7358,2,178904050,Martin MS,Corpus Christi ISD,D,44.4,388,https://txschools.net/campus/martin-ms-178904050
183,7358,2,057905024,North Dallas HS,Dallas ISD,B,44.4,1170,https://txschools.net/campus/north-dallas-hs-057905024
183,7358,2,067907001,Ranger HS,Ranger ISD,B,44.4,81,https://txschools.net/campus/ranger-hs-067907001
186,7358,1,108902007,Donna North HS,Donna ISD,C,44.3,1905,https://txschools.net/campus/donna-north-hs-108902007
186,7358,1,015907060,Poe MS,San Antonio ISD,D,44.3,418,https://txschools.net/campus/poe-ms-015907060
188,7358,0,007906001,Poteet HS,Poteet ISD,C,44.2,494,https://txschools.net/campus/poteet-hs-007906001
189,7358,2,220905021,Como Success Academy,Fort Worth ISD,A,44.1,428,https://txschools.net/campus/como-success-academy-220905021
189,7358,2,123907009,Memorial HS,Port Arthur ISD,C,44.1,1980,https://txschools.net/campus/memorial-hs-123907009
189,7358,2,220905015,Western Hills HS,Fort Worth ISD,C,44.1,777,https://txschools.net/campus/western-hills-hs-220905015
192,7358,0,178904101,Allen Elem,Corpus Christi ISD,B,44,302,https://txschools.net/campus/allen-elem-178904101
193,7358,2,227901017,Akins Early College HS,Austin ISD,C,43.9,2354,https://txschools.net/campus/akins-early-college-hs-227901017
193,7358,2,015907103,Charles C Ball Elem,San Antonio ISD,C,43.9,525,https://txschools.net/campus/charles-c-ball-elem-015907103
193,7358,2,123910129,Dr Mae E Jones-Clark Elem,Beaumont ISD,F,43.9,504,https://txschools.net/campus/dr-mae-e-jones-clark-elem-123910129
196,7358,0,015904001,Harlandale HS,Harlandale ISD,C,43.8,1610,https://txschools.net/campus/harlandale-hs-015904001
197,7358,0,178904005,Ray HS,Corpus Christi ISD,B,43.7,1432,https://txschools.net/campus/ray-hs-178904005
198,7358,0,101902012,Davis HS Aldine,Aldine ISD,B,43.5,2945,https://txschools.net/campus/davis-hs-aldine-101902012
199,7358,3,108904002,Economedes HS,Edinburg CISD,C,43.4,2614,https://txschools.net/campus/economedes-hs-108904002
199,7358,3,011902001,Elgin HS,Elgin ISD,C,43.4,1761,https://txschools.net/campus/elgin-hs-011902001
199,7358,3,108912001,La Joya HS,La Joya ISD,C,43.4,2069,https://txschools.net/campus/la-joya-hs-108912001
199,7358,3,101912023,Sharpstown HS,Houston ISD,B,43.4,1310,https://txschools.net/campus/sharpstown-hs-101912023
203,7358,1,235901103,Placedo Elem,Bloomington ISD,F,43.3,179,https://txschools.net/campus/placedo-elem-235901103
203,7358,1,101912020,Yates HS,Houston ISD,A,43.3,739,https://txschools.net/campus/yates-hs-101912020
205,7358,1,188901138,North Heights Alter,Amarillo ISD,B,43.2,77,https://txschools.net/campus/north-heights-alter-188901138
205,7358,1,101912003,Northside HS,Houston ISD,A,43.2,918,https://txschools.net/campus/northside-hs-101912003
207,7358,0,198905002,Hearne JH/HS,Hearne ISD,D,43.1,331,https://txschools.net/campus/hearne-jh-hs-198905002
208,7358,2,165901003,Midland HS,Midland ISD,C,43,2585,https://txschools.net/campus/midland-hs-165901003
208,7358,2,108908001,Mission HS,Mission CISD,B,43,2092,https://txschools.net/campus/mission-hs-108908001
208,7358,2,066902001,San Diego HS,San Diego ISD,A,43,434,https://txschools.net/campus/san-diego-hs-066902001
211,7358,1,101912072,Fondren MS,Houston ISD,C,42.9,606,https://txschools.net/campus/fondren-ms-101912072
211,7358,1,015907004,Fox Technical HS,San Antonio ISD,A,42.9,486,https://txschools.net/campus/fox-technical-hs-015907004
213,7358,0,232903102,Dalton Elem,Uvalde CISD,F,42.6,732,https://txschools.net/campus/dalton-elem-232903102
214,7358,2,071902002,Austin HS,El Paso ISD,B,42.5,903,https://txschools.net/campus/austin-hs-071902002
214,7358,2,021901004,College View HS,College Station ISD,A,42.5,84,https://txschools.net/campus/college-view-hs-021901004
214,7358,2,057905015,Seagoville HS,Dallas ISD,B,42.5,1656,https://txschools.net/campus/seagoville-hs-057905015
217,7358,0,101919043,Edwin M Wells MS,Spring ISD,C,42.4,820,https://txschools.net/campus/edwin-m-wells-ms-101919043
218,7358,0,015907241,Carvajal Elem,San Antonio ISD,F,42.3,315,https://txschools.net/campus/carvajal-elem-015907241
219,7358,0,227901008,Crockett Early College HS,Austin ISD,C,42.2,1463,https://txschools.net/campus/crockett-early-college-hs-227901008
220,7358,1,220905052,Meadowbrook MS,Fort Worth ISD,D,42.1,730,https://txschools.net/campus/meadowbrook-ms-220905052
220,7358,1,123910048,Vincent MS,Beaumont ISD,F,42.1,581,https://txschools.net/campus/vincent-ms-123910048
222,7358,0,028902001,Lockhart HS,Lockhart ISD,B,42,1955,https://txschools.net/campus/lockhart-hs-028902001
223,7358,3,227901055,Dobie MS,Austin ISD,D,41.9,392,https://txschools.net/campus/dobie-ms-227901055
223,7358,3,245901001,Lasara HS,Lasara ISD,C,41.9,104,https://txschools.net/campus/lasara-hs-245901001
223,7358,3,220901002,Sam Houston HS,Arlington ISD,C,41.9,2914,https://txschools.net/campus/sam-houston-hs-220901002
223,7358,3,015917001,Southside HS,Southside ISD,B,41.9,1726,https://txschools.net/campus/southside-hs-015917001
227,7358,3,013901001,A C Jones HS,Beeville ISD,C,41.7,918,https://txschools.net/campus/a-c-jones-hs-013901001
227,7358,3,027904002,Falls Career HS,Marble Falls ISD,A,41.7,37,https://txschools.net/campus/falls-career-hs-027904002
227,7358,3,111901002,Stars Accelerated HS,Granbury ISD,A,41.7,34,https://txschools.net/campus/stars-accelerated-hs-111901002
227,7358,3,101919002,Westfield HS,Spring ISD,C,41.7,2140,https://txschools.net/campus/westfield-hs-101919002
231,7358,2,071902004,Burges HS,El Paso ISD,A,41.5,1337,https://txschools.net/campus/burges-hs-071902004
231,7358,2,068901002,Odessa HS,Ector County ISD,C,41.5,3573,https://txschools.net/campus/odessa-hs-068901002
231,7358,2,015905015,STEAM at the Fine Arts Academy,Edgewood ISD,B,41.5,255,https://txschools.net/campus/steam-at-the-fine-arts-academy-015905015
234,7358,2,101912041,Attucks MS,Houston ISD,B,41.4,389,https://txschools.net/campus/attucks-ms-101912041
234,7358,2,123910123,Homer Dr Elem,Beaumont ISD,F,41.4,427,https://txschools.net/campus/homer-dr-elem-123910123
234,7358,2,031914001,Santa Rosa HS,Santa Rosa ISD,B,41.4,287,https://txschools.net/campus/santa-rosa-hs-031914001
237,7358,0,031911001,Rio Hondo HS,Rio Hondo ISD,C,41.2,435,https://txschools.net/campus/rio-hondo-hs-031911001
238,7358,0,057905018,Sunset HS,Dallas ISD,B,41.1,2027,https://txschools.net/campus/sunset-hs-057905018
239,7358,2,031912042,Miller Jordan MS,San Benito CISD,C,41,438,https://txschools.net/campus/miller-jordan-ms-031912042
239,7358,2,245903001,Raymondville HS,Raymondville ISD,B,41,509,https://txschools.net/campus/raymondville-hs-245903001
239,7358,2,055901001,Van Horn School,Culberson County-Allamoore ISD,B,41,377,https://txschools.net/campus/van-horn-school-055901001
242,7358,3,220905045,Forest Oak MS,Fort Worth ISD,C,40.9,1073,https://txschools.net/campus/forest-oak-ms-220905045
242,7358,3,015907132,Herff Elem,San Antonio ISD,D,40.9,433,https://txschools.net/campus/herff-elem-015907132
242,7358,3,085902001,Post HS,Post ISD,C,40.9,214,https://txschools.net/campus/post-hs-085902001
242,7358,3,101917002,Sam Rayburn HS,Pasadena ISD,B,40.9,2406,https://txschools.net/campus/sam-rayburn-hs-101917002
246,7358,1,146901001,Cleveland HS,Cleveland ISD,C,40.8,3650,https://txschools.net/campus/cleveland-hs-146901001
246,7358,1,178909041,Seale JH,Robstown ISD,F,40.8,531,https://txschools.net/campus/seale-jh-178909041
248,7358,1,094901001,Seguin HS,Seguin ISD,C,40.6,1903,https://txschools.net/campus/seguin-hs-094901001
248,7358,1,212905001,Tyler Legacy HS,Tyler ISD,B,40.6,2792,https://txschools.net/campus/tyler-legacy-hs-212905001
250,7358,1,101912062,Fleming McReynolds MS,Houston ISD,B,40.5,270,https://txschools.net/campus/fleming-mcreynolds-ms-101912062
250,7358,1,231901001,McCamey HS,McCamey ISD,C,40.5,145,https://txschools.net/campus/mccamey-hs-231901001
252,7358,1,159901004,C C Winn HS,Eagle Pass ISD,B,40.4,1781,https://txschools.net/campus/c-c-winn-hs-159901004
252,7358,1,015907118,David Crockett Academy,San Antonio ISD,F,40.4,744,https://txschools.net/campus/david-crockett-academy-015907118
254,7358,2,015907001,Brackenridge HS,San Antonio ISD,A,40.2,1577,https://txschools.net/campus/brackenridge-hs-015907001
254,7358,2,071903001,Fabens HS,Fabens ISD,C,40.2,610,https://txschools.net/campus/fabens-hs-071903001
254,7358,2,015907143,Kelly Academy,San Antonio ISD,D,40.2,444,https://txschools.net/campus/kelly-academy-015907143
257,7358,2,220905006,Eastern Hills HS,Fort Worth ISD,C,40.1,1171,https://txschools.net/campus/eastern-hills-hs-220905006
257,7358,2,220905061,Leadership Academy at Leonard MS,Fort Worth ISD,C,40.1,554,https://txschools.net/campus/leadership-academy-at-leonard-ms-220905061
257,7358,2,195901001,Pecos HS,Pecos-Barstow-Toyah ISD,C,40.1,858,https://txschools.net/campus/pecos-hs-195901001
260,7358,0,123910125,Pietzsch/Mac Arthur Elem,Beaumont ISD,F,39.9,1179,https://txschools.net/campus/pietzsch-mac-arthur-elem-123910125
261,7358,1,015907050,Longfellow MS,San Antonio ISD,C,39.8,606,https://txschools.net/campus/longfellow-ms-015907050
261,7358,1,227901150,Norman-Sims Elem,Austin ISD,F,39.8,260,https://txschools.net/campus/norman-sims-elem-227901150
263,7358,1,124901001,Hebbronville HS,Jim Hogg County ISD,B,39.7,290,https://txschools.net/campus/hebbronville-hs-124901001
263,7358,1,057905009,Lincoln Humanities/Communications Magnet High Sch,Dallas ISD,B,39.7,590,https://txschools.net/campus/lincoln-humanities-communications-magnet-high-sch-057905009
265,7358,0,220901151,Larson Elem,Arlington ISD,D,39.6,370,https://txschools.net/campus/larson-elem-220901151
266,7358,2,101912475,Elmore Elem,Houston ISD,C,39.5,412,https://txschools.net/campus/elmore-elem-101912475
266,7358,2,227910042,John P Ojeda MS,Del Valle ISD,F,39.5,714,https://txschools.net/campus/john-p-ojeda-ms-227910042
266,7358,2,170907001,Splendora HS,Splendora ISD,C,39.5,1712,https://txschools.net/campus/splendora-hs-170907001
269,7358,2,101912476,Forest Brook MS,Houston ISD,A,39.4,550,https://txschools.net/campus/forest-brook-ms-101912476
269,7358,2,108914001,La Villa Early College HS,La Villa ISD,B,39.4,171,https://txschools.net/campus/la-villa-early-college-hs-108914001
269,7358,2,057905021,W T White HS,Dallas ISD,B,39.4,1944,https://txschools.net/campus/w-t-white-hs-057905021
272,7358,5,220905005,Dunbar HS,Fort Worth ISD,C,39.3,780,https://txschools.net/campus/dunbar-hs-220905005
272,7358,5,161914050,G W Carver MS,Waco ISD,F,39.3,625,https://txschools.net/campus/g-w-carver-ms-161914050
272,7358,5,152906003,Lubbock-Cooper New Hope Academy,Lubbock-Cooper ISD,A,39.3,47,https://txschools.net/campus/lubbock-cooper-new-hope-academy-152906003
272,7358,5,245902001,Lyford HS,Lyford CISD,B,39.3,427,https://txschools.net/campus/lyford-hs-245902001
272,7358,5,015907149,Margil Elem,San Antonio ISD,B,39.3,383,https://txschools.net/campus/margil-elem-015907149
272,7358,5,220905180,Western Hills Elem,Fort Worth ISD,C,39.3,455,https://txschools.net/campus/western-hills-elem-220905180
278,7358,2,178904002,King HS,Corpus Christi ISD,B,39.2,1231,https://txschools.net/campus/king-hs-178904002
278,7358,2,031901002,Porter Early College HS,Brownsville ISD,B,39.2,1434,https://txschools.net/campus/porter-early-college-hs-031901002
278,7358,2,015909001,Somerset HS,Somerset ISD,B,39.2,1116,https://txschools.net/campus/somerset-hs-015909001
281,7358,0,108908002,Veterans Memorial HS,Mission CISD,B,39.1,1615,https://txschools.net/campus/veterans-memorial-hs-108908002
282,7358,2,071902001,Andress HS,El Paso ISD,C,39,1265,https://txschools.net/campus/andress-hs-071902001
282,7358,2,101912027,Chavez HS,Houston ISD,B,39,1570,https://txschools.net/campus/chavez-hs-101912027
282,7358,2,019907108,Westlawn Elem,Texarkana ISD,F,39,291,https://txschools.net/campus/westlawn-elem-019907108
285,7358,1,101902001,Aldine HS,Aldine ISD,B,38.9,2282,https://txschools.net/campus/aldine-hs-101902001
285,7358,1,031913001,Santa Maria HS,Santa Maria ISD,A,38.9,173,https://txschools.net/campus/santa-maria-hs-031913001
287,7358,0,152901023,Monterey HS,Lubbock ISD,A,38.8,2019,https://txschools.net/campus/monterey-hs-152901023
288,7358,0,194903001,Rivercrest HS,Rivercrest ISD,B,38.7,202,https://txschools.net/campus/rivercrest-hs-194903001
289,7358,1,011901002,Cedar Creek HS,Bastrop ISD,B,38.6,2151,https://txschools.net/campus/cedar-creek-hs-011901002
289,7358,1,071902172,Charles Q Murphree PK-8,El Paso ISD,B,38.6,764,https://txschools.net/campus/charles-q-murphree-pk-8-071902172
291,7358,2,101912001,Austin HS,Houston ISD,B,38.5,977,https://txschools.net/campus/austin-hs-101912001
291,7358,2,235901041,Bloomington JH,Bloomington ISD,C,38.5,111,https://txschools.net/campus/bloomington-jh-235901041
291,7358,2,245903004,Raymondville Options Academic Academy,Raymondville ISD,A,38.5,37,https://txschools.net/campus/raymondville-options-academic-academy-245903004
294,7358,3,064903001,Carrizo Springs HS,Carrizo Springs CISD,B,38.4,534,https://txschools.net/campus/carrizo-springs-hs-064903001
294,7358,3,108902001,Donna HS,Donna ISD,B,38.4,1833,https://txschools.net/campus/donna-hs-108902001
294,7358,3,227901061,Paredes MS,Austin ISD,F,38.4,593,https://txschools.net/campus/paredes-ms-227901061
294,7358,3,101912056,Welch MS,Houston ISD,B,38.4,478,https://txschools.net/campus/welch-ms-101912056
298,7358,2,101907004,Cypress Creek HS,Cypress-Fairbanks ISD,B,38.3,3029,https://txschools.net/campus/cypress-creek-hs-101907004
298,7358,2,101902003,MacArthur HS,Aldine ISD,C,38.3,3256,https://txschools.net/campus/macarthur-hs-101902003
298,7358,2,178915001,West Oso HS,West Oso ISD,A,38.3,464,https://txschools.net/campus/west-oso-hs-178915001
301,7358,0,101902005,Nimitz HS,Aldine ISD,A,38.2,2570,https://txschools.net/campus/nimitz-hs-101902005
302,7358,2,057905062,Billy Earl Dade MS,Dallas ISD,D,38.1,564,https://txschools.net/campus/billy-earl-dade-ms-057905062
302,7358,2,227901160,Linder Elem,Austin ISD,F,38.1,619,https://txschools.net/campus/linder-elem-227901160
302,7358,2,178904127,Oak Park Elem,Corpus Christi ISD,C,38.1,482,https://txschools.net/campus/oak-park-elem-178904127
305,7358,3,178904001,Carroll HS,Corpus Christi ISD,B,38,1887,https://txschools.net/campus/carroll-hs-178904001
305,7358,3,237902001,Hempstead HS,Hempstead ISD,C,38,456,https://txschools.net/campus/hempstead-hs-237902001
305,7358,3,108905001,Hidalgo Early College HS,Hidalgo ISD,C,38,904,https://txschools.net/campus/hidalgo-early-college-hs-108905001
305,7358,3,108914101,Jose Bernabe Munoz Elem,La Villa ISD,D,38,206,https://txschools.net/campus/jose-bernabe-munoz-elem-108914101
309,7358,3,015907148,Madison Elem,San Antonio ISD,D,37.9,453,https://txschools.net/campus/madison-elem-015907148
309,7358,3,015907157,Ogden Elem,San Antonio ISD,F,37.9,322,https://txschools.net/campus/ogden-elem-015907157
309,7358,3,129906002,Terrell HS,Terrell ISD,B,37.9,1415,https://txschools.net/campus/terrell-hs-129906002
309,7358,3,220905048,William James MS,Fort Worth ISD,F,37.9,613,https://txschools.net/campus/william-james-ms-220905048
313,7358,3,101913001,Humble HS,Humble ISD,B,37.8,2926,https://txschools.net/campus/humble-hs-101913001
313,7358,3,014906001,Killeen HS,Killeen ISD,B,37.8,1871,https://txschools.net/campus/killeen-hs-014906001
313,7358,3,101917001,Pasadena HS,Pasadena ISD,B,37.8,2136,https://txschools.net/campus/pasadena-hs-101917001
313,7358,3,079907002,Willowridge HS,Fort Bend ISD,C,37.8,1132,https://txschools.net/campus/willowridge-hs-079907002
317,7358,4,057907001,Duncanville HS,Duncanville ISD,C,37.7,4108,https://txschools.net/campus/duncanville-hs-057907001
317,7358,4,057905281,East Dallas Elem,Dallas ISD,D,37.7,417,https://txschools.net/campus/east-dallas-elem-057905281
317,7358,4,101902052,Lewis MS,Aldine ISD,D,37.7,982,https://txschools.net/campus/lewis-ms-101902052
317,7358,4,108910001,Progreso HS,Progreso ISD,C,37.7,417,https://txschools.net/campus/progreso-hs-108910001
317,7358,4,101912247,Young Elem,Houston ISD,B,37.7,357,https://txschools.net/campus/young-elem-101912247
322,7358,2,254901001,Crystal City HS,Crystal City ISD,C,37.6,448,https://txschools.net/campus/crystal-city-hs-254901001
322,7358,2,188901004,Palo Duro HS,Amarillo ISD,A,37.6,1815,https://txschools.net/campus/palo-duro-hs-188901004
322,7358,2,031901004,Rivera Early College HS,Brownsville ISD,A,37.6,2000,https://txschools.net/campus/rivera-early-college-hs-031901004
325,7358,0,137901041,Gillett MS,Kingsville ISD,F,37.5,477,https://txschools.net/campus/gillett-ms-137901041
326,7358,1,057905006,Hillcrest HS,Dallas ISD,B,37.4,1414,https://txschools.net/campus/hillcrest-hs-057905006
326,7358,1,227901178,Jordan Elem,Austin ISD,F,37.4,482,https://txschools.net/campus/jordan-elem-227901178
328,7358,0,101920005,Northbrook HS,Spring Branch ISD,C,37.3,2131,https://txschools.net/campus/northbrook-hs-101920005
329,7358,3,054903001,Ralls HS,Ralls ISD,B,37.2,102,https://txschools.net/campus/ralls-hs-054903001
329,7358,3,015912042,Sharon Christa McAuliffe MS,Southwest ISD,C,37.2,784,https://txschools.net/campus/sharon-christa-mcauliffe-ms-015912042
329,7358,3,246909007,Stony Point HS,Round Rock ISD,A,37.2,2330,https://txschools.net/campus/stony-point-hs-246909007
329,7358,3,057905014,W W Samuell HS,Dallas ISD,C,37.2,1514,https://txschools.net/campus/w-w-samuell-hs-057905014
333,7358,3,015911001,East Central HS,East Central ISD,B,37.1,3299,https://txschools.net/campus/east-central-hs-015911001
333,7358,3,015917041,Julius L Matthey MS,Southside ISD,B,37.1,707,https://txschools.net/campus/julius-l-matthey-ms-015917041
333,7358,3,237905002,Royal HS,Royal ISD,D,37.1,1006,https://txschools.net/campus/royal-hs-237905002
333,7358,3,161914003,University HS,Waco ISD,B,37.1,1744,https://txschools.net/campus/university-hs-161914003
337,7358,1,108904047,Betty Harwell MS,Edinburg CISD,B,37,1196,https://txschools.net/campus/betty-harwell-ms-108904047
337,7358,1,253901001,Zapata HS,Zapata County ISD,A,37,1055,https://txschools.net/campus/zapata-hs-253901001
339,7358,1,101912477,North Forest HS,Houston ISD,A,36.9,773,https://txschools.net/campus/north-forest-hs-101912477
339,7358,1,101912257,Whidby Elem,Houston ISD,B,36.9,328,https://txschools.net/campus/whidby-elem-101912257
341,7358,2,220905001,Carter-Riverside HS,Fort Worth ISD,C,36.8,958,https://txschools.net/campus/carter-riverside-hs-220905001
341,7358,2,240901003,Dr Leo Cigarroa HS,Laredo ISD,B,36.8,1314,https://txschools.net/campus/dr-leo-cigarroa-hs-240901003
341,7358,2,105906005,Lehman HS,Hays CISD,B,36.8,2165,https://txschools.net/campus/lehman-hs-105906005
344,7358,7,015907106,Beacon Hill Pri,San Antonio ISD,A,36.6,284,https://txschools.net/campus/beacon-hill-pri-015907106
344,7358,7,238904001,Grandfalls-Royalty School,Grandfalls-Royalty ISD,C,36.6,121,https://txschools.net/campus/grandfalls-royalty-school-238904001
344,7358,7,015916008,Karen Wagner HS,Judson ISD,C,36.6,2206,https://txschools.net/campus/karen-wagner-hs-015916008
344,7358,7,129902003,North Forney HS,Forney ISD,B,36.6,2753,https://txschools.net/campus/north-forney-hs-129902003
344,7358,7,227901125,Oak Springs Elem,Austin ISD,F,36.6,213,https://txschools.net/campus/oak-springs-elem-227901125
344,7358,7,070912003,Waxahachie HS of Choice,Waxahachie ISD,A,36.6,9,https://txschools.net/campus/waxahachie-hs-of-choice-070912003
344,7358,7,220905060,Wedgwood MS,Fort Worth ISD,D,36.6,684,https://txschools.net/campus/wedgwood-ms-220905060
344,7358,7,101912019,Worthing HS,Houston ISD,B,36.6,642,https://txschools.net/campus/worthing-hs-101912019
352,7358,5,084902042,Central MS,Galveston ISD,D,36.5,768,https://txschools.net/campus/central-ms-084902042
352,7358,5,227901114,Dawson Elem,Austin ISD,F,36.5,152,https://txschools.net/campus/dawson-elem-227901114
352,7358,5,233901001,Del Rio HS,San Felipe-Del Rio CISD,B,36.5,2392,https://txschools.net/campus/del-rio-hs-233901001
352,7358,5,015917043,Losoya MS,Southside ISD,B,36.5,631,https://txschools.net/campus/losoya-ms-015917043
352,7358,5,057909003,S Garland HS,Garland ISD,C,36.5,1877,https://txschools.net/campus/s-garland-hs-057909003
352,7358,5,015915114,Westwood Terrace Elem,Northside ISD,B,36.5,432,https://txschools.net/campus/westwood-terrace-elem-015915114
358,7358,2,101912010,Madison HS,Houston ISD,A,36.4,1429,https://txschools.net/campus/madison-hs-101912010
358,7358,2,214903042,Ramiro Barrera MS,Roma ISD,B,36.4,540,https://txschools.net/campus/ramiro-barrera-ms-214903042
358,7358,2,101912014,Sterling HS,Houston ISD,B,36.4,1037,https://txschools.net/campus/sterling-hs-101912014
361,7358,3,084910004,Clear View HS,Clear Creek ISD,A,36.3,193,https://txschools.net/campus/clear-view-hs-084910004
361,7358,3,220904001,Everman HS,Everman ISD,B,36.3,1354,https://txschools.net/campus/everman-hs-220904001
361,7358,3,057909008,Naaman Forest HS,Garland ISD,B,36.3,1806,https://txschools.net/campus/naaman-forest-hs-057909008
361,7358,3,015907144,Sarah S King Elem,San Antonio ISD,D,36.3,582,https://txschools.net/campus/sarah-s-king-elem-015907144
365,7358,2,152901020,Coronado HS,Lubbock ISD,B,36.2,1732,https://txschools.net/campus/coronado-hs-152901020
365,7358,2,058902001,Dawson School,Dawson ISD,B,36.2,145,https://txschools.net/campus/dawson-school-058902001
365,7358,2,220905054,Morningside MS,Fort Worth ISD,F,36.2,388,https://txschools.net/campus/morningside-ms-220905054
368,7358,2,015908041,Dwight MS,South San Antonio ISD,C,36.1,391,https://txschools.net/campus/dwight-ms-015908041
368,7358,2,101912079,Key MS,Houston ISD,A,36.1,423,https://txschools.net/campus/key-ms-101912079
368,7358,2,101912060,Revere MS,Houston ISD,B,36.1,866,https://txschools.net/campus/revere-ms-101912060
371,7358,3,101905001,Channelview HS,Channelview ISD,B,36,2769,https://txschools.net/campus/channelview-hs-101905001
371,7358,3,071902044,Guillen MS,El Paso ISD,B,36,417,https://txschools.net/campus/guillen-ms-071902044
371,7358,3,226903002,Lake View HS,San Angelo ISD,C,36,1033,https://txschools.net/campus/lake-view-hs-226903002
371,7358,3,101912127,Woodson School,Houston ISD,A,36,408,https://txschools.net/campus/woodson-school-101912127
375,7358,3,108904001,Edinburg HS,Edinburg CISD,B,35.9,2107,https://txschools.net/campus/edinburg-hs-108904001
375,7358,3,220901003,Lamar HS,Arlington ISD,B,35.9,2339,https://txschools.net/campus/lamar-hs-220901003
375,7358,3,240903009,Lyndon B Johnson,United ISD,A,35.9,3190,https://txschools.net/campus/lyndon-b-johnson-240903009
375,7358,3,205907001,Taft HS,Taft ISD,B,35.9,232,https://txschools.net/campus/taft-hs-205907001
379,7358,3,071902170,Dr Josefina Villamil Tinajero PK-8,El Paso ISD,B,35.8,1150,https://txschools.net/campus/dr-josefina-villamil-tinajero-pk-8-071902170
379,7358,3,024901041,Falfurrias JH,Brooks County ISD,C,35.8,251,https://txschools.net/campus/falfurrias-jh-024901041
379,7358,3,101912185,Kashmere Gardens Elem,Houston ISD,B,35.8,276,https://txschools.net/campus/kashmere-gardens-elem-101912185
379,7358,3,101919047,Stelle Claughton MS,Spring ISD,D,35.8,801,https://txschools.net/campus/stelle-claughton-ms-101919047
383,7358,3,230901001,Big Sandy HS,Big Sandy ISD,B,35.7,173,https://txschools.net/campus/big-sandy-hs-230901001
383,7358,3,026902001,Somerville HS,Somerville ISD,C,35.7,213,https://txschools.net/campus/somerville-hs-026902001
383,7358,3,254901042,Sterling H Fly Jr HS,Crystal City ISD,D,35.7,371,https://txschools.net/campus/sterling-h-fly-jr-hs-254901042
383,7358,3,181906001,West Orange-Stark HS,West Orange-Cove CISD,C,35.7,643,https://txschools.net/campus/west-orange-stark-hs-181906001
387,7358,2,227907042,Decker MS,Manor ISD,F,35.6,609,https://txschools.net/campus/decker-ms-227907042
387,7358,2,031901001,Hanna Early College HS,Brownsville ISD,A,35.6,1846,https://txschools.net/campus/hanna-early-college-hs-031901001
387,7358,2,227901145,Zavala Elem,Austin ISD,D,35.6,202,https://txschools.net/campus/zavala-elem-227901145
390,7358,3,101919046,Bammel MS,Spring ISD,F,35.5,773,https://txschools.net/campus/bammel-ms-101919046
390,7358,3,232903108,Batesville School,Uvalde CISD,F,35.5,106,https://txschools.net/campus/batesville-school-232903108
390,7358,3,178904046,Cunningham MS at South Park,Corpus Christi ISD,C,35.5,688,https://txschools.net/campus/cunningham-ms-at-south-park-178904046
390,7358,3,227901116,Govalle Elem,Austin ISD,F,35.5,372,https://txschools.net/campus/govalle-elem-227901116
394,7358,3,015907147,Bowden Academy,San Antonio ISD,D,35.4,432,https://txschools.net/campus/bowden-academy-015907147
394,7358,3,101912167,Harris R P Elem,Houston ISD,B,35.4,327,https://txschools.net/campus/harris-r-p-elem-101912167
394,7358,3,084906111,Simms Elem,Texas City ISD,C,35.4,432,https://txschools.net/campus/simms-elem-084906111
394,7358,3,084906001,Texas City HS,Texas City ISD,B,35.4,1642,https://txschools.net/campus/texas-city-hs-084906001
398,7358,3,227901046,Burnet MS,Austin ISD,F,35.3,688,https://txschools.net/campus/burnet-ms-227901046
398,7358,3,071902006,El Paso HS,El Paso ISD,B,35.3,1575,https://txschools.net/campus/el-paso-hs-071902006
398,7358,3,152901067,MacKenzie MS,Lubbock ISD,D,35.3,382,https://txschools.net/campus/mackenzie-ms-152901067
398,7358,3,165901002,Midland Lee HS,Midland ISD,C,35.3,2719,https://txschools.net/campus/midland-lee-hs-165901002
402,7358,5,015915101,Cable Elem,Northside ISD,D,35.2,330,https://txschools.net/campus/cable-elem-015915101
402,7358,5,057905028,Emmett J Conrad HS,Dallas ISD,B,35.2,1229,https://txschools.net/campus/emmett-j-conrad-hs-057905028
402,7358,5,101912156,Frost Elem,Houston ISD,B,35.2,402,https://txschools.net/campus/frost-elem-101912156
402,7358,5,092903004,Lead Academy HS,Longview ISD,B,35.2,145,https://txschools.net/campus/lead-academy-hs-092903004
402,7358,5,220905003,South Hills HS,Fort Worth ISD,C,35.2,1744,https://txschools.net/campus/south-hills-hs-220905003
402,7358,5,015905144,Stafford Elem Visual and Performing Arts,Edgewood ISD,D,35.2,629,https://txschools.net/campus/stafford-elem-visual-and-performing-arts-015905144
408,7358,0,101903002,Elsik HS,Alief ISD,B,35.1,3870,https://txschools.net/campus/elsik-hs-101903002
409,7358,0,108904003,Edinburg North HS,Edinburg CISD,B,35,2416,https://txschools.net/campus/edinburg-north-hs-108904003
410,7358,0,227910043,Dailey MS,Del Valle ISD,F,34.9,727,https://txschools.net/campus/dailey-ms-227910043
411,7358,3,125901001,Alice HS,Alice ISD,A,34.8,1201,https://txschools.net/campus/alice-hs-125901001
411,7358,3,015905117,H B Gonzalez Elem,Edgewood ISD,C,34.8,400,https://txschools.net/campus/h-b-gonzalez-elem-015905117
411,7358,3,108909042,Jesus - Jesse - Vela Jr MS,Pharr-San Juan-Alamo ISD,B,34.8,650,https://txschools.net/campus/jesus-jesse-vela-jr-ms-108909042
411,7358,3,101920047,Northbrook MS,Spring Branch ISD,C,34.8,465,https://txschools.net/campus/northbrook-ms-101920047
415,7358,3,220905004,Diamond Hill-Jarvis HS,Fort Worth ISD,C,34.7,788,https://txschools.net/campus/diamond-hill-jarvis-hs-220905004
415,7358,3,101912154,Foster Elem,Houston ISD,F,34.7,247,https://txschools.net/campus/foster-elem-101912154
415,7358,3,227901174,Rodriguez Elem,Austin ISD,B,34.7,341,https://txschools.net/campus/rodriguez-elem-227901174
415,7358,3,057905022,Woodrow Wilson HS,Dallas ISD,B,34.7,1739,https://txschools.net/campus/woodrow-wilson-hs-057905022
419,7358,1,015907162,David Barkley/Francisco Ruiz Elem,San Antonio ISD,C,34.6,289,https://txschools.net/campus/david-barkley-francisco-ruiz-elem-015907162
419,7358,1,228903001,Trinity HS,Trinity ISD,B,34.6,368,https://txschools.net/campus/trinity-hs-228903001
421,7358,4,066902041,Bernarda Jaime JH,San Diego ISD,B,34.5,332,https://txschools.net/campus/bernarda-jaime-jh-066902041
421,7358,4,015904116,E H Gilbert Elem,Harlandale ISD,F,34.5,577,https://txschools.net/campus/e-h-gilbert-elem-015904116
421,7358,4,240901043,Joaquin Cigarroa MS,Laredo ISD,B,34.5,1011,https://txschools.net/campus/joaquin-cigarroa-ms-240901043
421,7358,4,101919106,Meyer Elem,Spring ISD,C,34.5,615,https://txschools.net/campus/meyer-elem-101919106
421,7358,4,220917003,Reach HS,Castleberry ISD,A,34.5,46,https://txschools.net/campus/reach-hs-220917003
426,7358,4,057905001,Bryan Adams HS Leadership Academy,Dallas ISD,B,34.4,2130,https://txschools.net/campus/bryan-adams-hs-leadership-academy-057905001
426,7358,4,178904116,Gibson Elem,Corpus Christi ISD,D,34.4,398,https://txschools.net/campus/gibson-elem-178904116
426,7358,4,205903001,Ingleside HS,Ingleside ISD,B,34.4,610,https://txschools.net/campus/ingleside-hs-205903001
426,7358,4,220905008,North Side HS,Fort Worth ISD,B,34.4,1529,https://txschools.net/campus/north-side-hs-220905008
426,7358,4,015910004,Roosevelt HS,North East ISD,B,34.4,2357,https://txschools.net/campus/roosevelt-hs-015910004
431,7358,6,049901001,Gainesville HS,Gainesville ISD,C,34.3,882,https://txschools.net/campus/gainesville-hs-049901001
431,7358,6,236902002,Huntsville HS,Huntsville ISD,C,34.3,1850,https://txschools.net/campus/huntsville-hs-236902002
431,7358,6,015907110,J T Brackenridge Elem,San Antonio ISD,D,34.3,572,https://txschools.net/campus/j-t-brackenridge-elem-015907110
431,7358,6,227907041,Manor MS,Manor ISD,C,34.3,450,https://txschools.net/campus/manor-ms-227907041
431,7358,6,125905001,Premont Collegiate HS,Premont ISD,B,34.3,378,https://txschools.net/campus/premont-collegiate-hs-125905001
431,7358,6,101920003,Spring Woods HS,Spring Branch ISD,B,34.3,1821,https://txschools.net/campus/spring-woods-hs-101920003
431,7358,6,015907172,Washington Elem,San Antonio ISD,D,34.3,331,https://txschools.net/campus/washington-elem-015907172
438,7358,2,101912013,Community Services-Sec,Houston ISD,F,34.2,109,https://txschools.net/campus/community-services-sec-101912013
438,7358,2,014906044,Manor MS,Killeen ISD,C,34.2,533,https://txschools.net/campus/manor-ms-014906044
438,7358,2,015905145,Roosevelt Dual Language Academy,Edgewood ISD,D,34.2,387,https://txschools.net/campus/roosevelt-dual-language-academy-015905145
441,7358,6,015907134,Highland Hills Elem,San Antonio ISD,C,34.1,714,https://txschools.net/campus/highland-hills-elem-015907134
441,7358,6,015912045,Judith A Resnik MS,Southwest ISD,D,34.1,844,https://txschools.net/campus/judith-a-resnik-ms-015912045
441,7358,6,101911002,Lee HS,Goose Creek CISD,B,34.1,1742,https://txschools.net/campus/lee-hs-101911002
441,7358,6,068901003,Permian HS,Ector County ISD,B,34.1,3829,https://txschools.net/campus/permian-hs-068901003
441,7358,6,043910001,Plano Sr HS,Plano ISD,B,34.1,2128,https://txschools.net/campus/plano-sr-hs-043910001
441,7358,6,178904122,Shaw Elem,Corpus Christi ISD,B,34.1,582,https://txschools.net/campus/shaw-elem-178904122
441,7358,6,020907106,Wild Peach Elem,Columbia-Brazoria ISD,C,34.1,306,https://txschools.net/campus/wild-peach-elem-020907106
448,7358,2,057914005,Horn HS,Mesquite ISD,B,34,2690,https://txschools.net/campus/horn-hs-057914005
448,7358,2,170908001,New Caney HS,New Caney ISD,B,34,2027,https://txschools.net/campus/new-caney-hs-170908001
448,7358,2,123910008,West Brook Sr HS,Beaumont ISD,B,34,2166,https://txschools.net/campus/west-brook-sr-hs-123910008
451,7358,2,178904148,Moore Elem,Corpus Christi ISD,C,33.9,495,https://txschools.net/campus/moore-elem-178904148
451,7358,2,220901053,Nichols JH,Arlington ISD,C,33.9,551,https://txschools.net/campus/nichols-jh-220901053
451,7358,2,220901134,Sherrod Elem,Arlington ISD,C,33.9,468,https://txschools.net/campus/sherrod-elem-220901134
454,7358,3,205901001,Aransas Pass HS,Aransas Pass ISD,B,33.8,434,https://txschools.net/campus/aransas-pass-hs-205901001
454,7358,3,165901111,Lamar Elem,Midland ISD,D,33.8,585,https://txschools.net/campus/lamar-elem-165901111
454,7358,3,031901046,Perkins MS,Brownsville ISD,B,33.8,414,https://txschools.net/campus/perkins-ms-031901046
454,7358,3,015908001,South San Antonio HS,South San Antonio ISD,C,33.8,2080,https://txschools.net/campus/south-san-antonio-hs-015908001
458,7358,1,101912052,Henry MS,Houston ISD,C,33.7,460,https://txschools.net/campus/henry-ms-101912052
458,7358,1,101912061,Marshall MS,Houston ISD,A,33.7,336,https://txschools.net/campus/marshall-ms-101912061
460,7358,8,227901101,Allison Elem,Austin ISD,F,33.6,290,https://txschools.net/campus/allison-elem-227901101
460,7358,8,220912042,Crowley MS,Crowley ISD,D,33.6,820,https://txschools.net/campus/crowley-ms-220912042
460,7358,8,178904115,Garcia Elem,Corpus Christi ISD,C,33.6,495,https://txschools.net/campus/garcia-elem-178904115
460,7358,8,214901003,Grulla HS,Rio Grande City Grulla ISD,C,33.6,721,https://txschools.net/campus/grulla-hs-214901003
460,7358,8,235902105,Hopkins Elem,Victoria ISD,B,33.6,385,https://txschools.net/campus/hopkins-elem-235902105
460,7358,8,108914041,La Villa MS,La Villa ISD,C,33.6,82,https://txschools.net/campus/la-villa-ms-108914041
460,7358,8,057913001,Lancaster HS,Lancaster ISD,A,33.6,2131,https://txschools.net/campus/lancaster-hs-057913001
460,7358,8,101912263,Law Elem,Houston ISD,D,33.6,305,https://txschools.net/campus/law-elem-101912263
460,7358,8,205904001,Mathis HS,Mathis ISD,A,33.6,397,https://txschools.net/campus/mathis-hs-205904001
469,7358,2,024901001,Falfurrias HS,Brooks County ISD,D,33.5,343,https://txschools.net/campus/falfurrias-hs-024901001
469,7358,2,205901101,H T Faulk Elem,Aransas Pass ISD,F,33.5,420,https://txschools.net/campus/h-t-faulk-elem-205901101
469,7358,2,101912113,Roderick R Paige Elem,Houston ISD,B,33.5,363,https://txschools.net/campus/roderick-r-paige-elem-101912113
472,7358,4,015908108,Frank Madla Elem,South San Antonio ISD,C,33.4,269,https://txschools.net/campus/frank-madla-elem-015908108
472,7358,4,084906043,Giles MS,Texas City ISD,C,33.4,479,https://txschools.net/campus/giles-ms-084906043
472,7358,4,152901066,Irons MS,Lubbock ISD,D,33.4,536,https://txschools.net/campus/irons-ms-152901066
472,7358,4,214901001,Rio Grande City HS,Rio Grande City Grulla ISD,B,33.4,1617,https://txschools.net/campus/rio-grande-city-hs-214901001
472,7358,4,015907059,Whittier MS,San Antonio ISD,D,33.4,565,https://txschools.net/campus/whittier-ms-015907059
477,7358,6,015907240,Carroll Early Childhood Campus,San Antonio ISD,B,33.3,395,https://txschools.net/campus/carroll-early-childhood-campus-015907240
477,7358,6,233901112,Dr Fermin Calderon Elem,San Felipe-Del Rio CISD,F,33.3,604,https://txschools.net/campus/dr-fermin-calderon-elem-233901112
477,7358,6,178905105,Driscoll Mi Mundo Preschool,Driscoll ISD,B,33.3,51,https://txschools.net/campus/driscoll-mi-mundo-preschool-178905105
477,7358,6,057905045,E B Comstock MS,Dallas ISD,C,33.3,539,https://txschools.net/campus/e-b-comstock-ms-057905045
477,7358,6,123910128,Martin Elem,Beaumont ISD,F,33.3,530,https://txschools.net/campus/martin-elem-123910128
477,7358,6,101919117,Salyers Elem,Spring ISD,F,33.3,448,https://txschools.net/campus/salyers-elem-101919117
477,7358,6,101912017,Westbury HS,Houston ISD,A,33.3,1756,https://txschools.net/campus/westbury-hs-101912017
484,7358,5,101912358,Cook Jr Elem,Houston ISD,B,33.2,451,https://txschools.net/campus/cook-jr-elem-101912358
484,7358,5,159901001,Eagle Pass HS,Eagle Pass ISD,A,33.2,2249,https://txschools.net/campus/eagle-pass-hs-159901001
484,7358,5,227901130,Pleasant Hill Elem,Austin ISD,C,33.2,361,https://txschools.net/campus/pleasant-hill-elem-227901130
484,7358,5,031901044,Stell MS,Brownsville ISD,B,33.2,686,https://txschools.net/campus/stell-ms-031901044
484,7358,5,220901113,Swift Elem,Arlington ISD,F,33.2,471,https://txschools.net/campus/swift-elem-220901113
484,7358,5,170904002,Willis HS,Willis ISD,B,33.2,2867,https://txschools.net/campus/willis-hs-170904002
490,7358,4,165901046,Goddard JH,Midland ISD,C,33.1,1004,https://txschools.net/campus/goddard-jh-165901046
490,7358,4,116905002,Greenville HS,Greenville ISD,B,33.1,1519,https://txschools.net/campus/greenville-hs-116905002
490,7358,4,015904043,Terrell Wells MS,Harlandale ISD,B,33.1,552,https://txschools.net/campus/terrell-wells-ms-015904043
490,7358,4,228903041,Trinity MS,Trinity ISD,D,33.1,229,https://txschools.net/campus/trinity-ms-228903041
490,7358,4,181906041,West Orange-Stark MS,West Orange-Cove CISD,D,33.1,473,https://txschools.net/campus/west-orange-stark-ms-181906041
495,7358,9,212905124,A W Orr Elem - Cp,Tyler ISD,D,33,356,https://txschools.net/campus/a-w-orr-elem-cp-212905124
495,7358,9,152901194,Alderson Elem,Lubbock ISD,C,33,396,https://txschools.net/campus/alderson-elem-152901194
495,7358,9,107901001,Athens HS,Athens ISD,B,33,861,https://txschools.net/campus/athens-hs-107901001
495,7358,9,057904001,Cedar Hill HS,Cedar Hill ISD,C,33,1802,https://txschools.net/campus/cedar-hill-hs-057904001
495,7358,9,220912001,Crowley HS,Crowley ISD,B,33,2367,https://txschools.net/campus/crowley-hs-220912001
495,7358,9,015905142,Las Palmas Leadership School for Girls,Edgewood ISD,D,33,332,https://txschools.net/campus/las-palmas-leadership-school-for-girls-015905142
495,7358,9,031906001,Los Fresnos HS,Los Fresnos CISD,A,33,3266,https://txschools.net/campus/los-fresnos-hs-031906001
495,7358,9,015912001,Southwest HS,Southwest ISD,B,33,2285,https://txschools.net/campus/southwest-hs-015912001
495,7358,9,057905007,Thomas Jefferson HS,Dallas ISD,B,33,1495,https://txschools.net/campus/thomas-jefferson-hs-057905007
495,7358,9,227901053,Webb MS,Austin ISD,F,33,429,https://txschools.net/campus/webb-ms-227901053
505,7358,8,015908042,Alan B Shepard MS,South San Antonio ISD,D,32.9,444,https://txschools.net/campus/alan-b-shepard-ms-015908042
505,7358,8,240904001,Bruni HS,Webb CISD,B,32.9,62,https://txschools.net/campus/bruni-hs-240904001
505,7358,8,101907007,Cypress Falls HS,Cypress-Fairbanks ISD,B,32.9,2957,https://txschools.net/campus/cypress-falls-hs-101907007
505,7358,8,227901118,Harris Elem,Austin ISD,D,32.9,266,https://txschools.net/campus/harris-elem-227901118
505,7358,8,015910107,Jackson-Keller Elem,North East ISD,B,32.9,516,https://txschools.net/campus/jackson-keller-elem-015910107
505,7358,8,100903002,Kountze HS,Kountze ISD,B,32.9,306,https://txschools.net/campus/kountze-hs-100903002
505,7358,8,057916002,Lake Highlands HS,Richardson ISD,B,32.9,2876,https://txschools.net/campus/lake-highlands-hs-057916002
505,7358,8,161914130,South Waco Elem,Waco ISD,F,32.9,609,https://txschools.net/campus/south-waco-elem-161914130
505,7358,8,108913006,Weslaco East HS,Weslaco ISD,A,32.9,2034,https://txschools.net/campus/weslaco-east-hs-108913006
514,7358,4,031912041,Berta Cabaza MS,San Benito CISD,D,32.8,672,https://txschools.net/campus/berta-cabaza-ms-031912041
514,7358,4,220918006,Chisholm Trail HS,Eagle Mt-Saginaw ISD,B,32.8,2175,https://txschools.net/campus/chisholm-trail-hs-220918006
514,7358,4,101907013,Cypress Lakes HS,Cypress-Fairbanks ISD,B,32.8,3036,https://txschools.net/campus/cypress-lakes-hs-101907013
514,7358,4,015915001,Holmes HS,Northside ISD,B,32.8,2219,https://txschools.net/campus/holmes-hs-015915001
514,7358,4,015905109,L B Johnson Elem,Edgewood ISD,C,32.8,363,https://txschools.net/campus/l-b-johnson-elem-015905109
519,7358,4,101919102,Bammel Elem,Spring ISD,C,32.7,761,https://txschools.net/campus/bammel-elem-101919102
519,7358,4,220912114,Mary Harris Elem,Crowley ISD,C,32.7,451,https://txschools.net/campus/mary-harris-elem-220912114
519,7358,4,015915046,Pease MS,Northside ISD,D,32.7,636,https://txschools.net/campus/pease-ms-015915046
519,7358,4,057905372,West Dallas JH,Dallas ISD,B,32.7,341,https://txschools.net/campus/west-dallas-jh-057905372
519,7358,4,081905002,Wortham HS,Wortham ISD,B,32.7,154,https://txschools.net/campus/wortham-hs-081905002
524,7358,5,175903001,Corsicana HS,Corsicana ISD,C,32.6,1767,https://txschools.net/campus/corsicana-hs-175903001
524,7358,5,015907121,De Zavala Elem,San Antonio ISD,D,32.6,361,https://txschools.net/campus/de-zavala-elem-015907121
524,7358,5,186902104,Fort Stockton Apache Elem,Fort Stockton ISD,B,32.6,315,https://txschools.net/campus/fort-stockton-apache-elem-186902104
524,7358,5,101903001,Hastings HS,Alief ISD,C,32.6,3492,https://txschools.net/campus/hastings-hs-101903001
524,7358,5,227901129,Pecan Springs Elem,Austin ISD,F,32.6,240,https://txschools.net/campus/pecan-springs-elem-227901129
524,7358,5,178904132,Schanen Estates Elem,Corpus Christi ISD,B,32.6,357,https://txschools.net/campus/schanen-estates-elem-178904132
530,7358,6,178904138,Calk-Wilson Elem,Corpus Christi ISD,B,32.5,669,https://txschools.net/campus/calk-wilson-elem-178904138
530,7358,6,198902101,Calvert School,Calvert ISD,D,32.5,143,https://txschools.net/campus/calvert-school-198902101
530,7358,6,101919116,Clark Elem,Spring ISD,C,32.5,721,https://txschools.net/campus/clark-elem-101919116
530,7358,6,101912195,Lockhart Elem,Houston ISD,C,32.5,257,https://txschools.net/campus/lockhart-elem-101912195
530,7358,6,101912203,Mading Elem,Houston ISD,F,32.5,286,https://txschools.net/campus/mading-elem-101912203
530,7358,6,020906002,Sweeny HS,Sweeny ISD,B,32.5,541,https://txschools.net/campus/sweeny-hs-020906002
530,7358,6,101903003,Taylor HS,Alief ISD,B,32.5,2752,https://txschools.net/campus/taylor-hs-101903003
537,7358,7,108913042,Armando Cuellar MS,Weslaco ISD,B,32.4,636,https://txschools.net/campus/armando-cuellar-ms-108913042
537,7358,7,015907028,CAST Med HS,San Antonio ISD,B,32.4,203,https://txschools.net/campus/cast-med-hs-015907028
537,7358,7,233901043,Del Rio MS,San Felipe-Del Rio CISD,C,32.4,702,https://txschools.net/campus/del-rio-ms-233901043
537,7358,7,071902010,Franklin HS,El Paso ISD,A,32.4,2587,https://txschools.net/campus/franklin-hs-071902010
537,7358,7,015915111,Glass Elem,Northside ISD,F,32.4,340,https://txschools.net/campus/glass-elem-015915111
537,7358,7,108907001,Mercedes HS,Mercedes ISD,B,32.4,853,https://txschools.net/campus/mercedes-hs-108907001
537,7358,7,031916003,South Texas ISD Medical Professions,South Texas ISD,A,32.4,890,https://txschools.net/campus/south-texas-isd-medical-professions-031916003
537,7358,7,003906001,Zavalla HS,Zavalla ISD,A,32.4,145,https://txschools.net/campus/zavalla-hs-003906001
545,7358,3,101902046,Hoffman MS,Aldine ISD,C,32.3,518,https://txschools.net/campus/hoffman-ms-101902046
545,7358,3,057905263,J P Starks Elem,Dallas ISD,C,32.3,293,https://txschools.net/campus/j-p-starks-elem-057905263
545,7358,3,015904044,Kingsborough MS,Harlandale ISD,C,32.3,552,https://txschools.net/campus/kingsborough-ms-015904044
545,7358,3,015904106,V M Adams Elem,Harlandale ISD,D,32.3,716,https://txschools.net/campus/v-m-adams-elem-015904106
549,7358,2,129902042,Brown MS,Forney ISD,D,32.2,516,https://txschools.net/campus/brown-ms-129902042
549,7358,2,020901005,Rise,Alvin ISD,A,32.2,122,https://txschools.net/campus/rise-020901005
549,7358,2,101912036,Westside HS,Houston ISD,A,32.2,2477,https://txschools.net/campus/westside-hs-101912036
552,7358,7,057905118,Albert C Black Jr STEAM Academy,Dallas ISD,D,32.1,832,https://txschools.net/campus/albert-c-black-jr-steam-academy-057905118
552,7358,7,220917001,Castleberry HS,Castleberry ISD,A,32.1,1062,https://txschools.net/campus/castleberry-hs-220917001
552,7358,7,071902012,Chapin HS,El Paso ISD,B,32.1,1729,https://txschools.net/campus/chapin-hs-071902012
552,7358,7,015905112,Loma Park Elem,Edgewood ISD,F,32.1,611,https://txschools.net/campus/loma-park-elem-015905112
552,7358,7,015915189,Martin Elem,Northside ISD,C,32.1,496,https://txschools.net/campus/martin-elem-015915189
552,7358,7,007906102,Poteet Int,Poteet ISD,F,32.1,450,https://txschools.net/campus/poteet-int-007906102
552,7358,7,043911001,Princeton Sr HS,Princeton ISD,B,32.1,1386,https://txschools.net/campus/princeton-sr-hs-043911001
552,7358,7,057905002,W H Adamson HS,Dallas ISD,A,32.1,1318,https://txschools.net/campus/w-h-adamson-hs-057905002
560,7358,7,101907015,Cypress Park HS,Cypress-Fairbanks ISD,B,32,3048,https://txschools.net/campus/cypress-park-hs-101907015
560,7358,7,233901102,Garfield MS,San Felipe-Del Rio CISD,C,32,643,https://txschools.net/campus/garfield-ms-233901102
560,7358,7,101919115,Heritage Elem,Spring ISD,D,32,665,https://txschools.net/campus/heritage-elem-101919115
560,7358,7,220905070,Jean McClung MS,Fort Worth ISD,B,32,483,https://txschools.net/campus/jean-mcclung-ms-220905070
560,7358,7,101902017,La Promesa,Aldine ISD,A,32,396,https://txschools.net/campus/la-promesa-101902017
560,7358,7,123907043,Lincoln MS,Port Arthur ISD,D,32,603,https://txschools.net/campus/lincoln-ms-123907043
560,7358,7,015907142,M L King Academy,San Antonio ISD,F,32,500,https://txschools.net/campus/m-l-king-academy-015907142
560,7358,7,081904003,Teague Lion Academy,Teague ISD,B,32,14,https://txschools.net/campus/teague-lion-academy-081904003
568,7358,9,178904123,Cullen Place Elem,Corpus Christi ISD,C,31.9,781,https://txschools.net/campus/cullen-place-elem-178904123
568,7358,9,101919044,Dueitt MS,Spring ISD,D,31.9,700,https://txschools.net/campus/dueitt-ms-101919044
568,7358,9,186902001,Fort Stockton High,Fort Stockton ISD,B,31.9,650,https://txschools.net/campus/fort-stockton-high-186902001
568,7358,9,057910002,Grand Prairie HS,Grand Prairie ISD,C,31.9,2815,https://txschools.net/campus/grand-prairie-hs-057910002
568,7358,9,178904049,Hamlin MS,Corpus Christi ISD,B,31.9,451,https://txschools.net/campus/hamlin-ms-178904049
568,7358,9,015915002,Jay HS,Northside ISD,C,31.9,1958,https://txschools.net/campus/jay-hs-015915002
568,7358,9,101919103,Ponderosa Elem,Spring ISD,D,31.9,665,https://txschools.net/campus/ponderosa-elem-101919103
568,7358,9,045903001,Rice HS,Rice CISD,B,31.9,347,https://txschools.net/campus/rice-hs-045903001
568,7358,9,108907041,Sgt Manuel Chacon MS,Mercedes ISD,F,31.9,860,https://txschools.net/campus/sgt-manuel-chacon-ms-108907041
568,7358,9,015907168,Unity Prep at Stewart,San Antonio ISD,D,31.9,643,https://txschools.net/campus/unity-prep-at-stewart-015907168
578,7358,5,015905106,Alonso S Perales Elem,Edgewood ISD,C,31.8,476,https://txschools.net/campus/alonso-s-perales-elem-015905106
578,7358,5,161914043,Cesar Chavez MS,Waco ISD,F,31.8,836,https://txschools.net/campus/cesar-chavez-ms-161914043
578,7358,5,057909002,Garland HS,Garland ISD,A,31.8,2129,https://txschools.net/campus/garland-hs-057909002
578,7358,5,159901042,Memorial JH,Eagle Pass ISD,C,31.8,965,https://txschools.net/campus/memorial-jh-159901042
578,7358,5,220905014,Southwest HS,Fort Worth ISD,B,31.8,1058,https://txschools.net/campus/southwest-hs-220905014
578,7358,5,101912252,Wainwright Elem,Houston ISD,C,31.8,312,https://txschools.net/campus/wainwright-elem-101912252
584,7358,1,108904103,Hargill Elem,Edinburg CISD,D,31.7,519,https://txschools.net/campus/hargill-elem-108904103
584,7358,1,007906041,Poteet JH,Poteet ISD,C,31.7,393,https://txschools.net/campus/poteet-jh-007906041
586,7358,3,084902115,Burnet Elem,Galveston ISD,C,31.6,560,https://txschools.net/campus/burnet-elem-084902115
586,7358,3,101912050,Holland MS,Houston ISD,B,31.6,440,https://txschools.net/campus/holland-ms-101912050
586,7358,3,243905011,Legacy HS,Wichita Falls ISD,C,31.6,1826,https://txschools.net/campus/legacy-hs-243905011
586,7358,3,101912196,Longfellow Elem,Houston ISD,A,31.6,587,https://txschools.net/campus/longfellow-elem-101912196
590,7358,4,084902119,Austin Elem,Galveston ISD,C,31.5,718,https://txschools.net/campus/austin-elem-084902119
590,7358,4,094901041,Jim Barnes MS,Seguin ISD,D,31.5,769,https://txschools.net/campus/jim-barnes-ms-094901041
590,7358,4,101917043,Park View Int,Pasadena ISD,C,31.5,481,https://txschools.net/campus/park-view-int-101917043
590,7358,4,101912024,Scarborough HS,Houston ISD,A,31.5,588,https://txschools.net/campus/scarborough-hs-101912024
590,7358,4,082903104,Ted Flores Elem,Pearsall ISD,C,31.5,493,https://txschools.net/campus/ted-flores-elem-082903104
595,7358,5,089901001,Gonzales HS,Gonzales ISD,B,31.4,745,https://txschools.net/campus/gonzales-hs-089901001
595,7358,5,015904041,Harlandale MS,Harlandale ISD,C,31.4,690,https://txschools.net/campus/harlandale-ms-015904041
595,7358,5,059901001,Hereford HS,Hereford ISD,C,31.4,1136,https://txschools.net/campus/hereford-hs-059901001
595,7358,5,254902001,La Pryor Secondary,La Pryor ISD,D,31.4,248,https://txschools.net/campus/la-pryor-secondary-254902001
595,7358,5,015907158,Pershing Elem,San Antonio ISD,B,31.4,309,https://txschools.net/campus/pershing-elem-015907158
595,7358,5,043910007,Shepton HS,Plano ISD,C,31.4,1190,https://txschools.net/campus/shepton-hs-043910007
601,7358,1,227910041,Del Valle MS,Del Valle ISD,D,31.3,910,https://txschools.net/campus/del-valle-ms-227910041
601,7358,1,102902001,Marshall HS,Marshall ISD,C,31.3,1316,https://txschools.net/campus/marshall-hs-102902001
603,7358,6,071902005,Coronado HS,El Paso ISD,B,31.2,2581,https://txschools.net/campus/coronado-hs-071902005
603,7358,6,227901162,Houston Elem,Austin ISD,D,31.2,443,https://txschools.net/campus/houston-elem-227901162
603,7358,6,220905059,J Martin Jacquet MS,Fort Worth ISD,C,31.2,570,https://txschools.net/campus/j-martin-jacquet-ms-220905059
603,7358,6,101912289,Martinez C Elem,Houston ISD,B,31.2,244,https://txschools.net/campus/martinez-c-elem-101912289
603,7358,6,015915158,McDermott Elem,Northside ISD,C,31.2,735,https://txschools.net/campus/mcdermott-elem-015915158
603,7358,6,101912225,Reynolds Elem,Houston ISD,C,31.2,325,https://txschools.net/campus/reynolds-elem-101912225
603,7358,6,057905043,T W Browne MS,Dallas ISD,B,31.2,481,https://txschools.net/campus/t-w-browne-ms-057905043
610,7358,5,084906041,Blocker MS,Texas City ISD,C,31.1,758,https://txschools.net/campus/blocker-ms-084906041
610,7358,5,015907141,Elemoise Japhet Elem,San Antonio ISD,B,31.1,557,https://txschools.net/campus/elemoise-japhet-elem-015907141
610,7358,5,101903042,Olle MS,Alief ISD,D,31.1,978,https://txschools.net/campus/olle-ms-101903042
610,7358,5,101902051,Plummer MS,Aldine ISD,C,31.1,729,https://txschools.net/campus/plummer-ms-101902051
610,7358,5,227901175,Widen Elem,Austin ISD,F,31.1,339,https://txschools.net/campus/widen-elem-227901175
610,7358,5,212910001,Winona HS,Winona ISD,B,31.1,305,https://txschools.net/campus/winona-hs-212910001
616,7358,7,034909001,Bloomburg School,Bloomburg ISD,B,31,202,https://txschools.net/campus/bloomburg-school-034909001
616,7358,7,220905104,Boulevard Heights,Fort Worth ISD,B,31,34,https://txschools.net/campus/boulevard-heights-220905104
616,7358,7,129903003,Gary W Campbell HS,Kaufman ISD,A,31,19,https://txschools.net/campus/gary-w-campbell-hs-129903003
616,7358,7,015916001,Judson HS,Judson ISD,C,31,2392,https://txschools.net/campus/judson-hs-015916001
616,7358,7,188901047,Travis MS,Amarillo ISD,B,31,551,https://txschools.net/campus/travis-ms-188901047
616,7358,7,101919045,Twin Creeks MS,Spring ISD,C,31,823,https://txschools.net/campus/twin-creeks-ms-101919045
616,7358,7,108913001,Weslaco HS,Weslaco ISD,A,31,2720,https://txschools.net/campus/weslaco-hs-108913001
616,7358,7,153907001,Wilson School,Wilson ISD,C,31,120,https://txschools.net/campus/wilson-school-153907001
624,7358,10,123910127,Blanchette Elem,Beaumont ISD,F,30.9,426,https://txschools.net/campus/blanchette-elem-123910127
624,7358,10,014906002,C E Ellison HS,Killeen ISD,B,30.9,1626,https://txschools.net/campus/c-e-ellison-hs-014906002
624,7358,10,057905163,Cedar Crest Elem,Dallas ISD,B,30.9,469,https://txschools.net/campus/cedar-crest-elem-057905163
624,7358,10,101907010,Cypress Ridge HS,Cypress-Fairbanks ISD,B,30.9,2692,https://txschools.net/campus/cypress-ridge-hs-101907010
624,7358,10,248901001,Kermit HS,Kermit ISD,B,30.9,385,https://txschools.net/campus/kermit-hs-248901001
624,7358,10,079901001,Lamar Cons HS,Lamar CISD,B,30.9,1414,https://txschools.net/campus/lamar-cons-hs-079901001
624,7358,10,057913041,Lancaster MS,Lancaster ISD,C,30.9,933,https://txschools.net/campus/lancaster-ms-057913041
624,7358,10,057903002,Smith HS,Carrollton-Farmers Branch ISD,B,30.9,1781,https://txschools.net/campus/smith-hs-057903002
624,7358,10,031916004,South Texas ISD Health Professions,South Texas ISD,A,30.9,836,https://txschools.net/campus/south-texas-isd-health-professions-031916004
624,7358,10,091918001,Tom Bean HS,Tom Bean ISD,A,30.9,227,https://txschools.net/campus/tom-bean-hs-091918001
624,7358,10,178904142,Zavala Elem,Corpus Christi ISD,B,30.9,389,https://txschools.net/campus/zavala-elem-178904142
635,7358,3,015907047,Harris MS,San Antonio ISD,D,30.8,720,https://txschools.net/campus/harris-ms-015907047
635,7358,3,031901007,Lopez Early College HS,Brownsville ISD,B,30.8,1610,https://txschools.net/campus/lopez-early-college-hs-031901007
635,7358,3,227910101,Popham Elem,Del Valle ISD,F,30.8,731,https://txschools.net/campus/popham-elem-227910101
635,7358,3,235902046,STEM MS,Victoria ISD,D,30.8,674,https://txschools.net/campus/stem-ms-235902046
639,7358,4,101902041,Aldine MS,Aldine ISD,D,30.7,782,https://txschools.net/campus/aldine-ms-101902041
639,7358,4,066902101,Collins-Parr Elem,San Diego ISD,B,30.7,650,https://txschools.net/campus/collins-parr-elem-066902101
639,7358,4,101907009,Cypress Springs HS,Cypress-Fairbanks ISD,B,30.7,2562,https://txschools.net/campus/cypress-springs-hs-101907009
639,7358,4,248901101,Kermit Elem,Kermit ISD,F,30.7,593,https://txschools.net/campus/kermit-elem-248901101
639,7358,4,227901156,Odom Elem,Austin ISD,F,30.7,271,https://txschools.net/campus/odom-elem-227901156
644,7358,2,057914001,Mesquite HS,Mesquite ISD,B,30.6,2063,https://txschools.net/campus/mesquite-hs-057914001
644,7358,2,123907117,Washington Elem,Port Arthur ISD,D,30.6,225,https://txschools.net/campus/washington-elem-123907117
644,7358,2,227904042,Westview MS,Pflugerville ISD,C,30.6,723,https://txschools.net/campus/westview-ms-227904042
647,7358,4,101912108,Bastian Elem,Houston ISD,D,30.5,566,https://txschools.net/campus/bastian-elem-101912108
647,7358,4,178904117,Houston Elem,Corpus Christi ISD,B,30.5,333,https://txschools.net/campus/houston-elem-178904117
647,7358,4,188901046,Mann MS,Amarillo ISD,B,30.5,448,https://txschools.net/campus/mann-ms-188901046
647,7358,4,015915041,Neff MS,Northside ISD,C,30.5,714,https://txschools.net/campus/neff-ms-015915041
647,7358,4,220901050,Workman JH,Arlington ISD,C,30.5,1108,https://txschools.net/campus/workman-jh-220901050
652,7358,4,079907046,Christa McAuliffe MS,Fort Bend ISD,D,30.4,781,https://txschools.net/campus/christa-mcauliffe-ms-079907046
652,7358,4,057905103,Gabe P Allen New Tech Academy,Dallas ISD,C,30.4,384,https://txschools.net/campus/gabe-p-allen-new-tech-academy-057905103
652,7358,4,031903001,Harlingen HS,Harlingen CISD,B,30.4,2430,https://txschools.net/campus/harlingen-hs-031903001
652,7358,4,147903002,Mexia HS,Mexia ISD,B,30.4,514,https://txschools.net/campus/mexia-hs-147903002
652,7358,4,165901042,Midland Lee Freshman HS,Midland ISD,C,30.4,889,https://txschools.net/campus/midland-lee-freshman-hs-165901042
657,7358,8,084902001,Ball HS,Galveston ISD,B,30.3,1931,https://txschools.net/campus/ball-hs-084902001
657,7358,8,031901048,Besteiro MS,Brownsville ISD,B,30.3,511,https://txschools.net/campus/besteiro-ms-031901048
657,7358,8,015907129,Charles Graebner Elem,San Antonio ISD,D,30.3,615,https://txschools.net/campus/charles-graebner-elem-015907129
657,7358,8,161914110,JH Hines Elem,Waco ISD,F,30.3,359,https://txschools.net/campus/jh-hines-elem-161914110
657,7358,8,220910001,Lake Worth HS,Lake Worth ISD,B,30.3,891,https://txschools.net/campus/lake-worth-hs-220910001
657,7358,8,019908041,Liberty-Eylau MS,Liberty-Eylau ISD,C,30.3,553,https://txschools.net/campus/liberty-eylau-ms-019908041
657,7358,8,227901165,Mcbee Elem,Austin ISD,B,30.3,300,https://txschools.net/campus/mcbee-elem-227901165
657,7358,8,069902001,Nueces Canyon JH/HS,Nueces Canyon CISD,B,30.3,102,https://txschools.net/campus/nueces-canyon-jh-hs-069902001
657,7358,8,170908006,Porter HS,New Caney ISD,A,30.3,1831,https://txschools.net/campus/porter-hs-170908006
666,7358,3,220901142,Ellis Elem,Arlington ISD,D,30.2,701,https://txschools.net/campus/ellis-elem-220901142
666,7358,3,101911045,Horace Mann JH,Goose Creek CISD,C,30.2,955,https://txschools.net/campus/horace-mann-jh-101911045
666,7358,3,057905181,Maple Lawn Elem,Dallas ISD,B,30.2,458,https://txschools.net/campus/maple-lawn-elem-057905181
666,7358,3,071904001,San Elizario HS,San Elizario ISD,C,30.2,898,https://txschools.net/campus/san-elizario-hs-071904001
670,7358,2,101912180,Isaacs Elem,Houston ISD,C,30.1,239,https://txschools.net/campus/isaacs-elem-101912180
670,7358,2,227901043,Lively MS,Austin ISD,C,30.1,919,https://txschools.net/campus/lively-ms-227901043
670,7358,2,190903001,Rains HS,Rains ISD,B,30.1,507,https://txschools.net/campus/rains-hs-190903001
673,7358,5,068901043,Bowie MS,Ector County ISD,B,30,852,https://txschools.net/campus/bowie-ms-068901043
673,7358,5,101912047,Fonville MS,Houston ISD,A,30,555,https://txschools.net/campus/fonville-ms-101912047
673,7358,5,015905140,Gardendale PK 4 SA Early Learning,Edgewood ISD,C,30,226,https://txschools.net/campus/gardendale-pk-4-sa-early-learning-015905140
673,7358,5,243905048,Hirschi MS,Wichita Falls ISD,C,30,567,https://txschools.net/campus/hirschi-ms-243905048
673,7358,5,101911003,Sterling HS,Goose Creek CISD,A,30,2174,https://txschools.net/campus/sterling-hs-101911003
673,7358,5,178912001,Tuloso-Midway HS,Tuloso-Midway ISD,B,30,1066,https://txschools.net/campus/tuloso-midway-hs-178912001
679,7358,6,057916005,Berkner HS,Richardson ISD,B,29.9,2261,https://txschools.net/campus/berkner-hs-057916005
679,7358,6,152901062,Cavazos MS,Lubbock ISD,C,29.9,382,https://txschools.net/campus/cavazos-ms-152901062
679,7358,6,031914101,Elma E Barrera Elem,Santa Rosa ISD,B,29.9,329,https://txschools.net/campus/elma-e-barrera-elem-031914101
679,7358,6,101912271,Foerster Elem,Houston ISD,B,29.9,493,https://txschools.net/campus/foerster-elem-101912271
679,7358,6,240904102,Oilton Elem,Webb CISD,D,29.9,99,https://txschools.net/campus/oilton-elem-240904102
679,7358,6,220901164,Peach Elem,Arlington ISD,F,29.9,809,https://txschools.net/campus/peach-elem-220901164
679,7358,6,084902006,Weis,Galveston ISD,C,29.9,830,https://txschools.net/campus/weis-084902006
686,7358,13,101905041,Alice Johnson JH,Channelview ISD,C,29.8,1132,https://txschools.net/campus/alice-johnson-jh-101905041
686,7358,13,160901001,Brady HS,Brady ISD,B,29.8,232,https://txschools.net/campus/brady-hs-160901001
686,7358,13,227904045,Dessau MS,Pflugerville ISD,C,29.8,615,https://txschools.net/campus/dessau-ms-227904045
686,7358,13,070905002,Ferris HS,Ferris ISD,B,29.8,914,https://txschools.net/campus/ferris-hs-070905002
686,7358,13,246913006,Glenn HS,Leander ISD,B,29.8,1881,https://txschools.net/campus/glenn-hs-246913006
686,7358,13,226907001,Grape Creek HS,Grape Creek ISD,A,29.8,309,https://txschools.net/campus/grape-creek-hs-226907001
686,7358,13,220901041,Joey Rodriguez JH,Arlington ISD,D,29.8,828,https://txschools.net/campus/joey-rodriguez-jh-220901041
686,7358,13,245903041,Myra Green MS,Raymondville ISD,A,29.8,396,https://txschools.net/campus/myra-green-ms-245903041
686,7358,13,014906008,Robert M Shoemaker HS,Killeen ISD,C,29.8,2021,https://txschools.net/campus/robert-m-shoemaker-hs-014906008
686,7358,13,057905354,Royce West Leadership School,Dallas ISD,D,29.8,545,https://txschools.net/campus/royce-west-leadership-school-057905354
686,7358,13,057905025,Skyline HS,Dallas ISD,A,29.8,3552,https://txschools.net/campus/skyline-hs-057905025
686,7358,13,101912163,Sugar Grove Academy,Houston ISD,A,29.8,627,https://txschools.net/campus/sugar-grove-academy-101912163
686,7358,13,015915116,Villarreal Elem,Northside ISD,D,29.8,546,https://txschools.net/campus/villarreal-elem-015915116
686,7358,13,178915041,West Oso JH,West Oso ISD,F,29.8,391,https://txschools.net/campus/west-oso-jh-178915041
700,7358,3,159901111,Benavides Heights Elem,Eagle Pass ISD,C,29.7,312,https://txschools.net/campus/benavides-heights-elem-159901111
700,7358,3,101912051,Hartman MS,Houston ISD,A,29.7,568,https://txschools.net/campus/hartman-ms-101912051
700,7358,3,083902001,Loop School,Loop ISD,A,29.7,143,https://txschools.net/campus/loop-school-083902001
700,7358,3,057906106,The Meadows Elem,Desoto ISD,F,29.7,343,https://txschools.net/campus/the-meadows-elem-057906106
704,7358,11,057905383,Diane Ragsdale Citylab HS,Dallas ISD,A,29.6,138,https://txschools.net/campus/diane-ragsdale-citylab-hs-057905383
704,7358,11,021902002,James Earl Rudder HS,Bryan ISD,C,29.6,1609,https://txschools.net/campus/james-earl-rudder-hs-021902002
704,7358,11,015915044,Jones MS,Northside ISD,B,29.6,946,https://txschools.net/campus/jones-ms-015915044
704,7358,11,071902047,Magoffin MS,El Paso ISD,C,29.6,527,https://txschools.net/campus/magoffin-ms-071902047
704,7358,11,101917013,Pasadena Memorial HS,Pasadena ISD,A,29.6,3057,https://txschools.net/campus/pasadena-memorial-hs-101917013
704,7358,11,101919126,Ralph Eickenroht Elem,Spring ISD,D,29.6,589,https://txschools.net/campus/ralph-eickenroht-elem-101919126
704,7358,11,066005101,Ramirez Elem,Ramirez CSD,D,29.6,24,https://txschools.net/campus/ramirez-elem-066005101
704,7358,11,194903102,Rivercrest JH,Rivercrest ISD,B,29.6,152,https://txschools.net/campus/rivercrest-jh-194903102
704,7358,11,015907164,Schenck Elem,San Antonio ISD,B,29.6,762,https://txschools.net/campus/schenck-elem-015907164
704,7358,11,108907103,Travis Elem,Mercedes ISD,D,29.6,617,https://txschools.net/campus/travis-elem-108907103
704,7358,11,057904041,W S Permenter MS,Cedar Hill ISD,C,29.6,440,https://txschools.net/campus/w-s-permenter-ms-057904041
704,7358,11,015907176,Woodlawn Hills Elem,San Antonio ISD,D,29.6,624,https://txschools.net/campus/woodlawn-hills-elem-015907176
716,7358,4,015916126,Candlewood STEM Academy,Judson ISD,D,29.5,232,https://txschools.net/campus/candlewood-stem-academy-015916126
716,7358,4,084906101,Fry Int,Texas City ISD,C,29.5,789,https://txschools.net/campus/fry-int-084906101
716,7358,4,245902041,Lyford MS,Lyford CISD,B,29.5,272,https://txschools.net/campus/lyford-ms-245902041
716,7358,4,057905264,Ronald E McNair Elem,Dallas ISD,B,29.5,512,https://txschools.net/campus/ronald-e-mcnair-elem-057905264
716,7358,4,233901104,San Felipe Memorial MS,San Felipe-Del Rio CISD,C,29.5,663,https://txschools.net/campus/san-felipe-memorial-ms-233901104
721,7358,9,028902101,Clear Fork Elem,Lockhart ISD,A,29.4,363,https://txschools.net/campus/clear-fork-elem-028902101
721,7358,9,057905266,Frederick Douglass Elem,Dallas ISD,D,29.4,428,https://txschools.net/campus/frederick-douglass-elem-057905266
721,7358,9,101912174,Highland Hts Elem,Houston ISD,F,29.4,422,https://txschools.net/campus/highland-hts-elem-101912174
721,7358,9,214901105,John & Olive Hinojosa Elem,Rio Grande City Grulla ISD,A,29.4,394,https://txschools.net/campus/john-olive-hinojosa-elem-214901105
721,7358,9,015916041,Kirby MS,Judson ISD,B,29.4,218,https://txschools.net/campus/kirby-ms-015916041
721,7358,9,101916001,La Porte HS,La Porte ISD,A,29.4,2082,https://txschools.net/campus/la-porte-hs-101916001
721,7358,9,015910001,Legacy of Educational Excellence HS,North East ISD,C,29.4,2001,https://txschools.net/campus/legacy-of-educational-excellence-hs-015910001
721,7358,9,101912059,Long Academy,Houston ISD,B,29.4,566,https://txschools.net/campus/long-academy-101912059
721,7358,9,101912054,Navarro MS,Houston ISD,A,29.4,302,https://txschools.net/campus/navarro-ms-101912054
721,7358,9,090904001,Pampa HS,Pampa ISD,B,29.4,958,https://txschools.net/campus/pampa-hs-090904001
731,7358,5,152901198,Carmona-Harrison Elem,Lubbock ISD,F,29.3,606,https://txschools.net/campus/carmona-harrison-elem-152901198
731,7358,5,116903001,Commerce HS,Commerce ISD,B,29.3,441,https://txschools.net/campus/commerce-hs-116903001
731,7358,5,159901106,Juan N Seguin Elem,Eagle Pass ISD,C,29.3,273,https://txschools.net/campus/juan-n-seguin-elem-159901106
731,7358,5,108906116,Seguin Elem,McAllen ISD,B,29.3,446,https://txschools.net/campus/seguin-elem-108906116
731,7358,5,021902001,Travis B Bryan HS,Bryan ISD,C,29.3,2231,https://txschools.net/campus/travis-b-bryan-hs-021902001
731,7358,5,253901041,Zapata MS,Zapata County ISD,C,29.3,726,https://txschools.net/campus/zapata-ms-253901041
737,7358,7,212905041,Boulter MS,Tyler ISD,D,29.2,906,https://txschools.net/campus/boulter-ms-212905041
737,7358,7,161906002,La Vega HS,La Vega ISD,B,29.2,871,https://txschools.net/campus/la-vega-hs-161906002
737,7358,7,028903001,Luling HS,Luling ISD,C,29.2,391,https://txschools.net/campus/luling-hs-028903001
737,7358,7,236902042,Mance Park MS,Huntsville ISD,C,29.2,1282,https://txschools.net/campus/mance-park-ms-236902042
737,7358,7,015915118,Oak Hills Terrace Elem,Northside ISD,F,29.2,437,https://txschools.net/campus/oak-hills-terrace-elem-015915118
737,7358,7,184901001,Poolville HS,Poolville ISD,A,29.2,188,https://txschools.net/campus/poolville-hs-184901001
737,7358,7,240903002,United South HS,United ISD,A,29.2,3150,https://txschools.net/campus/united-south-hs-240903002
737,7358,7,101912254,Wesley Elem,Houston ISD,A,29.2,233,https://txschools.net/campus/wesley-elem-101912254
745,7358,4,022004001,Big Bend HS,Terlingua CSD,D,29.1,140,https://txschools.net/campus/big-bend-hs-022004001
745,7358,4,015907114,Cameron Elem,San Antonio ISD,A,29.1,365,https://txschools.net/campus/cameron-elem-015907114
745,7358,4,121904001,Jasper HS,Jasper ISD,B,29.1,581,https://txschools.net/campus/jasper-hs-121904001
745,7358,4,015908106,Palo Alto Elem,South San Antonio ISD,F,29.1,441,https://txschools.net/campus/palo-alto-elem-015908106
745,7358,4,108904006,Robert R Vela HS,Edinburg CISD,B,29.1,2097,https://txschools.net/campus/robert-r-vela-hs-108904006
750,7358,7,011901106,Cedar Creek MS,Bastrop ISD,C,29,801,https://txschools.net/campus/cedar-creek-ms-011901106
750,7358,7,233901113,Dr Lonnie Green Jr Elem,San Felipe-Del Rio CISD,D,29,721,https://txschools.net/campus/dr-lonnie-green-jr-elem-233901113
750,7358,7,057905076,Harold Wendell Lang Sr MS,Dallas ISD,C,29,646,https://txschools.net/campus/harold-wendell-lang-sr-ms-057905076
750,7358,7,248901041,Kermit JH,Kermit ISD,F,29,277,https://txschools.net/campus/kermit-jh-248901041
750,7358,7,015907161,Rogers Academy,San Antonio ISD,D,29,714,https://txschools.net/campus/rogers-academy-015907161
750,7358,7,227901065,Sadler Means YWLA,Austin ISD,B,29,222,https://txschools.net/campus/sadler-means-ywla-227901065
750,7358,7,220901112,Speer Elem,Arlington ISD,D,29,627,https://txschools.net/campus/speer-elem-220901112
750,7358,7,031901009,Veterans Memorial Early College HS,Brownsville ISD,A,29,2268,https://txschools.net/campus/veterans-memorial-early-college-hs-031901009
758,7358,6,031901053,Garcia MS,Brownsville ISD,B,28.9,801,https://txschools.net/campus/garcia-ms-031901053
758,7358,6,015907131,Green Elem at Riverside Park,San Antonio ISD,B,28.9,356,https://txschools.net/campus/green-elem-at-riverside-park-015907131
758,7358,6,220905053,Monnig MS,Fort Worth ISD,D,28.9,439,https://txschools.net/campus/monnig-ms-220905053
758,7358,6,227901126,Ortega Elem,Austin ISD,B,28.9,211,https://txschools.net/campus/ortega-elem-227901126
758,7358,6,235902042,Patti Welder MS,Victoria ISD,D,28.9,520,https://txschools.net/campus/patti-welder-ms-235902042
758,7358,6,235902111,Shields Elem,Victoria ISD,F,28.9,373,https://txschools.net/campus/shields-elem-235902111
758,7358,6,101917047,Southmore Int,Pasadena ISD,D,28.9,642,https://txschools.net/campus/southmore-int-101917047
765,7358,6,015907105,Baskin Elem,San Antonio ISD,B,28.8,286,https://txschools.net/campus/baskin-elem-015907105
765,7358,6,142901001,Cotulla HS,Cotulla ISD,B,28.8,357,https://txschools.net/campus/cotulla-hs-142901001
765,7358,6,101907042,Dean MS,Cypress-Fairbanks ISD,B,28.8,1101,https://txschools.net/campus/dean-ms-101907042
765,7358,6,028902045,Lockhart JH,Lockhart ISD,B,28.8,1476,https://txschools.net/campus/lockhart-jh-028902045
765,7358,6,007904001,Lytle HS,Lytle ISD,C,28.8,518,https://txschools.net/campus/lytle-hs-007904001
765,7358,6,205904041,Mathis MS,Mathis ISD,C,28.8,307,https://txschools.net/campus/mathis-ms-205904041
765,7358,6,007906101,Poteet Elem,Poteet ISD,F,28.8,530,https://txschools.net/campus/poteet-elem-007906101
772,7358,7,220901001,Arlington HS,Arlington ISD,B,28.7,2677,https://txschools.net/campus/arlington-hs-220901001
772,7358,7,221901002,Cooper HS,Abilene ISD,B,28.7,1574,https://txschools.net/campus/cooper-hs-221901002
772,7358,7,101917004,Dobie HS,Pasadena ISD,A,28.7,3546,https://txschools.net/campus/dobie-hs-101917004
772,7358,7,129904101,Kemp Pri,Kemp ISD,D,28.7,417,https://txschools.net/campus/kemp-pri-129904101
772,7358,7,082902041,Mary Harper MS,Dilley ISD,B,28.7,174,https://txschools.net/campus/mary-harper-ms-082902041
772,7358,7,108904045,Memorial MS,Edinburg CISD,B,28.7,1032,https://txschools.net/campus/memorial-ms-108904045
772,7358,7,014909042,Travis Science Academy,Temple ISD,B,28.7,716,https://txschools.net/campus/travis-science-academy-014909042
772,7358,7,057905185,William B Miller Elem,Dallas ISD,B,28.7,250,https://txschools.net/campus/william-b-miller-elem-057905185
780,7358,7,220915003,Azle Hornet Academy,Azle ISD,A,28.6,44,https://txschools.net/campus/azle-hornet-academy-220915003
780,7358,7,220920001,Brewer HS,White Settlement ISD,B,28.6,2081,https://txschools.net/campus/brewer-hs-220920001
780,7358,7,052901001,Crane HS,Crane ISD,B,28.6,342,https://txschools.net/campus/crane-hs-052901001
780,7358,7,220905209,Edward Briscoe Elem,Fort Worth ISD,F,28.6,311,https://txschools.net/campus/edward-briscoe-elem-220905209
780,7358,7,015908110,Neil Armstrong Elem,South San Antonio ISD,B,28.6,391,https://txschools.net/campus/neil-armstrong-elem-015908110
780,7358,7,031901003,Pace Early College HS,Brownsville ISD,B,28.6,1579,https://txschools.net/campus/pace-early-college-hs-031901003
780,7358,7,015915043,Ross MS,Northside ISD,C,28.6,808,https://txschools.net/campus/ross-ms-015915043
780,7358,7,022903101,San Vicente Elem,San Vicente ISD,B,28.6,14,https://txschools.net/campus/san-vicente-elem-022903101
788,7358,9,002901001,Andrews HS,Andrews ISD,A,28.5,1175,https://txschools.net/campus/andrews-hs-002901001
788,7358,9,226903001,Central HS,San Angelo ISD,B,28.5,2744,https://txschools.net/campus/central-hs-226903001
788,7358,9,220904041,Charles Baxter JH,Everman ISD,F,28.5,672,https://txschools.net/campus/charles-baxter-jh-220904041
788,7358,9,221901048,Craig MS,Abilene ISD,C,28.5,737,https://txschools.net/campus/craig-ms-221901048
788,7358,9,014909041,Lamar MS,Temple ISD,D,28.5,558,https://txschools.net/campus/lamar-ms-014909041
788,7358,9,245902106,Lyford Elem,Lyford CISD,B,28.5,667,https://txschools.net/campus/lyford-elem-245902106
788,7358,9,108913041,Mary Hoge MS,Weslaco ISD,C,28.5,766,https://txschools.net/campus/mary-hoge-ms-108913041
788,7358,9,101912210,Northline Elem,Houston ISD,C,28.5,351,https://txschools.net/campus/northline-elem-101912210
788,7358,9,091906002,Sherman HS,Sherman ISD,B,28.5,2060,https://txschools.net/campus/sherman-hs-091906002
788,7358,9,014909002,Temple HS,Temple ISD,A,28.5,2343,https://txschools.net/campus/temple-hs-014909002
798,7358,5,029901001,Calhoun HS,Calhoun County ISD,B,28.4,953,https://txschools.net/campus/calhoun-hs-029901001
798,7358,5,015915185,Mead Elem,Northside ISD,B,28.4,784,https://txschools.net/campus/mead-elem-015915185
798,7358,5,015907210,Mission Academy,San Antonio ISD,C,28.4,505,https://txschools.net/campus/mission-academy-015907210
798,7358,5,108915001,Monte Alto HS,Monte Alto ISD,B,28.4,235,https://txschools.net/campus/monte-alto-hs-108915001
798,7358,5,015912110,Spicewood Park Elem,Southwest ISD,C,28.4,751,https://txschools.net/campus/spicewood-park-elem-015912110
798,7358,5,015907175,Woodlawn Academy,San Antonio ISD,D,28.4,580,https://txschools.net/campus/woodlawn-academy-015907175
804,7358,2,169910001,Forestburg School,Forestburg ISD,B,28.3,172,https://txschools.net/campus/forestburg-school-169910001
804,7358,2,101915004,Klein Collins HS,Klein ISD,A,28.3,3239,https://txschools.net/campus/klein-collins-hs-101915004
804,7358,2,177902001,Sweetwater HS,Sweetwater ISD,C,28.3,516,https://txschools.net/campus/sweetwater-hs-177902001
807,7358,6,092903124,Clarence W Bailey Elem,Longview ISD,D,28.2,256,https://txschools.net/campus/clarence-w-bailey-elem-092903124
807,7358,6,101902105,Francis Elem,Aldine ISD,D,28.2,691,https://txschools.net/campus/francis-elem-101902105
807,7358,6,101902053,Garcia MS,Aldine ISD,C,28.2,908,https://txschools.net/campus/garcia-ms-101902053
807,7358,6,015904011,Harlandale ISD STEM ECHS,Harlandale ISD,A,28.2,369,https://txschools.net/campus/harlandale-isd-stem-echs-015904011
807,7358,6,101907055,Hopper MS,Cypress-Fairbanks ISD,C,28.2,815,https://txschools.net/campus/hopper-ms-101907055
807,7358,6,240901002,Nixon HS,Laredo ISD,A,28.2,2103,https://txschools.net/campus/nixon-hs-240901002
807,7358,6,108902046,Veterans MS,Donna ISD,B,28.2,867,https://txschools.net/campus/veterans-ms-108902046
814,7358,5,126903107,AD Wheat MS,Cleburne ISD,C,28.1,956,https://txschools.net/campus/ad-wheat-ms-126903107
814,7358,5,220905206,Bill J Elliott Elem,Fort Worth ISD,C,28.1,382,https://txschools.net/campus/bill-j-elliott-elem-220905206
814,7358,5,101906001,Crosby HS,Crosby ISD,B,28.1,2179,https://txschools.net/campus/crosby-hs-101906001
814,7358,5,105906006,Moe and Gene Johnson HS,Hays CISD,B,28.1,2959,https://txschools.net/campus/moe-and-gene-johnson-hs-105906006
814,7358,5,163903001,Natalia HS,Natalia ISD,C,28.1,364,https://txschools.net/campus/natalia-hs-163903001
814,7358,5,061901008,Ray Braswell HS,Denton ISD,B,28.1,2738,https://txschools.net/campus/ray-braswell-hs-061901008
820,7358,16,254901104,Benito Juarez Elem,Crystal City ISD,C,28,222,https://txschools.net/campus/benito-juarez-elem-254901104
820,7358,16,221901047,Clack MS,Abilene ISD,D,28,677,https://txschools.net/campus/clack-ms-221901047
820,7358,16,146901041,Cleveland MS,Cleveland ISD,F,28,1458,https://txschools.net/campus/cleveland-ms-146901041
820,7358,16,108904046,Francisco Barrientes MS,Edinburg CISD,B,28,1046,https://txschools.net/campus/francisco-barrientes-ms-108904046
820,7358,16,227901159,Graham Elem,Austin ISD,C,28,367,https://txschools.net/campus/graham-elem-227901159
820,7358,16,188901045,Houston MS,Amarillo ISD,C,28,528,https://txschools.net/campus/houston-ms-188901045
820,7358,16,246909129,Joe Lee Johnson Elem,Round Rock ISD,B,28,658,https://txschools.net/campus/joe-lee-johnson-elem-246909129
820,7358,16,178915102,Kennedy Elem,West Oso ISD,D,28,360,https://txschools.net/campus/kennedy-elem-178915102
820,7358,16,015911044,Legacy MS,East Central ISD,C,28,1155,https://txschools.net/campus/legacy-ms-015911044
820,7358,16,101912213,Osborne Elem,Houston ISD,D,28,286,https://txschools.net/campus/osborne-elem-101912213
820,7358,16,101917112,Parks Elem,Pasadena ISD,C,28,330,https://txschools.net/campus/parks-elem-101917112
820,7358,16,015911103,Pecan Valley Elem,East Central ISD,C,28,456,https://txschools.net/campus/pecan-valley-elem-015911103
820,7358,16,105902001,San Marcos HS,San Marcos CISD,C,28,2324,https://txschools.net/campus/san-marcos-hs-105902001
820,7358,16,146901042,Santa Fe MS,Cleveland ISD,F,28,1256,https://txschools.net/campus/santa-fe-ms-146901042
820,7358,16,112901002,Sulphur Springs HS,Sulphur Springs ISD,B,28,1255,https://txschools.net/campus/sulphur-springs-hs-112901002
820,7358,16,101912374,Tinsley Elem,Houston ISD,B,28,548,https://txschools.net/campus/tinsley-elem-101912374
820,7358,16,227901152,Wooldridge Elem,Austin ISD,B,28,348,https://txschools.net/campus/wooldridge-elem-227901152
837,7358,7,227910108,Baty Elem,Del Valle ISD,F,27.9,584,https://txschools.net/campus/baty-elem-227910108
837,7358,7,101912123,Codwell Elem,Houston ISD,C,27.9,361,https://txschools.net/campus/codwell-elem-101912123
837,7358,7,101907002,Cy-Fair HS,Cypress-Fairbanks ISD,B,27.9,3169,https://txschools.net/campus/cy-fair-hs-101907002
837,7358,7,014906143,Killeen Elem,Killeen ISD,F,27.9,1008,https://txschools.net/campus/killeen-elem-014906143
837,7358,7,071901002,Mountain View HS,Clint ISD,A,27.9,735,https://txschools.net/campus/mountain-view-hs-071901002
837,7358,7,031901121,Perez Elem,Brownsville ISD,B,27.9,597,https://txschools.net/campus/perez-elem-031901121
837,7358,7,057916003,Richardson HS,Richardson ISD,A,27.9,2610,https://txschools.net/campus/richardson-hs-057916003
837,7358,7,152901180,Stewart Elem,Lubbock ISD,C,27.9,346,https://txschools.net/campus/stewart-elem-152901180
845,7358,4,071907001,Canutillo HS,Canutillo ISD,C,27.8,1387,https://txschools.net/campus/canutillo-hs-071907001
845,7358,4,174901001,Chireno HS,Chireno ISD,A,27.8,124,https://txschools.net/campus/chireno-hs-174901001
845,7358,4,071902058,Cpt Gabriel Navarrete MS,El Paso ISD,C,27.8,685,https://txschools.net/campus/cpt-gabriel-navarrete-ms-071902058
845,7358,4,071902169,H R Moye Elem,El Paso ISD,C,27.8,263,https://txschools.net/campus/h-r-moye-elem-071902169
845,7358,4,101917042,Jackson Int,Pasadena ISD,B,27.8,461,https://txschools.net/campus/jackson-int-101917042
850,7358,4,079901002,B F Terry HS,Lamar CISD,A,27.7,1685,https://txschools.net/campus/b-f-terry-hs-079901002
850,7358,4,084906110,Hayley Elem,Texas City ISD,D,27.7,488,https://txschools.net/campus/hayley-elem-084906110
850,7358,4,015915131,Linton Elem,Northside ISD,D,27.7,333,https://txschools.net/campus/linton-elem-015915131
850,7358,4,031911102,Rio Hondo Elem,Rio Hondo ISD,D,27.7,458,https://txschools.net/campus/rio-hondo-elem-031911102
850,7358,4,220905178,Westcreek Elem,Fort Worth ISD,C,27.7,372,https://txschools.net/campus/westcreek-elem-220905178
855,7358,7,220905002,Arlington Heights HS,Fort Worth ISD,B,27.6,1853,https://txschools.net/campus/arlington-heights-hs-220905002
855,7358,7,013901102,Fadden-McKeown-Chambliss Elem,Beeville ISD,C,27.6,542,https://txschools.net/campus/fadden-mckeown-chambliss-elem-013901102
855,7358,7,101911015,Goose Creek Memorial,Goose Creek CISD,A,27.6,2110,https://txschools.net/campus/goose-creek-memorial-101911015
855,7358,7,108912041,Lorenzo De Zavala MS,La Joya ISD,B,27.6,484,https://txschools.net/campus/lorenzo-de-zavala-ms-108912041
855,7358,7,227907108,Pioneer Crossing Elem,Manor ISD,F,27.6,523,https://txschools.net/campus/pioneer-crossing-elem-227907108
855,7358,7,095905001,Plainview HS,Plainview ISD,B,27.6,1238,https://txschools.net/campus/plainview-hs-095905001
855,7358,7,101912220,Pleasantville Elem,Houston ISD,A,27.6,181,https://txschools.net/campus/pleasantville-elem-101912220
855,7358,7,241904001,Wharton HS,Wharton ISD,C,27.6,489,https://txschools.net/campus/wharton-hs-241904001
863,7358,14,031901133,Aiken Elem,Brownsville ISD,B,27.5,598,https://txschools.net/campus/aiken-elem-031901133
863,7358,14,152901061,Atkins MS,Lubbock ISD,F,27.5,670,https://txschools.net/campus/atkins-ms-152901061
863,7358,14,101907043,Bleyl MS,Cypress-Fairbanks ISD,B,27.5,1265,https://txschools.net/campus/bleyl-ms-101907043
863,7358,14,020905002,Brazoswood HS,Brazosport ISD,B,27.5,2410,https://txschools.net/campus/brazoswood-hs-020905002
863,7358,14,107902001,Brownsboro HS,Brownsboro ISD,B,27.5,776,https://txschools.net/campus/brownsboro-hs-107902001
863,7358,14,091906112,Dillingham Elem,Sherman ISD,B,27.5,330,https://txschools.net/campus/dillingham-elem-091906112
863,7358,14,101912046,Edison MS,Houston ISD,A,27.5,334,https://txschools.net/campus/edison-ms-101912046
863,7358,14,024901101,Falfurrias Elem,Brooks County ISD,F,27.5,218,https://txschools.net/campus/falfurrias-elem-024901101
863,7358,14,015907123,Fenwick Academy,San Antonio ISD,D,27.5,579,https://txschools.net/campus/fenwick-academy-015907123
863,7358,14,015915119,Howsman Elem,Northside ISD,C,27.5,716,https://txschools.net/campus/howsman-elem-015915119
863,7358,14,101919125,Hoyland Elem,Spring ISD,C,27.5,624,https://txschools.net/campus/hoyland-elem-101919125
863,7358,14,178909103,Lotspeich Leadership Academy,Robstown ISD,F,27.5,344,https://txschools.net/campus/lotspeich-leadership-academy-178909103
863,7358,14,220912002,North Crowley HS,Crowley ISD,B,27.5,3025,https://txschools.net/campus/north-crowley-hs-220912002
863,7358,14,057916004,Pearce HS,Richardson ISD,B,27.5,2301,https://txschools.net/campus/pearce-hs-057916004
863,7358,14,015910113,Serna Elem,North East ISD,D,27.5,378,https://txschools.net/campus/serna-elem-015910113
878,7358,7,015904042,A Leal Jr MS,Harlandale ISD,B,27.4,512,https://txschools.net/campus/a-leal-jr-ms-015904042
878,7358,7,214901110,Alto Bonito Elem,Rio Grande City Grulla ISD,B,27.4,584,https://txschools.net/campus/alto-bonito-elem-214901110
878,7358,7,101912273,Ashford Elem,Houston ISD,A,27.4,532,https://txschools.net/campus/ashford-elem-101912273
878,7358,7,057906042,Desoto West MS,Desoto ISD,D,27.4,381,https://txschools.net/campus/desoto-west-ms-057906042
878,7358,7,205902001,Gregory-Portland HS,Gregory-Portland ISD,B,27.4,1538,https://txschools.net/campus/gregory-portland-hs-205902001
878,7358,7,240903054,Lamar Bruni Vergara MS,United ISD,B,27.4,700,https://txschools.net/campus/lamar-bruni-vergara-ms-240903054
878,7358,7,220910042,Lucyle Collins MS,Lake Worth ISD,D,27.4,768,https://txschools.net/campus/lucyle-collins-ms-220910042
878,7358,7,031909001,Port Isabel Early College HS,Point Isabel ISD,A,27.4,566,https://txschools.net/campus/port-isabel-early-college-hs-031909001
886,7358,11,108908043,Alton Memorial JH,Mission CISD,D,27.3,739,https://txschools.net/campus/alton-memorial-jh-108908043
886,7358,11,234904001,Grand Saline HS,Grand Saline ISD,B,27.3,359,https://txschools.net/campus/grand-saline-hs-234904001
886,7358,11,071902118,Hart Elem,El Paso ISD,B,27.3,319,https://txschools.net/campus/hart-elem-071902118
886,7358,11,101919127,Helen Major Elem,Spring ISD,D,27.3,623,https://txschools.net/campus/helen-major-elem-101919127
886,7358,11,003903127,Herty Pri,Lufkin ISD,B,27.3,256,https://txschools.net/campus/herty-pri-003903127
886,7358,11,101903044,Holub MS,Alief ISD,C,27.3,679,https://txschools.net/campus/holub-ms-101903044
886,7358,11,101917109,Jessup Elem,Pasadena ISD,D,27.3,357,https://txschools.net/campus/jessup-elem-101917109
886,7358,11,170903004,Lake Creek HS,Montgomery ISD,A,27.3,1686,https://txschools.net/campus/lake-creek-hs-170903004
886,7358,11,108906002,Memorial HS,McAllen ISD,A,27.3,2022,https://txschools.net/campus/memorial-hs-108906002
886,7358,11,071902167,Moreno Elem,El Paso ISD,C,27.3,295,https://txschools.net/campus/moreno-elem-071902167
886,7358,11,015915042,Rayburn MS,Northside ISD,C,27.3,621,https://txschools.net/campus/rayburn-ms-015915042
886,7358,11,233901111,Ruben Chavira Elem,San Felipe-Del Rio CISD,F,27.3,704,https://txschools.net/campus/ruben-chavira-elem-233901111
898,7358,8,114901043,Big Spring JH,Big Spring ISD,C,27.2,392,https://txschools.net/campus/big-spring-jh-114901043
898,7358,8,068901125,Blanton Elem,Ector County ISD,B,27.2,505,https://txschools.net/campus/blanton-elem-068901125
898,7358,8,060902001,Cooper HS,Cooper ISD,A,27.2,217,https://txschools.net/campus/cooper-hs-060902001
898,7358,8,108912049,Domingo Trevino MS,La Joya ISD,B,27.2,489,https://txschools.net/campus/domingo-trevino-ms-108912049
898,7358,8,020905104,Freeport Elem,Brazosport ISD,C,27.2,575,https://txschools.net/campus/freeport-elem-020905104
898,7358,8,152901022,Lubbock HS,Lubbock ISD,A,27.2,1891,https://txschools.net/campus/lubbock-hs-152901022
898,7358,8,015908107,Price Elem,South San Antonio ISD,B,27.2,338,https://txschools.net/campus/price-elem-015908107
898,7358,8,057913107,Rolling Hills Elem,Lancaster ISD,C,27.2,353,https://txschools.net/campus/rolling-hills-elem-057913107
898,7358,8,108902048,W A Todd MS,Donna ISD,B,27.2,625,https://txschools.net/campus/w-a-todd-ms-108902048
907,7358,4,175903041,Corsicana MS,Corsicana ISD,D,27.1,843,https://txschools.net/campus/corsicana-ms-175903041
907,7358,4,015915171,Driggers Elem,Northside ISD,C,27.1,467,https://txschools.net/campus/driggers-elem-015915171
907,7358,4,015917106,Julian C Gallardo Elem,Southside ISD,B,27.1,635,https://txschools.net/campus/julian-c-gallardo-elem-015917106
907,7358,4,084902107,Parker Elem,Galveston ISD,C,27.1,452,https://txschools.net/campus/parker-elem-084902107
907,7358,4,220912111,Sue Crouch Elem,Crowley ISD,C,27.1,489,https://txschools.net/campus/sue-crouch-elem-220912111
912,7358,12,015907117,Agnes Cotton Academy,San Antonio ISD,A,27,453,https://txschools.net/campus/agnes-cotton-academy-015907117
912,7358,12,011901001,Bastrop HS,Bastrop ISD,B,27,1739,https://txschools.net/campus/bastrop-hs-011901001
912,7358,12,015910118,Camelot Elem,North East ISD,C,27,490,https://txschools.net/campus/camelot-elem-015910118
912,7358,12,046902003,Canyon Lake HS,Comal ISD,A,27,1021,https://txschools.net/campus/canyon-lake-hs-046902003
912,7358,12,015907027,CAST Tech HS,San Antonio ISD,B,27,427,https://txschools.net/campus/cast-tech-hs-015907027
912,7358,12,101915001,Klein HS,Klein ISD,A,27,3494,https://txschools.net/campus/klein-hs-101915001
912,7358,12,233901106,Lamar Elem,San Felipe-Del Rio CISD,D,27,627,https://txschools.net/campus/lamar-elem-233901106
912,7358,12,170904042,Lynn Lucas MS,Willis ISD,C,27,844,https://txschools.net/campus/lynn-lucas-ms-170904042
912,7358,12,125905101,Premont Ernest H Singleton Early College Academy,Premont ISD,D,27,383,https://txschools.net/campus/premont-ernest-h-singleton-early-college-academy-125905101
912,7358,12,057909009,Rowlett HS,Garland ISD,B,27,2009,https://txschools.net/campus/rowlett-hs-057909009
912,7358,12,237905106,Royal Early Childhood Center,Royal ISD,C,27,350,https://txschools.net/campus/royal-early-childhood-center-237905106
912,7358,12,235902013,Victoria East HS,Victoria ISD,B,27,1799,https://txschools.net/campus/victoria-east-hs-235902013
912,7358,12,015904114,Wright Elem,Harlandale ISD,F,27,439,https://txschools.net/campus/wright-elem-015904114
925,7358,10,031903102,Austin Elem,Harlingen CISD,B,26.9,297,https://txschools.net/campus/austin-elem-031903102
925,7358,10,246909118,Bluebonnet Elem,Round Rock ISD,B,26.9,368,https://txschools.net/campus/bluebonnet-elem-246909118
925,7358,10,249904001,Chico HS,Chico ISD,C,26.9,180,https://txschools.net/campus/chico-hs-249904001
925,7358,10,015916044,Henry Metzger MS,Judson ISD,F,26.9,815,https://txschools.net/campus/henry-metzger-ms-015916044
925,7358,10,068901130,Lauro Cavazos Elem,Ector County ISD,D,26.9,585,https://txschools.net/campus/lauro-cavazos-elem-068901130
925,7358,10,220905160,Maudrie Walton Elem,Fort Worth ISD,D,26.9,275,https://txschools.net/campus/maudrie-walton-elem-220905160
925,7358,10,220905144,Mitchell Boulevard Elem,Fort Worth ISD,B,26.9,372,https://txschools.net/campus/mitchell-boulevard-elem-220905144
925,7358,10,220918111,Northbrook Elem,Eagle Mt-Saginaw ISD,D,26.9,488,https://txschools.net/campus/northbrook-elem-220918111
925,7358,10,220918004,Saginaw HS,Eagle Mt-Saginaw ISD,B,26.9,1852,https://txschools.net/campus/saginaw-hs-220918004
925,7358,10,083903001,Seminole HS,Seminole ISD,A,26.9,809,https://txschools.net/campus/seminole-hs-083903001
925,7358,10,079901116,T L Pink Elem,Lamar CISD,B,26.9,420,https://txschools.net/campus/t-l-pink-elem-079901116
936,7358,10,108904043,B L Garza MS,Edinburg CISD,A,26.8,997,https://txschools.net/campus/b-l-garza-ms-108904043
936,7358,10,235901101,Bloomington Elem,Bloomington ISD,F,26.8,205,https://txschools.net/campus/bloomington-elem-235901101
936,7358,10,101912045,Deady MS,Houston ISD,A,26.8,360,https://txschools.net/campus/deady-ms-101912045
936,7358,10,101902043,Hambrick MS,Aldine ISD,D,26.8,877,https://txschools.net/campus/hambrick-ms-101902043
936,7358,10,254902101,La Pryor Elem,La Pryor ISD,C,26.8,197,https://txschools.net/campus/la-pryor-elem-254902101
936,7358,10,178904104,Mary Helen Berlanga Elem,Corpus Christi ISD,C,26.8,580,https://txschools.net/campus/mary-helen-berlanga-elem-178904104
936,7358,10,013901041,Moreno JH,Beeville ISD,C,26.8,692,https://txschools.net/campus/moreno-jh-013901041
936,7358,10,226903119,San Jacinto Elem,San Angelo ISD,C,26.8,92,https://txschools.net/campus/san-jacinto-elem-226903119
936,7358,10,015915022,Stevens HS,Northside ISD,B,26.8,2401,https://txschools.net/campus/stevens-hs-015915022
936,7358,10,057914048,Terry MS,Mesquite ISD,C,26.8,770,https://txschools.net/campus/terry-ms-057914048
936,7358,10,101913115,Whispering Pines Elem,Humble ISD,D,26.8,579,https://txschools.net/campus/whispering-pines-elem-101913115
947,7358,9,125901043,Adams MS,Alice ISD,B,26.7,958,https://txschools.net/campus/adams-ms-125901043
947,7358,9,071905001,Bel Air HS,Ysleta ISD,A,26.7,1683,https://txschools.net/campus/bel-air-hs-071905001
947,7358,9,146902002,Dayton HS,Dayton ISD,B,26.7,1665,https://txschools.net/campus/dayton-hs-146902002
947,7358,9,247901001,Floresville HS,Floresville ISD,B,26.7,1193,https://txschools.net/campus/floresville-hs-247901001
947,7358,9,094901103,Jefferson Ave Elem,Seguin ISD,D,26.7,386,https://txschools.net/campus/jefferson-ave-elem-094901103
947,7358,9,082903103,Pearsall Int,Pearsall ISD,C,26.7,411,https://txschools.net/campus/pearsall-int-082903103
947,7358,9,014909119,Sampson-Howard Elem,Temple ISD,D,26.7,655,https://txschools.net/campus/sampson-howard-elem-014909119
947,7358,9,071909001,Socorro HS,Socorro ISD,B,26.7,2582,https://txschools.net/campus/socorro-hs-071909001
947,7358,9,236902101,Stewart Elem,Huntsville ISD,D,26.7,568,https://txschools.net/campus/stewart-elem-236902101
947,7358,9,015904105,Stonewall/Flanders Elem,Harlandale ISD,B,26.7,590,https://txschools.net/campus/stonewall-flanders-elem-015904105
957,7358,4,117901001,Borger HS,Borger ISD,B,26.6,643,https://txschools.net/campus/borger-hs-117901001
957,7358,4,015908044,Robert C Zamora MS,South San Antonio ISD,B,26.6,638,https://txschools.net/campus/robert-c-zamora-ms-015908044
957,7358,4,112909001,Saltillo School,Saltillo ISD,A,26.6,236,https://txschools.net/campus/saltillo-school-112909001
957,7358,4,057905250,Whitney M Young Jr Elem,Dallas ISD,B,26.6,379,https://txschools.net/campus/whitney-m-young-jr-elem-057905250
957,7358,4,083903103,Young Elem,Seminole ISD,D,26.6,596,https://txschools.net/campus/young-elem-083903103
962,7358,12,215901001,Breckenridge HS,Breckenridge ISD,A,26.5,358,https://txschools.net/campus/breckenridge-hs-215901001
962,7358,12,094901042,Briesemeister MS,Seguin ISD,D,26.5,847,https://txschools.net/campus/briesemeister-ms-094901042
962,7358,12,246909008,Cedar Ridge HS,Round Rock ISD,A,26.5,2701,https://txschools.net/campus/cedar-ridge-hs-246909008
962,7358,12,178904146,Club Estates,Corpus Christi ISD,B,26.5,406,https://txschools.net/campus/club-estates-178904146
962,7358,12,031901043,Faulk MS,Brownsville ISD,A,26.5,791,https://txschools.net/campus/faulk-ms-031901043
962,7358,12,152907001,Frenship HS,Frenship ISD,C,26.5,2421,https://txschools.net/campus/frenship-hs-152907001
962,7358,12,015907179,Hawthorne PK-8 Academy,San Antonio ISD,D,26.5,708,https://txschools.net/campus/hawthorne-pk-8-academy-015907179
962,7358,12,101912473,Hilliard Elem,Houston ISD,C,26.5,582,https://txschools.net/campus/hilliard-elem-101912473
962,7358,12,108902114,Maria Alicia P Munoz Elem,Donna ISD,C,26.5,613,https://txschools.net/campus/maria-alicia-p-munoz-elem-108902114
962,7358,12,101912217,Peck Elem,Houston ISD,C,26.5,322,https://txschools.net/campus/peck-elem-101912217
962,7358,12,220905056,Riverside MS,Fort Worth ISD,D,26.5,698,https://txschools.net/campus/riverside-ms-220905056
962,7358,12,057905129,S S Conner Elem,Dallas ISD,C,26.5,489,https://txschools.net/campus/s-s-conner-elem-057905129
962,7358,12,178904141,Yeager Elem,Corpus Christi ISD,C,26.5,262,https://txschools.net/campus/yeager-elem-178904141
975,7358,9,221901001,Abilene HS,Abilene ISD,B,26.4,1796,https://txschools.net/campus/abilene-hs-221901001
975,7358,9,068901104,Burnet Elem,Ector County ISD,D,26.4,272,https://txschools.net/campus/burnet-elem-068901104
975,7358,9,204901001,Coldspring-Oakhurst HS,Coldspring-Oakhurst CISD,B,26.4,477,https://txschools.net/campus/coldspring-oakhurst-hs-204901001
975,7358,9,015910103,Colonial Hills Elem,North East ISD,D,26.4,405,https://txschools.net/campus/colonial-hills-elem-015910103
975,7358,9,155901041,Jefferson JH,Jefferson ISD,C,26.4,230,https://txschools.net/campus/jefferson-jh-155901041
975,7358,9,101902116,Johnson Elem,Aldine ISD,D,26.4,857,https://txschools.net/campus/johnson-elem-101902116
975,7358,9,031912109,Roberts Elem,San Benito CISD,F,26.4,224,https://txschools.net/campus/roberts-elem-031912109
975,7358,9,245904002,San Perlita HS,San Perlita ISD,B,26.4,54,https://txschools.net/campus/san-perlita-hs-245904002
975,7358,9,057903001,Turner HS,Carrollton-Farmers Branch ISD,B,26.4,1841,https://txschools.net/campus/turner-hs-057903001
975,7358,9,220901148,Webb Elem,Arlington ISD,C,26.4,589,https://txschools.net/campus/webb-elem-220901148
985,7358,9,101912121,Bruce Elem,Houston ISD,B,26.3,293,https://txschools.net/campus/bruce-elem-101912121
985,7358,9,129906041,Herman Furlough Jr MS,Terrell ISD,C,26.3,1160,https://txschools.net/campus/herman-furlough-jr-ms-129906041
985,7358,9,246907001,Jarrell HS,Jarrell ISD,B,26.3,1145,https://txschools.net/campus/jarrell-hs-246907001
985,7358,9,031903109,Lamar Elem,Harlingen CISD,C,26.3,397,https://txschools.net/campus/lamar-elem-031903109
985,7358,9,101912338,Ortiz MS,Houston ISD,A,26.3,650,https://txschools.net/campus/ortiz-ms-101912338
985,7358,9,015905104,Roy Cisneros Elem,Edgewood ISD,D,26.3,202,https://txschools.net/campus/roy-cisneros-elem-015905104
985,7358,9,220912043,Summer Creek MS,Crowley ISD,B,26.3,1031,https://txschools.net/campus/summer-creek-ms-220912043
985,7358,9,079907012,Thurgood Marshall HS,Fort Bend ISD,B,26.3,1548,https://txschools.net/campus/thurgood-marshall-hs-079907012
985,7358,9,178915104,West Oso Elem,West Oso ISD,D,26.3,561,https://txschools.net/campus/west-oso-elem-178915104
985,7358,9,200904041,Winters JH,Winters ISD,D,26.3,66,https://txschools.net/campus/winters-jh-200904041
995,7358,17,101911041,Baytown JH,Goose Creek CISD,B,26.2,671,https://txschools.net/campus/baytown-jh-101911041
995,7358,17,123910130,Charlton-Pollard Elem,Beaumont ISD,F,26.2,417,https://txschools.net/campus/charlton-pollard-elem-123910130
995,7358,17,172902001,Daingerfield HS,Daingerfield-Lone Star ISD,A,26.2,323,https://txschools.net/campus/daingerfield-hs-172902001
995,7358,17,057916143,Forest Lane Academy,Richardson ISD,B,26.2,643,https://txschools.net/campus/forest-lane-academy-057916143
995,7358,17,079907011,George Bush HS,Fort Bend ISD,B,26.2,2366,https://txschools.net/campus/george-bush-hs-079907011
995,7358,17,057905142,J N Ervin Elem,Dallas ISD,C,26.2,659,https://txschools.net/campus/j-n-ervin-elem-057905142
995,7358,17,015910045,Jackson MS,North East ISD,C,26.2,554,https://txschools.net/campus/jackson-ms-015910045
995,7358,17,057910051,James Fannin MS,Grand Prairie ISD,D,26.2,457,https://txschools.net/campus/james-fannin-ms-057910051
995,7358,17,170908042,Keefer Crossing MS,New Caney ISD,C,26.2,1325,https://txschools.net/campus/keefer-crossing-ms-170908042
995,7358,17,128902001,Kenedy HS,Kenedy ISD,B,26.2,203,https://txschools.net/campus/kenedy-hs-128902001
995,7358,17,188901113,Landergin Elem,Amarillo ISD,B,26.2,271,https://txschools.net/campus/landergin-elem-188901113
995,7358,17,220905051,Meacham MS,Fort Worth ISD,B,26.2,638,https://txschools.net/campus/meacham-ms-220905051
995,7358,17,164901001,Menard HS,Menard ISD,A,26.2,75,https://txschools.net/campus/menard-hs-164901001
995,7358,17,014906043,Rancier MS,Killeen ISD,C,26.2,751,https://txschools.net/campus/rancier-ms-014906043
995,7358,17,246911001,Taylor HS,Taylor ISD,B,26.2,850,https://txschools.net/campus/taylor-hs-246911001
995,7358,17,133903001,Tivy HS,Kerrville ISD,B,26.2,1270,https://txschools.net/campus/tivy-hs-133903001
995,7358,17,070903104,Travis Elem,Ennis ISD,B,26.2,272,https://txschools.net/campus/travis-elem-070903104
995,7358,17,101912015,Waltrip HS,Houston ISD,A,26.2,1519,https://txschools.net/campus/waltrip-hs-101912015
1013,7358,14,152901155,Bayless Elem,Lubbock ISD,B,26.1,418,https://txschools.net/campus/bayless-elem-152901155
1013,7358,14,057905060,Boude Storey MS,Dallas ISD,D,26.1,293,https://txschools.net/campus/boude-storey-ms-057905060
1013,7358,14,042901001,Coleman HS,Coleman ISD,B,26.1,212,https://txschools.net/campus/coleman-hs-042901001
1013,7358,14,068901044,Crockett MS,Ector County ISD,D,26.1,1188,https://txschools.net/campus/crockett-ms-068901044
1013,7358,14,071902114,Douglass Elem,El Paso ISD,C,26.1,440,https://txschools.net/campus/douglass-elem-071902114
1013,7358,14,070903002,Ennis HS,Ennis ISD,B,26.1,1821,https://txschools.net/campus/ennis-hs-070903002
1013,7358,14,246909108,Forest North Elem,Round Rock ISD,B,26.1,304,https://txschools.net/campus/forest-north-elem-246909108
1013,7358,14,050902001,Gatesville HS,Gatesville ISD,B,26.1,732,https://txschools.net/campus/gatesville-hs-050902001
1013,7358,14,079907008,Hightower HS,Fort Bend ISD,D,26.1,2205,https://txschools.net/campus/hightower-hs-079907008
1013,7358,14,058906001,Lamesa Schools,Lamesa ISD,C,26.1,1373,https://txschools.net/campus/lamesa-schools-058906001
1013,7358,14,240901124,Ligarde Elem,Laredo ISD,B,26.1,521,https://txschools.net/campus/ligarde-elem-240901124
1013,7358,14,220905154,M L Phillips Elem,Fort Worth ISD,B,26.1,418,https://txschools.net/campus/m-l-phillips-elem-220905154
1013,7358,14,015915122,Passmore Elem,Northside ISD,F,26.1,361,https://txschools.net/campus/passmore-elem-015915122
1013,7358,14,243905128,Scotland Park Elem,Wichita Falls ISD,C,26.1,532,https://txschools.net/campus/scotland-park-elem-243905128
1013,7358,14,188901005,Tascosa HS,Amarillo ISD,A,26.1,2102,https://txschools.net/campus/tascosa-hs-188901005
1028,7358,7,108904122,Cano-Gonzalez Elem,Edinburg CISD,B,26,379,https://txschools.net/campus/cano-gonzalez-elem-108904122
1028,7358,7,079901011,Dr Thomas E Randle HS,Lamar CISD,B,26,2013,https://txschools.net/campus/dr-thomas-e-randle-hs-079901011
1028,7358,7,108904107,Lee Elem,Edinburg CISD,B,26,346,https://txschools.net/campus/lee-elem-108904107
1028,7358,7,188901126,San Jacinto Elem,Amarillo ISD,D,26,333,https://txschools.net/campus/san-jacinto-elem-188901126
1028,7358,7,236902104,Scott Johnson Elem,Huntsville ISD,F,26,889,https://txschools.net/campus/scott-johnson-elem-236902104
1028,7358,7,101903105,Smith Elem,Alief ISD,D,26,595,https://txschools.net/campus/smith-elem-101903105
1028,7358,7,015917102,W M Pearce Pri,Southside ISD,B,26,522,https://txschools.net/campus/w-m-pearce-pri-015917102
1028,7358,7,181906102,West Orange-Stark Elem,West Orange-Cove CISD,C,26,1073,https://txschools.net/campus/west-orange-stark-elem-181906102
1036,7358,13,220915001,Azle HS,Azle ISD,B,25.9,2126,https://txschools.net/campus/azle-hs-220915001
1036,7358,13,178913001,Banquete HS,Banquete ISD,A,25.9,215,https://txschools.net/campus/banquete-hs-178913001
1036,7358,13,227907105,Blake Manor Elem,Manor ISD,F,25.9,568,https://txschools.net/campus/blake-manor-elem-227907105
1036,7358,13,195901042,Crockett MS,Pecos-Barstow-Toyah ISD,C,25.9,633,https://txschools.net/campus/crockett-ms-195901042
1036,7358,13,108902116,Daniel Singleterry Sr,Donna ISD,F,25.9,555,https://txschools.net/campus/daniel-singleterry-sr-108902116
1036,7358,13,108902047,Dora M Sauceda STEAM Academy,Donna ISD,C,25.9,568,https://txschools.net/campus/dora-m-sauceda-steam-academy-108902047
1036,7358,13,015911043,East Central Heritage MS,East Central ISD,C,25.9,1239,https://txschools.net/campus/east-central-heritage-ms-015911043
1036,7358,13,214901041,Grulla MS,Rio Grande City Grulla ISD,B,25.9,638,https://txschools.net/campus/grulla-ms-214901041
1036,7358,13,057905178,H I Holland Elem at Lisbon,Dallas ISD,C,25.9,386,https://txschools.net/campus/h-i-holland-elem-at-lisbon-057905178
1036,7358,13,057905042,Judge Louis A Bedford Jr Law Academy,Dallas ISD,B,25.9,333,https://txschools.net/campus/judge-louis-a-bedford-jr-law-academy-057905042
1036,7358,13,068901046,Nimitz MS,Ector County ISD,C,25.9,1274,https://txschools.net/campus/nimitz-ms-068901046
1036,7358,13,108910102,Progreso Early Childhood,Progreso ISD,B,25.9,345,https://txschools.net/campus/progreso-early-childhood-108910102
1036,7358,13,031916009,South Texas ISD Virtual Academy,South Texas ISD,A,25.9,223,https://txschools.net/campus/south-texas-isd-virtual-academy-031916009
1036,7358,13,101917130,Young Elem,Pasadena ISD,C,25.9,487,https://txschools.net/campus/young-elem-101917130
1050,7358,13,057905219,Adelle Turner Elem,Dallas ISD,C,25.8,270,https://txschools.net/campus/adelle-turner-elem-057905219
1050,7358,13,114901001,Big Spring HS,Big Spring ISD,B,25.8,869,https://txschools.net/campus/big-spring-hs-114901001
1050,7358,13,194904002,Clarksville MS and HS,Clarksville ISD,C,25.8,268,https://txschools.net/campus/clarksville-ms-and-hs-194904002
1050,7358,13,170902001,Conroe HS,Conroe ISD,B,25.8,5191,https://txschools.net/campus/conroe-hs-170902001
1050,7358,13,129902113,Dewberry Elem,Forney ISD,F,25.8,715,https://txschools.net/campus/dewberry-elem-129902113
1050,7358,13,176903001,Deweyville HS,Deweyville ISD,B,25.8,284,https://txschools.net/campus/deweyville-hs-176903001
1050,7358,13,068901132,G E 'Buddy' West Elem,Ector County ISD,D,25.8,691,https://txschools.net/campus/g-e-buddy-west-elem-068901132
1050,7358,13,101912168,Hartsfield Elem,Houston ISD,C,25.8,263,https://txschools.net/campus/hartsfield-elem-101912168
1050,7358,13,101907003,Jersey Village HS,Cypress-Fairbanks ISD,B,25.8,3186,https://txschools.net/campus/jersey-village-hs-101907003
1050,7358,13,159901105,Nellie Mae Glass Elem,Eagle Pass ISD,B,25.8,401,https://txschools.net/campus/nellie-mae-glass-elem-159901105
1050,7358,13,214903001,Roma HS,Roma ISD,A,25.8,1781,https://txschools.net/campus/roma-hs-214903001
1050,7358,13,101920044,Spring Woods MS,Spring Branch ISD,C,25.8,769,https://txschools.net/campus/spring-woods-ms-101920044
1050,7358,13,101902139,Stehlik Elem,Aldine ISD,D,25.8,616,https://txschools.net/campus/stehlik-elem-101902139
1050,7358,13,212904002,Troup HS,Troup ISD,C,25.8,311,https://txschools.net/campus/troup-hs-212904002
1064,7358,13,102906001,Elysian Fields HS,Elysian Fields ISD,B,25.7,207,https://txschools.net/campus/elysian-fields-hs-102906001
1064,7358,13,057905283,Esperanza Medrano Elem,Dallas ISD,D,25.7,371,https://txschools.net/campus/esperanza-medrano-elem-057905283
1064,7358,13,020905042,Freeport Int,Brazosport ISD,D,25.7,517,https://txschools.net/campus/freeport-int-020905042
1064,7358,13,015915102,Glenn Elem,Northside ISD,C,25.7,412,https://txschools.net/campus/glenn-elem-015915102
1064,7358,13,214901102,Grulla Elem,Rio Grande City Grulla ISD,A,25.7,437,https://txschools.net/campus/grulla-elem-214901102
1064,7358,13,129904001,Kemp HS,Kemp ISD,C,25.7,538,https://txschools.net/campus/kemp-hs-129904001
1064,7358,13,100903101,Kountze Elem,Kountze ISD,C,25.7,320,https://txschools.net/campus/kountze-elem-100903101
1064,7358,13,227901168,Langford Elem,Austin ISD,C,25.7,319,https://txschools.net/campus/langford-elem-227901168
1064,7358,13,101902055,Mead MS,Aldine ISD,C,25.7,854,https://txschools.net/campus/mead-ms-101902055
1064,7358,13,227904001,Pflugerville HS,Pflugerville ISD,B,25.7,1813,https://txschools.net/campus/pflugerville-hs-227904001
1064,7358,13,031912043,San Benito Riverside MS,San Benito CISD,D,25.7,555,https://txschools.net/campus/san-benito-riverside-ms-031912043
1064,7358,13,101912479,Shadydale Elem,Houston ISD,D,25.7,564,https://txschools.net/campus/shadydale-elem-101912479
1064,7358,13,091903114,Terrell Elem,Denison ISD,F,25.7,444,https://txschools.net/campus/terrell-elem-091903114
1064,7358,13,212910041,Winona MS,Winona ISD,B,25.7,259,https://txschools.net/campus/winona-ms-212910041
1078,7358,16,057904042,Bessie Coleman MS,Cedar Hill ISD,C,25.6,447,https://txschools.net/campus/bessie-coleman-ms-057904042
1078,7358,16,220901102,Blanton Elem,Arlington ISD,B,25.6,442,https://txschools.net/campus/blanton-elem-220901102
1078,7358,16,249903001,Bridgeport HS,Bridgeport ISD,B,25.6,633,https://txschools.net/campus/bridgeport-hs-249903001
1078,7358,16,188901002,Caprock HS,Amarillo ISD,A,25.6,2013,https://txschools.net/campus/caprock-hs-188901002
1078,7358,16,024901105,Falfurrias Innovation Academy,Brooks County ISD,F,25.6,140,https://txschools.net/campus/falfurrias-innovation-academy-024901105
1078,7358,16,188901107,Forest Hill Elem,Amarillo ISD,B,25.6,462,https://txschools.net/campus/forest-hill-elem-188901107
1078,7358,16,155901002,Jefferson HS,Jefferson ISD,B,25.6,360,https://txschools.net/campus/jefferson-hs-155901002
1078,7358,16,057905059,L V Stockard MS,Dallas ISD,B,25.6,644,https://txschools.net/campus/l-v-stockard-ms-057905059
1078,7358,16,188901112,Lamar Elem,Amarillo ISD,C,25.6,262,https://txschools.net/campus/lamar-elem-188901112
1078,7358,16,252903001,Olney HS,Olney ISD,A,25.6,185,https://txschools.net/campus/olney-hs-252903001
1078,7358,16,227901190,Perez Elem,Austin ISD,C,25.6,435,https://txschools.net/campus/perez-elem-227901190
1078,7358,16,126903111,Santa Fe Elem,Cleburne ISD,D,25.6,415,https://txschools.net/campus/santa-fe-elem-126903111
1078,7358,16,091906043,Sherman MS,Sherman ISD,C,25.6,947,https://txschools.net/campus/sherman-ms-091906043
1078,7358,16,015907165,Smith Elem,San Antonio ISD,C,25.6,417,https://txschools.net/campus/smith-elem-015907165
1078,7358,16,101912077,Thomas MS,Houston ISD,B,25.6,366,https://txschools.net/campus/thomas-ms-101912077
1078,7358,16,108906042,Travis MS,McAllen ISD,A,25.6,432,https://txschools.net/campus/travis-ms-108906042
1078,7358,16,237904002,Waller HS,Waller ISD,B,25.6,3164,https://txschools.net/campus/waller-hs-237904002
1095,7358,10,205901041,A C Blunt MS,Aransas Pass ISD,C,25.5,352,https://txschools.net/campus/a-c-blunt-ms-205901041
1095,7358,10,178904041,Baker MS,Corpus Christi ISD,A,25.5,857,https://txschools.net/campus/baker-ms-178904041
1095,7358,10,057905184,Ben Milam Elem,Dallas ISD,C,25.5,286,https://txschools.net/campus/ben-milam-elem-057905184
1095,7358,10,064903102,Carrizo Springs Elem,Carrizo Springs CISD,C,25.5,551,https://txschools.net/campus/carrizo-springs-elem-064903102
1095,7358,10,246909101,Claude Berkman Elem,Round Rock ISD,B,25.5,413,https://txschools.net/campus/claude-berkman-elem-246909101
1095,7358,10,101912140,Dogan Elem,Houston ISD,C,25.5,426,https://txschools.net/campus/dogan-elem-101912140
1095,7358,10,220912109,J A Hargrave Elem,Crowley ISD,C,25.5,477,https://txschools.net/campus/j-a-hargrave-elem-220912109
1095,7358,10,057905003,New Tech HS at B F Darrell HS,Dallas ISD,A,25.5,412,https://txschools.net/campus/new-tech-hs-at-b-f-darrell-hs-057905003
1095,7358,10,161914120,Parkdale Elem,Waco ISD,D,25.5,488,https://txschools.net/campus/parkdale-elem-161914120
1095,7358,10,015908113,Roy Benavidez Elem,South San Antonio ISD,D,25.5,711,https://txschools.net/campus/roy-benavidez-elem-015908113
1095,7358,10,165901117,South Elem,Midland ISD,D,25.5,549,https://txschools.net/campus/south-elem-165901117
1106,7358,15,220905188,Atwood McDonald Elem,Fort Worth ISD,D,25.4,272,https://txschools.net/campus/atwood-mcdonald-elem-220905188
1106,7358,15,195901101,Austin Elem,Pecos-Barstow-Toyah ISD,D,25.4,604,https://txschools.net/campus/austin-elem-195901101
1106,7358,15,227901109,Brown Elem,Austin ISD,C,25.4,419,https://txschools.net/campus/brown-elem-227901109
1106,7358,15,043910005,Clark HS,Plano ISD,B,25.4,940,https://txschools.net/campus/clark-hs-043910005
1106,7358,15,015907126,Franklin Elem,San Antonio ISD,A,25.4,387,https://txschools.net/campus/franklin-elem-015907126
1106,7358,15,246906001,Hutto HS,Hutto ISD,C,25.4,2467,https://txschools.net/campus/hutto-hs-246906001
1106,7358,15,043910101,Jackson Elem,Plano ISD,D,25.4,586,https://txschools.net/campus/jackson-elem-043910101
1106,7358,15,101902054,Jones MS,Aldine ISD,D,25.4,1146,https://txschools.net/campus/jones-ms-101902054
1106,7358,15,101916041,La Porte JH,La Porte ISD,C,25.4,534,https://txschools.net/campus/la-porte-jh-101916041
1106,7358,15,019908001,Liberty-Eylau HS,Liberty-Eylau ISD,D,25.4,517,https://txschools.net/campus/liberty-eylau-hs-019908001
1106,7358,15,181908001,Lit Cypr-Mrceville HS,Little Cypress-Mauriceville CISD,A,25.4,993,https://txschools.net/campus/lit-cypr-mrceville-hs-181908001
1106,7358,15,057912003,MacArthur HS,Irving ISD,B,25.4,2243,https://txschools.net/campus/macarthur-hs-057912003
1106,7358,15,189901001,Marfa Schools,Marfa ISD,D,25.4,339,https://txschools.net/campus/marfa-schools-189901001
1106,7358,15,067907101,Ranger Elem,Ranger ISD,B,25.4,119,https://txschools.net/campus/ranger-elem-067907101
1106,7358,15,057905068,Raul Quintanilla Sr MS STEAM Academy,Dallas ISD,B,25.4,486,https://txschools.net/campus/raul-quintanilla-sr-ms-steam-academy-057905068
1106,7358,15,019907002,Texas HS,Texarkana ISD,B,25.4,1709,https://txschools.net/campus/texas-hs-019907002
1122,7358,21,165901041,Alamo JH,Midland ISD,C,25.3,850,https://txschools.net/campus/alamo-jh-165901041
1122,7358,21,130902001,Comfort HS,Comfort ISD,B,25.3,328,https://txschools.net/campus/comfort-hs-130902001
1122,7358,21,227910110,Del Valle Elem,Del Valle ISD,D,25.3,710,https://txschools.net/campus/del-valle-elem-227910110
1122,7358,21,108905041,Diaz JH,Hidalgo ISD,B,25.3,644,https://txschools.net/campus/diaz-jh-108905041
1122,7358,21,220904102,E Ray Elem,Everman ISD,D,25.3,328,https://txschools.net/campus/e-ray-elem-220904102
1122,7358,21,011902041,Elgin MS,Elgin ISD,D,25.3,880,https://txschools.net/campus/elgin-ms-011902041
1122,7358,21,101907108,Hancock Elem,Cypress-Fairbanks ISD,C,25.3,715,https://txschools.net/campus/hancock-elem-101907108
1122,7358,21,220912105,Jackie Carden Elem,Crowley ISD,F,25.3,458,https://txschools.net/campus/jackie-carden-elem-220912105
1122,7358,21,220914104,James A Arthur Early Childhood Center,Kennedale ISD,B,25.3,387,https://txschools.net/campus/james-a-arthur-early-childhood-center-220914104
1122,7358,21,123907041,Jefferson MS,Port Arthur ISD,C,25.3,894,https://txschools.net/campus/jefferson-ms-123907041
1122,7358,21,220905129,John T White Elem,Fort Worth ISD,D,25.3,413,https://txschools.net/campus/john-t-white-elem-220905129
1122,7358,21,101915041,Klein Int,Klein ISD,B,25.3,1042,https://txschools.net/campus/klein-int-101915041
1122,7358,21,015910108,Larkspur Elem,North East ISD,D,25.3,795,https://txschools.net/campus/larkspur-elem-015910108
1122,7358,21,019908103,Liberty-Eylau Elem,Liberty-Eylau ISD,F,25.3,471,https://txschools.net/campus/liberty-eylau-elem-019908103
1122,7358,21,240901001,Martin HS,Laredo ISD,A,25.3,1968,https://txschools.net/campus/martin-hs-240901001
1122,7358,21,190903041,Rains JH,Rains ISD,C,25.3,399,https://txschools.net/campus/rains-jh-190903041
1122,7358,21,214901042,Ringgold MS,Rio Grande City Grulla ISD,B,25.3,597,https://txschools.net/campus/ringgold-ms-214901042
1122,7358,21,188902001,River Road HS,River Road ISD,A,25.3,351,https://txschools.net/campus/river-road-hs-188902001
1122,7358,21,108911007,Sharyland Pioneer HS,Sharyland ISD,A,25.3,1504,https://txschools.net/campus/sharyland-pioneer-hs-108911007
1122,7358,21,220901123,Short Elem,Arlington ISD,C,25.3,351,https://txschools.net/campus/short-elem-220901123
1122,7358,21,246909115,Wells Branch Elem,Round Rock ISD,D,25.3,503,https://txschools.net/campus/wells-branch-elem-246909115
1122,7358,21,254901106,Zavala Elem,Crystal City ISD,A,25.3,298,https://txschools.net/campus/zavala-elem-254901106
1144,7358,10,126903101,Adams Elem,Cleburne ISD,D,25.2,329,https://txschools.net/campus/adams-elem-126903101
1144,7358,10,246909109,Anderson Mill Elem,Round Rock ISD,C,25.2,480,https://txschools.net/campus/anderson-mill-elem-246909109
1144,7358,10,227907102,Bluebonnet Trail Elem,Manor ISD,F,25.2,582,https://txschools.net/campus/bluebonnet-trail-elem-227907102
1144,7358,10,025902001,Brownwood HS,Brownwood ISD,B,25.2,866,https://txschools.net/campus/brownwood-hs-025902001
1144,7358,10,057906107,Cockrell Hill Elem,Desoto ISD,F,25.2,392,https://txschools.net/campus/cockrell-hill-elem-057906107
1144,7358,10,056901001,Dalhart HS,Dalhart ISD,B,25.2,467,https://txschools.net/campus/dalhart-hs-056901001
1144,7358,10,057905265,Eladio R Martinez Learning Center,Dallas ISD,B,25.2,529,https://txschools.net/campus/eladio-r-martinez-learning-center-057905265
1144,7358,10,230902002,Gilmer HS,Gilmer ISD,B,25.2,880,https://txschools.net/campus/gilmer-hs-230902002
1144,7358,10,165901044,Midland Freshman HS,Midland ISD,C,25.2,869,https://txschools.net/campus/midland-freshman-hs-165901044
1144,7358,10,007905001,Pleasanton HS,Pleasanton ISD,B,25.2,948,https://txschools.net/campus/pleasanton-hs-007905001
1144,7358,10,240903119,Prada Elem,United ISD,B,25.2,773,https://txschools.net/campus/prada-elem-240903119
1155,7358,14,020902001,Angleton HS,Angleton ISD,A,25.1,2194,https://txschools.net/campus/angleton-hs-020902001
1155,7358,14,188901042,Bowie MS,Amarillo ISD,B,25.1,641,https://txschools.net/campus/bowie-ms-188901042
1155,7358,14,220905042,Daggett MS,Fort Worth ISD,C,25.1,328,https://txschools.net/campus/daggett-ms-220905042
1155,7358,14,108906046,De Leon MS,McAllen ISD,B,25.1,668,https://txschools.net/campus/de-leon-ms-108906046
1155,7358,14,035901001,Dimmitt HS,Dimmitt ISD,B,25.1,331,https://txschools.net/campus/dimmitt-hs-035901001
1155,7358,14,235902102,Dudley Elem,Victoria ISD,C,25.1,448,https://txschools.net/campus/dudley-elem-235902102
1155,7358,14,101919121,Ginger McNabb Elem,Spring ISD,C,25.1,760,https://txschools.net/campus/ginger-mcnabb-elem-101919121
1155,7358,14,057905115,Harrell Budd Elem,Dallas ISD,F,25.1,382,https://txschools.net/campus/harrell-budd-elem-057905115
1155,7358,14,165901108,Henderson Elem,Midland ISD,F,25.1,788,https://txschools.net/campus/henderson-elem-165901108
1155,7358,14,188901050,Johnny N Allen-6th Grade Campus,Amarillo ISD,D,25.1,231,https://txschools.net/campus/johnny-n-allen-6th-grade-campus-188901050
1155,7358,14,084906103,Kohfeldt Elem,Texas City ISD,C,25.1,376,https://txschools.net/campus/kohfeldt-elem-084906103
1155,7358,14,031905001,La Feria Early College HS,La Feria ISD,B,25.1,869,https://txschools.net/campus/la-feria-early-college-hs-031905001
1155,7358,14,220920101,Liberty Elem,White Settlement ISD,F,25.1,601,https://txschools.net/campus/liberty-elem-220920101
1155,7358,14,046901001,New Braunfels HS,New Braunfels ISD,A,25.1,1648,https://txschools.net/campus/new-braunfels-hs-046901001
1155,7358,14,084909001,Santa Fe HS,Santa Fe ISD,B,25.1,1310,https://txschools.net/campus/santa-fe-hs-084909001
1170,7358,14,020905001,Brazosport HS,Brazosport ISD,B,25,800,https://txschools.net/campus/brazosport-hs-020905001
1170,7358,14,046902001,Canyon HS,Comal ISD,B,25,2522,https://txschools.net/campus/canyon-hs-046902001
1170,7358,14,172902041,Daingerfield JH,Daingerfield-Lone Star ISD,D,25,210,https://txschools.net/campus/daingerfield-jh-172902041
1170,7358,14,188901044,Fannin MS,Amarillo ISD,C,25,538,https://txschools.net/campus/fannin-ms-188901044
1170,7358,14,101915005,Klein Cain HS,Klein ISD,A,25,3750,https://txschools.net/campus/klein-cain-hs-101915005
1170,7358,14,011905001,McDade HS,McDade ISD,C,25,169,https://txschools.net/campus/mcdade-hs-011905001
1170,7358,14,101910003,North Shore Senior High,Galena Park ISD,B,25,4150,https://txschools.net/campus/north-shore-senior-high-101910003
1170,7358,14,170904101,Parmley Elem,Willis ISD,C,25,625,https://txschools.net/campus/parmley-elem-170904101
1170,7358,14,057905284,Personalized Learning Academy at Highland Meadows,Dallas ISD,C,25,642,https://txschools.net/campus/personalized-learning-academy-at-highland-meadows-057905284
1170,7358,14,083903102,Seminole Pri,Seminole ISD,D,25,441,https://txschools.net/campus/seminole-pri-083903102
1170,7358,14,108907102,Sgt William G Harrell Elem,Mercedes ISD,B,25,424,https://txschools.net/campus/sgt-william-g-harrell-elem-108907102
1170,7358,14,015915113,Valley Hi Elem,Northside ISD,F,25,306,https://txschools.net/campus/valley-hi-elem-015915113
1170,7358,14,108916001,Valley View HS,Valley View ISD,A,25,1141,https://txschools.net/campus/valley-view-hs-108916001
1170,7358,14,031903043,Vernon MS,Harlingen CISD,B,25,576,https://txschools.net/campus/vernon-ms-031903043
1170,7358,14,178904015,Veterans Memorial HS,Corpus Christi ISD,A,25,1987,https://txschools.net/campus/veterans-memorial-hs-178904015
1185,7358,9,057905235,Birdie Alexander Elem,Dallas ISD,B,24.9,301,https://txschools.net/campus/birdie-alexander-elem-057905235
1185,7358,9,246909041,C D Fulkes MS,Round Rock ISD,C,24.9,594,https://txschools.net/campus/c-d-fulkes-ms-246909041
1185,7358,9,146904001,Hardin HS,Hardin ISD,B,24.9,366,https://txschools.net/campus/hardin-hs-146904001
1185,7358,9,014906130,Ira Cross Jr Elem,Killeen ISD,D,24.9,609,https://txschools.net/campus/ira-cross-jr-elem-014906130
1185,7358,9,220905124,Maude I Logan Elem,Fort Worth ISD,B,24.9,448,https://txschools.net/campus/maude-i-logan-elem-220905124
1185,7358,9,071909011,Pebble Hills HS,Socorro ISD,B,24.9,2934,https://txschools.net/campus/pebble-hills-hs-071909011
1185,7358,9,178909105,Robert Driscoll Jr STEM Academy,Robstown ISD,D,24.9,613,https://txschools.net/campus/robert-driscoll-jr-stem-academy-178909105
1185,7358,9,236902103,Samuel Houston Elem,Huntsville ISD,D,24.9,673,https://txschools.net/campus/samuel-houston-elem-236902103
1185,7358,9,108904111,Travis Elem,Edinburg CISD,B,24.9,343,https://txschools.net/campus/travis-elem-108904111
1185,7358,9,220905105,West Handley Elem,Fort Worth ISD,C,24.9,534,https://txschools.net/campus/west-handley-elem-220905105
1195,7358,10,101911043,Cedar Bayou JH,Goose Creek CISD,C,24.8,950,https://txschools.net/campus/cedar-bayou-jh-101911043
1195,7358,10,065901001,Clarendon HS,Clarendon ISD,B,24.8,114,https://txschools.net/campus/clarendon-hs-065901001
1195,7358,10,220905222,Clifford Davis Elem,Fort Worth ISD,D,24.8,608,https://txschools.net/campus/clifford-davis-elem-220905222
1195,7358,10,101906104,Drew Elem,Crosby ISD,C,24.8,748,https://txschools.net/campus/drew-elem-101906104
1195,7358,10,068901047,Ector College Prep Success Academy,Ector County ISD,C,24.8,1245,https://txschools.net/campus/ector-college-prep-success-academy-068901047
1195,7358,10,089901042,Gonzales JH,Gonzales ISD,C,24.8,581,https://txschools.net/campus/gonzales-jh-089901042
1195,7358,10,015904108,H W Schulze Elem,Harlandale ISD,B,24.8,728,https://txschools.net/campus/h-w-schulze-elem-015904108
1195,7358,10,015907136,Hillcrest Elem,San Antonio ISD,B,24.8,392,https://txschools.net/campus/hillcrest-elem-015907136
1195,7358,10,071902121,Hillside Elem,El Paso ISD,C,24.8,327,https://txschools.net/campus/hillside-elem-071902121
1195,7358,10,057904102,Plummer Elem,Cedar Hill ISD,D,24.8,354,https://txschools.net/campus/plummer-elem-057904102
1195,7358,10,163908108,Silos Elem,Medina Valley ISD,C,24.8,1003,https://txschools.net/campus/silos-elem-163908108
1206,7358,16,108902045,A P Solis MS,Donna ISD,A,24.7,601,https://txschools.net/campus/a-p-solis-ms-108902045
1206,7358,16,015904102,Bellaire Elem,Harlandale ISD,D,24.7,658,https://txschools.net/campus/bellaire-elem-015904102
1206,7358,16,015912104,Bob Hope Elem,Southwest ISD,D,24.7,553,https://txschools.net/campus/bob-hope-elem-015912104
1206,7358,16,015912006,CAST STEM HS,Southwest ISD,A,24.7,233,https://txschools.net/campus/cast-stem-hs-015912006
1206,7358,16,002901105,Clearfork Elem,Andrews ISD,C,24.7,723,https://txschools.net/campus/clearfork-elem-002901105
1206,7358,16,253901107,Fidel and andrea R Villarreal Elem,Zapata County ISD,B,24.7,447,https://txschools.net/campus/fidel-and-andrea-r-villarreal-elem-253901107
1206,7358,16,031912101,Fred Booth Global Leadership Academy,San Benito CISD,D,24.7,431,https://txschools.net/campus/fred-booth-global-leadership-academy-031912101
1206,7358,16,057905193,John J Pershing Elem,Dallas ISD,B,24.7,461,https://txschools.net/campus/john-j-pershing-elem-057905193
1206,7358,16,134901001,Junction HS,Junction ISD,C,24.7,162,https://txschools.net/campus/junction-hs-134901001
1206,7358,16,057909005,Lakeview Centennial HS,Garland ISD,A,24.7,2066,https://txschools.net/campus/lakeview-centennial-hs-057909005
1206,7358,16,043911004,Lovelady HS,Princeton ISD,B,24.7,1566,https://txschools.net/campus/lovelady-hs-043911004
1206,7358,16,057909057,Lyles Collegiate MS,Garland ISD,B,24.7,807,https://txschools.net/campus/lyles-collegiate-ms-057909057
1206,7358,16,220901159,Remynse Elem,Arlington ISD,C,24.7,394,https://txschools.net/campus/remynse-elem-220901159
1206,7358,16,071905005,Riverside HS,Ysleta ISD,A,24.7,920,https://txschools.net/campus/riverside-hs-071905005
1206,7358,16,015909105,Savannah Heights Int,Somerset ISD,B,24.7,614,https://txschools.net/campus/savannah-heights-int-015909105
1206,7358,16,229903001,Woodville HS,Woodville ISD,C,24.7,364,https://txschools.net/campus/woodville-hs-229903001
1206,7358,16,250905001,Yantis School,Yantis ISD,B,24.7,151,https://txschools.net/campus/yantis-school-250905001
1223,7358,10,101903041,Alief MS,Alief ISD,B,24.6,788,https://txschools.net/campus/alief-ms-101903041
1223,7358,10,194904103,Cheatham Elem,Clarksville ISD,F,24.6,236,https://txschools.net/campus/cheatham-elem-194904103
1223,7358,10,101902042,Drew Academy,Aldine ISD,B,24.6,364,https://txschools.net/campus/drew-academy-101902042
1223,7358,10,057905079,Francisco Pancho Medrano JH,Dallas ISD,B,24.6,600,https://txschools.net/campus/francisco-pancho-medrano-jh-057905079
1223,7358,10,178904106,Hicks Elem,Corpus Christi ISD,B,24.6,526,https://txschools.net/campus/hicks-elem-178904106
1223,7358,10,221901045,Mann STEAM Academy,Abilene ISD,C,24.6,801,https://txschools.net/campus/mann-steam-academy-221901045
1223,7358,10,015915003,Marshall HS,Northside ISD,D,24.6,2501,https://txschools.net/campus/marshall-hs-015915003
1223,7358,10,080901001,Mt Vernon HS,Mount Vernon ISD,A,24.6,450,https://txschools.net/campus/mt-vernon-hs-080901001
1223,7358,10,245903102,Pittman Elem,Raymondville ISD,A,24.6,560,https://txschools.net/campus/pittman-elem-245903102
1223,7358,10,210901002,Roughrider Academy,Center ISD,A,24.6,34,https://txschools.net/campus/roughrider-academy-210901002
1223,7358,10,220915042,Santo Forte JH,Azle ISD,C,24.6,498,https://txschools.net/campus/santo-forte-jh-220915042
1234,7358,17,028902106,Alma Brewer Strawn Elem,Lockhart ISD,C,24.5,482,https://txschools.net/campus/alma-brewer-strawn-elem-028902106
1234,7358,17,227901149,Barrington Elem,Austin ISD,F,24.5,307,https://txschools.net/campus/barrington-elem-227901149
1234,7358,17,057910056,Bill Arnold MS,Grand Prairie ISD,F,24.5,1188,https://txschools.net/campus/bill-arnold-ms-057910056
1234,7358,17,014909044,Bonham MS,Temple ISD,B,24.5,638,https://txschools.net/campus/bonham-ms-014909044
1234,7358,17,137903042,De La Paz MS,Riviera ISD,B,24.5,101,https://txschools.net/campus/de-la-paz-ms-137903042
1234,7358,17,101917136,De Zavala MS,Pasadena ISD,D,24.5,466,https://txschools.net/campus/de-zavala-ms-101917136
1234,7358,17,220905122,Diamond Hill Elem,Fort Worth ISD,A,24.5,442,https://txschools.net/campus/diamond-hill-elem-220905122
1234,7358,17,159901041,Eagle Pass JH,Eagle Pass ISD,B,24.5,1084,https://txschools.net/campus/eagle-pass-jh-159901041
1234,7358,17,043910052,Frankford MS,Plano ISD,C,24.5,734,https://txschools.net/campus/frankford-ms-043910052
1234,7358,17,101912480,Marshall Elem,Houston ISD,B,24.5,405,https://txschools.net/campus/marshall-elem-101912480
1234,7358,17,231901041,McCamey MS,McCamey ISD,C,24.5,142,https://txschools.net/campus/mccamey-ms-231901041
1234,7358,17,015908112,Miguel Carrillo Jr Elem,South San Antonio ISD,B,24.5,527,https://txschools.net/campus/miguel-carrillo-jr-elem-015908112
1234,7358,17,014906048,Palo Alto MS,Killeen ISD,D,24.5,772,https://txschools.net/campus/palo-alto-ms-014906048
1234,7358,17,083903041,Seminole JH,Seminole ISD,D,24.5,697,https://txschools.net/campus/seminole-jh-083903041
1234,7358,17,011904002,Smithville HS,Smithville ISD,B,24.5,527,https://txschools.net/campus/smithville-hs-011904002
1234,7358,17,015909041,Somerset JH,Somerset ISD,A,24.5,633,https://txschools.net/campus/somerset-jh-015909041
1234,7358,17,015907166,Steele Montessori Academy,San Antonio ISD,D,24.5,397,https://txschools.net/campus/steele-montessori-academy-015907166
1234,7358,17,105902105,Travis Elem,San Marcos CISD,D,24.5,402,https://txschools.net/campus/travis-elem-105902105
1252,7358,8,188901041,Austin MS,Amarillo ISD,B,24.4,710,https://txschools.net/campus/austin-ms-188901041
1252,7358,8,015910104,Dellview Elem,North East ISD,C,24.4,290,https://txschools.net/campus/dellview-elem-015910104
1252,7358,8,007904041,Lytle JH,Lytle ISD,C,24.4,434,https://txschools.net/campus/lytle-jh-007904041
1252,7358,8,043910126,Mitchell Elem,Plano ISD,D,24.4,707,https://txschools.net/campus/mitchell-elem-043910126
1252,7358,8,061903001,Pilot Point HS,Pilot Point ISD,B,24.4,521,https://txschools.net/campus/pilot-point-hs-061903001
1252,7358,8,101917045,San Jacinto Int,Pasadena ISD,B,24.4,537,https://txschools.net/campus/san-jacinto-int-101917045
1252,7358,8,245903105,Smith Elem,Raymondville ISD,A,24.4,399,https://txschools.net/campus/smith-elem-245903105
1252,7358,8,220905135,Van Zandt-Guinn Elem,Fort Worth ISD,C,24.4,323,https://txschools.net/campus/van-zandt-guinn-elem-220905135
1252,7358,8,220905176,Waverly Park Elem,Fort Worth ISD,C,24.4,652,https://txschools.net/campus/waverly-park-elem-220905176
1261,7358,7,015915123,Adams Hill Elem,Northside ISD,F,24.3,416,https://txschools.net/campus/adams-hill-elem-015915123
1261,7358,7,101907101,Bane Elem,Cypress-Fairbanks ISD,C,24.3,825,https://txschools.net/campus/bane-elem-101907101
1261,7358,7,129902001,Forney HS,Forney ISD,B,24.3,2813,https://txschools.net/campus/forney-hs-129902001
1261,7358,7,163904001,Hondo HS,Hondo ISD,B,24.3,534,https://txschools.net/campus/hondo-hs-163904001
1261,7358,7,092903001,Longview HS,Longview ISD,A,24.3,2317,https://txschools.net/campus/longview-hs-092903001
1261,7358,7,163908106,Luckey Ranch Elem,Medina Valley ISD,C,24.3,940,https://txschools.net/campus/luckey-ranch-elem-163908106
1261,7358,7,011902103,Neidig Elem,Elgin ISD,F,24.3,693,https://txschools.net/campus/neidig-elem-011902103
1261,7358,7,220912107,Oakmont Elem,Crowley ISD,B,24.3,519,https://txschools.net/campus/oakmont-elem-220912107
1269,7358,14,015915128,Carlos Coon Elem,Northside ISD,D,24.2,558,https://txschools.net/campus/carlos-coon-elem-015915128
1269,7358,14,064903041,Carrizo Springs JH,Carrizo Springs CISD,B,24.2,291,https://txschools.net/campus/carrizo-springs-jh-064903041
1269,7358,14,227904105,Dessau Elem,Pflugerville ISD,D,24.2,490,https://txschools.net/campus/dessau-elem-227904105
1269,7358,14,105906047,Dr T C McCormick Jr MS,Hays CISD,C,24.2,1272,https://txschools.net/campus/dr-t-c-mccormick-jr-ms-105906047
1269,7358,14,057905240,Frank Guzick Elem,Dallas ISD,C,24.2,682,https://txschools.net/campus/frank-guzick-elem-057905240
1269,7358,14,101917104,Gardens Elem,Pasadena ISD,D,24.2,344,https://txschools.net/campus/gardens-elem-101917104
1269,7358,14,057905382,Gertrudis Tula and Hector M Flores IDEA,Dallas ISD,B,24.2,118,https://txschools.net/campus/gertrudis-tula-and-hector-m-flores-idea-057905382
1269,7358,14,220905062,Int'l Newcomer Acad,Fort Worth ISD,C,24.2,232,https://txschools.net/campus/int-l-newcomer-acad-220905062
1269,7358,14,071904103,Josefa L Sambrano Elem,San Elizario ISD,C,24.2,484,https://txschools.net/campus/josefa-l-sambrano-elem-071904103
1269,7358,14,015910043,Krueger MS,North East ISD,B,24.2,811,https://txschools.net/campus/krueger-ms-015910043
1269,7358,14,015912111,Medio Creek Elem,Southwest ISD,D,24.2,659,https://txschools.net/campus/medio-creek-elem-015912111
1269,7358,14,043910010,Plano West Senior HS,Plano ISD,B,24.2,2484,https://txschools.net/campus/plano-west-senior-hs-043910010
1269,7358,14,165901116,Rusk Elem,Midland ISD,C,24.2,515,https://txschools.net/campus/rusk-elem-165901116
1269,7358,14,031916001,South Texas ISD World Scholars,South Texas ISD,A,24.2,333,https://txschools.net/campus/south-texas-isd-world-scholars-031916001
1269,7358,14,234907002,Wills Point HS,Wills Point ISD,B,24.2,788,https://txschools.net/campus/wills-point-hs-234907002
1284,7358,20,020901001,Alvin HS,Alvin ISD,B,24.1,2646,https://txschools.net/campus/alvin-hs-020901001
1284,7358,20,071902059,Bobby Joe Hill PK-8,El Paso ISD,B,24.1,771,https://txschools.net/campus/bobby-joe-hill-pk-8-071902059
1284,7358,20,101920126,Buffalo Creek Elem,Spring Branch ISD,C,24.1,647,https://txschools.net/campus/buffalo-creek-elem-101920126
1284,7358,20,101902141,Caraway Elem,Aldine ISD,B,24.1,588,https://txschools.net/campus/caraway-elem-101902141
1284,7358,20,020907001,Columbia HS,Columbia-Brazoria ISD,B,24.1,908,https://txschools.net/campus/columbia-hs-020907001
1284,7358,20,220912113,David L Walker Elem,Crowley ISD,D,24.1,428,https://txschools.net/campus/david-l-walker-elem-220912113
1284,7358,20,163901001,Devine HS,Devine ISD,B,24.1,537,https://txschools.net/campus/devine-hs-163901001
1284,7358,20,108904127,Dr Thomas Esparza Elem,Edinburg CISD,B,24.1,485,https://txschools.net/campus/dr-thomas-esparza-elem-108904127
1284,7358,20,070903042,Ennis JH,Ennis ISD,C,24.1,910,https://txschools.net/campus/ennis-jh-070903042
1284,7358,20,057913042,G W Carver 6th Grade STEM Learning Center,Lancaster ISD,B,24.1,399,https://txschools.net/campus/g-w-carver-6th-grade-stem-learning-center-057913042
1284,7358,20,101903111,Heflin Elem,Alief ISD,D,24.1,447,https://txschools.net/campus/heflin-elem-101903111
1284,7358,20,057905121,John W Carpenter Elem,Dallas ISD,B,24.1,202,https://txschools.net/campus/john-w-carpenter-elem-057905121
1284,7358,20,101920041,Landrum MS,Spring Branch ISD,B,24.1,679,https://txschools.net/campus/landrum-ms-101920041
1284,7358,20,057907103,Merrifield Elem,Duncanville ISD,D,24.1,459,https://txschools.net/campus/merrifield-elem-057907103
1284,7358,20,019905001,New Boston HS,New Boston ISD,A,24.1,308,https://txschools.net/campus/new-boston-hs-019905001
1284,7358,20,227904104,Northwest Elem,Pflugerville ISD,D,24.1,361,https://txschools.net/campus/northwest-elem-227904104
1284,7358,20,101917044,Queens Int,Pasadena ISD,B,24.1,482,https://txschools.net/campus/queens-int-101917044
1284,7358,20,057909141,Shugart Elem,Garland ISD,C,24.1,446,https://txschools.net/campus/shugart-elem-057909141
1284,7358,20,101919111,Smith Elem,Spring ISD,C,24.1,574,https://txschools.net/campus/smith-elem-101919111
1284,7358,20,043910003,Williams HS,Plano ISD,B,24.1,864,https://txschools.net/campus/williams-hs-043910003
1284,7358,20,220905216,Woodway Elem,Fort Worth ISD,F,24.1,481,https://txschools.net/campus/woodway-elem-220905216
1305,7358,13,240901041,Christen MS,Laredo ISD,B,24,1089,https://txschools.net/campus/christen-ms-240901041
1305,7358,13,246909045,Deerpark MS,Round Rock ISD,C,24,833,https://txschools.net/campus/deerpark-ms-246909045
1305,7358,13,031901105,El Jardin Elem,Brownsville ISD,B,24,384,https://txschools.net/campus/el-jardin-elem-031901105
1305,7358,13,015908109,Five Palms Elem,South San Antonio ISD,C,24,372,https://txschools.net/campus/five-palms-elem-015908109
1305,7358,13,165902101,Greenwood Elem,Greenwood ISD,C,24,859,https://txschools.net/campus/greenwood-elem-165902101
1305,7358,13,015910106,Harmony Hills Elem,North East ISD,A,24,355,https://txschools.net/campus/harmony-hills-elem-015910106
1305,7358,13,105906001,Jack C Hays HS,Hays CISD,B,24,2314,https://txschools.net/campus/jack-c-hays-hs-105906001
1305,7358,13,101914005,Mayde Creek HS,Katy ISD,B,24,2815,https://txschools.net/campus/mayde-creek-hs-101914005
1305,7358,13,031911041,Rio Hondo MS,Rio Hondo ISD,C,24,419,https://txschools.net/campus/rio-hondo-ms-031911041
1305,7358,13,159901115,Sam Houston Elem,Eagle Pass ISD,D,24,391,https://txschools.net/campus/sam-houston-elem-159901115
1305,7358,13,206901001,San Saba HS,San Saba ISD,B,24,197,https://txschools.net/campus/san-saba-hs-206901001
1305,7358,13,101912276,Shadowbriar Elem,Houston ISD,B,24,281,https://txschools.net/campus/shadowbriar-elem-101912276
1305,7358,13,100904001,Silsbee HS,Silsbee ISD,C,24,740,https://txschools.net/campus/silsbee-hs-100904001
1305,7358,13,101917046,South Houston Int,Pasadena ISD,B,24,510,https://txschools.net/campus/south-houston-int-101917046
1319,7358,14,025908001,Brookesmith School,Brookesmith ISD,C,23.9,418,https://txschools.net/campus/brookesmith-school-025908001
1319,7358,14,031901101,Canales Elem,Brownsville ISD,D,23.9,582,https://txschools.net/campus/canales-elem-031901101
1319,7358,14,212909042,Chapel Hill JH,Chapel Hill ISD,D,23.9,491,https://txschools.net/campus/chapel-hill-jh-212909042
1319,7358,14,057905201,Charles Rice Learning Center,Dallas ISD,B,23.9,450,https://txschools.net/campus/charles-rice-learning-center-057905201
1319,7358,14,031903106,Dishman Elem,Harlingen CISD,A,23.9,302,https://txschools.net/campus/dishman-elem-031903106
1319,7358,14,101912159,Golfcrest Elem,Houston ISD,D,23.9,309,https://txschools.net/campus/golfcrest-elem-101912159
1319,7358,14,015912106,Hidden Cove STEAM Academy,Southwest ISD,D,23.9,428,https://txschools.net/campus/hidden-cove-steam-academy-015912106
1319,7358,14,057916049,Liberty JH,Richardson ISD,D,23.9,489,https://txschools.net/campus/liberty-jh-057916049
1319,7358,14,220908002,Mansfield Summit HS,Mansfield ISD,A,23.9,1872,https://txschools.net/campus/mansfield-summit-hs-220908002
1319,7358,14,205904101,Mathis Elem,Mathis ISD,C,23.9,343,https://txschools.net/campus/mathis-elem-205904101
1319,7358,14,246909004,McNeil HS,Round Rock ISD,A,23.9,2646,https://txschools.net/campus/mcneil-hs-246909004
1319,7358,14,015915162,Michael Elem,Northside ISD,C,23.9,526,https://txschools.net/campus/michael-elem-015915162
1319,7358,14,101912382,Reagan K-8 Educational Ctr,Houston ISD,C,23.9,636,https://txschools.net/campus/reagan-k-8-educational-ctr-101912382
1319,7358,14,220905086,Tarrant Co College South/Fort Worth Collegiate HS,Fort Worth ISD,A,23.9,324,https://txschools.net/campus/tarrant-co-college-south-fort-worth-collegiate-hs-220905086
1319,7358,14,201914001,West Rusk HS,West Rusk County Consolidated ISD,A,23.9,347,https://txschools.net/campus/west-rusk-hs-201914001
1334,7358,16,071909004,Americas HS,Socorro ISD,B,23.8,1982,https://txschools.net/campus/americas-hs-071909004
1334,7358,16,014906125,Brookhaven Elem,Killeen ISD,D,23.8,445,https://txschools.net/campus/brookhaven-elem-014906125
1334,7358,16,057909042,Bussey MS,Garland ISD,D,23.8,749,https://txschools.net/campus/bussey-ms-057909042
1334,7358,16,091903001,Denison HS,Denison ISD,A,23.8,1348,https://txschools.net/campus/denison-hs-091903001
1334,7358,16,084901001,Dickinson HS,Dickinson ISD,A,23.8,3755,https://txschools.net/campus/dickinson-hs-084901001
1334,7358,16,071902184,Don Haskins PK-8,El Paso ISD,C,23.8,1288,https://txschools.net/campus/don-haskins-pk-8-071902184
1334,7358,16,174904102,Emeline Carpenter Elem,Nacogdoches ISD,F,23.8,312,https://txschools.net/campus/emeline-carpenter-elem-174904102
1334,7358,16,057916105,Hamilton Park Pacesetter Magnet,Richardson ISD,D,23.8,582,https://txschools.net/campus/hamilton-park-pacesetter-magnet-057916105
1334,7358,16,101925001,Hargrave HS,Huffman ISD,B,23.8,1171,https://txschools.net/campus/hargrave-hs-101925001
1334,7358,16,015912103,Indian Creek Elem,Southwest ISD,C,23.8,467,https://txschools.net/campus/indian-creek-elem-015912103
1334,7358,16,246913001,Leander HS,Leander ISD,B,23.8,2136,https://txschools.net/campus/leander-hs-246913001
1334,7358,16,057903129,McWhorter Elem,Carrollton-Farmers Branch ISD,D,23.8,695,https://txschools.net/campus/mcwhorter-elem-057903129
1334,7358,16,007905041,Pleasanton JH,Pleasanton ISD,C,23.8,714,https://txschools.net/campus/pleasanton-jh-007905041
1334,7358,16,074903041,Rather L H,Bonham ISD,B,23.8,265,https://txschools.net/campus/rather-l-h-074903041
1334,7358,16,159901109,San Luis Elem,Eagle Pass ISD,B,23.8,347,https://txschools.net/campus/san-luis-elem-159901109
1334,7358,16,165901125,Scharbauer Elem,Midland ISD,B,23.8,527,https://txschools.net/campus/scharbauer-elem-165901125
1334,7358,16,232903111,Uvalde Dual Language Academy,Uvalde CISD,C,23.8,498,https://txschools.net/campus/uvalde-dual-language-academy-232903111
1351,7358,14,015907112,Briscoe Elem,San Antonio ISD,D,23.7,513,https://txschools.net/campus/briscoe-elem-015907112
1351,7358,14,108906044,Brown MS,McAllen ISD,A,23.7,521,https://txschools.net/campus/brown-ms-108906044
1351,7358,14,101924001,C E King HS,Sheldon ISD,B,23.7,3563,https://txschools.net/campus/c-e-king-hs-101924001
1351,7358,14,108903043,Carlos F Truan MS,Edcouch-Elsa ISD,D,23.7,815,https://txschools.net/campus/carlos-f-truan-ms-108903043
1351,7358,14,043918001,Community HS,Community ISD,B,23.7,1482,https://txschools.net/campus/community-hs-043918001
1351,7358,14,057905225,Daniel Webster Elem,Dallas ISD,C,23.7,402,https://txschools.net/campus/daniel-webster-elem-057905225
1351,7358,14,108904048,Elias Longoria Sr MS,Edinburg CISD,B,23.7,808,https://txschools.net/campus/elias-longoria-sr-ms-108904048
1351,7358,14,060914102,Fannindel Elem,Fannindel ISD,B,23.7,92,https://txschools.net/campus/fannindel-elem-060914102
1351,7358,14,015907150,Maverick Elem,San Antonio ISD,D,23.7,505,https://txschools.net/campus/maverick-elem-015907150
1351,7358,14,170908102,New Caney Elem,New Caney ISD,C,23.7,906,https://txschools.net/campus/new-caney-elem-170908102
1351,7358,14,101912219,Piney Point Elem,Houston ISD,C,23.7,1078,https://txschools.net/campus/piney-point-elem-101912219
1351,7358,14,232902001,Sabinal Secondary,Sabinal ISD,C,23.7,217,https://txschools.net/campus/sabinal-secondary-232902001
1351,7358,14,220901111,South Davis Elem,Arlington ISD,D,23.7,635,https://txschools.net/campus/south-davis-elem-220901111
1351,7358,14,057914003,West Mesquite HS,Mesquite ISD,B,23.7,2031,https://txschools.net/campus/west-mesquite-hs-057914003
1351,7358,14,108908042,White JH,Mission CISD,B,23.7,793,https://txschools.net/campus/white-jh-108908042
1366,7358,18,074903001,Bonham HS,Bonham ISD,B,23.6,559,https://txschools.net/campus/bonham-hs-074903001
1366,7358,18,220920041,Brewer MS,White Settlement ISD,C,23.6,1552,https://txschools.net/campus/brewer-ms-220920041
1366,7358,18,212909001,Chapel Hill HS,Chapel Hill ISD,B,23.6,976,https://txschools.net/campus/chapel-hill-hs-212909001
1366,7358,18,062901001,Cuero HS,Cuero ISD,B,23.6,594,https://txschools.net/campus/cuero-hs-062901001
1366,7358,18,105906046,D J Red Simon MS,Hays CISD,B,23.6,875,https://txschools.net/campus/d-j-red-simon-ms-105906046
1366,7358,18,123907102,Dequeen Elem,Port Arthur ISD,D,23.6,222,https://txschools.net/campus/dequeen-elem-123907102
1366,7358,18,068901111,Gonzales Elem,Ector County ISD,B,23.6,309,https://txschools.net/campus/gonzales-elem-068901111
1366,7358,18,057905307,HS Thompson Learning Center,Dallas ISD,B,23.6,511,https://txschools.net/campus/hs-thompson-learning-center-057905307
1366,7358,18,015915105,Hull Elem,Northside ISD,D,23.6,420,https://txschools.net/campus/hull-elem-015915105
1366,7358,18,015910005,Madison HS,North East ISD,C,23.6,2466,https://txschools.net/campus/madison-hs-015910005
1366,7358,18,164901041,Menard Elem/JH,Menard ISD,B,23.6,174,https://txschools.net/campus/menard-elem-jh-164901041
1366,7358,18,238902001,Monahans HS,Monahans-Wickett-Pyote ISD,C,23.6,622,https://txschools.net/campus/monahans-hs-238902001
1366,7358,18,246909136,Neysa Callison Elem,Round Rock ISD,C,23.6,585,https://txschools.net/campus/neysa-callison-elem-246909136
1366,7358,18,125903001,Orange Grove HS,Orange Grove ISD,A,23.6,482,https://txschools.net/campus/orange-grove-hs-125903001
1366,7358,18,101919105,Pat Reynolds Elem,Spring ISD,C,23.6,887,https://txschools.net/campus/pat-reynolds-elem-101919105
1366,7358,18,220901048,Shackelford JH,Arlington ISD,C,23.6,490,https://txschools.net/campus/shackelford-jh-220901048
1366,7358,18,019907113,Wake Village Elem,Texarkana ISD,B,23.6,538,https://txschools.net/campus/wake-village-elem-019907113
1366,7358,18,015910046,White MS,North East ISD,C,23.6,983,https://txschools.net/campus/white-ms-015910046
1366,7358,18,015910047,Wood MS,North East ISD,C,23.6,609,https://txschools.net/campus/wood-ms-015910047
1385,7358,19,015915106,Allen Elem,Northside ISD,D,23.5,400,https://txschools.net/campus/allen-elem-015915106
1385,7358,19,015907101,Arnold Elem,San Antonio ISD,B,23.5,604,https://txschools.net/campus/arnold-elem-015907101
1385,7358,19,101903121,Bush Elem,Alief ISD,D,23.5,705,https://txschools.net/campus/bush-elem-101903121
1385,7358,19,161914105,Cedar Ridge Elem,Waco ISD,B,23.5,399,https://txschools.net/campus/cedar-ridge-elem-161914105
1385,7358,19,003905001,Diboll HS,Diboll ISD,A,23.5,462,https://txschools.net/campus/diboll-hs-003905001
1385,7358,19,129906108,Gilbert Willie Sr Elem,Terrell ISD,D,23.5,620,https://txschools.net/campus/gilbert-willie-sr-elem-129906108
1385,7358,19,137901109,Harrel Elem,Kingsville ISD,D,23.5,263,https://txschools.net/campus/harrel-elem-137901109
1385,7358,19,240903003,John B Alexander HS,United ISD,A,23.5,3155,https://txschools.net/campus/john-b-alexander-hs-240903003
1385,7358,19,240903127,John W Arndt Elem,United ISD,B,23.5,789,https://txschools.net/campus/john-w-arndt-elem-240903127
1385,7358,19,226903045,Lincoln MS,San Angelo ISD,D,23.5,784,https://txschools.net/campus/lincoln-ms-226903045
1385,7358,19,015915117,Meadow Village Elem,Northside ISD,B,23.5,329,https://txschools.net/campus/meadow-village-elem-015915117
1385,7358,19,071909002,Montwood HS,Socorro ISD,B,23.5,2476,https://txschools.net/campus/montwood-hs-071909002
1385,7358,19,028902103,Navarro Elem,Lockhart ISD,D,23.5,530,https://txschools.net/campus/navarro-elem-028902103
1385,7358,19,101913103,North Bend Elem,Humble ISD,C,23.5,753,https://txschools.net/campus/north-bend-elem-101913103
1385,7358,19,165901134,Ralph Bunche Elem,Midland ISD,C,23.5,712,https://txschools.net/campus/ralph-bunche-elem-165901134
1385,7358,19,108904118,San Carlos Elem,Edinburg CISD,B,23.5,426,https://txschools.net/campus/san-carlos-elem-108904118
1385,7358,19,015915132,Timberwilde Elem,Northside ISD,B,23.5,408,https://txschools.net/campus/timberwilde-elem-015915132
1385,7358,19,235902014,Victoria West HS,Victoria ISD,B,23.5,1699,https://txschools.net/campus/victoria-west-hs-235902014
1385,7358,19,101912258,Whittier Elem,Houston ISD,B,23.5,306,https://txschools.net/campus/whittier-elem-101912258
1385,7358,19,196902001,Woodsboro HS,Woodsboro ISD,C,23.5,224,https://txschools.net/campus/woodsboro-hs-196902001
1405,7358,16,220901161,Adams Elem,Arlington ISD,D,23.4,680,https://txschools.net/campus/adams-elem-220901161
1405,7358,16,079907163,Allen Aldridge Jr Elem,Fort Bend ISD,D,23.4,615,https://txschools.net/campus/allen-aldridge-jr-elem-079907163
1405,7358,16,241904102,C G Sivells Elem,Wharton ISD,F,23.4,383,https://txschools.net/campus/c-g-sivells-elem-241904102
1405,7358,16,113901002,Crockett HS,Crockett ISD,B,23.4,371,https://txschools.net/campus/crockett-hs-113901002
1405,7358,16,178904056,Grant MS,Corpus Christi ISD,B,23.4,756,https://txschools.net/campus/grant-ms-178904056
1405,7358,16,116905041,Greenville MS,Greenville ISD,D,23.4,730,https://txschools.net/campus/greenville-ms-116905041
1405,7358,16,095903001,Hale Center HS,Hale Center ISD,A,23.4,175,https://txschools.net/campus/hale-center-hs-095903001
1405,7358,16,101907005,Langham Creek HS,Cypress-Fairbanks ISD,B,23.4,2976,https://txschools.net/campus/langham-creek-hs-101907005
1405,7358,16,101912075,Lawson MS,Houston ISD,B,23.4,952,https://txschools.net/campus/lawson-ms-101912075
1405,7358,16,101912483,Mark White Elem,Houston ISD,D,23.4,399,https://txschools.net/campus/mark-white-elem-101912483
1405,7358,16,170908113,Oakley Elem,New Caney ISD,D,23.4,779,https://txschools.net/campus/oakley-elem-170908113
1405,7358,16,139909002,Paris HS,Paris ISD,B,23.4,932,https://txschools.net/campus/paris-hs-139909002
1405,7358,16,095905125,Plainview Early Learning Center,Plainview ISD,C,23.4,692,https://txschools.net/campus/plainview-early-learning-center-095905125
1405,7358,16,057913101,Pleasant Run Elem,Lancaster ISD,F,23.4,541,https://txschools.net/campus/pleasant-run-elem-057913101
1405,7358,16,108904044,South MS,Edinburg CISD,B,23.4,1223,https://txschools.net/campus/south-ms-108904044
1405,7358,16,178912041,Tuloso-Midway MS,Tuloso-Midway ISD,B,23.4,920,https://txschools.net/campus/tuloso-midway-ms-178912041
1405,7358,16,015904113,Vestal Elem,Harlandale ISD,F,23.4,521,https://txschools.net/campus/vestal-elem-015904113
1422,7358,21,105906045,Armando Chapa MS,Hays CISD,C,23.3,769,https://txschools.net/campus/armando-chapa-ms-105906045
1422,7358,21,068901042,Bonham MS,Ector County ISD,D,23.3,828,https://txschools.net/campus/bonham-ms-068901042
1422,7358,21,243901001,Burkburnett HS,Burkburnett ISD,C,23.3,876,https://txschools.net/campus/burkburnett-hs-243901001
1422,7358,21,101902002,Carver HS for Applied Tech/Engineering/Arts,Aldine ISD,A,23.3,640,https://txschools.net/campus/carver-hs-for-applied-tech-engineering-arts-101902002
1422,7358,21,126903102,Coleman Elem,Cleburne ISD,B,23.3,378,https://txschools.net/campus/coleman-elem-126903102
1422,7358,21,042901041,Coleman JH,Coleman ISD,B,23.3,224,https://txschools.net/campus/coleman-jh-042901041
1422,7358,21,220905126,East Handley Elem,Fort Worth ISD,D,23.3,369,https://txschools.net/campus/east-handley-elem-220905126
1422,7358,21,043905001,Frisco HS,Frisco ISD,B,23.3,1777,https://txschools.net/campus/frisco-hs-043905001
1422,7358,21,101913041,Humble MS,Humble ISD,C,23.3,1026,https://txschools.net/campus/humble-ms-101913041
1422,7358,21,101912187,Kelso Elem,Houston ISD,C,23.3,346,https://txschools.net/campus/kelso-elem-101912187
1422,7358,21,178904124,Menger Elem,Corpus Christi ISD,C,23.3,336,https://txschools.net/campus/menger-elem-178904124
1422,7358,21,057909156,Nita Pearson Elem,Garland ISD,B,23.3,427,https://txschools.net/campus/nita-pearson-elem-057909156
1422,7358,21,057916121,Northlake Elem,Richardson ISD,C,23.3,452,https://txschools.net/campus/northlake-elem-057916121
1422,7358,21,212905114,Orr Elem,Tyler ISD,D,23.3,320,https://txschools.net/campus/orr-elem-212905114
1422,7358,21,083903101,Seminole Elem,Seminole ISD,C,23.3,513,https://txschools.net/campus/seminole-elem-083903101
1422,7358,21,101902047,Shotwell MS,Aldine ISD,C,23.3,770,https://txschools.net/campus/shotwell-ms-101902047
1422,7358,21,227910106,Smith Elem,Del Valle ISD,C,23.3,579,https://txschools.net/campus/smith-elem-227910106
1422,7358,21,019907107,Theron Jones Early Literacy Center,Texarkana ISD,F,23.3,289,https://txschools.net/campus/theron-jones-early-literacy-center-019907107
1422,7358,21,227904103,Timmerman Elem,Pflugerville ISD,B,23.3,387,https://txschools.net/campus/timmerman-elem-227904103
1422,7358,21,244903001,Vernon HS,Vernon ISD,C,23.3,487,https://txschools.net/campus/vernon-hs-244903001
1422,7358,21,089905102,Waelder School,Waelder ISD,B,23.3,588,https://txschools.net/campus/waelder-school-089905102
1422,7358,21,102903002,Waskom HS,Waskom ISD,C,23.3,240,https://txschools.net/campus/waskom-hs-102903002
1444,7358,9,071902103,Aoy Elem,El Paso ISD,B,23.2,331,https://txschools.net/campus/aoy-elem-071902103
1444,7358,9,015907116,Collins Garden Elem,San Antonio ISD,F,23.2,430,https://txschools.net/campus/collins-garden-elem-015907116
1444,7358,9,101906042,Crosby MS,Crosby ISD,C,23.2,1580,https://txschools.net/campus/crosby-ms-101906042
1444,7358,9,101912153,Fondren Elem,Houston ISD,B,23.2,321,https://txschools.net/campus/fondren-elem-101912153
1444,7358,9,031906103,Las Yescas Elem,Los Fresnos CISD,B,23.2,325,https://txschools.net/campus/las-yescas-elem-031906103
1444,7358,9,003903001,Lufkin HS,Lufkin ISD,B,23.2,1893,https://txschools.net/campus/lufkin-hs-003903001
1444,7358,9,101919107,Mildred Jenkins Elem,Spring ISD,B,23.2,624,https://txschools.net/campus/mildred-jenkins-elem-101919107
1444,7358,9,170903002,Montgomery HS,Montgomery ISD,A,23.2,1467,https://txschools.net/campus/montgomery-hs-170903002
1444,7358,9,225902001,Mount Pleasant HS,Mount Pleasant ISD,A,23.2,1491,https://txschools.net/campus/mount-pleasant-hs-225902001
1444,7358,9,108903102,Santiago Garcia Health and Science Academy,Edcouch-Elsa ISD,C,23.2,339,https://txschools.net/campus/santiago-garcia-health-and-science-academy-108903102
1454,7358,20,165901047,Abell JH,Midland ISD,C,23.1,1120,https://txschools.net/campus/abell-jh-165901047
1454,7358,20,101912042,Black MS,Houston ISD,A,23.1,1230,https://txschools.net/campus/black-ms-101912042
1454,7358,20,243905125,Booker T Washington Elem,Wichita Falls ISD,D,23.1,336,https://txschools.net/campus/booker-t-washington-elem-243905125
1454,7358,20,152901207,Brown Elem,Lubbock ISD,B,23.1,389,https://txschools.net/campus/brown-elem-152901207
1454,7358,20,101919119,Chet Burchett Elem,Spring ISD,C,23.1,951,https://txschools.net/campus/chet-burchett-elem-101919119
1454,7358,20,114902001,Coahoma HS,Coahoma ISD,B,23.1,305,https://txschools.net/campus/coahoma-hs-114902001
1454,7358,20,243905109,Fain Elem,Wichita Falls ISD,C,23.1,428,https://txschools.net/campus/fain-elem-243905109
1454,7358,20,220907002,Fossil Ridge HS,Keller ISD,B,23.1,2058,https://txschools.net/campus/fossil-ridge-hs-220907002
1454,7358,20,227901063,General Marshall MS,Austin ISD,D,23.1,638,https://txschools.net/campus/general-marshall-ms-227901063
1454,7358,20,062901104,J C French Elem,Cuero ISD,C,23.1,309,https://txschools.net/campus/j-c-french-elem-062901104
1454,7358,20,031914041,Jo Nelson MS,Santa Rosa ISD,B,23.1,195,https://txschools.net/campus/jo-nelson-ms-031914041
1454,7358,20,057905192,John F Peeler Elem,Dallas ISD,B,23.1,349,https://txschools.net/campus/john-f-peeler-elem-057905192
1454,7358,20,121905001,Kirbyville HS,Kirbyville CISD,B,23.1,430,https://txschools.net/campus/kirbyville-hs-121905001
1454,7358,20,114901110,Marcy Elem,Big Spring ISD,B,23.1,520,https://txschools.net/campus/marcy-elem-114901110
1454,7358,20,102902041,Marshall JH,Marshall ISD,C,23.1,1028,https://txschools.net/campus/marshall-jh-102902041
1454,7358,20,108906001,McAllen HS,McAllen ISD,A,23.1,2080,https://txschools.net/campus/mcallen-hs-108906001
1454,7358,20,227901189,Overton Elem,Austin ISD,F,23.1,418,https://txschools.net/campus/overton-elem-227901189
1454,7358,20,137901110,Perez Elem,Kingsville ISD,F,23.1,381,https://txschools.net/campus/perez-elem-137901110
1454,7358,20,061901002,Ryan HS,Denton ISD,B,23.1,2095,https://txschools.net/campus/ryan-hs-061901002
1454,7358,20,159901113,Seco Mines Elem,Eagle Pass ISD,B,23.1,288,https://txschools.net/campus/seco-mines-elem-159901113
1454,7358,20,101920117,Woodview Elem,Spring Branch ISD,C,23.1,544,https://txschools.net/campus/woodview-elem-101920117
1475,7358,17,212901001,Arp HS,Arp ISD,B,23,286,https://txschools.net/campus/arp-hs-212901001
1475,7358,17,188901101,Avondale Elem,Amarillo ISD,C,23,462,https://txschools.net/campus/avondale-elem-188901101
1475,7358,17,200901001,Ballinger HS,Ballinger ISD,B,23,384,https://txschools.net/campus/ballinger-hs-200901001
1475,7358,17,095903103,Carr MS,Hale Center ISD,C,23,154,https://txschools.net/campus/carr-ms-095903103
1475,7358,17,031901115,Cromack - Castaneda Elem,Brownsville ISD,B,23,721,https://txschools.net/campus/cromack-castaneda-elem-031901115
1475,7358,17,220905186,David K Sellars Elem,Fort Worth ISD,D,23,393,https://txschools.net/campus/david-k-sellars-elem-220905186
1475,7358,17,220918008,Eagle Mountain HS,Eagle Mt-Saginaw ISD,B,23,1302,https://txschools.net/campus/eagle-mountain-hs-220918008
1475,7358,17,108906119,Escandon Elem,McAllen ISD,B,23,428,https://txschools.net/campus/escandon-elem-108906119
1475,7358,17,186902041,Fort Stockton MS,Fort Stockton ISD,D,23,503,https://txschools.net/campus/fort-stockton-ms-186902041
1475,7358,17,031901106,Garden Park Elem,Brownsville ISD,A,23,340,https://txschools.net/campus/garden-park-elem-031901106
1475,7358,17,101902129,Harris Elem,Aldine ISD,C,23,622,https://txschools.net/campus/harris-elem-101902129
1475,7358,17,015915138,Knowlton Elem,Northside ISD,C,23,511,https://txschools.net/campus/knowlton-elem-015915138
1475,7358,17,126903041,Lowell Smith Jr Int,Cleburne ISD,D,23,985,https://txschools.net/campus/lowell-smith-jr-int-126903041
1475,7358,17,227901188,Padron Elem,Austin ISD,C,23,500,https://txschools.net/campus/padron-elem-227901188
1475,7358,17,015915169,Rhodes Elem,Northside ISD,D,23,543,https://txschools.net/campus/rhodes-elem-015915169
1475,7358,17,220905057,Rosemont MS,Fort Worth ISD,C,23,1135,https://txschools.net/campus/rosemont-ms-220905057
1475,7358,17,247901106,South Elem,Floresville ISD,B,23,922,https://txschools.net/campus/south-elem-247901106
1475,7358,17,227904005,Weiss HS,Pflugerville ISD,A,23,2036,https://txschools.net/campus/weiss-hs-227904005
1493,7358,18,158901041,Bay City JH,Bay City ISD,C,22.9,773,https://txschools.net/campus/bay-city-jh-158901041
1493,7358,18,165901101,Bonham Elem,Midland ISD,B,22.9,678,https://txschools.net/campus/bonham-elem-165901101
1493,7358,18,071902056,Brown MS,El Paso ISD,B,22.9,680,https://txschools.net/campus/brown-ms-071902056
1493,7358,18,101907044,Campbell MS,Cypress-Fairbanks ISD,C,22.9,986,https://txschools.net/campus/campbell-ms-101907044
1493,7358,18,227901057,Covington MS,Austin ISD,C,22.9,625,https://txschools.net/campus/covington-ms-227901057
1493,7358,18,071905007,J M Hanks HS,Ysleta ISD,A,22.9,1323,https://txschools.net/campus/j-m-hanks-hs-071905007
1493,7358,18,108911103,Jessie L Jensen Elem,Sharyland ISD,C,22.9,603,https://txschools.net/campus/jessie-l-jensen-elem-108911103
1493,7358,18,101907053,Kahla MS,Cypress-Fairbanks ISD,B,22.9,1066,https://txschools.net/campus/kahla-ms-101907053
1493,7358,18,129903001,Kaufman HS,Kaufman ISD,A,22.9,1187,https://txschools.net/campus/kaufman-hs-129903001
1493,7358,18,101916103,La Porte Elem,La Porte ISD,A,22.9,488,https://txschools.net/campus/la-porte-elem-101916103
1493,7358,18,031906042,Liberty Memorial MS,Los Fresnos CISD,B,22.9,654,https://txschools.net/campus/liberty-memorial-ms-031906042
1493,7358,18,240901044,Memorial MS,Laredo ISD,B,22.9,647,https://txschools.net/campus/memorial-ms-240901044
1493,7358,18,057912004,Nimitz HS,Irving ISD,B,22.9,2253,https://txschools.net/campus/nimitz-hs-057912004
1493,7358,18,227901151,Pillow Elem,Austin ISD,F,22.9,275,https://txschools.net/campus/pillow-elem-227901151
1493,7358,18,220901109,Rankin Elem,Arlington ISD,D,22.9,536,https://txschools.net/campus/rankin-elem-220901109
1493,7358,18,057914127,Thompson Elem,Mesquite ISD,C,22.9,472,https://txschools.net/campus/thompson-elem-057914127
1493,7358,18,107907001,Trinidad School,Trinidad ISD,B,22.9,175,https://txschools.net/campus/trinidad-school-107907001
1493,7358,18,015916010,Veterans Memorial HS,Judson ISD,C,22.9,1588,https://txschools.net/campus/veterans-memorial-hs-015916010
1493,7358,18,220905133,W M Green Elem,Fort Worth ISD,F,22.9,526,https://txschools.net/campus/w-m-green-elem-220905133
1512,7358,20,158901001,Bay City HS,Bay City ISD,B,22.8,1004,https://txschools.net/campus/bay-city-hs-158901001
1512,7358,20,011902101,Booker T Washington Elem,Elgin ISD,D,22.8,657,https://txschools.net/campus/booker-t-washington-elem-011902101
1512,7358,20,220918001,Boswell HS,Eagle Mt-Saginaw ISD,B,22.8,2404,https://txschools.net/campus/boswell-hs-220918001
1512,7358,20,121903001,Buna HS,Buna ISD,B,22.8,404,https://txschools.net/campus/buna-hs-121903001
1512,7358,20,026901001,Caldwell HS,Caldwell ISD,A,22.8,537,https://txschools.net/campus/caldwell-hs-026901001
1512,7358,20,064903103,Carrizo Springs Int,Carrizo Springs CISD,F,22.8,420,https://txschools.net/campus/carrizo-springs-int-064903103
1512,7358,20,220901126,Foster Elem,Arlington ISD,C,22.8,495,https://txschools.net/campus/foster-elem-220901126
1512,7358,20,169906001,Gold Burg School,Gold Burg ISD,C,22.8,149,https://txschools.net/campus/gold-burg-school-169906001
1512,7358,20,124901041,Hebbronville JH,Jim Hogg County ISD,D,22.8,226,https://txschools.net/campus/hebbronville-jh-124901041
1512,7358,20,126906001,Keene HS,Keene ISD,B,22.8,368,https://txschools.net/campus/keene-hs-126906001
1512,7358,20,101902130,Kujawa Elem,Aldine ISD,B,22.8,537,https://txschools.net/campus/kujawa-elem-101902130
1512,7358,20,101912194,Lewis Elem,Houston ISD,D,22.8,550,https://txschools.net/campus/lewis-elem-101912194
1512,7358,20,147903042,Mexia JH,Mexia ISD,C,22.8,380,https://txschools.net/campus/mexia-jh-147903042
1512,7358,20,235902108,O'Connor Elem,Victoria ISD,D,22.8,432,https://txschools.net/campus/o-connor-elem-235902108
1512,7358,20,031901122,Palm Grove Elem,Brownsville ISD,B,22.8,292,https://txschools.net/campus/palm-grove-elem-031901122
1512,7358,20,220905010,Paschal HS,Fort Worth ISD,B,22.8,2065,https://txschools.net/campus/paschal-hs-220905010
1512,7358,20,057905139,Paul L Dunbar Learning Center,Dallas ISD,C,22.8,596,https://txschools.net/campus/paul-l-dunbar-learning-center-057905139
1512,7358,20,085902041,Post MS,Post ISD,D,22.8,129,https://txschools.net/campus/post-ms-085902041
1512,7358,20,246909111,Vic Robertson Elem,Round Rock ISD,C,22.8,344,https://txschools.net/campus/vic-robertson-elem-246909111
1512,7358,20,057914043,Wilkinson MS,Mesquite ISD,D,22.8,633,https://txschools.net/campus/wilkinson-ms-057914043
1512,7358,20,246909106,Xenia Voigt Elem,Round Rock ISD,C,22.8,453,https://txschools.net/campus/xenia-voigt-elem-246909106
1533,7358,17,003903120,Anderson Elem,Lufkin ISD,B,22.7,226,https://txschools.net/campus/anderson-elem-003903120
1533,7358,17,101919109,Anderson Elem,Spring ISD,B,22.7,585,https://txschools.net/campus/anderson-elem-101919109
1533,7358,17,066901001,Benavides Collegiate,Benavides ISD,D,22.7,352,https://txschools.net/campus/benavides-collegiate-066901001
1533,7358,17,071902043,Canyon Hills MS,El Paso ISD,B,22.7,446,https://txschools.net/campus/canyon-hills-ms-071902043
1533,7358,17,161921001,Connally HS,Connally ISD,B,22.7,619,https://txschools.net/campus/connally-hs-161921001
1533,7358,17,108912043,Dr Javier Saenz MS,La Joya ISD,C,22.7,565,https://txschools.net/campus/dr-javier-saenz-ms-108912043
1533,7358,17,057905237,John W Runyon Elem,Dallas ISD,B,22.7,441,https://txschools.net/campus/john-w-runyon-elem-057905237
1533,7358,17,220905049,Kirkpatrick MS,Fort Worth ISD,C,22.7,463,https://txschools.net/campus/kirkpatrick-ms-220905049
1533,7358,17,220905219,Lowery Road,Fort Worth ISD,B,22.7,444,https://txschools.net/campus/lowery-road-220905219
1533,7358,17,015910002,MacArthur HS,North East ISD,C,22.7,2002,https://txschools.net/campus/macarthur-hs-015910002
1533,7358,17,227907004,Manor New Technology High,Manor ISD,B,22.7,728,https://txschools.net/campus/manor-new-technology-high-227907004
1533,7358,17,096904001,Memphis HS,Memphis ISD,B,22.7,110,https://txschools.net/campus/memphis-hs-096904001
1533,7358,17,101907115,Moore Elem,Cypress-Fairbanks ISD,C,22.7,840,https://txschools.net/campus/moore-elem-101907115
1533,7358,17,101903046,O'Donnell MS,Alief ISD,C,22.7,1180,https://txschools.net/campus/o-donnell-ms-101903046
1533,7358,17,105902110,Rodriguez Elem,San Marcos CISD,C,22.7,546,https://txschools.net/campus/rodriguez-elem-105902110
1533,7358,17,043910104,Sigler Elem,Plano ISD,B,22.7,437,https://txschools.net/campus/sigler-elem-043910104
1533,7358,17,238902041,Walker JH,Monahans-Wickett-Pyote ISD,B,22.7,317,https://txschools.net/campus/walker-jh-238902041
1533,7358,17,068901045,Wilson & Young Medal of Honor MS,Ector County ISD,B,22.7,1191,https://txschools.net/campus/wilson-young-medal-of-honor-ms-068901045
1551,7358,17,061907001,Aubrey HS,Aubrey ISD,B,22.6,1258,https://txschools.net/campus/aubrey-hs-061907001
1551,7358,17,031903103,Bonham Elem,Harlingen CISD,B,22.6,471,https://txschools.net/campus/bonham-elem-031903103
1551,7358,17,101903102,Boone Elem,Alief ISD,D,22.6,464,https://txschools.net/campus/boone-elem-101903102
1551,7358,17,014906144,Clifton Park Elem,Killeen ISD,C,22.6,807,https://txschools.net/campus/clifton-park-elem-014906144
1551,7358,17,101912132,Coop Elem,Houston ISD,B,22.6,531,https://txschools.net/campus/coop-elem-101912132
1551,7358,17,011901108,Creekside MS,Bastrop ISD,F,22.6,696,https://txschools.net/campus/creekside-ms-011901108
1551,7358,17,220905044,Elder MS,Fort Worth ISD,C,22.6,615,https://txschools.net/campus/elder-ms-220905044
1551,7358,17,170907102,Greenleaf Elem,Splendora ISD,C,22.6,655,https://txschools.net/campus/greenleaf-elem-170907102
1551,7358,17,123910112,Guess Elem,Beaumont ISD,F,22.6,698,https://txschools.net/campus/guess-elem-123910112
1551,7358,17,014903010,Lake Belton HS,Belton ISD,A,22.6,2244,https://txschools.net/campus/lake-belton-hs-014903010
1551,7358,17,007904103,Lytle Pri,Lytle ISD,F,22.6,338,https://txschools.net/campus/lytle-pri-007904103
1551,7358,17,101917048,Miller Int,Pasadena ISD,A,22.6,722,https://txschools.net/campus/miller-int-101917048
1551,7358,17,007905105,Pleasanton Pri,Pleasanton ISD,D,22.6,869,https://txschools.net/campus/pleasanton-pri-007905105
1551,7358,17,188901125,Sanborn Elem,Amarillo ISD,D,22.6,385,https://txschools.net/campus/sanborn-elem-188901125
1551,7358,17,057910003,South Grand Prairie HS,Grand Prairie ISD,A,22.6,3150,https://txschools.net/campus/south-grand-prairie-hs-057910003
1551,7358,17,146901103,Southside Elem,Cleveland ISD,C,22.6,1029,https://txschools.net/campus/southside-elem-146901103
1551,7358,17,220901114,Thornton Elem,Arlington ISD,D,22.6,747,https://txschools.net/campus/thornton-elem-220901114
1551,7358,17,219903001,Tulia HS,Tulia ISD,C,22.6,235,https://txschools.net/campus/tulia-hs-219903001
1569,7358,16,057910045,Andrew Jackson MS,Grand Prairie ISD,C,22.5,748,https://txschools.net/campus/andrew-jackson-ms-057910045
1569,7358,16,220901101,Berry Elem,Arlington ISD,D,22.5,707,https://txschools.net/campus/berry-elem-220901101
1569,7358,16,107902103,Chandler Elem,Brownsboro ISD,B,22.5,391,https://txschools.net/campus/chandler-elem-107902103
1569,7358,16,015915135,Cody Elem,Northside ISD,C,22.5,474,https://txschools.net/campus/cody-elem-015915135
1569,7358,16,068901123,El Magnet at Zavala,Ector County ISD,D,22.5,618,https://txschools.net/campus/el-magnet-at-zavala-068901123
1569,7358,16,015915156,Evers Elem,Northside ISD,C,22.5,567,https://txschools.net/campus/evers-elem-015915156
1569,7358,16,175903103,Fannin Elem,Corsicana ISD,F,22.5,383,https://txschools.net/campus/fannin-elem-175903103
1569,7358,16,137901105,Harvey Elem,Kingsville ISD,F,22.5,406,https://txschools.net/campus/harvey-elem-137901105
1569,7358,16,220905118,Hazel Harvey Peace Elem,Fort Worth ISD,C,22.5,394,https://txschools.net/campus/hazel-harvey-peace-elem-220905118
1569,7358,16,071901004,Horizon HS,Clint ISD,B,22.5,1402,https://txschools.net/campus/horizon-hs-071901004
1569,7358,16,067907041,Ranger MS,Ranger ISD,F,22.5,62,https://txschools.net/campus/ranger-ms-067907041
1569,7358,16,015910112,Ridgeview Elem,North East ISD,C,22.5,415,https://txschools.net/campus/ridgeview-elem-015910112
1569,7358,16,071905044,Riverside MS,Ysleta ISD,B,22.5,647,https://txschools.net/campus/riverside-ms-071905044
1569,7358,16,108903104,Ruben C Rodriguez STEM Academy,Edcouch-Elsa ISD,D,22.5,430,https://txschools.net/campus/ruben-c-rodriguez-stem-academy-108903104
1569,7358,16,057905117,Rufus C Burleson Elem,Dallas ISD,B,22.5,459,https://txschools.net/campus/rufus-c-burleson-elem-057905117
1569,7358,16,101912242,Smith Elem,Houston ISD,C,22.5,649,https://txschools.net/campus/smith-elem-101912242
1569,7358,16,057907042,William H Byrd MS,Duncanville ISD,F,22.5,563,https://txschools.net/campus/william-h-byrd-ms-057907042
1586,7358,16,108902104,A M Ochoa Pri Science & Sports Academy,Donna ISD,C,22.4,768,https://txschools.net/campus/a-m-ochoa-pri-science-sports-academy-108902104
1586,7358,16,209901001,Albany Jr-Sr HS,Albany ISD,A,22.4,203,https://txschools.net/campus/albany-jr-sr-hs-209901001
1586,7358,16,246913002,Cedar Park HS,Leander ISD,A,22.4,2241,https://txschools.net/campus/cedar-park-hs-246913002
1586,7358,16,071909005,El Dorado HS,Socorro ISD,B,22.4,2008,https://txschools.net/campus/el-dorado-hs-071909005
1586,7358,16,101912283,Garcia Elem,Houston ISD,C,22.4,306,https://txschools.net/campus/garcia-elem-101912283
1586,7358,16,015915103,Glenoaks Elem,Northside ISD,D,22.4,425,https://txschools.net/campus/glenoaks-elem-015915103
1586,7358,16,084908001,Hitchcock HS,Hitchcock ISD,B,22.4,569,https://txschools.net/campus/hitchcock-hs-084908001
1586,7358,16,108903103,John F Kennedy Fine Arts Academy,Edcouch-Elsa ISD,C,22.4,367,https://txschools.net/campus/john-f-kennedy-fine-arts-academy-108903103
1586,7358,16,101912006,Jones Futures Academy,Houston ISD,B,22.4,342,https://txschools.net/campus/jones-futures-academy-101912006
1586,7358,16,201904001,Leveretts Chapel HS,Leveretts Chapel ISD,C,22.4,64,https://txschools.net/campus/leveretts-chapel-hs-201904001
1586,7358,16,243905012,Memorial HS,Wichita Falls ISD,B,22.4,1601,https://txschools.net/campus/memorial-hs-243905012
1586,7358,16,101919120,Milton Cooper Elem,Spring ISD,A,22.4,700,https://txschools.net/campus/milton-cooper-elem-101919120
1586,7358,16,101908106,Parkwood Elem,Deer Park ISD,C,22.4,575,https://txschools.net/campus/parkwood-elem-101908106
1586,7358,16,101913014,Summer Creek HS,Humble ISD,B,22.4,4114,https://txschools.net/campus/summer-creek-hs-101913014
1586,7358,16,238902108,Tatom Elem,Monahans-Wickett-Pyote ISD,D,22.4,343,https://txschools.net/campus/tatom-elem-238902108
1586,7358,16,043910113,Weatherford Elem,Plano ISD,C,22.4,458,https://txschools.net/campus/weatherford-elem-043910113
1586,7358,16,152901190,Wolffarth Elem,Lubbock ISD,D,22.4,282,https://txschools.net/campus/wolffarth-elem-152901190
1603,7358,18,022901001,Alpine HS,Alpine ISD,A,22.3,250,https://txschools.net/campus/alpine-hs-022901001
1603,7358,18,071906001,Anthony HS,Anthony ISD,B,22.3,235,https://txschools.net/campus/anthony-hs-071906001
1603,7358,18,105902101,Bowie Elem,San Marcos CISD,D,22.3,516,https://txschools.net/campus/bowie-elem-105902101
1603,7358,18,015916112,Candlewood Elem,Judson ISD,D,22.3,206,https://txschools.net/campus/candlewood-elem-015916112
1603,7358,18,183902001,Carthage HS,Carthage ISD,A,22.3,760,https://txschools.net/campus/carthage-hs-183902001
1603,7358,18,043918043,Community Trails MS,Community ISD,C,22.3,576,https://txschools.net/campus/community-trails-ms-043918043
1603,7358,18,227901161,Cook Elem,Austin ISD,F,22.3,384,https://txschools.net/campus/cook-elem-227901161
1603,7358,18,108912126,Evangelina Garza Elem,La Joya ISD,C,22.3,630,https://txschools.net/campus/evangelina-garza-elem-108912126
1603,7358,18,015917105,Freedom Elem,Southside ISD,B,22.3,530,https://txschools.net/campus/freedom-elem-015917105
1603,7358,18,066903002,Freer HS,Freer ISD,B,22.3,195,https://txschools.net/campus/freer-hs-066903002
1603,7358,18,031903044,Gutierrez MS,Harlingen CISD,A,22.3,774,https://txschools.net/campus/gutierrez-ms-031903044
1603,7358,18,084901043,John and Shamarion Barber MS,Dickinson ISD,B,22.3,569,https://txschools.net/campus/john-and-shamarion-barber-ms-084901043
1603,7358,18,100903041,Kountze MS,Kountze ISD,C,22.3,252,https://txschools.net/campus/kountze-ms-100903041
1603,7358,18,123910046,Marshall MS,Beaumont ISD,D,22.3,766,https://txschools.net/campus/marshall-ms-123910046
1603,7358,18,101902143,Reed Academy,Aldine ISD,C,22.3,672,https://txschools.net/campus/reed-academy-101902143
1603,7358,18,008902001,Sealy HS,Sealy ISD,B,22.3,963,https://txschools.net/campus/sealy-hs-008902001
1603,7358,18,108904119,Truman Elem,Edinburg CISD,B,22.3,675,https://txschools.net/campus/truman-elem-108904119
1603,7358,18,227901141,Walnut Creek Elem,Austin ISD,D,22.3,404,https://txschools.net/campus/walnut-creek-elem-227901141
1603,7358,18,195901109,Zavala Elem,Pecos-Barstow-Toyah ISD,D,22.3,850,https://txschools.net/campus/zavala-elem-195901109
1622,7358,19,243905046,Barwise MS,Wichita Falls ISD,B,22.2,769,https://txschools.net/campus/barwise-ms-243905046
1622,7358,19,025904001,Blanket School,Blanket ISD,B,22.2,151,https://txschools.net/campus/blanket-school-025904001
1622,7358,19,101902128,Calvert Elem,Aldine ISD,D,22.2,564,https://txschools.net/campus/calvert-elem-101902128
1622,7358,19,220905127,Christene C Moss Elem,Fort Worth ISD,B,22.2,415,https://txschools.net/campus/christene-c-moss-elem-220905127
1622,7358,19,152901196,Ervin Elem,Lubbock ISD,C,22.2,347,https://txschools.net/campus/ervin-elem-152901196
1622,7358,19,060914001,Fannindel HS,Fannindel ISD,D,22.2,60,https://txschools.net/campus/fannindel-hs-060914001
1622,7358,19,084908106,Hitchcock Pri,Hitchcock ISD,F,22.2,451,https://txschools.net/campus/hitchcock-pri-084908106
1622,7358,19,227910109,Hornsby-Dunlap Elem,Del Valle ISD,C,22.2,709,https://txschools.net/campus/hornsby-dunlap-elem-227910109
1622,7358,19,091905001,Howe HS,Howe ISD,B,22.2,346,https://txschools.net/campus/howe-hs-091905001
1622,7358,19,121904043,Jasper JH,Jasper ISD,C,22.2,438,https://txschools.net/campus/jasper-jh-121904043
1622,7358,19,101919104,John Winship Elem,Spring ISD,B,22.2,533,https://txschools.net/campus/john-winship-elem-101919104
1622,7358,19,165901112,Long Elem,Midland ISD,D,22.2,551,https://txschools.net/campus/long-elem-165901112
1622,7358,19,167902001,Mullin Main,Mullin ISD,C,22.2,118,https://txschools.net/campus/mullin-main-167902001
1622,7358,19,015910044,Nimitz MS,North East ISD,C,22.2,992,https://txschools.net/campus/nimitz-ms-015910044
1622,7358,19,152908001,Roosevelt HS,Roosevelt ISD,A,22.2,321,https://txschools.net/campus/roosevelt-hs-152908001
1622,7358,19,076904001,Rotan K-12,Rotan ISD,C,22.2,265,https://txschools.net/campus/rotan-k-12-076904001
1622,7358,19,043910004,Vines HS,Plano ISD,B,22.2,1072,https://txschools.net/campus/vines-hs-043910004
1622,7358,19,057904107,Waterford Oaks Elem,Cedar Hill ISD,D,22.2,500,https://txschools.net/campus/waterford-oaks-elem-057904107
1622,7358,19,100908001,West Hardin HS,West Hardin County CISD,C,22.2,230,https://txschools.net/campus/west-hardin-hs-100908001
1622,7358,19,015910124,Woodstone Elem,North East ISD,C,22.2,533,https://txschools.net/campus/woodstone-elem-015910124
1642,7358,11,220918104,Bryson Elem,Eagle Mt-Saginaw ISD,D,22.1,638,https://txschools.net/campus/bryson-elem-220918104
1642,7358,11,108912042,Cesar Chavez MS,La Joya ISD,B,22.1,581,https://txschools.net/campus/cesar-chavez-ms-108912042
1642,7358,11,126903001,Cleburne HS,Cleburne ISD,B,22.1,1911,https://txschools.net/campus/cleburne-hs-126903001
1642,7358,11,165901107,Fannin Elem,Midland ISD,C,22.1,624,https://txschools.net/campus/fannin-elem-165901107
1642,7358,11,031912114,La Paloma Elem,San Benito CISD,B,22.1,464,https://txschools.net/campus/la-paloma-elem-031912114
1642,7358,11,046901002,Long Creek HS,New Braunfels ISD,B,22.1,1181,https://txschools.net/campus/long-creek-hs-046901002
1642,7358,11,079907164,Mission Elem,Fort Bend ISD,C,22.1,502,https://txschools.net/campus/mission-elem-079907164
1642,7358,11,015910122,Montgomery Elem,North East ISD,C,22.1,237,https://txschools.net/campus/montgomery-elem-015910122
1642,7358,11,057914002,North Mesquite HS,Mesquite ISD,B,22.1,1953,https://txschools.net/campus/north-mesquite-hs-057914002
1642,7358,11,057916137,Risd Acad,Richardson ISD,F,22.1,770,https://txschools.net/campus/risd-acad-057916137
1642,7358,11,068901121,San Jacinto Elem,Ector County ISD,C,22.1,636,https://txschools.net/campus/san-jacinto-elem-068901121
1642,7358,11,057905301,Wilmer-Hutchins Elem,Dallas ISD,B,22.1,569,https://txschools.net/campus/wilmer-hutchins-elem-057905301
1654,7358,21,227901009,Anderson HS,Austin ISD,B,22,2173,https://txschools.net/campus/anderson-hs-227901009
1654,7358,21,003903122,Brookhollow Elem STEM Academy,Lufkin ISD,F,22,262,https://txschools.net/campus/brookhollow-elem-stem-academy-003903122
1654,7358,21,050910001,Copperas Cove HS,Copperas Cove ISD,B,22,2189,https://txschools.net/campus/copperas-cove-hs-050910001
1654,7358,21,220908202,Cross Timbers Int,Mansfield ISD,D,22,698,https://txschools.net/campus/cross-timbers-int-220908202
1654,7358,21,227901176,Galindo Elem,Austin ISD,B,22,368,https://txschools.net/campus/galindo-elem-227901176
1654,7358,21,226903113,Goliad Elem,San Angelo ISD,C,22,503,https://txschools.net/campus/goliad-elem-226903113
1654,7358,21,220905138,Helbing Elem,Fort Worth ISD,B,22,305,https://txschools.net/campus/helbing-elem-220905138
1654,7358,21,240901042,Lamar MS,Laredo ISD,B,22,1120,https://txschools.net/campus/lamar-ms-240901042
1654,7358,21,043907002,McKinney HS,McKinney ISD,A,22,2521,https://txschools.net/campus/mckinney-hs-043907002
1654,7358,21,220901165,McNutt Elem,Arlington ISD,C,22,575,https://txschools.net/campus/mcnutt-elem-220901165
1654,7358,21,079907042,Missouri City MS,Fort Bend ISD,D,22,860,https://txschools.net/campus/missouri-city-ms-079907042
1654,7358,21,174904002,Nacogdoches HS,Nacogdoches ISD,B,22,1709,https://txschools.net/campus/nacogdoches-hs-174904002
1654,7358,21,220905151,Natha Howell Elem,Fort Worth ISD,B,22,306,https://txschools.net/campus/natha-howell-elem-220905151
1654,7358,21,057905215,Otto M Fridia Elem,Dallas ISD,B,22,235,https://txschools.net/campus/otto-m-fridia-elem-057905215
1654,7358,21,102902116,Price T Young Elem,Marshall ISD,F,22,540,https://txschools.net/campus/price-t-young-elem-102902116
1654,7358,21,220902002,Richland HS,Birdville ISD,B,22,2040,https://txschools.net/campus/richland-hs-220902002
1654,7358,21,101917142,Rick Schneider MS,Pasadena ISD,D,22,480,https://txschools.net/campus/rick-schneider-ms-101917142
1654,7358,21,061902139,Rockbrook Elem,Lewisville ISD,C,22,573,https://txschools.net/campus/rockbrook-elem-061902139
1654,7358,21,221901116,Stafford Elem,Abilene ISD,C,22,559,https://txschools.net/campus/stafford-elem-221901116
1654,7358,21,057905277,Thomas Tolbert Elem,Dallas ISD,B,22,343,https://txschools.net/campus/thomas-tolbert-elem-057905277
1654,7358,21,057909054,Vernon Schrade MS,Garland ISD,D,22,599,https://txschools.net/campus/vernon-schrade-ms-057909054
1654,7358,21,015916107,Woodlake Elem,Judson ISD,D,22,570,https://txschools.net/campus/woodlake-elem-015916107
1676,7358,14,057905058,Alex W Spence Talented/Gifted Academy,Dallas ISD,B,21.9,404,https://txschools.net/campus/alex-w-spence-talented-gifted-academy-057905058
1676,7358,14,240903053,Antonio Gonzalez MS,United ISD,A,21.9,645,https://txschools.net/campus/antonio-gonzalez-ms-240903053
1676,7358,14,071902045,Charles MS,El Paso ISD,B,21.9,355,https://txschools.net/campus/charles-ms-071902045
1676,7358,14,234904041,Grand Saline MS,Grand Saline ISD,C,21.9,292,https://txschools.net/campus/grand-saline-ms-234904041
1676,7358,14,105906109,Hemphill Elem,Hays CISD,D,21.9,636,https://txschools.net/campus/hemphill-elem-105906109
1676,7358,14,227910107,Hillcrest Elem,Del Valle ISD,C,21.9,384,https://txschools.net/campus/hillcrest-elem-227910107
1676,7358,14,057905158,Lida Hooe Elem,Dallas ISD,B,21.9,292,https://txschools.net/campus/lida-hooe-elem-057905158
1676,7358,14,071902128,Logan Elem,El Paso ISD,F,21.9,619,https://txschools.net/campus/logan-elem-071902128
1676,7358,14,174904043,McMichael MS,Nacogdoches ISD,C,21.9,1215,https://txschools.net/campus/mcmichael-ms-174904043
1676,7358,14,146901102,Northside Elem,Cleveland ISD,C,21.9,1058,https://txschools.net/campus/northside-elem-146901102
1676,7358,14,050910042,S C Lee JH,Copperas Cove ISD,B,21.9,910,https://txschools.net/campus/s-c-lee-jh-050910042
1676,7358,14,057910125,Sallye R Moore College & Career Preparatory,Grand Prairie ISD,C,21.9,635,https://txschools.net/campus/sallye-r-moore-college-career-preparatory-057910125
1676,7358,14,170907041,Splendora JH,Splendora ISD,C,21.9,923,https://txschools.net/campus/splendora-jh-170907041
1676,7358,14,227901166,Williams Elem,Austin ISD,B,21.9,357,https://txschools.net/campus/williams-elem-227901166
1676,7358,14,101915043,Wunderlich Int,Klein ISD,B,21.9,1305,https://txschools.net/campus/wunderlich-int-101915043
1691,7358,18,220905111,Carter Park Elem,Fort Worth ISD,F,21.8,488,https://txschools.net/campus/carter-park-elem-220905111
1691,7358,18,165901106,De Zavala Elem,Midland ISD,B,21.8,469,https://txschools.net/campus/de-zavala-elem-165901106
1691,7358,18,068901110,Goliad Elem,Ector County ISD,C,21.8,454,https://txschools.net/campus/goliad-elem-068901110
1691,7358,18,240901121,H B Zachry Elem,Laredo ISD,A,21.8,582,https://txschools.net/campus/h-b-zachry-elem-240901121
1691,7358,18,057910124,Hector P Garcia Elem,Grand Prairie ISD,F,21.8,458,https://txschools.net/campus/hector-p-garcia-elem-057910124
1691,7358,18,108906107,Jackson Elem,McAllen ISD,B,21.8,514,https://txschools.net/campus/jackson-elem-108906107
1691,7358,18,015916047,Kirby STEM Academy,Judson ISD,F,21.8,447,https://txschools.net/campus/kirby-stem-academy-015916047
1691,7358,18,094902108,Laura Ingalls Wilder Int,Schertz-Cibolo-U City ISD,C,21.8,677,https://txschools.net/campus/laura-ingalls-wilder-int-094902108
1691,7358,18,226903043,Lone Star MS,San Angelo ISD,C,21.8,779,https://txschools.net/campus/lone-star-ms-226903043
1691,7358,18,163903041,Natalia JH,Natalia ISD,C,21.8,374,https://txschools.net/campus/natalia-jh-163903041
1691,7358,18,015910109,Northwood Elem,North East ISD,B,21.8,347,https://txschools.net/campus/northwood-elem-015910109
1691,7358,18,095905121,Plainview JH,Plainview ISD,C,21.8,568,https://txschools.net/campus/plainview-jh-095905121
1691,7358,18,015915112,Powell Elem,Northside ISD,B,21.8,448,https://txschools.net/campus/powell-elem-015915112
1691,7358,18,227901127,Sanchez Elem,Austin ISD,D,21.8,348,https://txschools.net/campus/sanchez-elem-227901127
1691,7358,18,204904001,Shepherd HS,Shepherd ISD,C,21.8,604,https://txschools.net/campus/shepherd-hs-204904001
1691,7358,18,011904041,Smithville JH,Smithville ISD,C,21.8,432,https://txschools.net/campus/smithville-jh-011904041
1691,7358,18,208902109,Snyder Pri,Snyder ISD,D,21.8,693,https://txschools.net/campus/snyder-pri-208902109
1691,7358,18,015910125,Stahl Elem,North East ISD,C,21.8,576,https://txschools.net/campus/stahl-elem-015910125
1691,7358,18,170908008,West Fork HS,New Caney ISD,A,21.8,1771,https://txschools.net/campus/west-fork-hs-170908008
1710,7358,17,165901104,Burnet Elem,Midland ISD,C,21.7,539,https://txschools.net/campus/burnet-elem-165901104
1710,7358,17,057905189,Clara Oliver Elem,Dallas ISD,B,21.7,246,https://txschools.net/campus/clara-oliver-elem-057905189
1710,7358,17,057916047,Forest Meadow MS,Richardson ISD,B,21.7,1239,https://txschools.net/campus/forest-meadow-ms-057916047
1710,7358,17,043910130,Haggar Elem,Plano ISD,C,21.7,479,https://txschools.net/campus/haggar-elem-043910130
1710,7358,17,161906042,La Vega JH George Dixon Campus,La Vega ISD,D,21.7,440,https://txschools.net/campus/la-vega-jh-george-dixon-campus-161906042
1710,7358,17,101914009,Morton Ranch HS,Katy ISD,B,21.7,2906,https://txschools.net/campus/morton-ranch-hs-101914009
1710,7358,17,159901110,Rosita Valley Elem,Eagle Pass ISD,B,21.7,471,https://txschools.net/campus/rosita-valley-elem-159901110
1710,7358,17,020905101,S F Austin Elem,Brazosport ISD,F,21.7,146,https://txschools.net/campus/s-f-austin-elem-020905101
1710,7358,17,057916126,Skyview Elem,Richardson ISD,F,21.7,716,https://txschools.net/campus/skyview-elem-057916126
1710,7358,17,152903001,Slaton HS,Slaton ISD,B,21.7,352,https://txschools.net/campus/slaton-hs-152903001
1710,7358,17,015909101,Somerset Elem,Somerset ISD,A,21.7,732,https://txschools.net/campus/somerset-elem-015909101
1710,7358,17,061902131,Southridge Elem,Lewisville ISD,D,21.7,712,https://txschools.net/campus/southridge-elem-061902131
1710,7358,17,101920046,Spring Oaks MS,Spring Branch ISD,B,21.7,541,https://txschools.net/campus/spring-oaks-ms-101920046
1710,7358,17,101902044,Stovall MS,Aldine ISD,D,21.7,981,https://txschools.net/campus/stovall-ms-101902044
1710,7358,17,161914044,Tennyson MS,Waco ISD,D,21.7,999,https://txschools.net/campus/tennyson-ms-161914044
1710,7358,17,178912101,Tuloso-Midway Pri,Tuloso-Midway ISD,C,21.7,796,https://txschools.net/campus/tuloso-midway-pri-178912101
1710,7358,17,152901186,Wheelock Elem,Lubbock ISD,B,21.7,355,https://txschools.net/campus/wheelock-elem-152901186
1710,7358,17,224902001,Woodson School,Woodson ISD,B,21.7,158,https://txschools.net/campus/woodson-school-224902001
1728,7358,21,101907041,Arnold MS,Cypress-Fairbanks ISD,B,21.6,1345,https://txschools.net/campus/arnold-ms-101907041
1728,7358,21,101912274,Askew Elem,Houston ISD,C,21.6,778,https://txschools.net/campus/askew-elem-101912274
1728,7358,21,220901132,Atherton Elem,Arlington ISD,C,21.6,469,https://txschools.net/campus/atherton-elem-220901132
1728,7358,21,011901041,Bastrop MS,Bastrop ISD,B,21.6,642,https://txschools.net/campus/bastrop-ms-011901041
1728,7358,21,061901111,Borman Elem,Denton ISD,D,21.6,405,https://txschools.net/campus/borman-elem-061901111
1728,7358,21,101919114,Deloras E Thompson Elem,Spring ISD,D,21.6,603,https://txschools.net/campus/deloras-e-thompson-elem-101919114
1728,7358,21,057906001,Desoto HS,Desoto ISD,C,21.6,1902,https://txschools.net/campus/desoto-hs-057906001
1728,7358,21,015910041,Eisenhower MS,North East ISD,C,21.6,885,https://txschools.net/campus/eisenhower-ms-015910041
1728,7358,21,101902135,Greenspoint Elem,Aldine ISD,B,21.6,716,https://txschools.net/campus/greenspoint-elem-101902135
1728,7358,21,129904103,Kemp Int West,Kemp ISD,D,21.6,315,https://txschools.net/campus/kemp-int-west-129904103
1728,7358,21,108902115,Le Noir Elem,Donna ISD,A,21.6,550,https://txschools.net/campus/le-noir-elem-108902115
1728,7358,21,105902043,Miller MS,San Marcos CISD,B,21.6,875,https://txschools.net/campus/miller-ms-105902043
1728,7358,21,101912299,Milne Elem,Houston ISD,B,21.6,428,https://txschools.net/campus/milne-elem-101912299
1728,7358,21,093904002,Navasota HS,Navasota ISD,B,21.6,934,https://txschools.net/campus/navasota-hs-093904002
1728,7358,21,057905387,North Lake Early College HS,Dallas ISD,A,21.6,311,https://txschools.net/campus/north-lake-early-college-hs-057905387
1728,7358,21,246909053,PFC Robert P Hernandez MS,Round Rock ISD,C,21.6,547,https://txschools.net/campus/pfc-robert-p-hernandez-ms-246909053
1728,7358,21,013901101,R A Hall Elem,Beeville ISD,D,21.6,446,https://txschools.net/campus/r-a-hall-elem-013901101
1728,7358,21,240903057,Ricardo Molina MS,United ISD,B,21.6,722,https://txschools.net/campus/ricardo-molina-ms-240903057
1728,7358,21,156902101,Stanton Elem,Stanton ISD,B,21.6,490,https://txschools.net/campus/stanton-elem-156902101
1728,7358,21,101902045,Teague MS,Aldine ISD,D,21.6,488,https://txschools.net/campus/teague-ms-101902045
1728,7358,21,201914041,West Rusk MS,West Rusk County Consolidated ISD,B,21.6,219,https://txschools.net/campus/west-rusk-ms-201914041
1728,7358,21,015916043,Woodlake Hills MS,Judson ISD,B,21.6,277,https://txschools.net/campus/woodlake-hills-ms-015916043
1750,7358,20,070903044,Alamo MS,Ennis ISD,C,21.5,505,https://txschools.net/campus/alamo-ms-070903044
1750,7358,20,002901041,Andrews MS,Andrews ISD,C,21.5,954,https://txschools.net/campus/andrews-ms-002901041
1750,7358,20,011901112,Camino Real Elem,Bastrop ISD,F,21.5,954,https://txschools.net/campus/camino-real-elem-011901112
1750,7358,20,205901104,Charlie Marshall Elem,Aransas Pass ISD,F,21.5,357,https://txschools.net/campus/charlie-marshall-elem-205901104
1750,7358,20,031903041,Coakley MS,Harlingen CISD,B,21.5,627,https://txschools.net/campus/coakley-ms-031903041
1750,7358,20,112905001,Cumby Collegiate HS,Cumby Collegiate ISD,C,21.5,157,https://txschools.net/campus/cumby-collegiate-hs-112905001
1750,7358,20,057910041,Digital Arts & Technology Academy at Adams MS,Grand Prairie ISD,C,21.5,501,https://txschools.net/campus/digital-arts-technology-academy-at-adams-ms-057910041
1750,7358,20,220902001,Haltom HS,Birdville ISD,C,21.5,2515,https://txschools.net/campus/haltom-hs-220902001
1750,7358,20,127903001,Hamlin Collegiate HS,Hamlin Collegiate ISD,B,21.5,182,https://txschools.net/campus/hamlin-collegiate-hs-127903001
1750,7358,20,015917104,Heritage Elem,Southside ISD,B,21.5,548,https://txschools.net/campus/heritage-elem-015917104
1750,7358,20,015911106,Highland Forest Elem,East Central ISD,A,21.5,738,https://txschools.net/campus/highland-forest-elem-015911106
1750,7358,20,057905114,John Neely Bryan Elem,Dallas ISD,B,21.5,463,https://txschools.net/campus/john-neely-bryan-elem-057905114
1750,7358,20,242905001,Kelton ISD,Kelton ISD,B,21.5,129,https://txschools.net/campus/kelton-isd-242905001
1750,7358,20,146906001,Liberty HS,Liberty ISD,B,21.5,757,https://txschools.net/campus/liberty-hs-146906001
1750,7358,20,227901005,Mccallum HS,Austin ISD,A,21.5,1952,https://txschools.net/campus/mccallum-hs-227901005
1750,7358,20,101905103,McGhee Elem,Channelview ISD,C,21.5,988,https://txschools.net/campus/mcghee-elem-101905103
1750,7358,20,174904112,Mike Moses Elem,Nacogdoches ISD,F,21.5,484,https://txschools.net/campus/mike-moses-elem-174904112
1750,7358,20,108906006,Rowe HS,McAllen ISD,A,21.5,1856,https://txschools.net/campus/rowe-hs-108906006
1750,7358,20,117903101,Sanford-Fritch Elem,Sanford-Fritch ISD,B,21.5,321,https://txschools.net/campus/sanford-fritch-elem-117903101
1750,7358,20,090904111,Stephen F Austin Elem,Pampa ISD,D,21.5,362,https://txschools.net/campus/stephen-f-austin-elem-090904111
1750,7358,20,108906112,Wilson Elem,McAllen ISD,C,21.5,364,https://txschools.net/campus/wilson-elem-108906112
1771,7358,20,127901001,Anson HS,Anson ISD,A,21.4,181,https://txschools.net/campus/anson-hs-127901001
1771,7358,20,220905163,Bruce Shulkey Elem,Fort Worth ISD,B,21.4,313,https://txschools.net/campus/bruce-shulkey-elem-220905163
1771,7358,20,145901002,Buffalo HS,Buffalo ISD,A,21.4,273,https://txschools.net/campus/buffalo-hs-145901002
1771,7358,20,057910132,Delmas F Morton Elem,Grand Prairie ISD,B,21.4,536,https://txschools.net/campus/delmas-f-morton-elem-057910132
1771,7358,20,079901042,George JH,Lamar CISD,C,21.4,1250,https://txschools.net/campus/george-jh-079901042
1771,7358,20,101902048,Grantham Academy,Aldine ISD,C,21.4,918,https://txschools.net/campus/grantham-academy-101902048
1771,7358,20,101912058,Gregory-Lincoln Ed Ctr,Houston ISD,B,21.4,384,https://txschools.net/campus/gregory-lincoln-ed-ctr-101912058
1771,7358,20,101912369,Gross Elem,Houston ISD,A,21.4,321,https://txschools.net/campus/gross-elem-101912369
1771,7358,20,220907106,Heritage Elem,Keller ISD,D,21.4,508,https://txschools.net/campus/heritage-elem-220907106
1771,7358,20,014909107,Jefferson Elem,Temple ISD,C,21.4,497,https://txschools.net/campus/jefferson-elem-014909107
1771,7358,20,175903102,Jose Antonio Navarro Elem,Corsicana ISD,F,21.4,535,https://txschools.net/campus/jose-antonio-navarro-elem-175903102
1771,7358,20,094901106,McQueeney Elem,Seguin ISD,C,21.4,311,https://txschools.net/campus/mcqueeney-elem-094901106
1771,7358,20,015916111,Miller's Point Elem,Judson ISD,D,21.4,491,https://txschools.net/campus/miller-s-point-elem-015916111
1771,7358,20,121904103,Parnell Elem,Jasper ISD,D,21.4,412,https://txschools.net/campus/parnell-elem-121904103
1771,7358,20,082903041,Pearsall JH,Pearsall ISD,B,21.4,432,https://txschools.net/campus/pearsall-jh-082903041
1771,7358,20,170908106,Robert Crippen Elem,New Caney ISD,C,21.4,659,https://txschools.net/campus/robert-crippen-elem-170908106
1771,7358,20,208902043,Snyder JH,Snyder ISD,F,21.4,475,https://txschools.net/campus/snyder-jh-208902043
1771,7358,20,220908042,T A Howard MS,Mansfield ISD,B,21.4,688,https://txschools.net/campus/t-a-howard-ms-220908042
1771,7358,20,146907001,Tarkington HS,Tarkington ISD,B,21.4,530,https://txschools.net/campus/tarkington-hs-146907001
1771,7358,20,214903109,Veterans Memorial Elem,Roma ISD,A,21.4,439,https://txschools.net/campus/veterans-memorial-elem-214903109
1771,7358,20,220905172,W J Turner Elem,Fort Worth ISD,C,21.4,318,https://txschools.net/campus/w-j-turner-elem-220905172
1792,7358,17,214901104,Alberto and Celia Barrera Elem,Rio Grande City Grulla ISD,A,21.3,400,https://txschools.net/campus/alberto-and-celia-barrera-elem-214901104
1792,7358,17,057905280,Anne Frank Elem,Dallas ISD,B,21.3,1052,https://txschools.net/campus/anne-frank-elem-057905280
1792,7358,17,071906041,Anthony MS,Anthony ISD,A,21.3,166,https://txschools.net/campus/anthony-ms-071906041
1792,7358,17,015910003,Churchill HS,North East ISD,B,21.3,2277,https://txschools.net/campus/churchill-hs-015910003
1792,7358,17,015904103,Collier Elem,Harlandale ISD,C,21.3,454,https://txschools.net/campus/collier-elem-015904103
1792,7358,17,054901001,Crosbyton CISD Pre K-12,Crosbyton CISD,C,21.3,293,https://txschools.net/campus/crosbyton-cisd-pre-k-12-054901001
1792,7358,17,220901125,Dunn Elem,Arlington ISD,D,21.3,467,https://txschools.net/campus/dunn-elem-220901125
1792,7358,17,247901041,Floresville MS,Floresville ISD,B,21.3,872,https://txschools.net/campus/floresville-ms-247901041
1792,7358,17,031901130,Gonzalez Elem,Brownsville ISD,A,21.3,576,https://txschools.net/campus/gonzalez-elem-031901130
1792,7358,17,050910102,Hettie Halstead Elem,Copperas Cove ISD,B,21.3,409,https://txschools.net/campus/hettie-halstead-elem-050910102
1792,7358,17,108912046,Irene M Garcia MS,La Joya ISD,B,21.3,590,https://txschools.net/campus/irene-m-garcia-ms-108912046
1792,7358,17,231901102,McCamey Pri,McCamey ISD,C,21.3,182,https://txschools.net/campus/mccamey-pri-231901102
1792,7358,17,220918107,Remington Point Elem,Eagle Mt-Saginaw ISD,D,21.3,460,https://txschools.net/campus/remington-point-elem-220918107
1792,7358,17,079907116,Ridgegate Elem,Fort Bend ISD,C,21.3,397,https://txschools.net/campus/ridgegate-elem-079907116
1792,7358,17,014908001,Salado HS,Salado ISD,B,21.3,841,https://txschools.net/campus/salado-hs-014908001
1792,7358,17,094902001,Samuel Clemens HS,Schertz-Cibolo-U City ISD,C,21.3,2601,https://txschools.net/campus/samuel-clemens-hs-094902001
1792,7358,17,220905169,Sunrise - McMillan Elem,Fort Worth ISD,F,21.3,378,https://txschools.net/campus/sunrise-mcmillan-elem-220905169
1792,7358,17,212910101,Winona Elem,Winona ISD,F,21.3,558,https://txschools.net/campus/winona-elem-212910101
1810,7358,12,015915125,Boone Elem,Northside ISD,C,21.2,439,https://txschools.net/campus/boone-elem-015915125
1810,7358,12,235902123,C O Chandler Elem,Victoria ISD,F,21.2,416,https://txschools.net/campus/c-o-chandler-elem-235902123
1810,7358,12,031903122,Dr Hesiquio Rodriguez Elem,Harlingen CISD,B,21.2,644,https://txschools.net/campus/dr-hesiquio-rodriguez-elem-031903122
1810,7358,12,149901001,George West HS,George West ISD,A,21.2,279,https://txschools.net/campus/george-west-hs-149901001
1810,7358,12,068901114,Ireland Elem,Ector County ISD,D,21.2,397,https://txschools.net/campus/ireland-elem-068901114
1810,7358,12,220908004,Mansfield Timberview HS,Mansfield ISD,A,21.2,1683,https://txschools.net/campus/mansfield-timberview-hs-220908004
1810,7358,12,220901135,Miller Elem,Arlington ISD,F,21.2,524,https://txschools.net/campus/miller-elem-220901135
1810,7358,12,093904042,Navasota JH,Navasota ISD,B,21.2,686,https://txschools.net/campus/navasota-jh-093904042
1810,7358,12,015907155,Neal Elem,San Antonio ISD,B,21.2,493,https://txschools.net/campus/neal-elem-015907155
1810,7358,12,238902107,Parkway Elem,Monahans-Wickett-Pyote ISD,D,21.2,644,https://txschools.net/campus/parkway-elem-238902107
1810,7358,12,071902055,Richardson MS,El Paso ISD,B,21.2,778,https://txschools.net/campus/richardson-ms-071902055
1810,7358,12,220905120,Rufino Mendoza Sr Elem,Fort Worth ISD,D,21.2,334,https://txschools.net/campus/rufino-mendoza-sr-elem-220905120
1810,7358,12,071902143,Travis Elem,El Paso ISD,A,21.2,161,https://txschools.net/campus/travis-elem-071902143
1823,7358,18,108904126,Anne L Magee Elem,Edinburg CISD,D,21.1,448,https://txschools.net/campus/anne-l-magee-elem-108904126
1823,7358,18,101912111,Bonham Elem,Houston ISD,C,21.1,761,https://txschools.net/campus/bonham-elem-101912111
1823,7358,18,221901104,Bowie STEM Academy,Abilene ISD,F,21.1,582,https://txschools.net/campus/bowie-stem-academy-221901104
1823,7358,18,061901127,Catherine Bell Elem,Denton ISD,C,21.1,540,https://txschools.net/campus/catherine-bell-elem-061901127
1823,7358,18,188901170,George Washington Carver Elem Academy,Amarillo ISD,F,21.1,337,https://txschools.net/campus/george-washington-carver-elem-academy-188901170
1823,7358,18,057912002,Irving HS,Irving ISD,B,21.1,2211,https://txschools.net/campus/irving-hs-057912002
1823,7358,18,101913102,Lakeland Elem,Humble ISD,D,21.1,944,https://txschools.net/campus/lakeland-elem-101913102
1823,7358,18,101903116,Landis Elem,Alief ISD,C,21.1,474,https://txschools.net/campus/landis-elem-101903116
1823,7358,18,074909001,Leonard HS,Leonard ISD,B,21.1,282,https://txschools.net/campus/leonard-hs-074909001
1823,7358,18,110902001,Levelland HS,Levelland ISD,A,21.1,768,https://txschools.net/campus/levelland-hs-110902001
1823,7358,18,101902145,Marcella Elem,Aldine ISD,B,21.1,625,https://txschools.net/campus/marcella-elem-101902145
1823,7358,18,009901001,Muleshoe HS,Muleshoe ISD,A,21.1,351,https://txschools.net/campus/muleshoe-hs-009901001
1823,7358,18,057905236,Nancy J Cochran Elem,Dallas ISD,C,21.1,475,https://txschools.net/campus/nancy-j-cochran-elem-057905236
1823,7358,18,091906110,Percy W Neblett Elem,Sherman ISD,C,21.1,428,https://txschools.net/campus/percy-w-neblett-elem-091906110
1823,7358,18,220901009,Seguin HS,Arlington ISD,B,21.1,1616,https://txschools.net/campus/seguin-hs-220901009
1823,7358,18,205906001,Sinton HS,Sinton ISD,B,21.1,527,https://txschools.net/campus/sinton-hs-205906001
1823,7358,18,129902109,Smith Int,Forney ISD,C,21.1,598,https://txschools.net/campus/smith-int-129902109
1823,7358,18,031903112,Travis Elem,Harlingen CISD,B,21.1,225,https://txschools.net/campus/travis-elem-031903112
1823,7358,18,170908041,White Oak MS,New Caney ISD,C,21.1,864,https://txschools.net/campus/white-oak-ms-170908041
1842,7358,16,116908101,A E Butler Int,Quinlan ISD,D,21,664,https://txschools.net/campus/a-e-butler-int-116908101
1842,7358,16,026901041,Caldwell JH,Caldwell ISD,B,21,271,https://txschools.net/campus/caldwell-jh-026901041
1842,7358,16,015915177,Carnahan Elem,Northside ISD,B,21,432,https://txschools.net/campus/carnahan-elem-015915177
1842,7358,16,220912103,Deer Creek Elem,Crowley ISD,C,21,553,https://txschools.net/campus/deer-creek-elem-220912103
1842,7358,16,061901131,Dorothy Martinez Elem,Denton ISD,C,21,551,https://txschools.net/campus/dorothy-martinez-elem-061901131
1842,7358,16,011902042,Elgin Int,Elgin ISD,F,21,455,https://txschools.net/campus/elgin-int-011902042
1842,7358,16,198905104,Hearne Elem,Hearne ISD,C,21,388,https://txschools.net/campus/hearne-elem-198905104
1842,7358,16,057905107,Jose 'Joe' May Elem,Dallas ISD,A,21,707,https://txschools.net/campus/jose-joe-may-elem-057905107
1842,7358,16,178904055,Kaffie MS,Corpus Christi ISD,B,21,787,https://txschools.net/campus/kaffie-ms-178904055
1842,7358,16,220918046,Marine Creek MS,Eagle Mt-Saginaw ISD,D,21,907,https://txschools.net/campus/marine-creek-ms-220918046
1842,7358,16,043911043,Mattei MS,Princeton ISD,B,21,1020,https://txschools.net/campus/mattei-ms-043911043
1842,7358,16,220902044,North Oaks MS,Birdville ISD,C,21,505,https://txschools.net/campus/north-oaks-ms-220902044
1842,7358,16,101902146,Ogden Elem,Aldine ISD,F,21,540,https://txschools.net/campus/ogden-elem-101902146
1842,7358,16,220901162,Patrick Elem,Arlington ISD,C,21,459,https://txschools.net/campus/patrick-elem-220901162
1842,7358,16,167904001,Priddy School,Priddy ISD,A,21,90,https://txschools.net/campus/priddy-school-167904001
1842,7358,16,101907048,Truitt MS,Cypress-Fairbanks ISD,B,21,1265,https://txschools.net/campus/truitt-ms-101907048
1842,7358,16,114901113,Washington Elem,Big Spring ISD,B,21,486,https://txschools.net/campus/washington-elem-114901113
1859,7358,19,220901004,Bowie HS,Arlington ISD,B,20.9,2065,https://txschools.net/campus/bowie-hs-220901004
1859,7358,19,160901041,Brady MS,Brady ISD,B,20.9,195,https://txschools.net/campus/brady-ms-160901041
1859,7358,19,108904114,Canterbury Elem,Edinburg CISD,A,20.9,617,https://txschools.net/campus/canterbury-elem-108904114
1859,7358,19,116905104,Carver Elem,Greenville ISD,D,20.9,606,https://txschools.net/campus/carver-elem-116905104
1859,7358,19,129906109,Dr Bruce Wood Elem,Terrell ISD,F,20.9,709,https://txschools.net/campus/dr-bruce-wood-elem-129906109
1859,7358,19,074905001,Ector HS,Ector ISD,B,20.9,124,https://txschools.net/campus/ector-hs-074905001
1859,7358,19,003904001,Huntington HS,Huntington ISD,A,20.9,461,https://txschools.net/campus/huntington-hs-003904001
1859,7358,19,108909106,John Doedyns Elem,Pharr-San Juan-Alamo ISD,B,20.9,387,https://txschools.net/campus/john-doedyns-elem-108909106
1859,7358,19,108915041,Jose Borrego Preparatory Academy,Monte Alto ISD,C,20.9,163,https://txschools.net/campus/jose-borrego-preparatory-academy-108915041
1859,7358,19,108904113,L B Johnson Elem,Edinburg CISD,B,20.9,413,https://txschools.net/campus/l-b-johnson-elem-108904113
1859,7358,19,101907046,Labay MS,Cypress-Fairbanks ISD,B,20.9,1044,https://txschools.net/campus/labay-ms-101907046
1859,7358,19,108902111,M Rivas Pri Discovery Academy,Donna ISD,D,20.9,456,https://txschools.net/campus/m-rivas-pri-discovery-academy-108902111
1859,7358,19,101912207,Montgomery Elem,Houston ISD,C,20.9,381,https://txschools.net/campus/montgomery-elem-101912207
1859,7358,19,048903001,Paint Rock School,Paint Rock ISD,B,20.9,232,https://txschools.net/campus/paint-rock-school-048903001
1859,7358,19,227901171,Palm Elem,Austin ISD,B,20.9,299,https://txschools.net/campus/palm-elem-227901171
1859,7358,19,227901164,Pickle Elem,Austin ISD,F,20.9,349,https://txschools.net/campus/pickle-elem-227901164
1859,7358,19,034907001,Queen City HS,Queen City ISD,B,20.9,256,https://txschools.net/campus/queen-city-hs-034907001
1859,7358,19,057909043,Sam Houston MS,Garland ISD,C,20.9,729,https://txschools.net/campus/sam-houston-ms-057909043
1859,7358,19,090904117,William B Travis Elem,Pampa ISD,C,20.9,443,https://txschools.net/campus/william-b-travis-elem-090904117
1859,7358,19,015916114,William Paschall Elem,Judson ISD,C,20.9,659,https://txschools.net/campus/william-paschall-elem-015916114
1879,7358,16,165901133,Barbara Fasken Elem,Midland ISD,B,20.8,886,https://txschools.net/campus/barbara-fasken-elem-165901133
1879,7358,16,057905122,C F Carr Elem,Dallas ISD,B,20.8,260,https://txschools.net/campus/c-f-carr-elem-057905122
1879,7358,16,116903101,Commerce Elem,Commerce ISD,F,20.8,401,https://txschools.net/campus/commerce-elem-116903101
1879,7358,16,061901003,Denton HS,Denton ISD,C,20.8,2068,https://txschools.net/campus/denton-hs-061901003
1879,7358,16,057916103,Dover Elem,Richardson ISD,D,20.8,663,https://txschools.net/campus/dover-elem-057916103
1879,7358,16,057910131,Hobbs Williams Elem,Grand Prairie ISD,D,20.8,570,https://txschools.net/campus/hobbs-williams-elem-057910131
1879,7358,16,236902106,Huntsville Elem,Huntsville ISD,D,20.8,655,https://txschools.net/campus/huntsville-elem-236902106
1879,7358,16,034905002,Linden-Kildare HS,Linden-Kildare CISD,A,20.8,173,https://txschools.net/campus/linden-kildare-hs-034905002
1879,7358,16,043910011,McMillen HS,Plano ISD,B,20.8,1074,https://txschools.net/campus/mcmillen-hs-043910011
1879,7358,16,015910110,Oak Grove Elem,North East ISD,B,20.8,456,https://txschools.net/campus/oak-grove-elem-015910110
1879,7358,16,230903102,Ore City Elem,Ore City ISD,C,20.8,373,https://txschools.net/campus/ore-city-elem-230903102
1879,7358,16,146901106,Pine Burr Elem,Cleveland ISD,F,20.8,1050,https://txschools.net/campus/pine-burr-elem-146901106
1879,7358,16,043910006,Plano East Sr HS,Plano ISD,A,20.8,2976,https://txschools.net/campus/plano-east-sr-hs-043910006
1879,7358,16,015912041,Ronald E McNair MS,Southwest ISD,B,20.8,802,https://txschools.net/campus/ronald-e-mcnair-ms-015912041
1879,7358,16,084901108,San Leon Elem,Dickinson ISD,C,20.8,558,https://txschools.net/campus/san-leon-elem-084901108
1879,7358,16,031916005,South Texas ISD Science Academy,South Texas ISD,A,20.8,870,https://txschools.net/campus/south-texas-isd-science-academy-031916005
1879,7358,16,205907101,Woodroe Petty Elem,Taft ISD,C,20.8,384,https://txschools.net/campus/woodroe-petty-elem-205907101
1896,7358,24,101912106,Atherton Elem,Houston ISD,C,20.7,386,https://txschools.net/campus/atherton-elem-101912106
1896,7358,24,014902001,Bartlett Schools,Bartlett ISD,C,20.7,398,https://txschools.net/campus/bartlett-schools-014902001
1896,7358,24,152901206,Bean Elem,Lubbock ISD,F,20.7,401,https://txschools.net/campus/bean-elem-152901206
1896,7358,24,101917143,Bobby Shaw MS,Pasadena ISD,D,20.7,620,https://txschools.net/campus/bobby-shaw-ms-101917143
1896,7358,24,095905124,Central Elem,Plainview ISD,C,20.7,371,https://txschools.net/campus/central-elem-095905124
1896,7358,24,025902101,Coggin Elem,Brownwood ISD,C,20.7,668,https://txschools.net/campus/coggin-elem-025902101
1896,7358,24,112905102,Cumby Collegiate Elem,Cumby Collegiate ISD,C,20.7,144,https://txschools.net/campus/cumby-collegiate-elem-112905102
1896,7358,24,101915118,Eiland Elem,Klein ISD,B,20.7,576,https://txschools.net/campus/eiland-elem-101915118
1896,7358,24,015904107,Gillette Elem,Harlandale ISD,C,20.7,510,https://txschools.net/campus/gillette-elem-015904107
1896,7358,24,111901041,Granbury MS,Granbury ISD,D,20.7,922,https://txschools.net/campus/granbury-ms-111901041
1896,7358,24,235902043,Howell MS,Victoria ISD,C,20.7,673,https://txschools.net/campus/howell-ms-235902043
1896,7358,24,057905131,Ignacio Zaragoza Elem,Dallas ISD,B,20.7,260,https://txschools.net/campus/ignacio-zaragoza-elem-057905131
1896,7358,24,128901001,Karnes City HS,Karnes City ISD,A,20.7,271,https://txschools.net/campus/karnes-city-hs-128901001
1896,7358,24,221901044,Madison MS,Abilene ISD,D,20.7,765,https://txschools.net/campus/madison-ms-221901044
1896,7358,24,152901170,Maedgen Elem,Lubbock ISD,B,20.7,324,https://txschools.net/campus/maedgen-elem-152901170
1896,7358,24,220905143,McRae Elem,Fort Worth ISD,D,20.7,695,https://txschools.net/campus/mcrae-elem-220905143
1896,7358,24,020905116,O'Hara Lanier Elem,Brazosport ISD,C,20.7,427,https://txschools.net/campus/o-hara-lanier-elem-020905116
1896,7358,24,101903140,Owens Int,Alief ISD,D,20.7,800,https://txschools.net/campus/owens-int-101903140
1896,7358,24,170908101,Porter Elem,New Caney ISD,C,20.7,933,https://txschools.net/campus/porter-elem-170908101
1896,7358,24,057914004,Poteet HS,Mesquite ISD,B,20.7,1482,https://txschools.net/campus/poteet-hs-057914004
1896,7358,24,084906105,Roosevelt-Wilson Elem,Texas City ISD,B,20.7,415,https://txschools.net/campus/roosevelt-wilson-elem-084906105
1896,7358,24,156902001,Stanton HS,Stanton ISD,B,20.7,322,https://txschools.net/campus/stanton-hs-156902001
1896,7358,24,021902041,Stephen F Austin,Bryan ISD,C,20.7,1205,https://txschools.net/campus/stephen-f-austin-021902041
1896,7358,24,072901101,Three Way JH/HS,Three Way ISD,C,20.7,90,https://txschools.net/campus/three-way-jh-hs-072901101
1896,7358,24,057905100,Zan Wesley Holmes Jr MS,Dallas ISD,B,20.7,505,https://txschools.net/campus/zan-wesley-holmes-jr-ms-057905100
1921,7358,22,031903110,Ben Milam Elem,Harlingen CISD,B,20.6,354,https://txschools.net/campus/ben-milam-elem-031903110
1921,7358,22,071902110,Coldwell Elem,El Paso ISD,A,20.6,330,https://txschools.net/campus/coldwell-elem-071902110
1921,7358,22,159901104,Dena Kelso Graves Elem,Eagle Pass ISD,B,20.6,527,https://txschools.net/campus/dena-kelso-graves-elem-159901104
1921,7358,22,015910042,Garner MS,North East ISD,C,20.6,838,https://txschools.net/campus/garner-ms-015910042
1921,7358,22,011902105,Harvest Ridge Elem,Elgin ISD,D,20.6,745,https://txschools.net/campus/harvest-ridge-elem-011902105
1921,7358,22,250902001,Hawkins HS / MS,Hawkins ISD,B,20.6,409,https://txschools.net/campus/hawkins-hs-ms-250902001
1921,7358,22,101911044,Highlands JH,Goose Creek CISD,D,20.6,748,https://txschools.net/campus/highlands-jh-101911044
1921,7358,22,101912175,Hobby Elem,Houston ISD,B,20.6,417,https://txschools.net/campus/hobby-elem-101912175
1921,7358,22,015915051,Jordan MS,Northside ISD,B,20.6,995,https://txschools.net/campus/jordan-ms-015915051
1921,7358,22,128901041,Karnes City JH,Karnes City ISD,B,20.6,204,https://txschools.net/campus/karnes-city-jh-128901041
1921,7358,22,220901128,Key Elem,Arlington ISD,D,20.6,354,https://txschools.net/campus/key-elem-220901128
1921,7358,22,091903113,Lamar Elem,Denison ISD,D,20.6,402,https://txschools.net/campus/lamar-elem-091903113
1921,7358,22,228903103,Lansberry Elem,Trinity ISD,F,20.6,553,https://txschools.net/campus/lansberry-elem-228903103
1921,7358,22,240903047,Los Obispos MS,United ISD,A,20.6,579,https://txschools.net/campus/los-obispos-ms-240903047
1921,7358,22,057905226,Martin Weiss Elem,Dallas ISD,B,20.6,448,https://txschools.net/campus/martin-weiss-elem-057905226
1921,7358,22,158904101,Matagorda ISD,Matagorda ISD,C,20.6,118,https://txschools.net/campus/matagorda-isd-158904101
1921,7358,22,163908001,Medina Valley HS,Medina Valley ISD,B,20.6,2852,https://txschools.net/campus/medina-valley-hs-163908001
1921,7358,22,043918103,Nesmith Elem,Community ISD,C,20.6,568,https://txschools.net/campus/nesmith-elem-043918103
1921,7358,22,220905156,Ridglea Hills Elem,Fort Worth ISD,C,20.6,697,https://txschools.net/campus/ridglea-hills-elem-220905156
1921,7358,22,004901001,Rockport-Fulton HS,Rockport-Fulton ISD,B,20.6,889,https://txschools.net/campus/rockport-fulton-hs-004901001
1921,7358,22,029901043,Travis MS,Calhoun County ISD,C,20.6,670,https://txschools.net/campus/travis-ms-029901043
1921,7358,22,234906001,Van HS,Van ISD,B,20.6,718,https://txschools.net/campus/van-hs-234906001
1921,7358,22,152901184,Wester Elem,Lubbock ISD,A,20.6,390,https://txschools.net/campus/wester-elem-152901184
1944,7358,27,101913008,Atascocita HS,Humble ISD,B,20.5,3582,https://txschools.net/campus/atascocita-hs-101913008
1944,7358,27,230902041,Bruce JH,Gilmer ISD,B,20.5,430,https://txschools.net/campus/bruce-jh-230902041
1944,7358,27,101917126,Burnett Elem,Pasadena ISD,B,20.5,477,https://txschools.net/campus/burnett-elem-101917126
1944,7358,27,175903042,Collins Int,Corsicana ISD,D,20.5,882,https://txschools.net/campus/collins-int-175903042
1944,7358,27,130902041,Comfort MS,Comfort ISD,C,20.5,224,https://txschools.net/campus/comfort-ms-130902041
1944,7358,27,214903110,Delia Gonzalez Garcia Elem,Roma ISD,A,20.5,454,https://txschools.net/campus/delia-gonzalez-garcia-elem-214903110
1944,7358,27,002901101,Devonian Elem,Andrews ISD,C,20.5,598,https://txschools.net/campus/devonian-elem-002901101
1944,7358,27,049901041,Gainesville JH,Gainesville ISD,D,20.5,447,https://txschools.net/campus/gainesville-jh-049901041
1944,7358,27,220912041,H F Stevens MS,Crowley ISD,C,20.5,726,https://txschools.net/campus/h-f-stevens-ms-220912041
1944,7358,27,059901043,Hereford Preparatory Academy,Hereford ISD,A,20.5,266,https://txschools.net/campus/hereford-preparatory-academy-059901043
1944,7358,27,070907001,Italy HS,Italy ISD,B,20.5,283,https://txschools.net/campus/italy-hs-070907001
1944,7358,27,220905187,J T Stevens Elem,Fort Worth ISD,C,20.5,341,https://txschools.net/campus/j-t-stevens-elem-220905187
1944,7358,27,057905051,John Lewis Social Justice Academy at O W Holmes,Dallas ISD,B,20.5,295,https://txschools.net/campus/john-lewis-social-justice-academy-at-o-w-holmes-057905051
1944,7358,27,245901101,Lasara Elem,Lasara ISD,B,20.5,226,https://txschools.net/campus/lasara-elem-245901101
1944,7358,27,061902001,Lewisville HS,Lewisville ISD,C,20.5,3772,https://txschools.net/campus/lewisville-hs-061902001
1944,7358,27,181908041,Little Cypress JH,Little Cypress-Mauriceville CISD,C,20.5,539,https://txschools.net/campus/little-cypress-jh-181908041
1944,7358,27,034905041,Mae Luster Stephens JH,Linden-Kildare CISD,B,20.5,134,https://txschools.net/campus/mae-luster-stephens-jh-034905041
1944,7358,27,027904001,Marble Falls HS,Marble Falls ISD,B,20.5,1135,https://txschools.net/campus/marble-falls-hs-027904001
1944,7358,27,220910103,Marine Creek Leadership Academy,Lake Worth ISD,D,20.5,451,https://txschools.net/campus/marine-creek-leadership-academy-220910103
1944,7358,27,227910113,Newton Collins Elem,Del Valle ISD,B,20.5,694,https://txschools.net/campus/newton-collins-elem-227910113
1944,7358,27,227907107,Oak Meadows Elem,Manor ISD,C,20.5,449,https://txschools.net/campus/oak-meadows-elem-227907107
1944,7358,27,015916105,Park Village Blended Learning Academy,Judson ISD,F,20.5,343,https://txschools.net/campus/park-village-blended-learning-academy-015916105
1944,7358,27,170902041,Peet JH,Conroe ISD,B,20.5,1379,https://txschools.net/campus/peet-jh-170902041
1944,7358,27,208902001,Snyder HS,Snyder ISD,B,20.5,704,https://txschools.net/campus/snyder-hs-208902001
1944,7358,27,019907042,Texas MS,Texarkana ISD,C,20.5,1371,https://txschools.net/campus/texas-ms-019907042
1944,7358,27,003903130,Trout Pri,Lufkin ISD,F,20.5,371,https://txschools.net/campus/trout-pri-003903130
1944,7358,27,181907001,Vidor HS,Vidor ISD,A,20.5,1169,https://txschools.net/campus/vidor-hs-181907001
1944,7358,27,031901117,Villa Nueva Elem,Brownsville ISD,B,20.5,352,https://txschools.net/campus/villa-nueva-elem-031901117
1972,7358,10,030903001,Baird HS,Baird ISD,A,20.4,141,https://txschools.net/campus/baird-hs-030903001
1972,7358,10,101911105,Carver Elem,Goose Creek CISD,D,20.4,684,https://txschools.net/campus/carver-elem-101911105
1972,7358,10,007901001,Charlotte HS,Charlotte ISD,B,20.4,125,https://txschools.net/campus/charlotte-hs-007901001
1972,7358,10,116905103,Crockett Elem,Greenville ISD,B,20.4,289,https://txschools.net/campus/crockett-elem-116905103
1972,7358,10,057905052,Piedmont Global Academy,Dallas ISD,C,20.4,419,https://txschools.net/campus/piedmont-global-academy-057905052
1972,7358,10,084901041,R D McAdams JH,Dickinson ISD,B,20.4,893,https://txschools.net/campus/r-d-mcadams-jh-084901041
1972,7358,10,101912186,Robinson Elem,Houston ISD,B,20.4,356,https://txschools.net/campus/robinson-elem-101912186
1972,7358,10,004901041,Rockport-Fulton MS,Rockport-Fulton ISD,D,20.4,652,https://txschools.net/campus/rockport-fulton-ms-004901041
1972,7358,10,108907107,Ruben Hinojosa Elem,Mercedes ISD,B,20.4,588,https://txschools.net/campus/ruben-hinojosa-elem-108907107
1972,7358,10,220905208,T A Sims Elem,Fort Worth ISD,C,20.4,684,https://txschools.net/campus/t-a-sims-elem-220905208
1972,7358,10,253901106,Zapata South Elem,Zapata County ISD,B,20.4,388,https://txschools.net/campus/zapata-south-elem-253901106
1983,7358,25,126901001,Alvarado HS,Alvarado ISD,A,20.3,1122,https://txschools.net/campus/alvarado-hs-126901001
1983,7358,25,101902101,Anderson Academy,Aldine ISD,D,20.3,551,https://txschools.net/campus/anderson-academy-101902101
1983,7358,25,108913044,Beatriz G Garza MS,Weslaco ISD,C,20.3,921,https://txschools.net/campus/beatriz-g-garza-ms-108913044
1983,7358,25,101912002,Bellaire HS,Houston ISD,A,20.3,3167,https://txschools.net/campus/bellaire-hs-101912002
1983,7358,25,101912048,Clifton MS,Houston ISD,B,20.3,288,https://txschools.net/campus/clifton-ms-101912048
1983,7358,25,068901127,El Magnet at Blackshear,Ector County ISD,F,20.3,629,https://txschools.net/campus/el-magnet-at-blackshear-068901127
1983,7358,25,015916113,Elolf STEAM Academy,Judson ISD,D,20.3,651,https://txschools.net/campus/elolf-steam-academy-015916113
1983,7358,25,108906114,Fields Elem,McAllen ISD,A,20.3,407,https://txschools.net/campus/fields-elem-108906114
1983,7358,25,183904001,Gary School,Gary ISD,D,20.3,478,https://txschools.net/campus/gary-school-183904001
1983,7358,25,014906007,Harker Heights HS,Killeen ISD,A,20.3,2175,https://txschools.net/campus/harker-heights-hs-014906007
1983,7358,25,015915184,Hatchett Elem,Northside ISD,B,20.3,572,https://txschools.net/campus/hatchett-elem-015915184
1983,7358,25,146905001,Hull-Daisetta HS,Hull-Daisetta ISD,C,20.3,103,https://txschools.net/campus/hull-daisetta-hs-146905001
1983,7358,25,220917041,Irma Marsh MS,Castleberry ISD,A,20.3,821,https://txschools.net/campus/irma-marsh-ms-220917041
1983,7358,25,126903104,Irving Elem,Cleburne ISD,F,20.3,411,https://txschools.net/campus/irving-elem-126903104
1983,7358,25,227910112,Joseph Gilbert Elem,Del Valle ISD,C,20.3,659,https://txschools.net/campus/joseph-gilbert-elem-227910112
1983,7358,25,101917144,Keller MS,Pasadena ISD,D,20.3,539,https://txschools.net/campus/keller-ms-101917144
1983,7358,25,141901001,Lampasas HS,Lampasas ISD,A,20.3,1133,https://txschools.net/campus/lampasas-hs-141901001
1983,7358,25,170906002,Magnolia West HS,Magnolia ISD,A,20.3,2271,https://txschools.net/campus/magnolia-west-hs-170906002
1983,7358,25,212905045,Moore MS,Tyler ISD,B,20.3,1079,https://txschools.net/campus/moore-ms-212905045
1983,7358,25,150901102,Packsaddle Elem,Llano ISD,D,20.3,619,https://txschools.net/campus/packsaddle-elem-150901102
1983,7358,25,108906121,Roosevelt Elem,McAllen ISD,D,20.3,332,https://txschools.net/campus/roosevelt-elem-108906121
1983,7358,25,240901116,Santo Nino Elem,Laredo ISD,A,20.3,511,https://txschools.net/campus/santo-nino-elem-240901116
1983,7358,25,220905058,Stripling MS,Fort Worth ISD,C,20.3,509,https://txschools.net/campus/stripling-ms-220905058
1983,7358,25,101912243,Thompson Elem,Houston ISD,B,20.3,378,https://txschools.net/campus/thompson-elem-101912243
1983,7358,25,071902153,Whitaker Elem,El Paso ISD,D,20.3,417,https://txschools.net/campus/whitaker-elem-071902153
1983,7358,25,057907104,William Lee Hastings Elem,Duncanville ISD,B,20.3,566,https://txschools.net/campus/william-lee-hastings-elem-057907104
2009,7358,26,123910101,Amelia Elem,Beaumont ISD,D,20.2,645,https://txschools.net/campus/amelia-elem-123910101
2009,7358,26,121902001,Brookeland HS,Brookeland ISD,B,20.2,184,https://txschools.net/campus/brookeland-hs-121902001
2009,7358,26,170902011,Caney Creek HS,Conroe ISD,B,20.2,2831,https://txschools.net/campus/caney-creek-hs-170902011
2009,7358,26,071902149,Clendenin Elem,El Paso ISD,C,20.2,478,https://txschools.net/campus/clendenin-elem-071902149
2009,7358,26,123910105,Curtis Elem,Beaumont ISD,D,20.2,490,https://txschools.net/campus/curtis-elem-123910105
2009,7358,26,101907011,Cypress Woods HS,Cypress-Fairbanks ISD,A,20.2,3538,https://txschools.net/campus/cypress-woods-hs-101907011
2009,7358,26,101908001,Deer Park HS,Deer Park ISD,B,20.2,4100,https://txschools.net/campus/deer-park-hs-101908001
2009,7358,26,071909008,Eastlake HS,Socorro ISD,B,20.2,3029,https://txschools.net/campus/eastlake-hs-071909008
2009,7358,26,057910106,Florence Hill Elem,Grand Prairie ISD,F,20.2,525,https://txschools.net/campus/florence-hill-elem-057910106
2009,7358,26,101911107,Harlem Elem,Goose Creek CISD,D,20.2,742,https://txschools.net/campus/harlem-elem-101911107
2009,7358,26,031903002,Harlingen HS - South,Harlingen CISD,B,20.2,1995,https://txschools.net/campus/harlingen-hs-south-031903002
2009,7358,26,043902101,Joe K Bryant Elem,Anna ISD,F,20.2,557,https://txschools.net/campus/joe-k-bryant-elem-043902101
2009,7358,26,175907001,Kerens School,Kerens ISD,B,20.2,692,https://txschools.net/campus/kerens-school-175907001
2009,7358,26,079901041,Lamar JH,Lamar CISD,C,20.2,1000,https://txschools.net/campus/lamar-jh-079901041
2009,7358,26,150901001,Llano HS,Llano ISD,B,20.2,534,https://txschools.net/campus/llano-hs-150901001
2009,7358,26,246913106,Lois F Giddens Elem,Leander ISD,D,20.2,439,https://txschools.net/campus/lois-f-giddens-elem-246913106
2009,7358,26,126903103,Marti Elem,Cleburne ISD,B,20.2,444,https://txschools.net/campus/marti-elem-126903103
2009,7358,26,205904102,Mathis Int,Mathis ISD,C,20.2,317,https://txschools.net/campus/mathis-int-205904102
2009,7358,26,031903042,Memorial MS,Harlingen CISD,A,20.2,698,https://txschools.net/campus/memorial-ms-031903042
2009,7358,26,101914013,Paetow HS,Katy ISD,B,20.2,3119,https://txschools.net/campus/paetow-hs-101914013
2009,7358,26,015907133,Rodriguez Montessori Elem,San Antonio ISD,D,20.2,258,https://txschools.net/campus/rodriguez-montessori-elem-015907133
2009,7358,26,220912112,S H Crowley Elem,Crowley ISD,C,20.2,447,https://txschools.net/campus/s-h-crowley-elem-220912112
2009,7358,26,203901002,San Augustine HS,San Augustine ISD,C,20.2,273,https://txschools.net/campus/san-augustine-hs-203901002
2009,7358,26,015907025,St Philip's Early College HS,San Antonio ISD,A,20.2,324,https://txschools.net/campus/st-philip-s-early-college-hs-015907025
2009,7358,26,071902052,Wiggs MS,El Paso ISD,A,20.2,935,https://txschools.net/campus/wiggs-ms-071902052
2009,7358,26,108916104,Wilbur E Lucas Elem,Valley View ISD,B,20.2,526,https://txschools.net/campus/wilbur-e-lucas-elem-108916104
2009,7358,26,031903114,Zavala Elem,Harlingen CISD,B,20.2,303,https://txschools.net/campus/zavala-elem-031903114
2036,7358,18,198901001,Bremond HS,Bremond ISD,A,20.1,152,https://txschools.net/campus/bremond-hs-198901001
2036,7358,18,057905155,C A Tatum Jr Elem,Dallas ISD,B,20.1,418,https://txschools.net/campus/c-a-tatum-jr-elem-057905155
2036,7358,18,108904123,Cavazos Elem,Edinburg CISD,B,20.1,482,https://txschools.net/campus/cavazos-elem-108904123
2036,7358,18,228904001,Centerville HS,Centerville ISD,D,20.1,143,https://txschools.net/campus/centerville-hs-228904001
2036,7358,18,015915005,Clark HS,Northside ISD,C,20.1,2637,https://txschools.net/campus/clark-hs-015915005
2036,7358,18,046902004,Davenport HS,Comal ISD,A,20.1,1248,https://txschools.net/campus/davenport-hs-046902004
2036,7358,18,101911120,De Zavala Elem,Goose Creek CISD,D,20.1,491,https://txschools.net/campus/de-zavala-elem-101911120
2036,7358,18,015910105,East Terrell Hills Elem,North East ISD,C,20.1,536,https://txschools.net/campus/east-terrell-hills-elem-015910105
2036,7358,18,028903041,Gilbert Gerdes JH,Luling ISD,C,20.1,328,https://txschools.net/campus/gilbert-gerdes-jh-028903041
2036,7358,18,015911102,Harmony Elem,East Central ISD,D,20.1,794,https://txschools.net/campus/harmony-elem-015911102
2036,7358,18,101903123,Horn Elem,Alief ISD,C,20.1,611,https://txschools.net/campus/horn-elem-101903123
2036,7358,18,129902043,Jackson MS,Forney ISD,B,20.1,894,https://txschools.net/campus/jackson-ms-129902043
2036,7358,18,015915054,Luna MS,Northside ISD,C,20.1,1169,https://txschools.net/campus/luna-ms-015915054
2036,7358,18,101915122,McDougle Elem,Klein ISD,C,20.1,571,https://txschools.net/campus/mcdougle-elem-101915122
2036,7358,18,108908111,Ollie O'Grady Elem,Mission CISD,B,20.1,428,https://txschools.net/campus/ollie-o-grady-elem-108908111
2036,7358,18,042905001,Panther Creek School,Panther Creek CISD,B,20.1,139,https://txschools.net/campus/panther-creek-school-042905001
2036,7358,18,015909104,S/Sgt Michael P Barrera Veterans Elem,Somerset ISD,B,20.1,563,https://txschools.net/campus/s-sgt-michael-p-barrera-veterans-elem-015909104
2036,7358,18,084909041,Santa Fe JH,Santa Fe ISD,C,20.1,1010,https://txschools.net/campus/santa-fe-jh-084909041
2036,7358,18,170908114,Tavola Elem,New Caney ISD,D,20.1,807,https://txschools.net/campus/tavola-elem-170908114
2055,7358,25,059901101,Aikman Elem,Hereford ISD,A,20,454,https://txschools.net/campus/aikman-elem-059901101
2055,7358,25,043902001,Anna HS,Anna ISD,B,20,1791,https://txschools.net/campus/anna-hs-043902001
2055,7358,25,175903101,Bowie Elem,Corsicana ISD,B,20,493,https://txschools.net/campus/bowie-elem-175903101
2055,7358,25,108908108,Cantu Elem,Mission CISD,B,20,516,https://txschools.net/campus/cantu-elem-108908108
2055,7358,25,108904125,Carmen V Avila Elem,Edinburg CISD,C,20,656,https://txschools.net/campus/carmen-v-avila-elem-108904125
2055,7358,25,030902001,Clyde HS,Clyde CISD,A,20,445,https://txschools.net/campus/clyde-hs-030902001
2055,7358,25,021901102,College Hills Elem,College Station ISD,C,20,550,https://txschools.net/campus/college-hills-elem-021901102
2055,7358,25,057910104,David Daniels Elem Academy of Science & Math,Grand Prairie ISD,C,20,410,https://txschools.net/campus/david-daniels-elem-academy-of-science-math-057910104
2055,7358,25,101908041,Deepwater JH,Deer Park ISD,B,20,584,https://txschools.net/campus/deepwater-jh-101908041
2055,7358,25,241903041,El Campo MS,El Campo ISD,C,20,690,https://txschools.net/campus/el-campo-ms-241903041
2055,7358,25,050910101,Fairview/Miss Jewell Elem,Copperas Cove ISD,B,20,477,https://txschools.net/campus/fairview-miss-jewell-elem-050910101
2055,7358,25,149901041,George West JH,George West ISD,A,20,164,https://txschools.net/campus/george-west-jh-149901041
2055,7358,25,092901001,Gladewater HS,Gladewater ISD,A,20,469,https://txschools.net/campus/gladewater-hs-092901001
2055,7358,25,147902001,Groesbeck HS,Groesbeck ISD,B,20,463,https://txschools.net/campus/groesbeck-hs-147902001
2055,7358,25,014906119,Hay Branch Elem,Killeen ISD,C,20,509,https://txschools.net/campus/hay-branch-elem-014906119
2055,7358,25,101912012,Heights HS,Houston ISD,A,20,2462,https://txschools.net/campus/heights-hs-101912012
2055,7358,25,108909047,Jaime Escalante MS,Pharr-San Juan-Alamo ISD,B,20,518,https://txschools.net/campus/jaime-escalante-ms-108909047
2055,7358,25,101913013,Kingwood Park HS,Humble ISD,A,20,1868,https://txschools.net/campus/kingwood-park-hs-101913013
2055,7358,25,188901134,Mesa Verde Elem,Amarillo ISD,C,20,397,https://txschools.net/campus/mesa-verde-elem-188901134
2055,7358,25,101913047,Ross Sterling MS,Humble ISD,B,20,886,https://txschools.net/campus/ross-sterling-ms-101913047
2055,7358,25,057909136,Toler Elem,Garland ISD,B,20,451,https://txschools.net/campus/toler-elem-057909136
2055,7358,25,178912104,Tuloso-Midway Int,Tuloso-Midway ISD,C,20,842,https://txschools.net/campus/tuloso-midway-int-178912104
2055,7358,25,070912002,Waxahachie HS,Waxahachie ISD,B,20,3029,https://txschools.net/campus/waxahachie-hs-070912002
2055,7358,25,184903001,Weatherford HS,Weatherford ISD,B,20,2385,https://txschools.net/campus/weatherford-hs-184903001
2055,7358,25,101912099,West Briar MS,Houston ISD,B,20,844,https://txschools.net/campus/west-briar-ms-101912099
2055,7358,25,108904110,Zavala Elem,Edinburg CISD,D,20,553,https://txschools.net/campus/zavala-elem-108904110
2081,7358,18,014903001,Belton HS,Belton ISD,B,19.9,1736,https://txschools.net/campus/belton-hs-014903001
2081,7358,18,161914104,Brook Avenue Elem,Waco ISD,D,19.9,360,https://txschools.net/campus/brook-avenue-elem-161914104
2081,7358,18,116908041,C B Thompson MS,Quinlan ISD,C,19.9,645,https://txschools.net/campus/c-b-thompson-ms-116908041
2081,7358,18,084910001,Clear Creek HS,Clear Creek ISD,A,19.9,2338,https://txschools.net/campus/clear-creek-hs-084910001
2081,7358,18,123910126,Dishman Elem,Beaumont ISD,F,19.9,508,https://txschools.net/campus/dishman-elem-123910126
2081,7358,18,101915105,Epps Island Elem,Klein ISD,B,19.9,716,https://txschools.net/campus/epps-island-elem-101915105
2081,7358,18,046902127,Farias-Spitzer Elem,Comal ISD,B,19.9,671,https://txschools.net/campus/farias-spitzer-elem-046902127
2081,7358,18,105902041,Goodnight MS,San Marcos CISD,D,19.9,891,https://txschools.net/campus/goodnight-ms-105902041
2081,7358,18,057905279,Jerry R Junkins Elem,Dallas ISD,C,19.9,731,https://txschools.net/campus/jerry-r-junkins-elem-057905279
2081,7358,18,105906044,Laura B Wallace MS,Hays CISD,C,19.9,871,https://txschools.net/campus/laura-b-wallace-ms-105906044
2081,7358,18,061914001,Little Elm HS,Little Elm ISD,B,19.9,2439,https://txschools.net/campus/little-elm-hs-061914001
2081,7358,18,031903045,Moises Vela MS,Harlingen CISD,A,19.9,747,https://txschools.net/campus/moises-vela-ms-031903045
2081,7358,18,071905003,Parkland HS,Ysleta ISD,A,19.9,1542,https://txschools.net/campus/parkland-hs-071905003
2081,7358,18,057916114,Stults Road Elem,Richardson ISD,D,19.9,618,https://txschools.net/campus/stults-road-elem-057916114
2081,7358,18,101921042,Tomball JH,Tomball ISD,B,19.9,790,https://txschools.net/campus/tomball-jh-101921042
2081,7358,18,246909137,Union Hill Elem,Round Rock ISD,D,19.9,572,https://txschools.net/campus/union-hill-elem-246909137
2081,7358,18,161914129,West Avenue Elem,Waco ISD,F,19.9,268,https://txschools.net/campus/west-avenue-elem-161914129
2081,7358,18,202905002,West Sabine HS,West Sabine ISD,B,19.9,296,https://txschools.net/campus/west-sabine-hs-202905002
2081,7358,18,146902041,Wilson JH,Dayton ISD,D,19.9,1325,https://txschools.net/campus/wilson-jh-146902041
2100,7358,20,022901101,Alpine Elem,Alpine ISD,C,19.8,458,https://txschools.net/campus/alpine-elem-022901101
2100,7358,20,071902165,Barron Elem,El Paso ISD,C,19.8,375,https://txschools.net/campus/barron-elem-071902165
2100,7358,20,108904104,Betts Elem,Edinburg CISD,B,19.8,520,https://txschools.net/campus/betts-elem-108904104
2100,7358,20,227901185,Blazier Elem,Austin ISD,B,19.8,701,https://txschools.net/campus/blazier-elem-227901185
2100,7358,20,101912138,De Zavala Elem,Houston ISD,A,19.8,218,https://txschools.net/campus/de-zavala-elem-101912138
2100,7358,20,108910041,Dorothy Thompson MS,Progreso ISD,B,19.8,260,https://txschools.net/campus/dorothy-thompson-ms-108910041
2100,7358,20,101912149,Emerson Elem,Houston ISD,B,19.8,928,https://txschools.net/campus/emerson-elem-101912149
2100,7358,20,057905190,George Peabody Elem,Dallas ISD,B,19.8,310,https://txschools.net/campus/george-peabody-elem-057905190
2100,7358,20,126911001,Godley HS,Godley ISD,B,19.8,939,https://txschools.net/campus/godley-hs-126911001
2100,7358,20,015915045,Hobby MS,Northside ISD,B,19.8,1190,https://txschools.net/campus/hobby-ms-015915045
2100,7358,20,079901105,Jane Long Elem,Lamar CISD,D,19.8,388,https://txschools.net/campus/jane-long-elem-079901105
2100,7358,20,134901041,Junction MS,Junction ISD,D,19.8,127,https://txschools.net/campus/junction-ms-134901041
2100,7358,20,084906104,Manuel Guajardo Jr Elem,Texas City ISD,B,19.8,471,https://txschools.net/campus/manuel-guajardo-jr-elem-084906104
2100,7358,20,069902101,Nueces Canyon Elem,Nueces Canyon CISD,B,19.8,96,https://txschools.net/campus/nueces-canyon-elem-069902101
2100,7358,20,205905103,Odem Elem,Odem-Edroy ISD,C,19.8,235,https://txschools.net/campus/odem-elem-205905103
2100,7358,20,095905122,Plainview Int,Plainview ISD,B,19.8,507,https://txschools.net/campus/plainview-int-095905122
2100,7358,20,170904043,Robert P Brabham MS,Willis ISD,C,19.8,668,https://txschools.net/campus/robert-p-brabham-ms-170904043
2100,7358,20,165901045,San Jacinto JH,Midland ISD,C,19.8,915,https://txschools.net/campus/san-jacinto-jh-165901045
2100,7358,20,178909101,San Pedro Fine Arts Academy,Robstown ISD,F,19.8,270,https://txschools.net/campus/san-pedro-fine-arts-academy-178909101
2100,7358,20,020906041,Sweeny JH,Sweeny ISD,B,19.8,410,https://txschools.net/campus/sweeny-jh-020906041
2100,7358,20,079901109,Taylor Ray Elem,Lamar CISD,C,19.8,561,https://txschools.net/campus/taylor-ray-elem-079901109
2121,7358,36,101903118,Best Elem,Alief ISD,B,19.7,618,https://txschools.net/campus/best-elem-101903118
2121,7358,36,025902041,Brownwood MS,Brownwood ISD,B,19.7,490,https://txschools.net/campus/brownwood-ms-025902041
2121,7358,36,227907104,Decker Elem,Manor ISD,F,19.7,328,https://txschools.net/campus/decker-elem-227907104
2121,7358,36,101907142,Duryea Elem,Cypress-Fairbanks ISD,C,19.7,983,https://txschools.net/campus/duryea-elem-101907142
2121,7358,36,046902115,Freiheit Elem,Comal ISD,B,19.7,629,https://txschools.net/campus/freiheit-elem-046902115
2121,7358,36,155901102,Jefferson Elem,Jefferson ISD,B,19.7,377,https://txschools.net/campus/jefferson-elem-155901102
2121,7358,36,108912008,Jimmy Carter Early College HS,La Joya ISD,A,19.7,752,https://txschools.net/campus/jimmy-carter-early-college-hs-108912008
2121,7358,36,137903001,Kaufer HS,Riviera ISD,A,19.7,165,https://txschools.net/campus/kaufer-hs-137903001
2121,7358,36,057903121,Landry Elem,Carrollton-Farmers Branch ISD,B,19.7,449,https://txschools.net/campus/landry-elem-057903121
2121,7358,36,193902001,Leakey School,Leakey ISD,C,19.7,308,https://txschools.net/campus/leakey-school-193902001
2121,7358,36,204901041,Lincoln JH,Coldspring-Oakhurst CISD,D,19.7,357,https://txschools.net/campus/lincoln-jh-204901041
2121,7358,36,031906041,Los Cuates MS,Los Fresnos CISD,A,19.7,822,https://txschools.net/campus/los-cuates-ms-031906041
2121,7358,36,101912179,McGowen Elem,Houston ISD,B,19.7,418,https://txschools.net/campus/mcgowen-elem-101912179
2121,7358,36,220912104,Meadowcreek Elem,Crowley ISD,D,19.7,493,https://txschools.net/campus/meadowcreek-elem-220912104
2121,7358,36,043905012,Memorial HS,Frisco ISD,B,19.7,1518,https://txschools.net/campus/memorial-hs-043905012
2121,7358,36,108908041,Mission JH,Mission CISD,B,19.7,680,https://txschools.net/campus/mission-jh-108908041
2121,7358,36,220901131,Morton Elem,Arlington ISD,F,19.7,436,https://txschools.net/campus/morton-elem-220901131
2121,7358,36,125901104,Noonan Elem,Alice ISD,C,19.7,503,https://txschools.net/campus/noonan-elem-125901104
2121,7358,36,101919122,Northgate Elem,Spring ISD,B,19.7,602,https://txschools.net/campus/northgate-elem-101919122
2121,7358,36,227901148,Oak Hill Elem,Austin ISD,B,19.7,544,https://txschools.net/campus/oak-hill-elem-227901148
2121,7358,36,015915182,Ott Elem,Northside ISD,C,19.7,535,https://txschools.net/campus/ott-elem-015915182
2121,7358,36,101917108,Pearl Hall Elem,Pasadena ISD,D,19.7,492,https://txschools.net/campus/pearl-hall-elem-101917108
2121,7358,36,101912064,Pershing MS,Houston ISD,B,19.7,989,https://txschools.net/campus/pershing-ms-101912064
2121,7358,36,170907104,Piney Woods Elem,Splendora ISD,B,19.7,629,https://txschools.net/campus/piney-woods-elem-170907104
2121,7358,36,031909041,Port Isabel JH,Point Isabel ISD,C,19.7,397,https://txschools.net/campus/port-isabel-jh-031909041
2121,7358,36,196903001,Refugio HS,Refugio ISD,B,19.7,190,https://txschools.net/campus/refugio-hs-196903001
2121,7358,36,205907041,Ricardo L Trevino JH,Taft ISD,C,19.7,170,https://txschools.net/campus/ricardo-l-trevino-jh-205907041
2121,7358,36,079907158,Ridgemont Early Literacy Center,Fort Bend ISD,B,19.7,357,https://txschools.net/campus/ridgemont-early-literacy-center-079907158
2121,7358,36,110902105,South Elem,Levelland ISD,C,19.7,232,https://txschools.net/campus/south-elem-110902105
2121,7358,36,184902001,Springtown HS,Springtown ISD,B,19.7,1168,https://txschools.net/campus/springtown-hs-184902001
2121,7358,36,071902141,Stanton Elem,El Paso ISD,C,19.7,249,https://txschools.net/campus/stanton-elem-071902141
2121,7358,36,015910126,Thousand Oaks Elem,North East ISD,C,19.7,514,https://txschools.net/campus/thousand-oaks-elem-015910126
2121,7358,36,224901001,Throckmorton Collegiate ISD,Throckmorton Collegiate ISD,B,19.7,145,https://txschools.net/campus/throckmorton-collegiate-isd-224901001
2121,7358,36,031905041,W B Green MS,La Feria ISD,D,19.7,575,https://txschools.net/campus/w-b-green-ms-031905041
2121,7358,36,212909103,W L Kissam Int,Chapel Hill ISD,D,19.7,677,https://txschools.net/campus/w-l-kissam-int-212909103
2121,7358,36,109911101,Whitney Elem,Whitney ISD,C,19.7,384,https://txschools.net/campus/whitney-elem-109911101
2121,7358,36,227901144,Wooten Elem,Austin ISD,F,19.7,236,https://txschools.net/campus/wooten-elem-227901144
2158,7358,27,199901103,Amanda Rochell Elem,Rockwall ISD,C,19.6,330,https://txschools.net/campus/amanda-rochell-elem-199901103
2158,7358,27,220901160,Anderson Elem,Arlington ISD,F,19.6,454,https://txschools.net/campus/anderson-elem-220901160
2158,7358,27,239901001,Brenham HS,Brenham ISD,B,19.6,1516,https://txschools.net/campus/brenham-hs-239901001
2158,7358,27,094902003,Byron P Steele II HS,Schertz-Cibolo-U City ISD,A,19.6,2857,https://txschools.net/campus/byron-p-steele-ii-hs-094902003
2158,7358,27,139905001,Chisum HS,Chisum ISD,C,19.6,327,https://txschools.net/campus/chisum-hs-139905001
2158,7358,27,071902173,Coach Wally Hartley PK-8,El Paso ISD,B,19.6,1354,https://txschools.net/campus/coach-wally-hartley-pk-8-071902173
2158,7358,27,113901041,Crockett JH,Crockett ISD,D,19.6,240,https://txschools.net/campus/crockett-jh-113901041
2158,7358,27,161914107,Dean Highland Elem,Waco ISD,F,19.6,573,https://txschools.net/campus/dean-highland-elem-161914107
2158,7358,27,036903001,East Chambers HS,East Chambers ISD,A,19.6,470,https://txschools.net/campus/east-chambers-hs-036903001
2158,7358,27,226903110,Fannin Elem,San Angelo ISD,D,19.6,385,https://txschools.net/campus/fannin-elem-226903110
2158,7358,27,178904150,Galvan Elem,Corpus Christi ISD,B,19.6,513,https://txschools.net/campus/galvan-elem-178904150
2158,7358,27,089901101,Gonzales Elem,Gonzales ISD,D,19.6,499,https://txschools.net/campus/gonzales-elem-089901101
2158,7358,27,057907105,Grace R Brandenburg Elem,Duncanville ISD,C,19.6,314,https://txschools.net/campus/grace-r-brandenburg-elem-057907105
2158,7358,27,234904101,Grand Saline Elem,Grand Saline ISD,B,19.6,289,https://txschools.net/campus/grand-saline-elem-234904101
2158,7358,27,246913119,Grandview Hills Elem,Leander ISD,C,19.6,396,https://txschools.net/campus/grandview-hills-elem-246913119
2158,7358,27,165902001,Greenwood HS,Greenwood ISD,B,19.6,1002,https://txschools.net/campus/greenwood-hs-165902001
2158,7358,27,108912104,Guillermo Flores Elem,La Joya ISD,B,19.6,429,https://txschools.net/campus/guillermo-flores-elem-108912104
2158,7358,27,108912115,Henry B Gonzalez Elem,La Joya ISD,C,19.6,346,https://txschools.net/campus/henry-b-gonzalez-elem-108912115
2158,7358,27,101920105,Hollibrook Elem,Spring Branch ISD,B,19.6,598,https://txschools.net/campus/hollibrook-elem-101920105
2158,7358,27,043911110,James Elem,Princeton ISD,D,19.6,729,https://txschools.net/campus/james-elem-043911110
2158,7358,27,101907103,Lamkin Elem,Cypress-Fairbanks ISD,C,19.6,766,https://txschools.net/campus/lamkin-elem-101907103
2158,7358,27,031906107,Laureles Elem,Los Fresnos CISD,B,19.6,495,https://txschools.net/campus/laureles-elem-031906107
2158,7358,27,220901120,Pope Elem,Arlington ISD,C,19.6,449,https://txschools.net/campus/pope-elem-220901120
2158,7358,27,246913118,River Place Elem,Leander ISD,B,19.6,521,https://txschools.net/campus/river-place-elem-246913118
2158,7358,27,057914109,Rugel Elem,Mesquite ISD,D,19.6,260,https://txschools.net/campus/rugel-elem-057914109
2158,7358,27,101912269,Scroggins Elem,Houston ISD,C,19.6,253,https://txschools.net/campus/scroggins-elem-101912269
2158,7358,27,158901102,Tenie Holmes Elem,Bay City ISD,C,19.6,703,https://txschools.net/campus/tenie-holmes-elem-158901102
2158,7358,27,181907102,Vidor Elem,Vidor ISD,C,19.6,475,https://txschools.net/campus/vidor-elem-181907102
2186,7358,28,034901001,Atlanta HS,Atlanta ISD,A,19.5,485,https://txschools.net/campus/atlanta-hs-034901001
2186,7358,28,220905110,Carroll Peak Elem,Fort Worth ISD,D,19.5,472,https://txschools.net/campus/carroll-peak-elem-220905110
2186,7358,28,152901192,Centennial Elem,Lubbock ISD,D,19.5,515,https://txschools.net/campus/centennial-elem-152901192
2186,7358,28,084910011,Clear Falls HS,Clear Creek ISD,A,19.5,2517,https://txschools.net/campus/clear-falls-hs-084910011
2186,7358,28,108912111,Diaz-Villarreal Elem,La Joya ISD,B,19.5,517,https://txschools.net/campus/diaz-villarreal-elem-108912111
2186,7358,28,015911007,East Central CAST Lead HS,East Central ISD,B,19.5,278,https://txschools.net/campus/east-central-cast-lead-hs-015911007
2186,7358,28,246904004,East View HS,Georgetown ISD,B,19.5,2254,https://txschools.net/campus/east-view-hs-246904004
2186,7358,28,101902121,Ermel Elem,Aldine ISD,C,19.5,492,https://txschools.net/campus/ermel-elem-101902121
2186,7358,28,031901138,Gallegos Elem,Brownsville ISD,B,19.5,364,https://txschools.net/campus/gallegos-elem-031901138
2186,7358,28,031901131,Garza at Southmost Elem,Brownsville ISD,B,19.5,491,https://txschools.net/campus/garza-at-southmost-elem-031901131
2186,7358,28,108904109,Guerra Elem,Edinburg CISD,C,19.5,497,https://txschools.net/campus/guerra-elem-108904109
2186,7358,28,014906131,Iduma Elem,Killeen ISD,C,19.5,745,https://txschools.net/campus/iduma-elem-014906131
2186,7358,28,101911103,James Bowie Elem,Goose Creek CISD,C,19.5,706,https://txschools.net/campus/james-bowie-elem-101911103
2186,7358,28,108904121,John F Kennedy Elem,Edinburg CISD,C,19.5,506,https://txschools.net/campus/john-f-kennedy-elem-108904121
2186,7358,28,107910001,Lapoynor HS,Lapoynor ISD,A,19.5,159,https://txschools.net/campus/lapoynor-hs-107910001
2186,7358,28,170906041,Magnolia JH,Magnolia ISD,B,19.5,902,https://txschools.net/campus/magnolia-jh-170906041
2186,7358,28,057903124,McKamy Elem,Carrollton-Farmers Branch ISD,C,19.5,474,https://txschools.net/campus/mckamy-elem-057903124
2186,7358,28,170903042,Montgomery JH,Montgomery ISD,B,19.5,1056,https://txschools.net/campus/montgomery-jh-170903042
2186,7358,28,015915130,Murnin Elem,Northside ISD,C,19.5,646,https://txschools.net/campus/murnin-elem-015915130
2186,7358,28,015910111,Olmos Elem,North East ISD,A,19.5,465,https://txschools.net/campus/olmos-elem-015910111
2186,7358,28,094902041,Ray D Corbett JH,Schertz-Cibolo-U City ISD,B,19.5,1127,https://txschools.net/campus/ray-d-corbett-jh-094902041
2186,7358,28,227904107,River Oaks Elem,Pflugerville ISD,C,19.5,521,https://txschools.net/campus/river-oaks-elem-227904107
2186,7358,28,169911001,Saint Jo HS,Saint Jo ISD,A,19.5,129,https://txschools.net/campus/saint-jo-hs-169911001
2186,7358,28,057905083,Sam Tasby MS,Dallas ISD,B,19.5,749,https://txschools.net/campus/sam-tasby-ms-057905083
2186,7358,28,165901123,Santa Rita Elem,Midland ISD,C,19.5,691,https://txschools.net/campus/santa-rita-elem-165901123
2186,7358,28,031912110,Sullivan Environmental Science Academy,San Benito CISD,B,19.5,381,https://txschools.net/campus/sullivan-environmental-science-academy-031912110
2186,7358,28,014909111,Thornton Elem,Temple ISD,D,19.5,689,https://txschools.net/campus/thornton-elem-014909111
2186,7358,28,212906001,Whitehouse HS,Whitehouse ISD,A,19.5,1422,https://txschools.net/campus/whitehouse-hs-212906001
2186,7358,28,091909001,Whitesboro HS,Whitesboro ISD,C,19.5,489,https://txschools.net/campus/whitesboro-hs-091909001
2215,7358,26,152907044,Alcove Trails MS,Frenship ISD,B,19.4,677,https://txschools.net/campus/alcove-trails-ms-152907044
2215,7358,26,037901001,Alto HS,Alto ISD,B,19.4,151,https://txschools.net/campus/alto-hs-037901001
2215,7358,26,178913041,Banquete JH,Banquete ISD,C,19.4,176,https://txschools.net/campus/banquete-jh-178913041
2215,7358,26,015916101,Converse Elem,Judson ISD,C,19.4,606,https://txschools.net/campus/converse-elem-015916101
2215,7358,26,108904117,De La Vina Elem,Edinburg CISD,B,19.4,594,https://txschools.net/campus/de-la-vina-elem-108904117
2215,7358,26,251901104,Dodson Pri,Denver City ISD,D,19.4,322,https://txschools.net/campus/dodson-pri-251901104
2215,7358,26,071902162,Dr Green Elem,El Paso ISD,C,19.4,263,https://txschools.net/campus/dr-green-elem-071902162
2215,7358,26,003904041,Huntington MS,Huntington ISD,C,19.4,345,https://txschools.net/campus/huntington-ms-003904041
2215,7358,26,007902001,Jourdanton HS,Jourdanton ISD,C,19.4,492,https://txschools.net/campus/jourdanton-hs-007902001
2215,7358,26,015916045,Judson MS,Judson ISD,F,19.4,749,https://txschools.net/campus/judson-ms-015916045
2215,7358,26,101903043,Killough MS,Alief ISD,C,19.4,702,https://txschools.net/campus/killough-ms-101903043
2215,7358,26,146902105,Kimmie M Brown Elem,Dayton ISD,C,19.4,778,https://txschools.net/campus/kimmie-m-brown-elem-146902105
2215,7358,26,246911009,Legacy Early College HS,Taylor ISD,A,19.4,117,https://txschools.net/campus/legacy-early-college-hs-246911009
2215,7358,26,129905001,Mabank HS,Mabank ISD,A,19.4,1169,https://txschools.net/campus/mabank-hs-129905001
2215,7358,26,101917117,Mae Smythe Elem,Pasadena ISD,D,19.4,677,https://txschools.net/campus/mae-smythe-elem-101917117
2215,7358,26,101902115,Odom Elem,Aldine ISD,B,19.4,288,https://txschools.net/campus/odom-elem-101902115
2215,7358,26,068901117,Pease Elem,Ector County ISD,C,19.4,570,https://txschools.net/campus/pease-elem-068901117
2215,7358,26,031912115,Raul Garza Jr STEAM Academy,San Benito CISD,B,19.4,444,https://txschools.net/campus/raul-garza-jr-steam-academy-031912115
2215,7358,26,101919048,Rickey C Bailey MS,Spring ISD,D,19.4,917,https://txschools.net/campus/rickey-c-bailey-ms-101919048
2215,7358,26,214901107,Ringgold Elem,Rio Grande City Grulla ISD,A,19.4,499,https://txschools.net/campus/ringgold-elem-214901107
2215,7358,26,199902002,Royse City HS,Royse City ISD,B,19.4,2914,https://txschools.net/campus/royse-city-hs-199902002
2215,7358,26,014909110,Scott Elem,Temple ISD,B,19.4,410,https://txschools.net/campus/scott-elem-014909110
2215,7358,26,220905167,South Hills Elem,Fort Worth ISD,B,19.4,619,https://txschools.net/campus/south-hills-elem-220905167
2215,7358,26,123907116,Staff Sergeant Lucian Adams Elem,Port Arthur ISD,D,19.4,652,https://txschools.net/campus/staff-sergeant-lucian-adams-elem-123907116
2215,7358,26,020906104,Sweeny Elem,Sweeny ISD,C,19.4,740,https://txschools.net/campus/sweeny-elem-020906104
2215,7358,26,081904001,Teague HS,Teague ISD,A,19.4,348,https://txschools.net/campus/teague-hs-081904001
2215,7358,26,172902102,West Elem,Daingerfield-Lone Star ISD,C,19.4,265,https://txschools.net/campus/west-elem-172902102
2242,7358,21,178904057,Adkins MS,Corpus Christi ISD,B,19.3,447,https://txschools.net/campus/adkins-ms-178904057
2242,7358,21,220905071,Benbrook MS/High School,Fort Worth ISD,A,19.3,1507,https://txschools.net/campus/benbrook-ms-high-school-220905071
2242,7358,21,123910104,Caldwood Elem,Beaumont ISD,D,19.3,564,https://txschools.net/campus/caldwood-elem-123910104
2242,7358,21,220919001,Carroll Senior HS,Carroll ISD,A,19.3,1377,https://txschools.net/campus/carroll-senior-hs-220919001
2242,7358,21,126903109,Cooke Elem,Cleburne ISD,B,19.3,454,https://txschools.net/campus/cooke-elem-126903109
2242,7358,21,071902111,Cooley Elem,El Paso ISD,C,19.3,472,https://txschools.net/campus/cooley-elem-071902111
2242,7358,21,101906106,Crosby Elem,Crosby ISD,B,19.3,653,https://txschools.net/campus/crosby-elem-101906106
2242,7358,21,031905106,David G Sanchez Elem,La Feria ISD,B,19.3,374,https://txschools.net/campus/david-g-sanchez-elem-031905106
2242,7358,21,101915110,Ehrhardt Elem,Klein ISD,B,19.3,667,https://txschools.net/campus/ehrhardt-elem-101915110
2242,7358,21,108904116,Escandon Elem,Edinburg CISD,B,19.3,606,https://txschools.net/campus/escandon-elem-108904116
2242,7358,21,057905141,Jill Stone Elem at Vickery Meadow,Dallas ISD,C,19.3,470,https://txschools.net/campus/jill-stone-elem-at-vickery-meadow-057905141
2242,7358,21,068901133,Lee Buice Elem,Ector County ISD,D,19.3,784,https://txschools.net/campus/lee-buice-elem-068901133
2242,7358,21,221901152,Martinez Elem,Abilene ISD,D,19.3,667,https://txschools.net/campus/martinez-elem-221901152
2242,7358,21,070915001,Maypearl HS,Maypearl ISD,B,19.3,356,https://txschools.net/campus/maypearl-hs-070915001
2242,7358,21,163903102,Natalia Early Child Ctr,Natalia ISD,C,19.3,270,https://txschools.net/campus/natalia-early-child-ctr-163903102
2242,7358,21,220920102,North Elem,White Settlement ISD,C,19.3,751,https://txschools.net/campus/north-elem-220920102
2242,7358,21,108911102,Olivero Garza Sr Elem,Sharyland ISD,C,19.3,667,https://txschools.net/campus/olivero-garza-sr-elem-108911102
2242,7358,21,199901004,Rockwall-Heath HS,Rockwall ISD,A,19.3,3070,https://txschools.net/campus/rockwall-heath-hs-199901004
2242,7358,21,101915044,Strack Int,Klein ISD,B,19.3,1332,https://txschools.net/campus/strack-int-101915044
2242,7358,21,220916002,Trinity HS,Hurst-Euless-Bedford ISD,B,19.3,2733,https://txschools.net/campus/trinity-hs-220916002
2242,7358,21,101912253,Walnut Bend Elem,Houston ISD,C,19.3,608,https://txschools.net/campus/walnut-bend-elem-101912253
2242,7358,21,071905004,Ysleta HS,Ysleta ISD,A,19.3,1132,https://txschools.net/campus/ysleta-hs-071905004
2264,7358,29,071904041,Ann M Garcia-Enriquez MS,San Elizario ISD,B,19.2,394,https://txschools.net/campus/ann-m-garcia-enriquez-ms-071904041
2264,7358,29,212901041,Arp JH,Arp ISD,C,19.2,217,https://txschools.net/campus/arp-jh-212901041
2264,7358,29,020907107,Barrow Elem,Columbia-Brazoria ISD,C,19.2,360,https://txschools.net/campus/barrow-elem-020907107
2264,7358,29,071905055,Bel Air MS,Ysleta ISD,B,19.2,930,https://txschools.net/campus/bel-air-ms-071905055
2264,7358,29,220920104,Blue Haze Elem,White Settlement ISD,D,19.2,586,https://txschools.net/campus/blue-haze-elem-220920104
2264,7358,29,015907107,Bonham Academy,San Antonio ISD,C,19.2,691,https://txschools.net/campus/bonham-academy-015907107
2264,7358,29,246909127,Caldwell Heights Elem,Round Rock ISD,B,19.2,567,https://txschools.net/campus/caldwell-heights-elem-246909127
2264,7358,29,057916145,Carolyn G Bukhair Elem,Richardson ISD,C,19.2,701,https://txschools.net/campus/carolyn-g-bukhair-elem-057916145
2264,7358,29,130902101,Comfort Elem,Comfort ISD,D,19.2,460,https://txschools.net/campus/comfort-elem-130902101
2264,7358,29,102902103,Crockett Elem,Marshall ISD,F,19.2,527,https://txschools.net/campus/crockett-elem-102902103
2264,7358,29,079907131,Edgar Glover Jr Elem,Fort Bend ISD,C,19.2,347,https://txschools.net/campus/edgar-glover-jr-elem-079907131
2264,7358,29,246902001,Florence HS,Florence ISD,A,19.2,347,https://txschools.net/campus/florence-hs-246902001
2264,7358,29,234909001,Fruitvale HS,Fruitvale ISD,A,19.2,92,https://txschools.net/campus/fruitvale-hs-234909001
2264,7358,29,220905115,George Clarke Elem,Fort Worth ISD,D,19.2,379,https://txschools.net/campus/george-clarke-elem-220905115
2264,7358,29,111901001,Granbury HS,Granbury ISD,B,19.2,2230,https://txschools.net/campus/granbury-hs-111901001
2264,7358,29,220901153,Hale Elem,Arlington ISD,D,19.2,282,https://txschools.net/campus/hale-elem-220901153
2264,7358,29,101912173,Herod Elem,Houston ISD,B,19.2,647,https://txschools.net/campus/herod-elem-101912173
2264,7358,29,109907001,Itasca HS,Itasca ISD,B,19.2,203,https://txschools.net/campus/itasca-hs-109907001
2264,7358,29,220908005,Mansfield Legacy HS,Mansfield ISD,A,19.2,2184,https://txschools.net/campus/mansfield-legacy-hs-220908005
2264,7358,29,108908104,Marcell Elem,Mission CISD,B,19.2,370,https://txschools.net/campus/marcell-elem-108908104
2264,7358,29,057914044,McDonald MS,Mesquite ISD,C,19.2,729,https://txschools.net/campus/mcdonald-ms-057914044
2264,7358,29,046901041,New Braunfels MS,New Braunfels ISD,C,19.2,1264,https://txschools.net/campus/new-braunfels-ms-046901041
2264,7358,29,031901045,Oliveira MS,Brownsville ISD,B,19.2,644,https://txschools.net/campus/oliveira-ms-031901045
2264,7358,29,108908044,Rafael A Cantu JH,Mission CISD,B,19.2,562,https://txschools.net/campus/rafael-a-cantu-jh-108908044
2264,7358,29,235902125,Rodolfo Torres Elem,Victoria ISD,B,19.2,374,https://txschools.net/campus/rodolfo-torres-elem-235902125
2264,7358,29,068901113,Sam Houston Elem,Ector County ISD,C,19.2,482,https://txschools.net/campus/sam-houston-elem-068901113
2264,7358,29,146901107,Santa Fe Elem,Cleveland ISD,F,19.2,1135,https://txschools.net/campus/santa-fe-elem-146901107
2264,7358,29,101902132,Spence Elem,Aldine ISD,C,19.2,625,https://txschools.net/campus/spence-elem-101902132
2264,7358,29,101912245,Stevens Elem,Houston ISD,C,19.2,551,https://txschools.net/campus/stevens-elem-101912245
2264,7358,29,229904001,Warren HS,Warren ISD,B,19.2,339,https://txschools.net/campus/warren-hs-229904001
2294,7358,15,021901001,A & M Cons HS,College Station ISD,B,19.1,2167,https://txschools.net/campus/a-m-cons-hs-021901001
2294,7358,15,116903104,Albert C Williams Elem,Commerce ISD,F,19.1,344,https://txschools.net/campus/albert-c-williams-elem-116903104
2294,7358,15,188901103,Bivins Elem,Amarillo ISD,C,19.1,407,https://txschools.net/campus/bivins-elem-188901103
2294,7358,15,016902001,Blanco HS,Blanco ISD,B,19.1,349,https://txschools.net/campus/blanco-hs-016902001
2294,7358,15,057909164,Couch Collegiate Prep Elem,Garland ISD,C,19.1,533,https://txschools.net/campus/couch-collegiate-prep-elem-057909164
2294,7358,15,113901102,Crockett Elem,Crockett ISD,F,19.1,351,https://txschools.net/campus/crockett-elem-113901102
2294,7358,15,084908042,Crosby MS,Hitchcock ISD,F,19.1,375,https://txschools.net/campus/crosby-ms-084908042
2294,7358,15,101913117,Jack M Fields Sr Elem,Humble ISD,B,19.1,587,https://txschools.net/campus/jack-m-fields-sr-elem-101913117
2294,7358,15,108902118,Julian S Adame Arts Academy,Donna ISD,C,19.1,860,https://txschools.net/campus/julian-s-adame-arts-academy-108902118
2294,7358,15,101912197,Looscan Elem,Houston ISD,B,19.1,196,https://txschools.net/campus/looscan-elem-101912197
2294,7358,15,073903001,Marlin High,Marlin ISD,B,19.1,330,https://txschools.net/campus/marlin-high-073903001
2294,7358,15,025902106,Northwest Elem,Brownwood ISD,C,19.1,498,https://txschools.net/campus/northwest-elem-025902106
2294,7358,15,108904130,R C Flores-Mark A Zapata Elem,Edinburg CISD,B,19.1,659,https://txschools.net/campus/r-c-flores-mark-a-zapata-elem-108904130
2294,7358,15,043910049,Renner MS,Plano ISD,B,19.1,986,https://txschools.net/campus/renner-ms-043910049
2294,7358,15,061902004,The Colony HS,Lewisville ISD,C,19.1,1724,https://txschools.net/campus/the-colony-hs-061902004
2294,7358,15,057906109,Woodridge Fine Arts and Gifted Academy,Desoto ISD,C,19.1,419,https://txschools.net/campus/woodridge-fine-arts-and-gifted-academy-057906109
2310,7358,27,070903103,Bowie Elem,Ennis ISD,D,19,508,https://txschools.net/campus/bowie-elem-070903103
2310,7358,27,166901002,Cameron Yoe HS,Cameron ISD,B,19,444,https://txschools.net/campus/cameron-yoe-hs-166901002
2310,7358,27,020905041,Clute Int,Brazosport ISD,C,19,995,https://txschools.net/campus/clute-int-020905041
2310,7358,27,071905008,Del Valle HS,Ysleta ISD,A,19,1658,https://txschools.net/campus/del-valle-hs-071905008
2310,7358,27,125901113,Dubose Elem,Alice ISD,B,19,465,https://txschools.net/campus/dubose-elem-125901113
2310,7358,27,015916123,Escondido Elem,Judson ISD,C,19,651,https://txschools.net/campus/escondido-elem-015916123
2310,7358,27,015916103,Franz Leadership Academy,Judson ISD,C,19,333,https://txschools.net/campus/franz-leadership-academy-015916103
2310,7358,27,101912158,Garden Villas Elem,Houston ISD,A,19,321,https://txschools.net/campus/garden-villas-elem-101912158
2310,7358,27,057905304,George Herbert Walker Bush Elem,Dallas ISD,C,19,774,https://txschools.net/campus/george-herbert-walker-bush-elem-057905304
2310,7358,27,101902106,Goodman Elem,Aldine ISD,C,19,515,https://txschools.net/campus/goodman-elem-101902106
2310,7358,27,252901001,Graham HS,Graham ISD,B,19,664,https://txschools.net/campus/graham-hs-252901001
2310,7358,27,227901163,Hart Elem,Austin ISD,D,19,531,https://txschools.net/campus/hart-elem-227901163
2310,7358,27,101920106,Housman Elem,Spring Branch ISD,C,19,598,https://txschools.net/campus/housman-elem-101920106
2310,7358,27,101915003,Klein Oak HS,Klein ISD,A,19,3617,https://txschools.net/campus/klein-oak-hs-101915003
2310,7358,27,140904001,Littlefield HS,Littlefield ISD,A,19,358,https://txschools.net/campus/littlefield-hs-140904001
2310,7358,27,108907006,Mercedes Early College Academy,Mercedes ISD,A,19,328,https://txschools.net/campus/mercedes-early-college-academy-108907006
2310,7358,27,101924043,Michael R Null MS,Sheldon ISD,B,19,1031,https://txschools.net/campus/michael-r-null-ms-101924043
2310,7358,27,068901126,Murry Fly Elem,Ector County ISD,B,19,993,https://txschools.net/campus/murry-fly-elem-068901126
2310,7358,27,015915160,Myers Elem,Northside ISD,B,19,438,https://txschools.net/campus/myers-elem-015915160
2310,7358,27,101910042,North Shore MS,Galena Park ISD,A,19,1274,https://txschools.net/campus/north-shore-ms-101910042
2310,7358,27,101919108,Pearl M Hirsch Elem,Spring ISD,B,19,602,https://txschools.net/campus/pearl-m-hirsch-elem-101919108
2310,7358,27,057903007,Ranchview HS,Carrollton-Farmers Branch ISD,B,19,929,https://txschools.net/campus/ranchview-hs-057903007
2310,7358,27,043910127,Rasor Elem,Plano ISD,C,19,301,https://txschools.net/campus/rasor-elem-043910127
2310,7358,27,079907109,Ridgemont Elem,Fort Bend ISD,D,19,347,https://txschools.net/campus/ridgemont-elem-079907109
2310,7358,27,101911112,San Jacinto Elem,Goose Creek CISD,C,19,673,https://txschools.net/campus/san-jacinto-elem-101911112
2310,7358,27,079901108,Travis Elem,Lamar CISD,D,19,519,https://txschools.net/campus/travis-elem-079901108
2310,7358,27,246913003,Vista Ridge HS,Leander ISD,A,19,2458,https://txschools.net/campus/vista-ridge-hs-246913003
2310,7358,27,057905048,W H Gaston MS,Dallas ISD,B,19,500,https://txschools.net/campus/w-h-gaston-ms-057905048
2338,7358,29,126901102,Alvarado Elem-North,Alvarado ISD,C,18.9,688,https://txschools.net/campus/alvarado-elem-north-126901102
2338,7358,29,125902101,Ben Bolt-Palito Blanco Elem,Ben Bolt-Palito Blanco ISD,C,18.9,230,https://txschools.net/campus/ben-bolt-palito-blanco-elem-125902101
2338,7358,29,227901105,Blackshear Elem,Austin ISD,C,18.9,204,https://txschools.net/campus/blackshear-elem-227901105
2338,7358,29,031901140,Brite Elem,Brownsville ISD,A,18.9,544,https://txschools.net/campus/brite-elem-031901140
2338,7358,29,174904101,Brooks-Quinn-Jones Elem,Nacogdoches ISD,F,18.9,606,https://txschools.net/campus/brooks-quinn-jones-elem-174904101
2338,7358,29,027903001,Burnet HS,Burnet CISD,B,18.9,954,https://txschools.net/campus/burnet-hs-027903001
2338,7358,29,105906114,Camino Real Elem,Hays CISD,C,18.9,781,https://txschools.net/campus/camino-real-elem-105906114
2338,7358,29,220917102,Castleberry Elem,Castleberry ISD,B,18.9,735,https://txschools.net/campus/castleberry-elem-220917102
2338,7358,29,046902119,Clear Spring Elem,Comal ISD,C,18.9,737,https://txschools.net/campus/clear-spring-elem-046902119
2338,7358,29,220912108,Dallas Park Elem,Crowley ISD,F,18.9,573,https://txschools.net/campus/dallas-park-elem-220912108
2338,7358,29,031901129,Del Castillo - Morningside Elem,Brownsville ISD,B,18.9,484,https://txschools.net/campus/del-castillo-morningside-elem-031901129
2338,7358,29,020901046,Fairview JH,Alvin ISD,B,18.9,679,https://txschools.net/campus/fairview-jh-020901046
2338,7358,29,220907042,Fossil Hill MS,Keller ISD,C,18.9,816,https://txschools.net/campus/fossil-hill-ms-220907042
2338,7358,29,252901041,Graham JH,Graham ISD,C,18.9,491,https://txschools.net/campus/graham-jh-252901041
2338,7358,29,091903041,Henry Scott MS,Denison ISD,C,18.9,686,https://txschools.net/campus/henry-scott-ms-091903041
2338,7358,29,188903001,Highland Park HS,Highland Park ISD,A,18.9,205,https://txschools.net/campus/highland-park-hs-188903001
2338,7358,29,101903124,Holmquist Elem,Alief ISD,B,18.9,680,https://txschools.net/campus/holmquist-elem-101903124
2338,7358,29,101907122,Jowell Elem,Cypress-Fairbanks ISD,C,18.9,530,https://txschools.net/campus/jowell-elem-101907122
2338,7358,29,057910128,Juan N Seguin Elem,Grand Prairie ISD,B,18.9,447,https://txschools.net/campus/juan-n-seguin-elem-057910128
2338,7358,29,101915117,Klenk Elem,Klein ISD,A,18.9,757,https://txschools.net/campus/klenk-elem-101915117
2338,7358,29,101905105,New Horizons Fine Arts Magnet at Crenshaw Elem,Channelview ISD,C,18.9,581,https://txschools.net/campus/new-horizons-fine-arts-magnet-at-crenshaw-elem-101905105
2338,7358,29,108908105,Pearson Elem,Mission CISD,C,18.9,290,https://txschools.net/campus/pearson-elem-108908105
2338,7358,29,105906112,Science Hall Elem,Hays CISD,C,18.9,661,https://txschools.net/campus/science-hall-elem-105906112
2338,7358,29,012901001,Seymour HS,Seymour ISD,A,18.9,157,https://txschools.net/campus/seymour-hs-012901001
2338,7358,29,015911104,Sinclair Elem,East Central ISD,D,18.9,707,https://txschools.net/campus/sinclair-elem-015911104
2338,7358,29,101917131,Sparks Elem,Pasadena ISD,A,18.9,363,https://txschools.net/campus/sparks-elem-101917131
2338,7358,29,071902150,Sunrise Mountain Elem,El Paso ISD,C,18.9,356,https://txschools.net/campus/sunrise-mountain-elem-071902150
2338,7358,29,020905108,T W Ogg Elem,Brazosport ISD,B,18.9,516,https://txschools.net/campus/t-w-ogg-elem-020905108
2338,7358,29,101907050,Thornton MS,Cypress-Fairbanks ISD,C,18.9,1374,https://txschools.net/campus/thornton-ms-101907050
2338,7358,29,220905011,Trimble Technical HS,Fort Worth ISD,B,18.9,1923,https://txschools.net/campus/trimble-technical-hs-220905011
2368,7358,22,020901041,Alvin JH,Alvin ISD,B,18.8,716,https://txschools.net/campus/alvin-jh-020901041
2368,7358,22,101919124,Carolee Booker Elem,Spring ISD,B,18.8,668,https://txschools.net/campus/carolee-booker-elem-101919124
2368,7358,22,108906047,Cathey MS,McAllen ISD,A,18.8,837,https://txschools.net/campus/cathey-ms-108906047
2368,7358,22,145902001,Centerville Jr-Sr HS,Centerville ISD,C,18.8,294,https://txschools.net/campus/centerville-jr-sr-hs-145902001
2368,7358,22,071901001,Clint HS,Clint ISD,A,18.8,687,https://txschools.net/campus/clint-hs-071901001
2368,7358,22,220918115,Dozier Elem,Eagle Mt-Saginaw ISD,C,18.8,646,https://txschools.net/campus/dozier-elem-220918115
2368,7358,22,214901112,Dr Mario E Ramirez Elem,Rio Grande City Grulla ISD,B,18.8,493,https://txschools.net/campus/dr-mario-e-ramirez-elem-214901112
2368,7358,22,068901131,Edward K Downing Elem,Ector County ISD,C,18.8,777,https://txschools.net/campus/edward-k-downing-elem-068901131
2368,7358,22,092901102,Gladewater Pri,Gladewater ISD,C,18.8,318,https://txschools.net/campus/gladewater-pri-092901102
2368,7358,22,101919128,Gloria Marshall Elem,Spring ISD,C,18.8,878,https://txschools.net/campus/gloria-marshall-elem-101919128
2368,7358,22,212905111,Griffin Elem,Tyler ISD,C,18.8,618,https://txschools.net/campus/griffin-elem-212905111
2368,7358,22,031903107,Houston Elem,Harlingen CISD,B,18.8,393,https://txschools.net/campus/houston-elem-031903107
2368,7358,22,210902001,Joaquin Schools,Joaquin ISD,A,18.8,695,https://txschools.net/campus/joaquin-schools-210902001
2368,7358,22,015912109,Kriewald Road School of the Arts,Southwest ISD,D,18.8,556,https://txschools.net/campus/kriewald-road-school-of-the-arts-015912109
2368,7358,22,057910119,Lorenzo De Zavala Environmental Science Academy,Grand Prairie ISD,B,18.8,669,https://txschools.net/campus/lorenzo-de-zavala-environmental-science-academy-057910119
2368,7358,22,108906048,Michael E Fossum MS,McAllen ISD,A,18.8,807,https://txschools.net/campus/michael-e-fossum-ms-108906048
2368,7358,22,089903001,Nixon-Smiley HS,Nixon-Smiley CISD,B,18.8,281,https://txschools.net/campus/nixon-smiley-hs-089903001
2368,7358,22,172905002,Pewitt HS,Pewitt CISD,A,18.8,244,https://txschools.net/campus/pewitt-hs-172905002
2368,7358,22,068901119,Ross Elem,Ector County ISD,B,18.8,494,https://txschools.net/campus/ross-elem-068901119
2368,7358,22,101915047,Schindewolf Int,Klein ISD,B,18.8,1037,https://txschools.net/campus/schindewolf-int-101915047
2368,7358,22,108912113,Tabasco Elem,La Joya ISD,B,18.8,509,https://txschools.net/campus/tabasco-elem-108912113
2368,7358,22,220907005,Timber Creek HS,Keller ISD,B,18.8,2819,https://txschools.net/campus/timber-creek-hs-220907005
2368,7358,22,230904001,Union Hill HS,Union Hill ISD,C,18.8,127,https://txschools.net/campus/union-hill-hs-230904001
2391,7358,23,170902102,Austin Elem,Conroe ISD,D,18.7,970,https://txschools.net/campus/austin-elem-170902102
2391,7358,23,011901109,Bluebonnet Elem,Bastrop ISD,B,18.7,701,https://txschools.net/campus/bluebonnet-elem-011901109
2391,7358,23,003907041,Central JH,Central ISD,C,18.7,446,https://txschools.net/campus/central-jh-003907041
2391,7358,23,101903104,Chambers Elem,Alief ISD,B,18.7,524,https://txschools.net/campus/chambers-elem-101903104
2391,7358,23,071905002,Eastwood HS,Ysleta ISD,A,18.7,2263,https://txschools.net/campus/eastwood-hs-071905002
2391,7358,23,057910122,Global Leadership Academy at Barbara Bush Elem,Grand Prairie ISD,D,18.7,559,https://txschools.net/campus/global-leadership-academy-at-barbara-bush-elem-057910122
2391,7358,23,079907047,Hodges Bend MS,Fort Bend ISD,C,18.7,752,https://txschools.net/campus/hodges-bend-ms-079907047
2391,7358,23,019902002,Hooks HS,Hooks ISD,B,18.7,315,https://txschools.net/campus/hooks-hs-019902002
2391,7358,23,184903110,Ikard Elem,Weatherford ISD,C,18.7,573,https://txschools.net/campus/ikard-elem-184903110
2391,7358,23,101903141,Klentzman Int,Alief ISD,C,18.7,779,https://txschools.net/campus/klentzman-int-101903141
2391,7358,23,152907109,Legacy Elem,Frenship ISD,B,18.7,590,https://txschools.net/campus/legacy-elem-152907109
2391,7358,23,182903001,Mineral Wells Schools,Mineral Wells ISD,B,18.7,3215,https://txschools.net/campus/mineral-wells-schools-182903001
2391,7358,23,057909004,N Garland HS,Garland ISD,A,18.7,2891,https://txschools.net/campus/n-garland-hs-057909004
2391,7358,23,101913118,Oak Forest Elem,Humble ISD,D,18.7,705,https://txschools.net/campus/oak-forest-elem-101913118
2391,7358,23,094901104,Oralia R Rodriguez Elem,Seguin ISD,D,18.7,489,https://txschools.net/campus/oralia-r-rodriguez-elem-094901104
2391,7358,23,101903119,Outley Elem,Alief ISD,B,18.7,773,https://txschools.net/campus/outley-elem-101903119
2391,7358,23,031906105,Resaca MS,Los Fresnos CISD,B,18.7,891,https://txschools.net/campus/resaca-ms-031906105
2391,7358,23,101912239,Shearn Elem,Houston ISD,B,18.7,447,https://txschools.net/campus/shearn-elem-101912239
2391,7358,23,204904041,Shepherd MS,Shepherd ISD,D,18.7,428,https://txschools.net/campus/shepherd-ms-204904041
2391,7358,23,101917118,South Houston Elem,Pasadena ISD,B,18.7,390,https://txschools.net/campus/south-houston-elem-101917118
2391,7358,23,140907001,Springlake-Earth ISD,Springlake-Earth ISD,A,18.7,221,https://txschools.net/campus/springlake-earth-isd-140907001
2391,7358,23,101912068,Tanglewood MS,Houston ISD,B,18.7,817,https://txschools.net/campus/tanglewood-ms-101912068
2391,7358,23,057905054,Thomas C Marsh MS,Dallas ISD,C,18.7,431,https://txschools.net/campus/thomas-c-marsh-ms-057905054
2391,7358,23,105905001,Wimberley HS,Wimberley ISD,B,18.7,857,https://txschools.net/campus/wimberley-hs-105905001
2415,7358,20,170902137,Bartlett Elem,Conroe ISD,C,18.6,999,https://txschools.net/campus/bartlett-elem-170902137
2415,7358,20,246913125,Christine Camacho Elem,Leander ISD,F,18.6,598,https://txschools.net/campus/christine-camacho-elem-246913125
2415,7358,20,116903043,Commerce MS,Commerce ISD,F,18.6,340,https://txschools.net/campus/commerce-ms-116903043
2415,7358,20,165901114,Emerson Elem,Midland ISD,C,18.6,517,https://txschools.net/campus/emerson-elem-165901114
2415,7358,20,101912291,Gallegos Elem,Houston ISD,C,18.6,316,https://txschools.net/campus/gallegos-elem-101912291
2415,7358,20,101924111,Garrett Elem,Sheldon ISD,D,18.6,568,https://txschools.net/campus/garrett-elem-101924111
2415,7358,20,220901119,Goodman Elem,Arlington ISD,C,18.6,447,https://txschools.net/campus/goodman-elem-220901119
2415,7358,20,057907106,H Bob Daniel Sr Elem,Duncanville ISD,B,18.6,356,https://txschools.net/campus/h-bob-daniel-sr-elem-057907106
2415,7358,20,014903122,Hubbard Branch Elem,Belton ISD,F,18.6,503,https://txschools.net/campus/hubbard-branch-elem-014903122
2415,7358,20,101902134,Jones Elem,Aldine ISD,B,18.6,635,https://txschools.net/campus/jones-elem-101902134
2415,7358,20,227912001,Lago Vista HS,Lago Vista ISD,C,18.6,645,https://txschools.net/campus/lago-vista-hs-227912001
2415,7358,20,007904101,Lytle Elem,Lytle ISD,F,18.6,503,https://txschools.net/campus/lytle-elem-007904101
2415,7358,20,014906129,Maxdale Elem,Killeen ISD,D,18.6,466,https://txschools.net/campus/maxdale-elem-014906129
2415,7358,20,209902001,Moran School,Moran ISD,C,18.6,86,https://txschools.net/campus/moran-school-209902001
2415,7358,20,018903001,Morgan School,Morgan ISD,C,18.6,138,https://txschools.net/campus/morgan-school-018903001
2415,7358,20,061911001,Northwest HS,Northwest ISD,C,18.6,2806,https://txschools.net/campus/northwest-hs-061911001
2415,7358,20,190903101,Rains Elem,Rains ISD,F,18.6,401,https://txschools.net/campus/rains-elem-190903101
2415,7358,20,054903041,Ralls MS,Ralls ISD,C,18.6,67,https://txschools.net/campus/ralls-ms-054903041
2415,7358,20,152901193,Roberts Elem,Lubbock ISD,B,18.6,535,https://txschools.net/campus/roberts-elem-152901193
2415,7358,20,199901001,Rockwall HS,Rockwall ISD,A,18.6,2913,https://txschools.net/campus/rockwall-hs-199901001
2415,7358,20,105906103,Tom Green Elem,Hays CISD,C,18.6,617,https://txschools.net/campus/tom-green-elem-105906103
2436,7358,34,140901001,Amherst School,Amherst ISD,B,18.5,102,https://txschools.net/campus/amherst-school-140901001
2436,7358,34,101911113,Ashbel Smith Elem,Goose Creek CISD,F,18.5,678,https://txschools.net/campus/ashbel-smith-elem-101911113
2436,7358,34,204901103,Coldspring Int,Coldspring-Oakhurst CISD,C,18.5,349,https://txschools.net/campus/coldspring-int-204901103
2436,7358,34,168901100,Colorado Elem and MS,Colorado ISD,C,18.5,668,https://txschools.net/campus/colorado-elem-and-ms-168901100
2436,7358,34,079907112,Dulles Elem,Fort Bend ISD,C,18.5,608,https://txschools.net/campus/dulles-elem-079907112
2436,7358,34,101902124,Dunn Elem,Aldine ISD,D,18.5,665,https://txschools.net/campus/dunn-elem-101902124
2436,7358,34,120902001,Ganado HS,Ganado ISD,B,18.5,217,https://txschools.net/campus/ganado-hs-120902001
2436,7358,34,101907159,Hoover Elem,Cypress-Fairbanks ISD,C,18.5,599,https://txschools.net/campus/hoover-elem-101907159
2436,7358,34,129906107,J W Long Elem,Terrell ISD,F,18.5,664,https://txschools.net/campus/j-w-long-elem-129906107
2436,7358,34,170908107,Kings Manor Elem,New Caney ISD,C,18.5,766,https://txschools.net/campus/kings-manor-elem-170908107
2436,7358,34,057905167,Kleberg Elem,Dallas ISD,D,18.5,810,https://txschools.net/campus/kleberg-elem-057905167
2436,7358,34,108912116,Lloyd M Bentsen Elem,La Joya ISD,B,18.5,494,https://txschools.net/campus/lloyd-m-bentsen-elem-108912116
2436,7358,34,066903042,Lucy Aragon JH,Freer ISD,B,18.5,133,https://txschools.net/campus/lucy-aragon-jh-066903042
2436,7358,34,015915157,May Elem,Northside ISD,D,18.5,391,https://txschools.net/campus/may-elem-015915157
2436,7358,34,226903102,Mcgill Elem,San Angelo ISD,D,18.5,469,https://txschools.net/campus/mcgill-elem-226903102
2436,7358,34,043907004,McKinney North HS,McKinney ISD,A,18.5,2512,https://txschools.net/campus/mckinney-north-hs-043907004
2436,7358,34,101917146,Nelda Sullivan MS,Pasadena ISD,B,18.5,517,https://txschools.net/campus/nelda-sullivan-ms-101917146
2436,7358,34,068901124,Noel Elem,Ector County ISD,D,18.5,502,https://txschools.net/campus/noel-elem-068901124
2436,7358,34,090904042,Pampa JH,Pampa ISD,C,18.5,701,https://txschools.net/campus/pampa-jh-090904042
2436,7358,34,174904105,Raguet Elem,Nacogdoches ISD,C,18.5,403,https://txschools.net/campus/raguet-elem-174904105
2436,7358,34,015915229,Reed Elem,Northside ISD,C,18.5,830,https://txschools.net/campus/reed-elem-015915229
2436,7358,34,243905047,Rider MS,Wichita Falls ISD,C,18.5,1239,https://txschools.net/campus/rider-ms-243905047
2436,7358,34,061901108,Rivera Elem,Denton ISD,D,18.5,728,https://txschools.net/campus/rivera-elem-061901108
2436,7358,34,084909103,Roy J Wollam Elem,Santa Fe ISD,B,18.5,578,https://txschools.net/campus/roy-j-wollam-elem-084909103
2436,7358,34,237905041,Royal JH,Royal ISD,F,18.5,665,https://txschools.net/campus/royal-jh-237905041
2436,7358,34,015915048,Rudder MS,Northside ISD,D,18.5,898,https://txschools.net/campus/rudder-ms-015915048
2436,7358,34,178904134,Smith Elem,Corpus Christi ISD,B,18.5,415,https://txschools.net/campus/smith-elem-178904134
2436,7358,34,220901140,Starrett Elem,Arlington ISD,D,18.5,457,https://txschools.net/campus/starrett-elem-220901140
2436,7358,34,079907043,Sugar Land MS,Fort Bend ISD,B,18.5,923,https://txschools.net/campus/sugar-land-ms-079907043
2436,7358,34,116905107,Travis Int,Greenville ISD,F,18.5,748,https://txschools.net/campus/travis-int-116905107
2436,7358,34,015910114,Walzem Elem,North East ISD,D,18.5,553,https://txschools.net/campus/walzem-elem-015910114
2436,7358,34,092901105,Weldon Elem,Gladewater ISD,C,18.5,405,https://txschools.net/campus/weldon-elem-092901105
2436,7358,34,014906120,Willow Springs Elem,Killeen ISD,B,18.5,592,https://txschools.net/campus/willow-springs-elem-014906120
2436,7358,34,170908044,Woodridge Forest MS,New Caney ISD,C,18.5,1367,https://txschools.net/campus/woodridge-forest-ms-170908044
2436,7358,34,071902147,Zach White Elem,El Paso ISD,B,18.5,429,https://txschools.net/campus/zach-white-elem-071902147
2471,7358,21,021902047,Arthur L Davila MS,Bryan ISD,C,18.4,1017,https://txschools.net/campus/arthur-l-davila-ms-021902047
2471,7358,21,101917124,Atkinson Elem,Pasadena ISD,A,18.4,395,https://txschools.net/campus/atkinson-elem-101917124
2471,7358,21,025901001,Bangs HS,Bangs ISD,B,18.4,204,https://txschools.net/campus/bangs-hs-025901001
2471,7358,21,220912101,Bess Race Elem,Crowley ISD,C,18.4,422,https://txschools.net/campus/bess-race-elem-220912101
2471,7358,21,101903145,Budewig Int,Alief ISD,D,18.4,1053,https://txschools.net/campus/budewig-int-101903145
2471,7358,21,235902106,Crain Elem,Victoria ISD,B,18.4,532,https://txschools.net/campus/crain-elem-235902106
2471,7358,21,020901043,G W Harby JH,Alvin ISD,C,18.4,818,https://txschools.net/campus/g-w-harby-jh-020901043
2471,7358,21,057910047,Harry S Truman MS,Grand Prairie ISD,C,18.4,414,https://txschools.net/campus/harry-s-truman-ms-057910047
2471,7358,21,084901101,Kenneth E Little Elem,Dickinson ISD,B,18.4,481,https://txschools.net/campus/kenneth-e-little-elem-084901101
2471,7358,21,214901103,La Union Elem,Rio Grande City Grulla ISD,D,18.4,324,https://txschools.net/campus/la-union-elem-214901103
2471,7358,21,101912008,Lamar HS,Houston ISD,B,18.4,2780,https://txschools.net/campus/lamar-hs-101912008
2471,7358,21,004901103,Live Oak Learning Center,Rockport-Fulton ISD,D,18.4,691,https://txschools.net/campus/live-oak-learning-center-004901103
2471,7358,21,090903001,McLean School,McLean ISD,B,18.4,177,https://txschools.net/campus/mclean-school-090903001
2471,7358,21,101902112,Orange Grove Elem,Aldine ISD,C,18.4,499,https://txschools.net/campus/orange-grove-elem-101902112
2471,7358,21,108912114,Patricio Perez Elem,La Joya ISD,D,18.4,385,https://txschools.net/campus/patricio-perez-elem-108912114
2471,7358,21,159901117,Pete Gallego Elem,Eagle Pass ISD,C,18.4,311,https://txschools.net/campus/pete-gallego-elem-159901117
2471,7358,21,054903102,Ralls Elem,Ralls ISD,D,18.4,147,https://txschools.net/campus/ralls-elem-054903102
2471,7358,21,070911001,Red Oak HS,Red Oak ISD,B,18.4,2273,https://txschools.net/campus/red-oak-hs-070911001
2471,7358,21,015910138,Royal Ridge Elem,North East ISD,D,18.4,525,https://txschools.net/campus/royal-ridge-elem-015910138
2471,7358,21,101920119,Sherwood Elem,Spring Branch ISD,D,18.4,436,https://txschools.net/campus/sherwood-elem-101920119
2471,7358,21,057905055,Thomas J Rusk MS,Dallas ISD,C,18.4,346,https://txschools.net/campus/thomas-j-rusk-ms-057905055
2471,7358,21,108916042,Valley View JH,Valley View ISD,A,18.4,510,https://txschools.net/campus/valley-view-jh-108916042
2493,7358,32,101902122,Carmichael Elem,Aldine ISD,B,18.3,614,https://txschools.net/campus/carmichael-elem-101902122
2493,7358,32,084910002,Clear Lake HS,Clear Creek ISD,A,18.3,2459,https://txschools.net/campus/clear-lake-hs-084910002
2493,7358,32,105904001,Dripping Springs HS,Dripping Springs ISD,A,18.3,2619,https://txschools.net/campus/dripping-springs-hs-105904001
2493,7358,32,084901051,Eugene 'Gene' Kranz JH,Dickinson ISD,B,18.3,872,https://txschools.net/campus/eugene-gene-kranz-jh-084901051
2493,7358,32,101913104,Foster Elem,Humble ISD,B,18.3,319,https://txschools.net/campus/foster-elem-101913104
2493,7358,32,071902129,General Douglas MacArthur PK-8,El Paso ISD,D,18.3,862,https://txschools.net/campus/general-douglas-macarthur-pk-8-071902129
2493,7358,32,220905130,Harlean Beal Elem,Fort Worth ISD,C,18.3,311,https://txschools.net/campus/harlean-beal-elem-220905130
2493,7358,32,178904014,Harold T Branch Academy for Career & Technical Ed,Corpus Christi ISD,A,18.3,274,https://txschools.net/campus/harold-t-branch-academy-for-career-technical-ed-178904014
2493,7358,32,057904104,High Pointe Elem,Cedar Hill ISD,F,18.3,353,https://txschools.net/campus/high-pointe-elem-057904104
2493,7358,32,246909046,Hopewell MS,Round Rock ISD,B,18.3,1159,https://txschools.net/campus/hopewell-ms-246909046
2493,7358,32,015908104,Hutchins Elem,South San Antonio ISD,C,18.3,445,https://txschools.net/campus/hutchins-elem-015908104
2493,7358,32,205903102,Ingleside Pri,Ingleside ISD,C,18.3,465,https://txschools.net/campus/ingleside-pri-205903102
2493,7358,32,165902041,James R Brooks MS,Greenwood ISD,C,18.3,900,https://txschools.net/campus/james-r-brooks-ms-165902041
2493,7358,32,079907005,Kempner HS,Fort Bend ISD,B,18.3,1813,https://txschools.net/campus/kempner-hs-079907005
2493,7358,32,121905041,Kirbyville JH,Kirbyville CISD,B,18.3,309,https://txschools.net/campus/kirbyville-jh-121905041
2493,7358,32,150901041,Llano JH,Llano ISD,A,18.3,444,https://txschools.net/campus/llano-jh-150901041
2493,7358,32,107906001,Malakoff HS,Malakoff ISD,A,18.3,402,https://txschools.net/campus/malakoff-hs-107906001
2493,7358,32,170902051,Moorhead JH,Conroe ISD,B,18.3,1396,https://txschools.net/campus/moorhead-jh-170902051
2493,7358,32,101907104,Post Elem,Cypress-Fairbanks ISD,B,18.3,733,https://txschools.net/campus/post-elem-101907104
2493,7358,32,161914121,Provident Heights Elem,Waco ISD,C,18.3,355,https://txschools.net/campus/provident-heights-elem-161914121
2493,7358,32,190903051,Rains Int,Rains ISD,F,18.3,357,https://txschools.net/campus/rains-int-190903051
2493,7358,32,191901045,Randall JH,Canyon ISD,B,18.3,590,https://txschools.net/campus/randall-jh-191901045
2493,7358,32,240903044,Salvador Garcia MS,United ISD,B,18.3,381,https://txschools.net/campus/salvador-garcia-ms-240903044
2493,7358,32,083901001,Seagraves Schools,Seagraves ISD,B,18.3,523,https://txschools.net/campus/seagraves-schools-083901001
2493,7358,32,013905001,Skidmore-Tynan HS,Skidmore-Tynan ISD,A,18.3,225,https://txschools.net/campus/skidmore-tynan-hs-013905001
2493,7358,32,101903117,Sneed Elem,Alief ISD,C,18.3,924,https://txschools.net/campus/sneed-elem-101903117
2493,7358,32,084908103,Stewart Elem,Hitchcock ISD,F,18.3,360,https://txschools.net/campus/stewart-elem-084908103
2493,7358,32,246911041,Taylor MS,Taylor ISD,B,18.3,609,https://txschools.net/campus/taylor-ms-246911041
2493,7358,32,188901053,Travis 6th Grade Campus,Amarillo ISD,B,18.3,250,https://txschools.net/campus/travis-6th-grade-campus-188901053
2493,7358,32,241904042,Wharton JH,Wharton ISD,F,18.3,339,https://txschools.net/campus/wharton-jh-241904042
2493,7358,32,015916048,Woodlake Hills College Prep,Judson ISD,D,18.3,564,https://txschools.net/campus/woodlake-hills-college-prep-015916048
2493,7358,32,057905352,Young Women's STEAM Academy at Balch Springs Middl,Dallas ISD,B,18.3,659,https://txschools.net/campus/young-women-s-steam-academy-at-balch-springs-middl-057905352
2493,7358,32,071905046,Ysleta MS,Ysleta ISD,B,18.3,622,https://txschools.net/campus/ysleta-ms-071905046
2526,7358,24,110901001,Anton School,Anton ISD,C,18.2,171,https://txschools.net/campus/anton-school-110901001
2526,7358,24,220905103,Benbrook Elem,Fort Worth ISD,B,18.2,378,https://txschools.net/campus/benbrook-elem-220905103
2526,7358,24,028902105,Bluebonnet Elem,Lockhart ISD,B,18.2,534,https://txschools.net/campus/bluebonnet-elem-028902105
2526,7358,24,221901103,Bonham Elem,Abilene ISD,B,18.2,488,https://txschools.net/campus/bonham-elem-221901103
2526,7358,24,084901042,Dunbar MS,Dickinson ISD,C,18.2,532,https://txschools.net/campus/dunbar-ms-084901042
2526,7358,24,101912147,Eliot Elem,Houston ISD,B,18.2,446,https://txschools.net/campus/eliot-elem-101912147
2526,7358,24,101907120,Emmott Elem,Cypress-Fairbanks ISD,C,18.2,639,https://txschools.net/campus/emmott-elem-101907120
2526,7358,24,220905134,Greenbriar Elem,Fort Worth ISD,B,18.2,457,https://txschools.net/campus/greenbriar-elem-220905134
2526,7358,24,101903120,Hicks Elem,Alief ISD,C,18.2,598,https://txschools.net/campus/hicks-elem-101903120
2526,7358,24,061901105,Hodge Elem,Denton ISD,D,18.2,719,https://txschools.net/campus/hodge-elem-061901105
2526,7358,24,121905103,Kirbyville Elem,Kirbyville CISD,D,18.2,704,https://txschools.net/campus/kirbyville-elem-121905103
2526,7358,24,068901128,L B Johnson Elem,Ector County ISD,C,18.2,443,https://txschools.net/campus/l-b-johnson-elem-068901128
2526,7358,24,014906050,Live Oak Ridge MS,Killeen ISD,C,18.2,649,https://txschools.net/campus/live-oak-ridge-ms-014906050
2526,7358,24,127905001,Lueders-Avoca HS,Lueders-Avoca ISD,B,18.2,31,https://txschools.net/campus/lueders-avoca-hs-127905001
2526,7358,24,014906128,Montague Village Elem,Killeen ISD,B,18.2,499,https://txschools.net/campus/montague-village-elem-014906128
2526,7358,24,201907001,Mt Enterprise HS,Mount Enterprise ISD,A,18.2,240,https://txschools.net/campus/mt-enterprise-hs-201907001
2526,7358,24,205905001,Odem HS,Odem-Edroy ISD,B,18.2,265,https://txschools.net/campus/odem-hs-205905001
2526,7358,24,246913112,Patricia Knowles Elem,Leander ISD,D,18.2,627,https://txschools.net/campus/patricia-knowles-elem-246913112
2526,7358,24,123910118,Regina Howell Elem,Beaumont ISD,C,18.2,718,https://txschools.net/campus/regina-howell-elem-123910118
2526,7358,24,101920006,Stratford HS,Spring Branch ISD,A,18.2,2397,https://txschools.net/campus/stratford-hs-101920006
2526,7358,24,101917148,Thomas Hancock Elem,Pasadena ISD,C,18.2,303,https://txschools.net/campus/thomas-hancock-elem-101917148
2526,7358,24,079907114,Townewest Elem,Fort Bend ISD,C,18.2,434,https://txschools.net/campus/townewest-elem-079907114
2526,7358,24,105906118,Uhland Elem,Hays CISD,F,18.2,776,https://txschools.net/campus/uhland-elem-105906118
2526,7358,24,092903125,Ware Elem,Longview ISD,B,18.2,398,https://txschools.net/campus/ware-elem-092903125
2526,7358,24,243905131,Zundelowitz Elem,Wichita Falls ISD,F,18.2,507,https://txschools.net/campus/zundelowitz-elem-243905131
2551,7358,21,046902042,Canyon MS,Comal ISD,C,18.1,1309,https://txschools.net/campus/canyon-ms-046902042
2551,7358,21,084910003,Clear Brook HS,Clear Creek ISD,A,18.1,2162,https://txschools.net/campus/clear-brook-hs-084910003
2551,7358,21,015915115,Colonies North Elem,Northside ISD,C,18.1,444,https://txschools.net/campus/colonies-north-elem-015915115
2551,7358,21,105902102,Crockett Elem,San Marcos CISD,A,18.1,459,https://txschools.net/campus/crockett-elem-105902102
2551,7358,21,246909119,Double File Trail Elem,Round Rock ISD,C,18.1,546,https://txschools.net/campus/double-file-trail-elem-246909119
2551,7358,21,100904041,Edwards-Johnson Memorial MS,Silsbee ISD,C,18.1,526,https://txschools.net/campus/edwards-johnson-memorial-ms-100904041
2551,7358,21,015910121,El Dorado Elem,North East ISD,C,18.1,630,https://txschools.net/campus/el-dorado-elem-015910121
2551,7358,21,107905101,Eustace Pri,Eustace ISD,B,18.1,422,https://txschools.net/campus/eustace-pri-107905101
2551,7358,21,015915151,Fernandez Elem,Northside ISD,C,18.1,395,https://txschools.net/campus/fernandez-elem-015915151
2551,7358,21,220908107,Glenn Harmon Elem,Mansfield ISD,B,18.1,394,https://txschools.net/campus/glenn-harmon-elem-220908107
2551,7358,21,121904105,Jean C Few Pri,Jasper ISD,D,18.1,516,https://txschools.net/campus/jean-c-few-pri-121904105
2551,7358,21,246909124,Jollyville Elem,Round Rock ISD,B,18.1,645,https://txschools.net/campus/jollyville-elem-246909124
2551,7358,21,031903120,Long Elem,Harlingen CISD,B,18.1,451,https://txschools.net/campus/long-elem-031903120
2551,7358,21,178904121,Los Encinos Elem,Corpus Christi ISD,B,18.1,351,https://txschools.net/campus/los-encinos-elem-178904121
2551,7358,21,046902046,Mt Valley MS,Comal ISD,B,18.1,789,https://txschools.net/campus/mt-valley-ms-046902046
2551,7358,21,094903001,Navarro HS,Navarro ISD,B,18.1,788,https://txschools.net/campus/navarro-hs-094903001
2551,7358,21,129903041,Norman JH,Kaufman ISD,C,18.1,1003,https://txschools.net/campus/norman-jh-129903041
2551,7358,21,071902134,Park Elem,El Paso ISD,C,18.1,351,https://txschools.net/campus/park-elem-071902134
2551,7358,21,220907103,Parkview Elem,Keller ISD,C,18.1,597,https://txschools.net/campus/parkview-elem-220907103
2551,7358,21,057903125,Sheffield Elem,Carrollton-Farmers Branch ISD,C,18.1,709,https://txschools.net/campus/sheffield-elem-057903125
2551,7358,21,188901128,South Lawn Elem,Amarillo ISD,B,18.1,323,https://txschools.net/campus/south-lawn-elem-188901128
2551,7358,21,152907042,Terra Vista MS,Frenship ISD,B,18.1,778,https://txschools.net/campus/terra-vista-ms-152907042
2573,7358,25,057905164,Anson Jones Elem,Dallas ISD,C,18,484,https://txschools.net/campus/anson-jones-elem-057905164
2573,7358,25,108909126,Augusto Guerra Elem,Pharr-San Juan-Alamo ISD,A,18,717,https://txschools.net/campus/augusto-guerra-elem-108909126
2573,7358,25,221901153,Bassetti Elem,Abilene ISD,D,18,522,https://txschools.net/campus/bassetti-elem-221901153
2573,7358,25,220902010,Birdville HS,Birdville ISD,B,18,2038,https://txschools.net/campus/birdville-hs-220902010
2573,7358,25,169901001,Bowie HS,Bowie ISD,B,18,430,https://txschools.net/campus/bowie-hs-169901001
2573,7358,25,220907004,Central HS,Keller ISD,B,18,2319,https://txschools.net/campus/central-hs-220907004
2573,7358,25,174901101,Chireno Elem,Chireno ISD,C,18,219,https://txschools.net/campus/chireno-elem-174901101
2573,7358,25,188901104,Coronado Elem,Amarillo ISD,B,18,421,https://txschools.net/campus/coronado-elem-188901104
2573,7358,25,031912104,Downs Fine Arts Academy,San Benito CISD,B,18,441,https://txschools.net/campus/downs-fine-arts-academy-031912104
2573,7358,25,107905001,Eustace HS,Eustace ISD,B,18,496,https://txschools.net/campus/eustace-hs-107905001
2573,7358,25,077901001,Floydada Collegiate HS,Floydada Collegiate ISD,B,18,224,https://txschools.net/campus/floydada-collegiate-hs-077901001
2573,7358,25,046902104,Goodwin Frazier Elem,Comal ISD,B,18,663,https://txschools.net/campus/goodwin-frazier-elem-046902104
2573,7358,25,101910105,Green Valley Elem,Galena Park ISD,B,18,598,https://txschools.net/campus/green-valley-elem-101910105
2573,7358,25,019913101,Hubbard ISD,Hubbard ISD,F,18,54,https://txschools.net/campus/hubbard-isd-019913101
2573,7358,25,212906042,J W Holloway Sixth Grade School,Whitehouse ISD,B,18,371,https://txschools.net/campus/j-w-holloway-sixth-grade-school-212906042
2573,7358,25,123907105,Lakeview Elem,Port Arthur ISD,D,18,480,https://txschools.net/campus/lakeview-elem-123907105
2573,7358,25,079907115,Lantern Lane Elem,Fort Bend ISD,D,18,444,https://txschools.net/campus/lantern-lane-elem-079907115
2573,7358,25,031906104,Lopez-Riggins Elem,Los Fresnos CISD,B,18,527,https://txschools.net/campus/lopez-riggins-elem-031906104
2573,7358,25,163908042,Medina Valley MS,Medina Valley ISD,C,18,1194,https://txschools.net/campus/medina-valley-ms-163908042
2573,7358,25,066903102,Norman M Thomas Elem,Freer ISD,C,18,335,https://txschools.net/campus/norman-m-thomas-elem-066903102
2573,7358,25,105906116,Ralph Pfluger Elem,Hays CISD,C,18,826,https://txschools.net/campus/ralph-pfluger-elem-105906116
2573,7358,25,057916045,Richardson North JH,Richardson ISD,A,18,537,https://txschools.net/campus/richardson-north-jh-057916045
2573,7358,25,057905244,Seagoville North Elem,Dallas ISD,C,18,799,https://txschools.net/campus/seagoville-north-elem-057905244
2573,7358,25,227901140,Travis Hts Elem,Austin ISD,C,18,484,https://txschools.net/campus/travis-hts-elem-227901140
2573,7358,25,057905175,Umphrey Lee Elem,Dallas ISD,A,18,480,https://txschools.net/campus/umphrey-lee-elem-057905175
2573,7358,25,100908101,West Hardin Elem,West Hardin County CISD,C,18,275,https://txschools.net/campus/west-hardin-elem-100908101
2599,7358,31,101912295,Benavidez Elem,Houston ISD,F,17.9,689,https://txschools.net/campus/benavidez-elem-101912295
2599,7358,31,243905105,Burgess Elem,Wichita Falls ISD,D,17.9,319,https://txschools.net/campus/burgess-elem-243905105
2599,7358,31,146901105,Cottonwood Elem,Cleveland ISD,C,17.9,989,https://txschools.net/campus/cottonwood-elem-146901105
2599,7358,31,084902102,Crenshaw Elem and MS,Galveston ISD,C,17.9,139,https://txschools.net/campus/crenshaw-elem-and-ms-084902102
2599,7358,31,101910044,Cunningham MS,Galena Park ISD,A,17.9,760,https://txschools.net/campus/cunningham-ms-101910044
2599,7358,31,071901042,East Montana MS,Clint ISD,C,17.9,490,https://txschools.net/campus/east-montana-ms-071901042
2599,7358,31,049901101,Edison Elem,Gainesville ISD,B,17.9,583,https://txschools.net/campus/edison-elem-049901101
2599,7358,31,030906001,Eula HS,Eula ISD,A,17.9,104,https://txschools.net/campus/eula-hs-030906001
2599,7358,31,101917102,Fisher Elem,Pasadena ISD,C,17.9,494,https://txschools.net/campus/fisher-elem-101917102
2599,7358,31,015912044,Francis R Scobee MS,Southwest ISD,C,17.9,779,https://txschools.net/campus/francis-r-scobee-ms-015912044
2599,7358,31,015915144,Galm Elem,Northside ISD,B,17.9,518,https://txschools.net/campus/galm-elem-015915144
2599,7358,31,003905101,H G Temple Elem,Diboll ISD,D,17.9,395,https://txschools.net/campus/h-g-temple-elem-003905101
2599,7358,31,101911108,Highlands Elem,Goose Creek CISD,D,17.9,591,https://txschools.net/campus/highlands-elem-101911108
2599,7358,31,003904101,Huntington Elem,Huntington ISD,B,17.9,491,https://txschools.net/campus/huntington-elem-003904101
2599,7358,31,034907101,J K Hileman Elem,Queen City ISD,B,17.9,338,https://txschools.net/campus/j-k-hileman-elem-034907101
2599,7358,31,057907112,James R Bilhartz Jr Elem,Duncanville ISD,C,17.9,588,https://txschools.net/campus/james-r-bilhartz-jr-elem-057907112
2599,7358,31,094904001,Marion HS,Marion ISD,A,17.9,516,https://txschools.net/campus/marion-hs-094904001
2599,7358,31,057909112,MD Williams Elem,Garland ISD,C,17.9,539,https://txschools.net/campus/md-williams-elem-057909112
2599,7358,31,072910101,Morgan Mill School,Morgan Mill ISD,F,17.9,132,https://txschools.net/campus/morgan-mill-school-072910101
2599,7358,31,061901047,Navo MS,Denton ISD,C,17.9,654,https://txschools.net/campus/navo-ms-061901047
2599,7358,31,020905109,O M Roberts Elem,Brazosport ISD,A,17.9,631,https://txschools.net/campus/o-m-roberts-elem-020905109
2599,7358,31,170908045,Pine Valley MS,New Caney ISD,D,17.9,764,https://txschools.net/campus/pine-valley-ms-170908045
2599,7358,31,192901101,Reagan County Elem,Reagan County ISD,C,17.9,422,https://txschools.net/campus/reagan-county-elem-192901101
2599,7358,31,101907059,Rowe MS,Cypress-Fairbanks ISD,B,17.9,1508,https://txschools.net/campus/rowe-ms-101907059
2599,7358,31,015912101,Southwest Elem,Southwest ISD,B,17.9,772,https://txschools.net/campus/southwest-elem-015912101
2599,7358,31,170902055,Stockton JH,Conroe ISD,A,17.9,1365,https://txschools.net/campus/stockton-jh-170902055
2599,7358,31,170907105,Timber Lakes Elem,Splendora ISD,C,17.9,671,https://txschools.net/campus/timber-lakes-elem-170907105
2599,7358,31,246913005,Vandegrift HS,Leander ISD,A,17.9,2338,https://txschools.net/campus/vandegrift-hs-246913005
2599,7358,31,108904124,Villarreal Elem,Edinburg CISD,B,17.9,512,https://txschools.net/campus/villarreal-elem-108904124
2599,7358,31,043907104,Webb Elem,McKinney ISD,F,17.9,522,https://txschools.net/campus/webb-elem-043907104
2599,7358,31,101920116,Westwood Elem,Spring Branch ISD,B,17.9,472,https://txschools.net/campus/westwood-elem-101920116
2599,7358,31,188901132,Whittier Elem,Amarillo ISD,D,17.9,436,https://txschools.net/campus/whittier-elem-188901132
2631,7358,25,246913102,Ada Mae Faubion Elem,Leander ISD,C,17.8,363,https://txschools.net/campus/ada-mae-faubion-elem-246913102
2631,7358,25,175902001,Blooming Grove HS,Blooming Grove ISD,B,17.8,294,https://txschools.net/campus/blooming-grove-hs-175902001
2631,7358,25,043917001,Blue Ridge HS,Blue Ridge ISD,B,17.8,306,https://txschools.net/campus/blue-ridge-hs-043917001
2631,7358,25,165901127,Bush Elem,Midland ISD,B,17.8,512,https://txschools.net/campus/bush-elem-165901127
2631,7358,25,021901003,College Station HS,College Station ISD,B,17.8,2123,https://txschools.net/campus/college-station-hs-021901003
2631,7358,25,071901103,Desert Hills Elem,Clint ISD,B,17.8,898,https://txschools.net/campus/desert-hills-elem-071901103
2631,7358,25,101920103,Edgewood Elem,Spring Branch ISD,B,17.8,476,https://txschools.net/campus/edgewood-elem-101920103
2631,7358,25,143906101,Ezzell School,Ezzell ISD,B,17.8,124,https://txschools.net/campus/ezzell-school-143906101
2631,7358,25,071903041,Fabens MS,Fabens ISD,C,17.8,397,https://txschools.net/campus/fabens-ms-071903041
2631,7358,25,170908007,Infinity Early College HS,New Caney ISD,A,17.8,365,https://txschools.net/campus/infinity-early-college-hs-170908007
2631,7358,25,100903042,Kountze Int,Kountze ISD,C,17.8,284,https://txschools.net/campus/kountze-int-100903042
2631,7358,25,016901001,Lyndon B Johnson HS,Johnson City ISD,A,17.8,225,https://txschools.net/campus/lyndon-b-johnson-hs-016901001
2631,7358,25,101907105,Matzke Elem,Cypress-Fairbanks ISD,B,17.8,945,https://txschools.net/campus/matzke-elem-101907105
2631,7358,25,161909001,McGregor HS,McGregor ISD,A,17.8,432,https://txschools.net/campus/mcgregor-hs-161909001
2631,7358,25,043910103,Mendenhall Elem,Plano ISD,D,17.8,506,https://txschools.net/campus/mendenhall-elem-043910103
2631,7358,25,015915224,Mora Elem,Northside ISD,C,17.8,582,https://txschools.net/campus/mora-elem-015915224
2631,7358,25,092903126,Ned E Williams Elem,Longview ISD,B,17.8,325,https://txschools.net/campus/ned-e-williams-elem-092903126
2631,7358,25,223901102,Oak Grove Elem,Brownfield ISD,F,17.8,639,https://txschools.net/campus/oak-grove-elem-223901102
2631,7358,25,057905202,Oran M Roberts Elem,Dallas ISD,C,17.8,346,https://txschools.net/campus/oran-m-roberts-elem-057905202
2631,7358,25,158901104,Roberts Elem,Bay City ISD,C,17.8,473,https://txschools.net/campus/roberts-elem-158901104
2631,7358,25,125901105,Saenz Elem,Alice ISD,B,17.8,453,https://txschools.net/campus/saenz-elem-125901105
2631,7358,25,074911001,Savoy HS,Savoy ISD,B,17.8,114,https://txschools.net/campus/savoy-hs-074911001
2631,7358,25,212905101,T J Austin Elem,Tyler ISD,F,17.8,328,https://txschools.net/campus/t-j-austin-elem-212905101
2631,7358,25,126908102,Venus Pri,Venus ISD,D,17.8,383,https://txschools.net/campus/venus-pri-126908102
2631,7358,25,014909114,Western Hills Elem,Temple ISD,C,17.8,391,https://txschools.net/campus/western-hills-elem-014909114
2631,7358,25,229903102,Woodville Elem,Woodville ISD,D,17.8,548,https://txschools.net/campus/woodville-elem-229903102
2657,7358,33,057905353,Ann Richards STEAM Academy,Dallas ISD,B,17.7,919,https://txschools.net/campus/ann-richards-steam-academy-057905353
2657,7358,33,220901045,Bailey JH,Arlington ISD,C,17.7,710,https://txschools.net/campus/bailey-jh-220901045
2657,7358,33,101906103,Barrett Elem,Crosby ISD,D,17.7,629,https://txschools.net/campus/barrett-elem-101906103
2657,7358,33,220907126,Basswood Elem,Keller ISD,B,17.7,571,https://txschools.net/campus/basswood-elem-220907126
2657,7358,33,152901156,Bean Elem,Lubbock ISD,D,17.7,176,https://txschools.net/campus/bean-elem-152901156
2657,7358,33,011901103,Cedar Creek Elem,Bastrop ISD,F,17.7,816,https://txschools.net/campus/cedar-creek-elem-011901103
2657,7358,33,079907144,Dr Lynn Armstrong Elem,Fort Bend ISD,D,17.7,489,https://txschools.net/campus/dr-lynn-armstrong-elem-079907144
2657,7358,33,170902112,Ford Elem,Conroe ISD,B,17.7,784,https://txschools.net/campus/ford-elem-170902112
2657,7358,33,170902068,Grangerland Int,Conroe ISD,C,17.7,588,https://txschools.net/campus/grangerland-int-170902068
2657,7358,33,071902119,Hawkins Elem,El Paso ISD,A,17.7,255,https://txschools.net/campus/hawkins-elem-071902119
2657,7358,33,202903001,Hemphill HS,Hemphill ISD,A,17.7,204,https://txschools.net/campus/hemphill-hs-202903001
2657,7358,33,220904106,John and Polly Townley Elem,Everman ISD,D,17.7,367,https://txschools.net/campus/john-and-polly-townley-elem-220904106
2657,7358,33,219905001,Kress HS,Kress ISD,A,17.7,127,https://txschools.net/campus/kress-hs-219905001
2657,7358,33,161906103,La Vega Int H P Miles Campus,La Vega ISD,D,17.7,737,https://txschools.net/campus/la-vega-int-h-p-miles-campus-161906103
2657,7358,33,061912001,Lake Dallas HS,Lake Dallas ISD,A,17.7,1227,https://txschools.net/campus/lake-dallas-hs-061912001
2657,7358,33,108904108,Lincoln Elem,Edinburg CISD,B,17.7,384,https://txschools.net/campus/lincoln-elem-108904108
2657,7358,33,225902041,Mount Pleasant JH,Mount Pleasant ISD,B,17.7,702,https://txschools.net/campus/mount-pleasant-jh-225902041
2657,7358,33,101906101,Newport Elem,Crosby ISD,B,17.7,721,https://txschools.net/campus/newport-elem-101906101
2657,7358,33,108913112,North Bridge Elem,Weslaco ISD,C,17.7,756,https://txschools.net/campus/north-bridge-elem-108913112
2657,7358,33,241903103,Northside Elem,El Campo ISD,C,17.7,471,https://txschools.net/campus/northside-elem-241903103
2657,7358,33,101913108,Oaks Elem,Humble ISD,B,17.7,523,https://txschools.net/campus/oaks-elem-101913108
2657,7358,33,057903046,Polk MS,Carrollton-Farmers Branch ISD,F,17.7,1096,https://txschools.net/campus/polk-ms-057903046
2657,7358,33,014909116,Raye-Allen Elem,Temple ISD,C,17.7,435,https://txschools.net/campus/raye-allen-elem-014909116
2657,7358,33,196903042,Refugio JH,Refugio ISD,B,17.7,131,https://txschools.net/campus/refugio-jh-196903042
2657,7358,33,220905165,Richard J Wilson Elem,Fort Worth ISD,C,17.7,503,https://txschools.net/campus/richard-j-wilson-elem-220905165
2657,7358,33,108911042,Sharyland North JH,Sharyland ISD,A,17.7,799,https://txschools.net/campus/sharyland-north-jh-108911042
2657,7358,33,204904101,Shepherd Pri,Shepherd ISD,C,17.7,512,https://txschools.net/campus/shepherd-pri-204904101
2657,7358,33,244903105,T G McCord Elem,Vernon ISD,C,17.7,293,https://txschools.net/campus/t-g-mccord-elem-244903105
2657,7358,33,219903041,Tulia JH,Tulia ISD,C,17.7,193,https://txschools.net/campus/tulia-jh-219903041
2657,7358,33,020907102,West Columbia Elem,Columbia-Brazoria ISD,D,17.7,681,https://txschools.net/campus/west-columbia-elem-020907102
2657,7358,33,220918114,Willow Creek Elem,Eagle Mt-Saginaw ISD,C,17.7,625,https://txschools.net/campus/willow-creek-elem-220918114
2657,7358,33,043910043,Wilson MS,Plano ISD,B,17.7,763,https://txschools.net/campus/wilson-ms-043910043
2657,7358,33,227904106,Windermere Elem,Pflugerville ISD,C,17.7,665,https://txschools.net/campus/windermere-elem-227904106
2657,7358,33,101907109,Yeager Elem,Cypress-Fairbanks ISD,B,17.7,700,https://txschools.net/campus/yeager-elem-101907109
2691,7358,25,036901001,Anahuac HS,Anahuac ISD,B,17.6,453,https://txschools.net/campus/anahuac-hs-036901001
2691,7358,25,079901101,Beasley Elem,Lamar CISD,D,17.6,484,https://txschools.net/campus/beasley-elem-079901101
2691,7358,25,101902126,Black Elem,Aldine ISD,C,17.6,431,https://txschools.net/campus/black-elem-101902126
2691,7358,25,126902006,Burleson Centennial HS,Burleson ISD,B,17.6,2006,https://txschools.net/campus/burleson-centennial-hs-126902006
2691,7358,25,114902041,Coahoma JH,Coahoma ISD,B,17.6,244,https://txschools.net/campus/coahoma-jh-114902041
2691,7358,25,243905107,Crockett Elem,Wichita Falls ISD,B,17.6,468,https://txschools.net/campus/crockett-elem-243905107
2691,7358,25,031901123,Egly Elem,Brownsville ISD,B,17.6,508,https://txschools.net/campus/egly-elem-031901123
2691,7358,25,241903001,El Campo HS,El Campo ISD,A,17.6,985,https://txschools.net/campus/el-campo-hs-241903001
2691,7358,25,186902102,Fort Stockton Alamo Elem,Fort Stockton ISD,B,17.6,271,https://txschools.net/campus/fort-stockton-alamo-elem-186902102
2691,7358,25,205902041,Gregory-Portland MS,Gregory-Portland ISD,B,17.6,1192,https://txschools.net/campus/gregory-portland-ms-205902041
2691,7358,25,057913102,Houston Elem,Lancaster ISD,C,17.6,573,https://txschools.net/campus/houston-elem-057913102
2691,7358,25,241903102,Hutchins Elem,El Campo ISD,D,17.6,688,https://txschools.net/campus/hutchins-elem-241903102
2691,7358,25,205903043,Leon Taylor MS,Ingleside ISD,B,17.6,475,https://txschools.net/campus/leon-taylor-ms-205903043
2691,7358,25,246909120,Live Oak Elem,Round Rock ISD,B,17.6,390,https://txschools.net/campus/live-oak-elem-246909120
2691,7358,25,057905188,Mount Auburn STEAM Academy,Dallas ISD,B,17.6,505,https://txschools.net/campus/mount-auburn-steam-academy-057905188
2691,7358,25,176902002,Newton HS,Newton ISD,B,17.6,282,https://txschools.net/campus/newton-hs-176902002
2691,7358,25,220918113,Parkview Elem,Eagle Mt-Saginaw ISD,C,17.6,546,https://txschools.net/campus/parkview-elem-220918113
2691,7358,25,220912106,Parkway Elem,Crowley ISD,D,17.6,424,https://txschools.net/campus/parkway-elem-220912106
2691,7358,25,014906142,Pershing Park Elem,Killeen ISD,C,17.6,913,https://txschools.net/campus/pershing-park-elem-014906142
2691,7358,25,133903041,Peterson MS,Kerrville ISD,B,17.6,1002,https://txschools.net/campus/peterson-ms-133903041
2691,7358,25,057905195,Preston Hollow Elem,Dallas ISD,C,17.6,390,https://txschools.net/campus/preston-hollow-elem-057905195
2691,7358,25,057910101,Stephen F Austin Environmental Science Academy,Grand Prairie ISD,B,17.6,583,https://txschools.net/campus/stephen-f-austin-environmental-science-academy-057910101
2691,7358,25,101914002,Taylor HS,Katy ISD,A,17.6,3317,https://txschools.net/campus/taylor-hs-101914002
2691,7358,25,015915019,Warren HS,Northside ISD,B,17.6,2486,https://txschools.net/campus/warren-hs-015915019
2691,7358,25,091906109,Washington Elem,Sherman ISD,C,17.6,350,https://txschools.net/campus/washington-elem-091906109
2691,7358,25,071902174,William C Herrera Elem,El Paso ISD,C,17.6,451,https://txschools.net/campus/william-c-herrera-elem-071902174
2717,7358,25,015907026,Advanced Learning Academy,San Antonio ISD,B,17.5,1104,https://txschools.net/campus/advanced-learning-academy-015907026
2717,7358,25,250906001,Alba-Golden HS,Alba-Golden ISD,A,17.5,402,https://txschools.net/campus/alba-golden-hs-250906001
2717,7358,25,071904104,Alfonso Borrego Sr Elem,San Elizario ISD,F,17.5,521,https://txschools.net/campus/alfonso-borrego-sr-elem-071904104
2717,7358,25,146902101,Austin Elem,Dayton ISD,C,17.5,845,https://txschools.net/campus/austin-elem-146902101
2717,7358,25,223901001,Brownfield HS,Brownfield ISD,B,17.5,438,https://txschools.net/campus/brownfield-hs-223901001
2717,7358,25,121903101,Buna Elem,Buna ISD,D,17.5,719,https://txschools.net/campus/buna-elem-121903101
2717,7358,25,038901001,Childress HS,Childress ISD,C,17.5,295,https://txschools.net/campus/childress-hs-038901001
2717,7358,25,014906116,Clarke Elem,Killeen ISD,A,17.5,475,https://txschools.net/campus/clarke-elem-014906116
2717,7358,25,043910124,Daffron Elem,Plano ISD,B,17.5,537,https://txschools.net/campus/daffron-elem-043910124
2717,7358,25,220905119,Daggett Elem,Fort Worth ISD,B,17.5,520,https://txschools.net/campus/daggett-elem-220905119
2717,7358,25,171901001,Dumas HS,Dumas ISD,A,17.5,1122,https://txschools.net/campus/dumas-hs-171901001
2717,7358,25,057905305,Ebby Halliday Elem,Dallas ISD,B,17.5,671,https://txschools.net/campus/ebby-halliday-elem-057905305
2717,7358,25,152901064,Evans MS,Lubbock ISD,C,17.5,785,https://txschools.net/campus/evans-ms-152901064
2717,7358,25,101917147,Fred Roberts MS,Pasadena ISD,C,17.5,481,https://txschools.net/campus/fred-roberts-ms-101917147
2717,7358,25,165902103,Greenwood Int,Greenwood ISD,D,17.5,860,https://txschools.net/campus/greenwood-int-165902103
2717,7358,25,124901101,Hebbronville Elem,Jim Hogg County ISD,B,17.5,411,https://txschools.net/campus/hebbronville-elem-124901101
2717,7358,25,084906102,Heights Elem,Texas City ISD,A,17.5,403,https://txschools.net/campus/heights-elem-084906102
2717,7358,25,057910102,James Bowie Fine Arts Academy,Grand Prairie ISD,C,17.5,564,https://txschools.net/campus/james-bowie-fine-arts-academy-057910102
2717,7358,25,125906101,La Gloria Elem,La Gloria ISD,D,17.5,126,https://txschools.net/campus/la-gloria-elem-125906101
2717,7358,25,031901051,Lucio MS,Brownsville ISD,B,17.5,601,https://txschools.net/campus/lucio-ms-031901051
2717,7358,25,014906132,Oveta Culp Hobby Elem,Killeen ISD,A,17.5,676,https://txschools.net/campus/oveta-culp-hobby-elem-014906132
2717,7358,25,227904041,Pflugerville MS,Pflugerville ISD,C,17.5,793,https://txschools.net/campus/pflugerville-ms-227904041
2717,7358,25,071901045,Ricardo Estrada MS,Clint ISD,B,17.5,577,https://txschools.net/campus/ricardo-estrada-ms-071901045
2717,7358,25,237905105,Royal Elem,Royal ISD,C,17.5,424,https://txschools.net/campus/royal-elem-237905105
2717,7358,25,046902105,Startzville Elem,Comal ISD,B,17.5,414,https://txschools.net/campus/startzville-elem-046902105
2717,7358,25,181907041,Vidor JH,Vidor ISD,C,17.5,626,https://txschools.net/campus/vidor-jh-181907041
2743,7358,29,079907133,Arizona Fleming Elem,Fort Bend ISD,B,17.4,416,https://txschools.net/campus/arizona-fleming-elem-079907133
2743,7358,29,114901044,Big Spring Int,Big Spring ISD,B,17.4,474,https://txschools.net/campus/big-spring-int-114901044
2743,7358,29,226903106,Bradford Elem,San Angelo ISD,F,17.4,450,https://txschools.net/campus/bradford-elem-226903106
2743,7358,29,239901042,Brenham JH,Brenham ISD,C,17.4,753,https://txschools.net/campus/brenham-jh-239901042
2743,7358,29,240901101,Bruni Elem,Laredo ISD,B,17.4,441,https://txschools.net/campus/bruni-elem-240901101
2743,7358,29,145901102,Buffalo Elem,Buffalo ISD,B,17.4,280,https://txschools.net/campus/buffalo-elem-145901102
2743,7358,29,126902001,Burleson HS,Burleson ISD,B,17.4,1741,https://txschools.net/campus/burleson-hs-126902001
2743,7358,29,210901001,Center HS,Center ISD,A,17.4,643,https://txschools.net/campus/center-hs-210901001
2743,7358,29,187904001,Corrigan-Camden HS,Corrigan-Camden ISD,B,17.4,242,https://txschools.net/campus/corrigan-camden-hs-187904001
2743,7358,29,227910111,Creedmoor Elem,Del Valle ISD,D,17.4,606,https://txschools.net/campus/creedmoor-elem-227910111
2743,7358,29,101912144,Durkee Elem,Houston ISD,B,17.4,415,https://txschools.net/campus/durkee-elem-101912144
2743,7358,29,015915234,Ellison Elem,Northside ISD,B,17.4,731,https://txschools.net/campus/ellison-elem-015915234
2743,7358,29,108902117,Eloy Garza Salazar Elem,Donna ISD,C,17.4,476,https://txschools.net/campus/eloy-garza-salazar-elem-108902117
2743,7358,29,220918109,Greenfield Elem,Eagle Mt-Saginaw ISD,D,17.4,589,https://txschools.net/campus/greenfield-elem-220918109
2743,7358,29,101902062,Houston Academy,Aldine ISD,C,17.4,349,https://txschools.net/campus/houston-academy-101902062
2743,7358,29,220914001,Kennedale HS,Kennedale ISD,B,17.4,916,https://txschools.net/campus/kennedale-hs-220914001
2743,7358,29,101912188,Kennedy Elem,Houston ISD,B,17.4,458,https://txschools.net/campus/kennedy-elem-101912188
2743,7358,29,227901172,Kocurek Elem,Austin ISD,C,17.4,476,https://txschools.net/campus/kocurek-elem-227901172
2743,7358,29,101924104,L E Monahan Elem,Sheldon ISD,F,17.4,604,https://txschools.net/campus/l-e-monahan-elem-101924104
2743,7358,29,057914049,Lanny Frasier MS,Mesquite ISD,B,17.4,910,https://txschools.net/campus/lanny-frasier-ms-057914049
2743,7358,29,015915108,Leon Valley Elem,Northside ISD,C,17.4,648,https://txschools.net/campus/leon-valley-elem-015915108
2743,7358,29,014906108,Meadows Elem,Killeen ISD,C,17.4,965,https://txschools.net/campus/meadows-elem-014906108
2743,7358,29,145906001,Normangee HS,Normangee ISD,B,17.4,200,https://txschools.net/campus/normangee-hs-145906001
2743,7358,29,015915136,Northwest Crossing Elem,Northside ISD,D,17.4,373,https://txschools.net/campus/northwest-crossing-elem-015915136
2743,7358,29,101912212,Oates Elem,Houston ISD,C,17.4,210,https://txschools.net/campus/oates-elem-101912212
2743,7358,29,101917119,South Shaver Elem,Pasadena ISD,C,17.4,484,https://txschools.net/campus/south-shaver-elem-101917119
2743,7358,29,229905001,Spurger HS,Spurger ISD,B,17.4,155,https://txschools.net/campus/spurger-hs-229905001
2743,7358,29,020907042,West Brazos JH,Columbia-Brazoria ISD,C,17.4,686,https://txschools.net/campus/west-brazos-jh-020907042
2743,7358,29,001908102,Westwood Pri,Westwood ISD,D,17.4,345,https://txschools.net/campus/westwood-pri-001908102
2743,7358,29,200904001,Winters HS,Winters ISD,B,17.4,128,https://txschools.net/campus/winters-hs-200904001
2773,7358,26,037901101,Alto Elem,Alto ISD,C,17.3,210,https://txschools.net/campus/alto-elem-037901101
2773,7358,26,220916001,Bell HS,Hurst-Euless-Bedford ISD,A,17.3,2423,https://txschools.net/campus/bell-hs-220916001
2773,7358,26,129902105,Blackburn Elem,Forney ISD,B,17.3,666,https://txschools.net/campus/blackburn-elem-129902105
2773,7358,26,220907116,Bluebonnet Elem,Keller ISD,C,17.3,517,https://txschools.net/campus/bluebonnet-elem-220907116
2773,7358,26,101917051,Bondy Int,Pasadena ISD,B,17.3,891,https://txschools.net/campus/bondy-int-101917051
2773,7358,26,129901001,Crandall HS,Crandall ISD,B,17.3,2183,https://txschools.net/campus/crandall-hs-129901001
2773,7358,26,101917141,Earnesteen Milstead MS,Pasadena ISD,F,17.3,637,https://txschools.net/campus/earnesteen-milstead-ms-101917141
2773,7358,26,067903001,Eastland HS,Eastland ISD,B,17.3,256,https://txschools.net/campus/eastland-hs-067903001
2773,7358,26,186902101,Fort Stockton Int,Fort Stockton ISD,C,17.3,316,https://txschools.net/campus/fort-stockton-int-186902101
2773,7358,26,089901102,Gonzales North Avenue,Gonzales ISD,D,17.3,549,https://txschools.net/campus/gonzales-north-avenue-089901102
2773,7358,26,101913101,Humble Elem,Humble ISD,A,17.3,601,https://txschools.net/campus/humble-elem-101913101
2773,7358,26,108902109,J W Caceres Discovery Int Academy,Donna ISD,D,17.3,331,https://txschools.net/campus/j-w-caceres-discovery-int-academy-108902109
2773,7358,26,240903118,Juarez/Lincoln Elem,United ISD,A,17.3,482,https://txschools.net/campus/juarez-lincoln-elem-240903118
2773,7358,26,201904101,Leveretts Chapel Elem,Leveretts Chapel ISD,D,17.3,115,https://txschools.net/campus/leveretts-chapel-elem-201904101
2773,7358,26,108912044,Memorial MS,La Joya ISD,A,17.3,613,https://txschools.net/campus/memorial-ms-108912044
2773,7358,26,221904001,Merkel HS,Merkel ISD,A,17.3,298,https://txschools.net/campus/merkel-hs-221904001
2773,7358,26,140905002,Olton HS,Olton ISD,B,17.3,186,https://txschools.net/campus/olton-hs-140905002
2773,7358,26,108902113,Patricia S Garza Elem,Donna ISD,C,17.3,560,https://txschools.net/campus/patricia-s-garza-elem-108902113
2773,7358,26,061901117,Providence Elem,Denton ISD,B,17.3,504,https://txschools.net/campus/providence-elem-061901117
2773,7358,26,035901102,Richardson Elem,Dimmitt ISD,D,17.3,498,https://txschools.net/campus/richardson-elem-035901102
2773,7358,26,108911001,Sharyland HS,Sharyland ISD,A,17.3,1504,https://txschools.net/campus/sharyland-hs-108911001
2773,7358,26,172902101,South Elem,Daingerfield-Lone Star ISD,D,17.3,190,https://txschools.net/campus/south-elem-172902101
2773,7358,26,177902104,Sweetwater Int,Sweetwater ISD,D,17.3,233,https://txschools.net/campus/sweetwater-int-177902104
2773,7358,26,015915007,Taft HS,Northside ISD,B,17.3,2531,https://txschools.net/campus/taft-hs-015915007
2773,7358,26,149902001,Three Rivers Jr/Sr HS,Three Rivers ISD,C,17.3,230,https://txschools.net/campus/three-rivers-jr-sr-hs-149902001
2773,7358,26,071909043,William D Slider MS,Socorro ISD,A,17.3,587,https://txschools.net/campus/william-d-slider-ms-071909043
2773,7358,26,188902103,Willow Vista Eca,River Road ISD,F,17.3,252,https://txschools.net/campus/willow-vista-eca-188902103
2800,7358,28,031912117,Angela Gerusa Leal Elem,San Benito CISD,B,17.2,303,https://txschools.net/campus/angela-gerusa-leal-elem-031912117
2800,7358,28,072904101,Bluff Dale,Bluff Dale ISD,B,17.2,226,https://txschools.net/campus/bluff-dale-072904101
2800,7358,28,057905205,Clinton P Russell Elem,Dallas ISD,A,17.2,407,https://txschools.net/campus/clinton-p-russell-elem-057905205
2800,7358,28,057909056,Coyle MS Technology Center for Math & Science,Garland ISD,C,17.2,989,https://txschools.net/campus/coyle-ms-technology-center-for-math-science-057909056
2800,7358,28,148905101,Darrouzett Schools,Darrouzett ISD,D,17.2,97,https://txschools.net/campus/darrouzett-schools-148905101
2800,7358,28,220918045,Ed Willkie MS,Eagle Mt-Saginaw ISD,C,17.2,766,https://txschools.net/campus/ed-willkie-ms-220918045
2800,7358,28,108904120,Eisenhower Elem,Edinburg CISD,C,17.2,642,https://txschools.net/campus/eisenhower-elem-108904120
2800,7358,28,230902102,Gilmer Elem,Gilmer ISD,B,17.2,1044,https://txschools.net/campus/gilmer-elem-230902102
2800,7358,28,252901105,Graham Elem,Graham ISD,C,17.2,981,https://txschools.net/campus/graham-elem-252901105
2800,7358,28,102904002,Hallsville HS,Hallsville ISD,A,17.2,1407,https://txschools.net/campus/hallsville-hs-102904002
2800,7358,28,202903101,Hemphill Elem,Hemphill ISD,A,17.2,308,https://txschools.net/campus/hemphill-elem-202903101
2800,7358,28,202903041,Hemphill MS,Hemphill ISD,A,17.2,216,https://txschools.net/campus/hemphill-ms-202903041
2800,7358,28,237902101,Hempstead Elem,Hempstead ISD,C,17.2,627,https://txschools.net/campus/hempstead-elem-237902101
2800,7358,28,059901042,Hereford JH,Hereford ISD,F,17.2,542,https://txschools.net/campus/hereford-jh-059901042
2800,7358,28,227907111,Lagos Elem,Manor ISD,C,17.2,662,https://txschools.net/campus/lagos-elem-227907111
2800,7358,28,034905102,Linden Elem,Linden-Kildare CISD,B,17.2,278,https://txschools.net/campus/linden-elem-034905102
2800,7358,28,152906106,Lubbock-Cooper East Elem,Lubbock-Cooper ISD,C,17.2,815,https://txschools.net/campus/lubbock-cooper-east-elem-152906106
2800,7358,28,220905114,Manuel Jara Elem,Fort Worth ISD,B,17.2,514,https://txschools.net/campus/manuel-jara-elem-220905114
2800,7358,28,031901055,Manzano MS,Brownsville ISD,B,17.2,829,https://txschools.net/campus/manzano-ms-031901055
2800,7358,28,201908001,Overton HS,Overton ISD,B,17.2,268,https://txschools.net/campus/overton-hs-201908001
2800,7358,28,129902110,Rhodes Int,Forney ISD,C,17.2,875,https://txschools.net/campus/rhodes-int-129902110
2800,7358,28,094902103,Schertz Elem,Schertz-Cibolo-U City ISD,D,17.2,619,https://txschools.net/campus/schertz-elem-094902103
2800,7358,28,237904043,Schultz JH,Waller ISD,C,17.2,1271,https://txschools.net/campus/schultz-jh-237904043
2800,7358,28,101920113,Shadow Oaks Elem,Spring Branch ISD,B,17.2,444,https://txschools.net/campus/shadow-oaks-elem-101920113
2800,7358,28,031901112,Skinner Elem,Brownsville ISD,C,17.2,321,https://txschools.net/campus/skinner-elem-031901112
2800,7358,28,156902041,Stanton MS,Stanton ISD,C,17.2,257,https://txschools.net/campus/stanton-ms-156902041
2800,7358,28,101911114,Travis Elem,Goose Creek CISD,C,17.2,689,https://txschools.net/campus/travis-elem-101911114
2800,7358,28,101907045,Watkins MS,Cypress-Fairbanks ISD,B,17.2,1176,https://txschools.net/campus/watkins-ms-101907045
2800,7358,28,101914103,West Memorial Elem,Katy ISD,D,17.2,960,https://txschools.net/campus/west-memorial-elem-101914103
2829,7358,27,125902001,Ben Bolt-Palito Blanco HS,Ben Bolt-Palito Blanco ISD,A,17.1,190,https://txschools.net/campus/ben-bolt-palito-blanco-hs-125902001
2829,7358,27,050910104,C R Clements/Hollie Parsons Elem,Copperas Cove ISD,A,17.1,796,https://txschools.net/campus/c-r-clements-hollie-parsons-elem-050910104
2829,7358,27,071902183,Coach Archie Duran Elem,El Paso ISD,C,17.1,647,https://txschools.net/campus/coach-archie-duran-elem-071902183
2829,7358,27,178904154,Dawson Elem,Corpus Christi ISD,B,17.1,561,https://txschools.net/campus/dawson-elem-178904154
2829,7358,27,194905001,Detroit MS HS,Detroit ISD,A,17.1,139,https://txschools.net/campus/detroit-ms-hs-194905001
2829,7358,27,220904003,Everman Academy HS,Everman ISD,B,17.1,56,https://txschools.net/campus/everman-academy-hs-220904003
2829,7358,27,101915042,Hildebrandt Int,Klein ISD,C,17.1,1048,https://txschools.net/campus/hildebrandt-int-101915042
2829,7358,27,108912048,Juan De Dios Salinas MS,La Joya ISD,C,17.1,585,https://txschools.net/campus/juan-de-dios-salinas-ms-108912048
2829,7358,27,108909046,Kennedy MS,Pharr-San Juan-Alamo ISD,A,17.1,539,https://txschools.net/campus/kennedy-ms-108909046
2829,7358,27,161906105,La Vega Elem,La Vega ISD,D,17.1,610,https://txschools.net/campus/la-vega-elem-161906105
2829,7358,27,057909158,Liberty Grove Elem,Garland ISD,B,17.1,442,https://txschools.net/campus/liberty-grove-elem-057909158
2829,7358,27,181908101,Little Cypress Elem,Little Cypress-Mauriceville CISD,C,17.1,519,https://txschools.net/campus/little-cypress-elem-181908101
2829,7358,27,160905001,Lohn School,Lohn ISD,B,17.1,109,https://txschools.net/campus/lohn-school-160905001
2829,7358,27,108903105,Lyndon B Johnson Elem,Edcouch-Elsa ISD,C,17.1,465,https://txschools.net/campus/lyndon-b-johnson-elem-108903105
2829,7358,27,031901104,Martin Elem,Brownsville ISD,B,17.1,359,https://txschools.net/campus/martin-elem-031901104
2829,7358,27,108906123,McAuliffe Elem,McAllen ISD,B,17.1,372,https://txschools.net/campus/mcauliffe-elem-108906123
2829,7358,27,101915112,Nitsch Elem,Klein ISD,A,17.1,619,https://txschools.net/campus/nitsch-elem-101915112
2829,7358,27,101912265,Petersen Elem,Houston ISD,C,17.1,325,https://txschools.net/campus/petersen-elem-101912265
2829,7358,27,142901102,Ramirez-Burks Elem,Cotulla ISD,C,17.1,445,https://txschools.net/campus/ramirez-burks-elem-142901102
2829,7358,27,020905115,Rasco MS,Brazosport ISD,C,17.1,703,https://txschools.net/campus/rasco-ms-020905115
2829,7358,27,220912044,Richard Allie MS,Crowley ISD,B,17.1,1009,https://txschools.net/campus/richard-allie-ms-220912044
2829,7358,27,071905141,Robbin E L Washington International Elem,Ysleta ISD,B,17.1,368,https://txschools.net/campus/robbin-e-l-washington-international-elem-071905141
2829,7358,27,101912248,Sutton Elem,Houston ISD,B,17.1,709,https://txschools.net/campus/sutton-elem-101912248
2829,7358,27,031903117,Treasure Hills Elem,Harlingen CISD,B,17.1,754,https://txschools.net/campus/treasure-hills-elem-031903117
2829,7358,27,031901047,Vela MS,Brownsville ISD,B,17.1,666,https://txschools.net/campus/vela-ms-031901047
2829,7358,27,094901110,Vogel Elem,Seguin ISD,C,17.1,477,https://txschools.net/campus/vogel-elem-094901110
2829,7358,27,057909049,Webb MS,Garland ISD,A,17.1,935,https://txschools.net/campus/webb-ms-057909049
2829,7358,27,057913103,West Main Elem,Lancaster ISD,C,17.1,593,https://txschools.net/campus/west-main-elem-057913103
2857,7358,30,034901042,Atlanta MS,Atlanta ISD,B,17,445,https://txschools.net/campus/atlanta-ms-034901042
2857,7358,30,230901041,Big Sandy JH,Big Sandy ISD,C,17,145,https://txschools.net/campus/big-sandy-jh-230901041
2857,7358,30,246913105,C C Mason Elem,Leander ISD,B,17,649,https://txschools.net/campus/c-c-mason-elem-246913105
2857,7358,30,183902042,Carthage JH,Carthage ISD,C,17,416,https://txschools.net/campus/carthage-jh-183902042
2857,7358,30,183902104,Carthage Pri,Carthage ISD,C,17,508,https://txschools.net/campus/carthage-pri-183902104
2857,7358,30,043902042,Clemons Creek MS,Anna ISD,C,17,742,https://txschools.net/campus/clemons-creek-ms-043902042
2857,7358,30,227904111,Copperfield Elem,Pflugerville ISD,B,17,494,https://txschools.net/campus/copperfield-elem-227904111
2857,7358,30,082902101,Dilley Elem,Dilley ISD,F,17,422,https://txschools.net/campus/dilley-elem-082902101
2857,7358,30,011902102,Elgin Elem,Elgin ISD,D,17,364,https://txschools.net/campus/elgin-elem-011902102
2857,7358,30,235902044,Harold Cade MS,Victoria ISD,B,17,696,https://txschools.net/campus/harold-cade-ms-235902044
2857,7358,30,129901105,Hollis T Dietz Elem,Crandall ISD,C,17,475,https://txschools.net/campus/hollis-t-dietz-elem-129901105
2857,7358,30,015916102,Hopkins Elem,Judson ISD,D,17,682,https://txschools.net/campus/hopkins-elem-015916102
2857,7358,30,101917110,Kruse Elem,Pasadena ISD,D,17,373,https://txschools.net/campus/kruse-elem-101917110
2857,7358,30,163908104,Lacoste Elem,Medina Valley ISD,C,17,727,https://txschools.net/campus/lacoste-elem-163908104
2857,7358,30,187906001,Leggett HS,Leggett ISD,B,17,90,https://txschools.net/campus/leggett-hs-187906001
2857,7358,30,101916043,Lomax JH,La Porte ISD,B,17,531,https://txschools.net/campus/lomax-jh-101916043
2857,7358,30,003903044,Lufkin MS,Lufkin ISD,B,17,1480,https://txschools.net/campus/lufkin-ms-003903044
2857,7358,30,221904041,Merkel MS,Merkel ISD,C,17,244,https://txschools.net/campus/merkel-ms-221904041
2857,7358,30,170902105,Milam Elem,Conroe ISD,F,17,667,https://txschools.net/campus/milam-elem-170902105
2857,7358,30,123905001,Nederland HS,Nederland ISD,A,17,1547,https://txschools.net/campus/nederland-hs-123905001
2857,7358,30,001907101,Northside Pri,Palestine ISD,F,17,393,https://txschools.net/campus/northside-pri-001907101
2857,7358,30,061903041,Pilot Point Selz MS,Pilot Point ISD,C,17,404,https://txschools.net/campus/pilot-point-selz-ms-061903041
2857,7358,30,092904001,Pine Tree HS,Pine Tree ISD,B,17,1267,https://txschools.net/campus/pine-tree-hs-092904001
2857,7358,30,091913001,Pottsboro HS,Pottsboro ISD,A,17,421,https://txschools.net/campus/pottsboro-hs-091913001
2857,7358,30,250904001,Quitman HS,Quitman ISD,B,17,344,https://txschools.net/campus/quitman-hs-250904001
2857,7358,30,014906122,Reeces Creek Elem,Killeen ISD,C,17,718,https://txschools.net/campus/reeces-creek-elem-014906122
2857,7358,30,101920045,Spring Forest MS,Spring Branch ISD,C,17,1050,https://txschools.net/campus/spring-forest-ms-101920045
2857,7358,30,153904041,Tahoka MS,Tahoka ISD,B,17,130,https://txschools.net/campus/tahoka-ms-153904041
2857,7358,30,057905303,Thelma Elizabeht Page Richardson Elem,Dallas ISD,B,17,499,https://txschools.net/campus/thelma-elizabeht-page-richardson-elem-057905303
2857,7358,30,101907141,Tipps Elem,Cypress-Fairbanks ISD,B,17,918,https://txschools.net/campus/tipps-elem-101907141
2857,7358,30,084909105,William F Barnett Elem,Santa Fe ISD,C,17,664,https://txschools.net/campus/william-f-barnett-elem-084909105
2888,7358,34,101905043,Aguirre JH,Channelview ISD,A,16.9,947,https://txschools.net/campus/aguirre-jh-101905043
2888,7358,34,227901002,Austin HS,Austin ISD,A,16.9,2292,https://txschools.net/campus/austin-hs-227901002
2888,7358,34,061901049,Bettye Myers MS,Denton ISD,D,16.9,829,https://txschools.net/campus/bettye-myers-ms-061901049
2888,7358,34,161914106,Crestview Elem,Waco ISD,F,16.9,461,https://txschools.net/campus/crestview-elem-161914106
2888,7358,34,071909120,Desert Wind Elem,Socorro ISD,C,16.9,491,https://txschools.net/campus/desert-wind-elem-071909120
2888,7358,34,101919123,Donna Lewis Elem,Spring ISD,B,16.9,687,https://txschools.net/campus/donna-lewis-elem-101919123
2888,7358,34,057914050,Dr Don Woolley MS,Mesquite ISD,C,16.9,1031,https://txschools.net/campus/dr-don-woolley-ms-057914050
2888,7358,34,014906056,Dr Jimmie Don Aycock MS,Killeen ISD,C,16.9,589,https://txschools.net/campus/dr-jimmie-don-aycock-ms-014906056
2888,7358,34,101917103,Freeman Elem,Pasadena ISD,C,16.9,398,https://txschools.net/campus/freeman-elem-101917103
2888,7358,34,057914130,Gentry Elem,Mesquite ISD,C,16.9,613,https://txschools.net/campus/gentry-elem-057914130
2888,7358,34,170902116,Glen Loch Elem,Conroe ISD,B,16.9,480,https://txschools.net/campus/glen-loch-elem-170902116
2888,7358,34,213901041,Glen Rose JH School,Glen Rose ISD,B,16.9,494,https://txschools.net/campus/glen-rose-jh-school-213901041
2888,7358,34,187903001,Goodrich HS,Goodrich ISD,A,16.9,67,https://txschools.net/campus/goodrich-hs-187903001
2888,7358,34,220918042,Highland MS,Eagle Mt-Saginaw ISD,C,16.9,663,https://txschools.net/campus/highland-ms-220918042
2888,7358,34,071901044,Horizon MS,Clint ISD,C,16.9,670,https://txschools.net/campus/horizon-ms-071901044
2888,7358,34,079907122,Hunters Glen Elem,Fort Bend ISD,C,16.9,209,https://txschools.net/campus/hunters-glen-elem-079907122
2888,7358,34,240901122,J Kawas Elem,Laredo ISD,A,16.9,398,https://txschools.net/campus/j-kawas-elem-240901122
2888,7358,34,201904041,Leveretts Chapel JH,Leveretts Chapel ISD,C,16.9,54,https://txschools.net/campus/leveretts-chapel-jh-201904041
2888,7358,34,061902056,Marshall Durham MS,Lewisville ISD,D,16.9,676,https://txschools.net/campus/marshall-durham-ms-061902056
2888,7358,34,101917145,Marshall Kendrick MS,Pasadena ISD,C,16.9,660,https://txschools.net/campus/marshall-kendrick-ms-101917145
2888,7358,34,101917111,Meador Elem,Pasadena ISD,B,16.9,436,https://txschools.net/campus/meador-elem-101917111
2888,7358,34,101917133,Morales Elem,Pasadena ISD,B,16.9,333,https://txschools.net/campus/morales-elem-101917133
2888,7358,34,057916110,Northwood Hills Elem,Richardson ISD,C,16.9,507,https://txschools.net/campus/northwood-hills-elem-057916110
2888,7358,34,165901122,Parker Elem,Midland ISD,C,16.9,458,https://txschools.net/campus/parker-elem-165901122
2888,7358,34,101917113,Pomeroy Elem,Pasadena ISD,C,16.9,707,https://txschools.net/campus/pomeroy-elem-101917113
2888,7358,34,101913127,Ridge Creek Elem,Humble ISD,C,16.9,1009,https://txschools.net/campus/ridge-creek-elem-101913127
2888,7358,34,011901104,Riverside MS,Bastrop ISD,D,16.9,717,https://txschools.net/campus/riverside-ms-011901104
2888,7358,34,232902101,Sabinal Elem,Sabinal ISD,C,16.9,230,https://txschools.net/campus/sabinal-elem-232902101
2888,7358,34,013905041,Skidmore-Tynan JH,Skidmore-Tynan ISD,B,16.9,199,https://txschools.net/campus/skidmore-tynan-jh-013905041
2888,7358,34,184902106,Springtown Elem,Springtown ISD,C,16.9,747,https://txschools.net/campus/springtown-elem-184902106
2888,7358,34,057910129,Thurgood Marshall Leadership Academy,Grand Prairie ISD,D,16.9,537,https://txschools.net/campus/thurgood-marshall-leadership-academy-057910129
2888,7358,34,031913101,Tony Gonzalez Elem,Santa Maria ISD,C,16.9,225,https://txschools.net/campus/tony-gonzalez-elem-031913101
2888,7358,34,002901104,Underwood Elem,Andrews ISD,D,16.9,681,https://txschools.net/campus/underwood-elem-002901104
2888,7358,34,126908001,Venus HS,Venus ISD,B,16.9,665,https://txschools.net/campus/venus-hs-126908001
2888,7358,34,191901005,West Plains HS,Canyon ISD,B,16.9,1276,https://txschools.net/campus/west-plains-hs-191901005
2923,7358,42,108913110,Airport Elem,Weslaco ISD,B,16.8,726,https://txschools.net/campus/airport-elem-108913110
2923,7358,42,101913050,Autumn Ridge MS,Humble ISD,C,16.8,992,https://txschools.net/campus/autumn-ridge-ms-101913050
2923,7358,42,101917101,Bailey Elem,Pasadena ISD,D,16.8,566,https://txschools.net/campus/bailey-elem-101917101
2923,7358,42,101912268,Benbrook Elem,Houston ISD,B,16.8,398,https://txschools.net/campus/benbrook-elem-101912268
2923,7358,42,071909112,Benito Martinez Elem,Socorro ISD,C,16.8,423,https://txschools.net/campus/benito-martinez-elem-071909112
2923,7358,42,220904101,Bishop Elem,Everman ISD,B,16.8,353,https://txschools.net/campus/bishop-elem-220904101
2923,7358,42,108904102,Brewster Elem,Edinburg CISD,B,16.8,349,https://txschools.net/campus/brewster-elem-108904102
2923,7358,42,119901001,Bryson School,Bryson ISD,B,16.8,262,https://txschools.net/campus/bryson-school-119901001
2923,7358,42,043907105,Burks Elem,McKinney ISD,C,16.8,382,https://txschools.net/campus/burks-elem-043907105
2923,7358,42,101907047,Cook MS,Cypress-Fairbanks ISD,B,16.8,1337,https://txschools.net/campus/cook-ms-101907047
2923,7358,42,057903006,Creekview HS,Carrollton-Farmers Branch ISD,A,16.8,1625,https://txschools.net/campus/creekview-hs-057903006
2923,7358,42,071902112,Crockett Elem,El Paso ISD,D,16.8,549,https://txschools.net/campus/crockett-elem-071902112
2923,7358,42,108909116,Daniel Ramirez Elem,Pharr-San Juan-Alamo ISD,B,16.8,452,https://txschools.net/campus/daniel-ramirez-elem-108909116
2923,7358,42,175904001,Dawson PK-12,Dawson ISD,B,16.8,608,https://txschools.net/campus/dawson-pk-12-175904001
2923,7358,42,176903101,Deweyville Elem,Deweyville ISD,B,16.8,290,https://txschools.net/campus/deweyville-elem-176903101
2923,7358,42,057905166,Edwin J Kiest Elem,Dallas ISD,B,16.8,579,https://txschools.net/campus/edwin-j-kiest-elem-057905166
2923,7358,42,091917001,Gunter HS,Gunter ISD,A,16.8,385,https://txschools.net/campus/gunter-hs-091917001
2923,7358,42,170902113,Hailey Elem,Conroe ISD,B,16.8,565,https://txschools.net/campus/hailey-elem-170902113
2923,7358,42,128902041,Kenedy MS,Kenedy ISD,D,16.8,167,https://txschools.net/campus/kenedy-ms-128902041
2923,7358,42,092902002,Kilgore HS,Kilgore ISD,C,16.8,1084,https://txschools.net/campus/kilgore-hs-092902002
2923,7358,42,246908001,Liberty Hill HS,Liberty Hill ISD,B,16.8,1950,https://txschools.net/campus/liberty-hill-hs-246908001
2923,7358,42,101903109,Liestman Elem,Alief ISD,D,16.8,480,https://txschools.net/campus/liestman-elem-101903109
2923,7358,42,108911107,Lloyd & Dolly Bentsen Elem,Sharyland ISD,B,16.8,600,https://txschools.net/campus/lloyd-dolly-bentsen-elem-108911107
2923,7358,42,101912201,MacGregor Elem,Houston ISD,A,16.8,374,https://txschools.net/campus/macgregor-elem-101912201
2923,7358,42,057916115,Mark Twain Elem,Richardson ISD,B,16.8,516,https://txschools.net/campus/mark-twain-elem-057916115
2923,7358,42,101912298,Martinez R Elem,Houston ISD,B,16.8,342,https://txschools.net/campus/martinez-r-elem-101912298
2923,7358,42,101912264,Mitchell Elem,Houston ISD,B,16.8,477,https://txschools.net/campus/mitchell-elem-101912264
2923,7358,42,108906045,Morris MS,McAllen ISD,A,16.8,1017,https://txschools.net/campus/morris-ms-108906045
2923,7358,42,227901047,O Henry MS,Austin ISD,B,16.8,657,https://txschools.net/campus/o-henry-ms-227901047
2923,7358,42,094901108,Patlan Elem,Seguin ISD,B,16.8,448,https://txschools.net/campus/patlan-elem-094901108
2923,7358,42,123907113,Port Acres Elem,Port Arthur ISD,F,16.8,533,https://txschools.net/campus/port-acres-elem-123907113
2923,7358,42,061911111,Prairie View Elem,Northwest ISD,D,16.8,738,https://txschools.net/campus/prairie-view-elem-061911111
2923,7358,42,152907112,Ridgewood Elem,Frenship ISD,C,16.8,587,https://txschools.net/campus/ridgewood-elem-152907112
2923,7358,42,220918103,Saginaw Elem,Eagle Mt-Saginaw ISD,D,16.8,351,https://txschools.net/campus/saginaw-elem-220918103
2923,7358,42,240903107,Salinas Elem,United ISD,C,16.8,813,https://txschools.net/campus/salinas-elem-240903107
2923,7358,42,146906102,San Jacinto Elem,Liberty ISD,D,16.8,408,https://txschools.net/campus/san-jacinto-elem-146906102
2923,7358,42,170908110,Sorters Mill Elem,New Caney ISD,B,16.8,763,https://txschools.net/campus/sorters-mill-elem-170908110
2923,7358,42,101917123,Stuchbery Elem,Pasadena ISD,B,16.8,537,https://txschools.net/campus/stuchbery-elem-101917123
2923,7358,42,091918101,Tom Bean Elem,Tom Bean ISD,C,16.8,351,https://txschools.net/campus/tom-bean-elem-091918101
2923,7358,42,225902104,Vivian Fowler Elem,Mount Pleasant ISD,C,16.8,370,https://txschools.net/campus/vivian-fowler-elem-225902104
2923,7358,42,094901105,Weinert Elem,Seguin ISD,C,16.8,437,https://txschools.net/campus/weinert-elem-094901105
2923,7358,42,031903116,Wilson Elem,Harlingen CISD,B,16.8,366,https://txschools.net/campus/wilson-elem-031903116
2923,7358,42,015915049,Zachry MS,Northside ISD,C,16.8,1024,https://txschools.net/campus/zachry-ms-015915049
2966,7358,32,246913109,Bagdad Elem,Leander ISD,F,16.7,688,https://txschools.net/campus/bagdad-elem-246913109
2966,7358,32,057905108,Bayles Elem,Dallas ISD,D,16.7,444,https://txschools.net/campus/bayles-elem-057905108
2966,7358,32,101916104,Bayshore Elem,La Porte ISD,B,16.7,406,https://txschools.net/campus/bayshore-elem-101916104
2966,7358,32,015912107,Big Country Elem,Southwest ISD,B,16.7,618,https://txschools.net/campus/big-country-elem-015912107
2966,7358,32,071902105,Bliss Elem,El Paso ISD,A,16.7,592,https://txschools.net/campus/bliss-elem-071902105
2966,7358,32,015915024,Brennan HS,Northside ISD,C,16.7,2840,https://txschools.net/campus/brennan-hs-015915024
2966,7358,32,071909044,Capt Walter E Clarke MS,Socorro ISD,A,16.7,616,https://txschools.net/campus/capt-walter-e-clarke-ms-071909044
2966,7358,32,201913001,Carlisle School,Carlisle ISD,B,16.7,656,https://txschools.net/campus/carlisle-school-201913001
2966,7358,32,070912045,Coleman JH,Waxahachie ISD,B,16.7,778,https://txschools.net/campus/coleman-jh-070912045
2966,7358,32,031906110,Dora Romero Elem,Los Fresnos CISD,A,16.7,560,https://txschools.net/campus/dora-romero-elem-031906110
2966,7358,32,108904128,Dr Kay Teer Crawford Elem,Edinburg CISD,A,16.7,619,https://txschools.net/campus/dr-kay-teer-crawford-elem-108904128
2966,7358,32,234903041,Edgewood MS,Edgewood ISD,C,16.7,228,https://txschools.net/campus/edgewood-ms-234903041
2966,7358,32,057905216,Edward Titche Elem,Dallas ISD,F,16.7,679,https://txschools.net/campus/edward-titche-elem-057905216
2966,7358,32,243902001,Electra Junior/Senior High,Electra ISD,C,16.7,209,https://txschools.net/campus/electra-junior-senior-high-243902001
2966,7358,32,188901106,Emerson Elem,Amarillo ISD,C,16.7,498,https://txschools.net/campus/emerson-elem-188901106
2966,7358,32,101912390,Energized for STEM Academy MS,Houston ISD,B,16.7,296,https://txschools.net/campus/energized-for-stem-academy-ms-101912390
2966,7358,32,072903041,Henderson JH,Stephenville ISD,A,16.7,534,https://txschools.net/campus/henderson-jh-072903041
2966,7358,32,201902041,Henderson MS,Henderson ISD,C,16.7,689,https://txschools.net/campus/henderson-ms-201902041
2966,7358,32,057912123,Jackie Mae Townsell Elem,Irving ISD,D,16.7,756,https://txschools.net/campus/jackie-mae-townsell-elem-057912123
2966,7358,32,101913002,Kingwood HS,Humble ISD,A,16.7,2845,https://txschools.net/campus/kingwood-hs-101913002
2966,7358,32,079907048,Lake Olympia MS,Fort Bend ISD,D,16.7,1017,https://txschools.net/campus/lake-olympia-ms-079907048
2966,7358,32,022902001,Marathon Independent School Dist,Marathon ISD,B,16.7,46,https://txschools.net/campus/marathon-independent-school-dist-022902001
2966,7358,32,015910127,Northern Hills Elem,North East ISD,C,16.7,463,https://txschools.net/campus/northern-hills-elem-015910127
2966,7358,32,031901141,Pena Elem,Brownsville ISD,A,16.7,503,https://txschools.net/campus/pena-elem-031901141
2966,7358,32,129910001,Scurry-Rosser HS,Scurry-Rosser ISD,A,16.7,346,https://txschools.net/campus/scurry-rosser-hs-129910001
2966,7358,32,184902041,Springtown MS,Springtown ISD,C,16.7,624,https://txschools.net/campus/springtown-ms-184902041
2966,7358,32,101912098,Stevenson MS,Houston ISD,B,16.7,988,https://txschools.net/campus/stevenson-ms-101912098
2966,7358,32,171902001,Sunray HS,Sunray Collegiate ISD,A,16.7,199,https://txschools.net/campus/sunray-hs-171902001
2966,7358,32,221901121,Taylor Elem,Abilene ISD,D,16.7,792,https://txschools.net/campus/taylor-elem-221901121
2966,7358,32,240903001,United HS,United ISD,A,16.7,3316,https://txschools.net/campus/united-hs-240903001
2966,7358,32,031906102,Villareal Elem,Los Fresnos CISD,A,16.7,460,https://txschools.net/campus/villareal-elem-031906102
2966,7358,32,001908041,Westwood MS,Westwood ISD,F,16.7,298,https://txschools.net/campus/westwood-ms-001908041
2966,7358,32,201902109,William E Wylie Elem,Henderson ISD,D,16.7,713,https://txschools.net/campus/william-e-wylie-elem-201902109
2999,7358,27,188901001,Amarillo HS,Amarillo ISD,A,16.6,2155,https://txschools.net/campus/amarillo-hs-188901001
2999,7358,27,034901107,Atlanta Pri,Atlanta ISD,B,16.6,530,https://txschools.net/campus/atlanta-pri-034901107
2999,7358,27,220918108,Chisholm Ridge,Eagle Mt-Saginaw ISD,C,16.6,640,https://txschools.net/campus/chisholm-ridge-220918108
2999,7358,27,030902041,Clyde JH,Clyde CISD,C,16.6,324,https://txschools.net/campus/clyde-jh-030902041
2999,7358,27,229901001,Colmesneil JH/HS,Colmesneil ISD,C,16.6,180,https://txschools.net/campus/colmesneil-jh-hs-229901001
2999,7358,27,102906041,Elysian Fields MS,Elysian Fields ISD,B,16.6,194,https://txschools.net/campus/elysian-fields-ms-102906041
2999,7358,27,220901143,Farrell Elem,Arlington ISD,C,16.6,574,https://txschools.net/campus/farrell-elem-220901143
2999,7358,27,220915110,Hilltop Elem,Azle ISD,D,16.6,542,https://txschools.net/campus/hilltop-elem-220915110
2999,7358,27,057905157,Hogg New Tech Center,Dallas ISD,C,16.6,307,https://txschools.net/campus/hogg-new-tech-center-057905157
2999,7358,27,226903114,Holiman Elem,San Angelo ISD,C,16.6,323,https://txschools.net/campus/holiman-elem-226903114
2999,7358,27,170902134,Hope Elem,Conroe ISD,B,16.6,763,https://txschools.net/campus/hope-elem-170902134
2999,7358,27,108908115,Hurla M Midkiff Elem,Mission CISD,B,16.6,594,https://txschools.net/campus/hurla-m-midkiff-elem-108908115
2999,7358,27,101915108,Kaiser Elem,Klein ISD,A,16.6,742,https://txschools.net/campus/kaiser-elem-101915108
2999,7358,27,113905001,Latexo HS,Latexo ISD,C,16.6,245,https://txschools.net/campus/latexo-hs-113905001
2999,7358,27,101917135,Morris MS,Pasadena ISD,B,16.6,596,https://txschools.net/campus/morris-ms-101917135
2999,7358,27,243901101,Overton Ray Elem,Burkburnett ISD,C,16.6,508,https://txschools.net/campus/overton-ray-elem-243901101
2999,7358,27,246904104,Pat Cooper Elem,Georgetown ISD,C,16.6,559,https://txschools.net/campus/pat-cooper-elem-246904104
2999,7358,27,007905103,Pleasanton Elem,Pleasanton ISD,D,16.6,751,https://txschools.net/campus/pleasanton-elem-007905103
2999,7358,27,220918044,Prairie Vista,Eagle Mt-Saginaw ISD,D,16.6,1002,https://txschools.net/campus/prairie-vista-220918044
2999,7358,27,108910104,Progreso Elem,Progreso ISD,B,16.6,269,https://txschools.net/campus/progreso-elem-108910104
2999,7358,27,015910120,Regency Place Elem,North East ISD,C,16.6,340,https://txschools.net/campus/regency-place-elem-015910120
2999,7358,27,094902102,Rose Garden Elem,Schertz-Cibolo-U City ISD,D,16.6,799,https://txschools.net/campus/rose-garden-elem-094902102
2999,7358,27,015915029,Sotomayor HS,Northside ISD,B,16.6,2828,https://txschools.net/campus/sotomayor-hs-015915029
2999,7358,27,177902041,Sweetwater MS,Sweetwater ISD,C,16.6,348,https://txschools.net/campus/sweetwater-ms-177902041
2999,7358,27,149902101,Three Rivers Elem,Three Rivers ISD,F,16.6,311,https://txschools.net/campus/three-rivers-elem-149902101
2999,7358,27,074912041,Trenton MS,Trenton ISD,C,16.6,245,https://txschools.net/campus/trenton-ms-074912041
2999,7358,27,001908101,Westwood Elem,Westwood ISD,D,16.6,261,https://txschools.net/campus/westwood-elem-001908101
2999,7358,27,234907042,Wills Point JH,Wills Point ISD,D,16.6,436,https://txschools.net/campus/wills-point-jh-234907042
3027,7358,39,014901001,Academy HS,Academy ISD,B,16.5,542,https://txschools.net/campus/academy-hs-014901001
3027,7358,39,057905247,Adelfa Botello Callejo Elem,Dallas ISD,C,16.5,470,https://txschools.net/campus/adelfa-botello-callejo-elem-057905247
3027,7358,39,227904108,Brookhollow Elem,Pflugerville ISD,C,16.5,382,https://txschools.net/campus/brookhollow-elem-227904108
3027,7358,39,108906126,Castaneda Elem,McAllen ISD,B,16.5,369,https://txschools.net/campus/castaneda-elem-108906126
3027,7358,39,243906001,City View Junior/Senior High,City View ISD,B,16.5,632,https://txschools.net/campus/city-view-junior-senior-high-243906001
3027,7358,39,061902050,Delay MS,Lewisville ISD,F,16.5,627,https://txschools.net/campus/delay-ms-061902050
3027,7358,39,057910126,Ervin C Whitt Elem,Grand Prairie ISD,C,16.5,485,https://txschools.net/campus/ervin-c-whitt-elem-057910126
3027,7358,39,004901101,Fulton Elem,Rockport-Fulton ISD,D,16.5,599,https://txschools.net/campus/fulton-elem-004901101
3027,7358,39,101911046,Gentry JH,Goose Creek CISD,C,16.5,913,https://txschools.net/campus/gentry-jh-101911046
3027,7358,39,043910044,Haggard MS,Plano ISD,B,16.5,808,https://txschools.net/campus/haggard-ms-043910044
3027,7358,39,101903115,Hearne Elem,Alief ISD,C,16.5,607,https://txschools.net/campus/hearne-elem-101903115
3027,7358,39,165901110,Jones Elem,Midland ISD,C,16.5,531,https://txschools.net/campus/jones-elem-165901110
3027,7358,39,057905286,Lee A McShan Jr Elem,Dallas ISD,B,16.5,658,https://txschools.net/campus/lee-a-mcshan-jr-elem-057905286
3027,7358,39,043905008,Lone Star HS,Frisco ISD,B,16.5,1923,https://txschools.net/campus/lone-star-hs-043905008
3027,7358,39,031906101,Los Fresnos Elem,Los Fresnos CISD,B,16.5,509,https://txschools.net/campus/los-fresnos-elem-031906101
3027,7358,39,154901101,Madisonville Elem,Madisonville CISD,B,16.5,650,https://txschools.net/campus/madisonville-elem-154901101
3027,7358,39,043907007,McKinney Boyd HS,McKinney ISD,A,16.5,2592,https://txschools.net/campus/mckinney-boyd-hs-043907007
3027,7358,39,043910105,Memorial Elem,Plano ISD,D,16.5,485,https://txschools.net/campus/memorial-elem-043910105
3027,7358,39,240901110,Milton Elem,Laredo ISD,A,16.5,600,https://txschools.net/campus/milton-elem-240901110
3027,7358,39,108908110,Mims Elem,Mission CISD,A,16.5,663,https://txschools.net/campus/mims-elem-108908110
3027,7358,39,220902042,North Richland MS,Birdville ISD,C,16.5,864,https://txschools.net/campus/north-richland-ms-220902042
3027,7358,39,046901042,Oakrun MS,New Braunfels ISD,A,16.5,1024,https://txschools.net/campus/oakrun-ms-046901042
3027,7358,39,170907101,Peach Creek Elem,Splendora ISD,D,16.5,837,https://txschools.net/campus/peach-creek-elem-170907101
3027,7358,39,043912001,Prosper HS,Prosper ISD,A,16.5,2603,https://txschools.net/campus/prosper-hs-043912001
3027,7358,39,240903132,Radcliffe & Sue Killam Elem,United ISD,B,16.5,610,https://txschools.net/campus/radcliffe-sue-killam-elem-240903132
3027,7358,39,011901107,Red Rock Elem,Bastrop ISD,D,16.5,766,https://txschools.net/campus/red-rock-elem-011901107
3027,7358,39,067908001,Rising Star HS,Rising Star ISD,A,16.5,81,https://txschools.net/campus/rising-star-hs-067908001
3027,7358,39,188902042,River Road MS,River Road ISD,B,16.5,278,https://txschools.net/campus/river-road-ms-188902042
3027,7358,39,177901001,Roscoe Collegiate HS,Roscoe Collegiate ISD,B,16.5,294,https://txschools.net/campus/roscoe-collegiate-hs-177901001
3027,7358,39,108912117,Sam Fordyce Elem,La Joya ISD,B,16.5,349,https://txschools.net/campus/sam-fordyce-elem-108912117
3027,7358,39,042903001,Santa Anna Secondary,Santa Anna ISD,B,16.5,101,https://txschools.net/campus/santa-anna-secondary-042903001
3027,7358,39,085903001,Southland School,Southland ISD,B,16.5,145,https://txschools.net/campus/southland-school-085903001
3027,7358,39,020902103,Southside Elem,Angleton ISD,B,16.5,297,https://txschools.net/campus/southside-elem-020902103
3027,7358,39,101917049,Thompson Int,Pasadena ISD,B,16.5,849,https://txschools.net/campus/thompson-int-101917049
3027,7358,39,101921001,Tomball HS,Tomball ISD,A,16.5,3386,https://txschools.net/campus/tomball-hs-101921001
3027,7358,39,234906041,Van JH,Van ISD,B,16.5,341,https://txschools.net/campus/van-jh-234906041
3027,7358,39,015915183,Ward Elem,Northside ISD,C,16.5,685,https://txschools.net/campus/ward-elem-015915183
3027,7358,39,212909101,Wise Elem,Chapel Hill ISD,C,16.5,620,https://txschools.net/campus/wise-elem-212909101
3027,7358,39,174906001,Woden HS,Woden ISD,B,16.5,211,https://txschools.net/campus/woden-hs-174906001
3027,7358,39,015907177,Young Men's Leadership Academy,San Antonio ISD,B,16.5,217,https://txschools.net/campus/young-men-s-leadership-academy-015907177
3067,7358,19,014906015,Chaparral HS,Killeen ISD,B,16.4,2185,https://txschools.net/campus/chaparral-hs-014906015
3067,7358,19,043910112,Christie Elem,Plano ISD,C,16.4,551,https://txschools.net/campus/christie-elem-043910112
3067,7358,19,101907012,Cypress Ranch HS,Cypress-Fairbanks ISD,A,16.4,3437,https://txschools.net/campus/cypress-ranch-hs-101907012
3067,7358,19,146901104,Eastside Elem,Cleveland ISD,D,16.4,806,https://txschools.net/campus/eastside-elem-146901104
3067,7358,19,108904112,Freddy Gonzalez Elem,Edinburg CISD,B,16.4,498,https://txschools.net/campus/freddy-gonzalez-elem-108904112
3067,7358,19,039902001,Henrietta HS,Henrietta ISD,A,16.4,273,https://txschools.net/campus/henrietta-hs-039902001
3067,7358,19,084901106,Hughes Road Elem,Dickinson ISD,C,16.4,579,https://txschools.net/campus/hughes-road-elem-084901106
3067,7358,19,119902101,Jacksboro Elem,Jacksboro ISD,C,16.4,454,https://txschools.net/campus/jacksboro-elem-119902101
3067,7358,19,220912115,June W Davis Elem,Crowley ISD,D,16.4,606,https://txschools.net/campus/june-w-davis-elem-220912115
3067,7358,19,057909146,Katherine Stephens Elem,Garland ISD,C,16.4,440,https://txschools.net/campus/katherine-stephens-elem-057909146
3067,7358,19,110902041,Levelland MS,Levelland ISD,D,16.4,659,https://txschools.net/campus/levelland-ms-110902041
3067,7358,19,220901005,Martin HS,Arlington ISD,A,16.4,3325,https://txschools.net/campus/martin-hs-220901005
3067,7358,19,057905274,Mary McLeod Bethune Elem,Dallas ISD,A,16.4,562,https://txschools.net/campus/mary-mcleod-bethune-elem-057905274
3067,7358,19,101913122,Park Lakes Elem,Humble ISD,C,16.4,720,https://txschools.net/campus/park-lakes-elem-101913122
3067,7358,19,152901176,Parsons Elem,Lubbock ISD,C,16.4,336,https://txschools.net/campus/parsons-elem-152901176
3067,7358,19,169909001,Prairie Valley School,Prairie Valley ISD,B,16.4,138,https://txschools.net/campus/prairie-valley-school-169909001
3067,7358,19,191901002,Randall HS,Canyon ISD,A,16.4,1113,https://txschools.net/campus/randall-hs-191901002
3067,7358,19,057916130,Richland Elem,Richardson ISD,D,16.4,607,https://txschools.net/campus/richland-elem-057916130
3067,7358,19,242902001,Shamrock ISD,Shamrock ISD,C,16.4,350,https://txschools.net/campus/shamrock-isd-242902001
3067,7358,19,215901103,South Elem,Breckenridge ISD,D,16.4,301,https://txschools.net/campus/south-elem-215901103
3087,7358,28,108904129,Alfonso Ramirez Elem,Edinburg CISD,A,16.3,673,https://txschools.net/campus/alfonso-ramirez-elem-108904129
3087,7358,28,057914047,Berry MS,Mesquite ISD,C,16.3,582,https://txschools.net/campus/berry-ms-057914047
3087,7358,28,181901001,Bridge City HS,Bridge City ISD,B,16.3,890,https://txschools.net/campus/bridge-city-hs-181901001
3087,7358,28,227901111,Campbell Elem,Austin ISD,C,16.3,176,https://txschools.net/campus/campbell-elem-227901111
3087,7358,28,071902175,Colin L Powell Elem,El Paso ISD,B,16.3,547,https://txschools.net/campus/colin-l-powell-elem-071902175
3087,7358,28,227901113,Cunningham Elem,Austin ISD,B,16.3,331,https://txschools.net/campus/cunningham-elem-227901113
3087,7358,28,115903001,Dell City School,Dell City ISD,B,16.3,75,https://txschools.net/campus/dell-city-school-115903001
3087,7358,28,071902182,Dr Joseph Torres Elem,El Paso ISD,C,16.3,559,https://txschools.net/campus/dr-joseph-torres-elem-071902182
3087,7358,28,170904106,Edward B Cannan Elem,Willis ISD,D,16.3,665,https://txschools.net/campus/edward-b-cannan-elem-170904106
3087,7358,28,101907154,Emery Elem,Cypress-Fairbanks ISD,C,16.3,884,https://txschools.net/campus/emery-elem-101907154
3087,7358,28,057909159,George Washington Carver Elem,Garland ISD,C,16.3,622,https://txschools.net/campus/george-washington-carver-elem-057909159
3087,7358,28,227901186,Guerrero Thompson,Austin ISD,B,16.3,520,https://txschools.net/campus/guerrero-thompson-227901186
3087,7358,28,146904102,Hardin Elem,Hardin ISD,F,16.3,506,https://txschools.net/campus/hardin-elem-146904102
3087,7358,28,015915025,Harlan HS,Northside ISD,C,16.3,2997,https://txschools.net/campus/harlan-hs-015915025
3087,7358,28,015910058,Harris MS,North East ISD,C,16.3,1181,https://txschools.net/campus/harris-ms-015910058
3087,7358,28,152901163,Harwell Elem,Lubbock ISD,C,16.3,357,https://txschools.net/campus/harwell-elem-152901163
3087,7358,28,161914101,Kendrick Elem,Waco ISD,D,16.3,804,https://txschools.net/campus/kendrick-elem-161914101
3087,7358,28,246913042,Leander MS,Leander ISD,B,16.3,945,https://txschools.net/campus/leander-ms-246913042
3087,7358,28,015915109,Locke Hill Elem,Northside ISD,C,16.3,503,https://txschools.net/campus/locke-hill-elem-015915109
3087,7358,28,101914111,Mayde Creek Elem,Katy ISD,D,16.3,841,https://txschools.net/campus/mayde-creek-elem-101914111
3087,7358,28,101912485,MS College HS at HCC Fraga,Houston ISD,A,16.3,127,https://txschools.net/campus/ms-college-hs-at-hcc-fraga-101912485
3087,7358,28,091906108,Parker Elem,Sherman ISD,C,16.3,419,https://txschools.net/campus/parker-elem-091906108
3087,7358,28,220907114,Parkwood Hill Int,Keller ISD,B,16.3,968,https://txschools.net/campus/parkwood-hill-int-220907114
3087,7358,28,091906042,Piner MS,Sherman ISD,B,16.3,681,https://txschools.net/campus/piner-ms-091906042
3087,7358,28,220902043,Richland MS,Birdville ISD,C,16.3,656,https://txschools.net/campus/richland-ms-220902043
3087,7358,28,184902108,Springtown Int,Springtown ISD,C,16.3,625,https://txschools.net/campus/springtown-int-184902108
3087,7358,28,101919051,Springwoods Village MS,Spring ISD,B,16.3,581,https://txschools.net/campus/springwoods-village-ms-101919051
3087,7358,28,220912102,Sycamore Elem,Crowley ISD,D,16.3,454,https://txschools.net/campus/sycamore-elem-220912102
3087,7358,28,101915128,Zwink Elem,Klein ISD,B,16.3,806,https://txschools.net/campus/zwink-elem-101915128
3116,7358,35,101903114,Alexander Elem,Alief ISD,B,16.2,558,https://txschools.net/campus/alexander-elem-101903114
3116,7358,35,108904101,Austin Elem,Edinburg CISD,A,16.2,344,https://txschools.net/campus/austin-elem-108904101
3116,7358,35,101912151,Bell Elem,Houston ISD,B,16.2,496,https://txschools.net/campus/bell-elem-101912151
3116,7358,35,253901101,Benavides Elem,Zapata County ISD,B,16.2,42,https://txschools.net/campus/benavides-elem-253901101
3116,7358,35,227901106,Blanton Elem,Austin ISD,B,16.2,735,https://txschools.net/campus/blanton-elem-227901106
3116,7358,35,212902001,Bullard HS,Bullard ISD,A,16.2,905,https://txschools.net/campus/bullard-hs-212902001
3116,7358,35,061901045,Calhoun MS,Denton ISD,C,16.2,787,https://txschools.net/campus/calhoun-ms-061901045
3116,7358,35,175903107,Carroll Elem,Corsicana ISD,C,16.2,590,https://txschools.net/campus/carroll-elem-175903107
3116,7358,35,031901136,Champion Elem,Brownsville ISD,B,16.2,683,https://txschools.net/campus/champion-elem-031901136
3116,7358,35,062901041,Cuero JH,Cuero ISD,D,16.2,434,https://txschools.net/campus/cuero-jh-062901041
3116,7358,35,101907145,Danish Elem,Cypress-Fairbanks ISD,B,16.2,851,https://txschools.net/campus/danish-elem-101907145
3116,7358,35,101917016,Dr Kirk Lewis Career and Technical HS,Pasadena ISD,A,16.2,1531,https://txschools.net/campus/dr-kirk-lewis-career-and-technical-hs-101917016
3116,7358,35,178904157,Faye Webb Elem,Corpus Christi ISD,B,16.2,565,https://txschools.net/campus/faye-webb-elem-178904157
3116,7358,35,184903041,Hall MS,Weatherford ISD,C,16.2,978,https://txschools.net/campus/hall-ms-184903041
3116,7358,35,220916103,Harrison Lane Elem,Hurst-Euless-Bedford ISD,C,16.2,537,https://txschools.net/campus/harrison-lane-elem-220916103
3116,7358,35,101915103,Haude Elem,Klein ISD,B,16.2,548,https://txschools.net/campus/haude-elem-101915103
3116,7358,35,250902101,Hawkins Elem,Hawkins ISD,F,16.2,367,https://txschools.net/campus/hawkins-elem-250902101
3116,7358,35,091909110,Hayes Pri,Whitesboro ISD,C,16.2,426,https://txschools.net/campus/hayes-pri-091909110
3116,7358,35,186903001,Iraan HS,Iraan-Sheffield Collegiate ISD,B,16.2,101,https://txschools.net/campus/iraan-hs-186903001
3116,7358,35,101916042,James H Baker Sixth Grade Campus,La Porte ISD,C,16.2,539,https://txschools.net/campus/james-h-baker-sixth-grade-campus-101916042
3116,7358,35,246907041,Jarrell MS,Jarrell ISD,C,16.2,524,https://txschools.net/campus/jarrell-ms-246907041
3116,7358,35,101915045,Kleb Int,Klein ISD,B,16.2,1200,https://txschools.net/campus/kleb-int-101915045
3116,7358,35,141901041,Lampasas MS,Lampasas ISD,B,16.2,794,https://txschools.net/campus/lampasas-ms-141901041
3116,7358,35,220905050,McLean MS,Fort Worth ISD,B,16.2,768,https://txschools.net/campus/mclean-ms-220905050
3116,7358,35,046902117,Morningside Elem,Comal ISD,C,16.2,694,https://txschools.net/campus/morningside-elem-046902117
3116,7358,35,220905150,Oakhurst Elem,Fort Worth ISD,B,16.2,485,https://txschools.net/campus/oakhurst-elem-220905150
3116,7358,35,200906101,Olfen School,Olfen ISD,B,16.2,132,https://txschools.net/campus/olfen-school-200906101
3116,7358,35,166904101,Rockdale Elem,Rockdale ISD,B,16.2,385,https://txschools.net/campus/rockdale-elem-166904101
3116,7358,35,073905001,Rosebud-Lott HS,Rosebud-Lott ISD,A,16.2,238,https://txschools.net/campus/rosebud-lott-hs-073905001
3116,7358,35,057909010,Sachse HS,Garland ISD,A,16.2,2841,https://txschools.net/campus/sachse-hs-057909010
3116,7358,35,203901102,San Augustine Elem,San Augustine ISD,B,16.2,312,https://txschools.net/campus/san-augustine-elem-203901102
3116,7358,35,220905226,Seminary Hills Park Elem,Fort Worth ISD,C,16.2,361,https://txschools.net/campus/seminary-hills-park-elem-220905226
3116,7358,35,235902130,Smith STEM Academy,Victoria ISD,B,16.2,476,https://txschools.net/campus/smith-stem-academy-235902130
3116,7358,35,246912001,Thrall HS,Thrall ISD,A,16.2,292,https://txschools.net/campus/thrall-hs-246912001
3116,7358,35,057912120,Townley Elem,Irving ISD,D,16.2,717,https://txschools.net/campus/townley-elem-057912120
3116,7358,35,031901126,Vermillion Road Elem,Brownsville ISD,B,16.2,608,https://txschools.net/campus/vermillion-road-elem-031901126
3152,7358,21,101911101,Alamo Elem,Goose Creek CISD,C,16.1,706,https://txschools.net/campus/alamo-elem-101911101
3152,7358,21,101907146,Andre Elem,Cypress-Fairbanks ISD,C,16.1,916,https://txschools.net/campus/andre-elem-101907146
3152,7358,21,227904049,Bohls MS,Pflugerville ISD,C,16.1,915,https://txschools.net/campus/bohls-ms-227904049
3152,7358,21,241901001,Boling HS,Boling ISD,B,16.1,336,https://txschools.net/campus/boling-hs-241901001
3152,7358,21,107902041,Brownsboro JH,Brownsboro ISD,B,16.1,401,https://txschools.net/campus/brownsboro-jh-107902041
3152,7358,21,070903043,Dorie Miller Int,Ennis ISD,C,16.1,449,https://txschools.net/campus/dorie-miller-int-070903043
3152,7358,21,079907101,E A Jones Elem,Fort Bend ISD,B,16.1,583,https://txschools.net/campus/e-a-jones-elem-079907101
3152,7358,21,104901001,Haskell HS,Haskell CISD,B,16.1,154,https://txschools.net/campus/haskell-hs-104901001
3152,7358,21,170902111,Houser Elem,Conroe ISD,B,16.1,569,https://txschools.net/campus/houser-elem-170902111
3152,7358,21,054902001,Lorenzo ISD,Lorenzo ISD,C,16.1,175,https://txschools.net/campus/lorenzo-isd-054902001
3152,7358,21,101903103,Martin Elem,Alief ISD,B,16.1,611,https://txschools.net/campus/martin-elem-101903103
3152,7358,21,220905141,Meadowbrook Elem,Fort Worth ISD,C,16.1,457,https://txschools.net/campus/meadowbrook-elem-220905141
3152,7358,21,014903045,North Belton MS,Belton ISD,B,16.1,1001,https://txschools.net/campus/north-belton-ms-014903045
3152,7358,21,057914123,Pirrung Elem,Mesquite ISD,F,16.1,376,https://txschools.net/campus/pirrung-elem-057914123
3152,7358,21,101912231,Roosevelt Elem,Houston ISD,B,16.1,379,https://txschools.net/campus/roosevelt-elem-101912231
3152,7358,21,057905037,Rosie Sorrells Education and Social Services HS,Dallas ISD,A,16.1,135,https://txschools.net/campus/rosie-sorrells-education-and-social-services-hs-057905037
3152,7358,21,057909048,Sellers MS,Garland ISD,B,16.1,908,https://txschools.net/campus/sellers-ms-057909048
3152,7358,21,071908001,Tornillo HS,Tornillo ISD,B,16.1,225,https://txschools.net/campus/tornillo-hs-071908001
3152,7358,21,246909003,Westwood HS,Round Rock ISD,A,16.1,2830,https://txschools.net/campus/westwood-hs-246909003
3152,7358,21,101902110,Worsham Elem,Aldine ISD,B,16.1,592,https://txschools.net/campus/worsham-elem-101902110
3152,7358,21,057905046,Young Men's Leadership Academy at Fred F Florence,Dallas ISD,B,16.1,379,https://txschools.net/campus/young-men-s-leadership-academy-at-fred-f-florence-057905046
3152,7358,21,031901132,Yturria Elem,Brownsville ISD,A,16.1,528,https://txschools.net/campus/yturria-elem-031901132
3174,7358,36,034901106,Atlanta Elem,Atlanta ISD,B,16,458,https://txschools.net/campus/atlanta-elem-034901106
3174,7358,36,057916144,Audelia Creek Elem,Richardson ISD,D,16,700,https://txschools.net/campus/audelia-creek-elem-057916144
3174,7358,36,200901101,Ballinger Elem,Ballinger ISD,B,16,394,https://txschools.net/campus/ballinger-elem-200901101
3174,7358,36,101902103,Carroll Elem,Aldine ISD,C,16,603,https://txschools.net/campus/carroll-elem-101902103
3174,7358,36,133901001,Center Point HS,Center Point ISD,B,16,155,https://txschools.net/campus/center-point-hs-133901001
3174,7358,36,145902101,Centerville Elem,Centerville ISD,C,16,339,https://txschools.net/campus/centerville-elem-145902101
3174,7358,36,057907107,Charles Acton Leadershp Academy,Duncanville ISD,D,16,561,https://txschools.net/campus/charles-acton-leadershp-academy-057907107
3174,7358,36,240903046,Clark MS,United ISD,B,16,501,https://txschools.net/campus/clark-ms-240903046
3174,7358,36,212905106,Clarkston Elem,Tyler ISD,C,16,401,https://txschools.net/campus/clarkston-elem-212905106
3174,7358,36,107904001,Cross Roads HS,Cross Roads ISD,B,16,142,https://txschools.net/campus/cross-roads-hs-107904001
3174,7358,36,056901042,Dalhart JH,Dalhart ISD,C,16,413,https://txschools.net/campus/dalhart-jh-056901042
3174,7358,36,015915124,Esparza Elem,Northside ISD,C,16,463,https://txschools.net/campus/esparza-elem-015915124
3174,7358,36,070912042,Finley JH,Waxahachie ISD,C,16,845,https://txschools.net/campus/finley-jh-070912042
3174,7358,36,188901108,Glenwood Elem,Amarillo ISD,B,16,448,https://txschools.net/campus/glenwood-elem-188901108
3174,7358,36,152907043,Heritage MS,Frenship ISD,B,16,779,https://txschools.net/campus/heritage-ms-152907043
3174,7358,36,101902144,Hill Elem,Aldine ISD,F,16,616,https://txschools.net/campus/hill-elem-101902144
3174,7358,36,220908045,James Coble MS,Mansfield ISD,B,16,711,https://txschools.net/campus/james-coble-ms-220908045
3174,7358,36,015916117,James L Masters,Judson ISD,C,16,682,https://txschools.net/campus/james-l-masters-015916117
3174,7358,36,128901105,Karnes City Elem,Karnes City ISD,D,16,264,https://txschools.net/campus/karnes-city-elem-128901105
3174,7358,36,020905043,Lake Jackson Int,Brazosport ISD,B,16,733,https://txschools.net/campus/lake-jackson-int-020905043
3174,7358,36,246911102,Main Street Elem,Taylor ISD,C,16,490,https://txschools.net/campus/main-street-elem-246911102
3174,7358,36,221904102,Merkel Elem,Merkel ISD,D,16,585,https://txschools.net/campus/merkel-elem-221904102
3174,7358,36,057916109,Northrich Elem,Richardson ISD,D,16,465,https://txschools.net/campus/northrich-elem-057916109
3174,7358,36,021901201,Oakwood Int,College Station ISD,C,16,744,https://txschools.net/campus/oakwood-int-021901201
3174,7358,36,205905101,Odem Int,Odem-Edroy ISD,C,16,193,https://txschools.net/campus/odem-int-205905101
3174,7358,36,188901124,Rogers Elem,Amarillo ISD,C,16,490,https://txschools.net/campus/rogers-elem-188901124
3174,7358,36,246913004,Rouse HS,Leander ISD,A,16,2370,https://txschools.net/campus/rouse-hs-246913004
3174,7358,36,235902110,Rowland Elem,Victoria ISD,C,16,448,https://txschools.net/campus/rowland-elem-235902110
3174,7358,36,227904119,Ruth Barron Elem,Pflugerville ISD,B,16,589,https://txschools.net/campus/ruth-barron-elem-227904119
3174,7358,36,026902101,Somerville Elem,Somerville ISD,D,16,177,https://txschools.net/campus/somerville-elem-026902101
3174,7358,36,243905129,Southern Hills Elem,Wichita Falls ISD,C,16,496,https://txschools.net/campus/southern-hills-elem-243905129
3174,7358,36,079910041,Stafford MS,Stafford MSD,B,16,712,https://txschools.net/campus/stafford-ms-079910041
3174,7358,36,015915050,Stinson MS,Northside ISD,B,16,844,https://txschools.net/campus/stinson-ms-015915050
3174,7358,36,105906108,Susie Fuentes Elem,Hays CISD,B,16,486,https://txschools.net/campus/susie-fuentes-elem-105906108
3174,7358,36,074912001,Trenton HS,Trenton ISD,A,16,203,https://txschools.net/campus/trenton-hs-074912001
3174,7358,36,057914042,Vanston MS,Mesquite ISD,C,16,702,https://txschools.net/campus/vanston-ms-057914042
3174,7358,36,057905177,William Lipscomb Elem,Dallas ISD,B,16,378,https://txschools.net/campus/william-lipscomb-elem-057905177
3211,7358,34,220905220,Alice D Contreras,Fort Worth ISD,A,15.9,455,https://txschools.net/campus/alice-d-contreras-220905220
3211,7358,34,020902044,Angleton JH School,Angleton ISD,C,15.9,889,https://txschools.net/campus/angleton-jh-school-020902044
3211,7358,34,101911125,Banuelos Elem,Goose Creek CISD,B,15.9,729,https://txschools.net/campus/banuelos-elem-101911125
3211,7358,34,203902001,Broaddus HS,Broaddus ISD,A,15.9,380,https://txschools.net/campus/broaddus-hs-203902001
3211,7358,34,166901041,Cameron MS,Cameron ISD,D,15.9,277,https://txschools.net/campus/cameron-ms-166901041
3211,7358,34,057905287,Celestino Mauricio Soto Jr Elem,Dallas ISD,B,15.9,417,https://txschools.net/campus/celestino-mauricio-soto-jr-elem-057905287
3211,7358,34,220918110,Comanche Springs Elem,Eagle Mt-Saginaw ISD,F,15.9,605,https://txschools.net/campus/comanche-springs-elem-220918110
3211,7358,34,163901102,Devine Intermediate School,Devine ISD,F,15.9,439,https://txschools.net/campus/devine-intermediate-school-163901102
3211,7358,34,108912127,Dr Maria Palmira Mendiola Elem,La Joya ISD,D,15.9,597,https://txschools.net/campus/dr-maria-palmira-mendiola-elem-108912127
3211,7358,34,101910115,Dr Shirley J Williamson Elem,Galena Park ISD,C,15.9,607,https://txschools.net/campus/dr-shirley-j-williamson-elem-101910115
3211,7358,34,178914001,Flour Bluff HS,Flour Bluff ISD,A,15.9,1895,https://txschools.net/campus/flour-bluff-hs-178914001
3211,7358,34,057905218,George W Truett Elem,Dallas ISD,B,15.9,955,https://txschools.net/campus/george-w-truett-elem-057905218
3211,7358,34,101912162,Gregg Elem,Houston ISD,A,15.9,248,https://txschools.net/campus/gregg-elem-101912162
3211,7358,34,201902001,Henderson HS,Henderson ISD,B,15.9,963,https://txschools.net/campus/henderson-hs-201902001
3211,7358,34,101907113,Horne Elem,Cypress-Fairbanks ISD,C,15.9,839,https://txschools.net/campus/horne-elem-101907113
3211,7358,34,079907161,Hunters Glen Early Literacy Center,Fort Bend ISD,B,15.9,203,https://txschools.net/campus/hunters-glen-early-literacy-center-079907161
3211,7358,34,108912102,John F Kennedy Elem,La Joya ISD,C,15.9,641,https://txschools.net/campus/john-f-kennedy-elem-108912102
3211,7358,34,101903107,Kennedy Elem,Alief ISD,B,15.9,471,https://txschools.net/campus/kennedy-elem-101903107
3211,7358,34,105906101,Kyle Elem,Hays CISD,B,15.9,638,https://txschools.net/campus/kyle-elem-105906101
3211,7358,34,101917116,L F Smith Elem,Pasadena ISD,B,15.9,562,https://txschools.net/campus/l-f-smith-elem-101917116
3211,7358,34,057904108,Lakeridge Elem,Cedar Hill ISD,F,15.9,418,https://txschools.net/campus/lakeridge-elem-057904108
3211,7358,34,090904115,Lamar Elem,Pampa ISD,D,15.9,366,https://txschools.net/campus/lamar-elem-090904115
3211,7358,34,129903114,Lucille Nash Elem,Kaufman ISD,C,15.9,519,https://txschools.net/campus/lucille-nash-elem-129903114
3211,7358,34,101903143,Mata Int,Alief ISD,C,15.9,687,https://txschools.net/campus/mata-int-101903143
3211,7358,34,071905112,North Loop Elem,Ysleta ISD,B,15.9,501,https://txschools.net/campus/north-loop-elem-071905112
3211,7358,34,061903102,Pilot Point Elem,Pilot Point ISD,C,15.9,590,https://txschools.net/campus/pilot-point-elem-061903102
3211,7358,34,093905001,Richards HS,Richards ISD,C,15.9,261,https://txschools.net/campus/richards-hs-093905001
3211,7358,34,101920111,Ridgecrest Elem,Spring Branch ISD,C,15.9,735,https://txschools.net/campus/ridgecrest-elem-101920111
3211,7358,34,159901116,Rosita Valley Literacy Academy,Eagle Pass ISD,D,15.9,365,https://txschools.net/campus/rosita-valley-literacy-academy-159901116
3211,7358,34,220905162,Sagamore Hill Elem,Fort Worth ISD,D,15.9,465,https://txschools.net/campus/sagamore-hill-elem-220905162
3211,7358,34,071902011,Silva Health Magnet,El Paso ISD,A,15.9,576,https://txschools.net/campus/silva-health-magnet-071902011
3211,7358,34,218901001,Sonora Secondary School,Sonora ISD,B,15.9,297,https://txschools.net/campus/sonora-secondary-school-218901001
3211,7358,34,043911042,Southard MS,Princeton ISD,B,15.9,1015,https://txschools.net/campus/southard-ms-043911042
3211,7358,34,101920114,Spring Branch Elem,Spring Branch ISD,B,15.9,528,https://txschools.net/campus/spring-branch-elem-101920114
3211,7358,34,158902001,Tidehaven HS,Tidehaven ISD,A,15.9,306,https://txschools.net/campus/tidehaven-hs-158902001
3246,7358,23,092903127,Bramlette STEAM Academy,Longview ISD,B,15.8,418,https://txschools.net/campus/bramlette-steam-academy-092903127
3246,7358,23,057905125,Casa View Elem,Dallas ISD,B,15.8,601,https://txschools.net/campus/casa-view-elem-057905125
3246,7358,23,233901115,Ceniza Hills Elem,San Felipe-Del Rio CISD,C,15.8,618,https://txschools.net/campus/ceniza-hills-elem-233901115
3246,7358,23,188901043,Crockett MS,Amarillo ISD,B,15.8,746,https://txschools.net/campus/crockett-ms-188901043
3246,7358,23,091906104,Crutchfield Elem,Sherman ISD,F,15.8,592,https://txschools.net/campus/crutchfield-elem-091906104
3246,7358,23,108912109,Elodia R Chapa Elem,La Joya ISD,C,15.8,437,https://txschools.net/campus/elodia-r-chapa-elem-108912109
3246,7358,23,246909121,Gattis Elem,Round Rock ISD,C,15.8,554,https://txschools.net/campus/gattis-elem-246909121
3246,7358,23,088902001,Goliad HS,Goliad ISD,B,15.8,385,https://txschools.net/campus/goliad-hs-088902001
3246,7358,23,228901001,Groveton JH/HS,Groveton ISD,C,15.8,375,https://txschools.net/campus/groveton-jh-hs-228901001
3246,7358,23,070903102,Houston Elem,Ennis ISD,D,15.8,379,https://txschools.net/campus/houston-elem-070903102
3246,7358,23,129903110,J W Monday Elem,Kaufman ISD,B,15.8,633,https://txschools.net/campus/j-w-monday-elem-129903110
3246,7358,23,129904041,Kemp JH,Kemp ISD,D,15.8,448,https://txschools.net/campus/kemp-jh-129904041
3246,7358,23,014909117,Kennedy-Powell Elem,Temple ISD,B,15.8,395,https://txschools.net/campus/kennedy-powell-elem-014909117
3246,7358,23,018907001,Kopperl School,Kopperl ISD,D,15.8,163,https://txschools.net/campus/kopperl-school-018907001
3246,7358,23,220918101,L A Gililland Elem,Eagle Mt-Saginaw ISD,D,15.8,463,https://txschools.net/campus/l-a-gililland-elem-220918101
3246,7358,23,116905106,Lamar Elem,Greenville ISD,D,15.8,515,https://txschools.net/campus/lamar-elem-116905106
3246,7358,23,146906041,Liberty MS,Liberty ISD,C,15.8,536,https://txschools.net/campus/liberty-ms-146906041
3246,7358,23,129905041,Mabank JH,Mabank ISD,B,15.8,640,https://txschools.net/campus/mabank-jh-129905041
3246,7358,23,220905147,Morningside Elem,Fort Worth ISD,D,15.8,444,https://txschools.net/campus/morningside-elem-220905147
3246,7358,23,019906041,Redwater JH,Redwater ISD,B,15.8,182,https://txschools.net/campus/redwater-jh-019906041
3246,7358,23,071909042,Salvador Sanchez MS,Socorro ISD,A,15.8,530,https://txschools.net/campus/salvador-sanchez-ms-071909042
3246,7358,23,043907044,Scott Morgan Johnson MS,McKinney ISD,B,15.8,1306,https://txschools.net/campus/scott-morgan-johnson-ms-043907044
3246,7358,23,043902041,Slayter Creek MS,Anna ISD,D,15.8,695,https://txschools.net/campus/slayter-creek-ms-043902041
3246,7358,23,212905049,Three Lakes MS,Tyler ISD,B,15.8,1017,https://txschools.net/campus/three-lakes-ms-212905049
3270,7358,29,057913109,Belt Line Elem,Lancaster ISD,D,15.7,496,https://txschools.net/campus/belt-line-elem-057913109
3270,7358,29,020901104,Bill Hasse Elem,Alvin ISD,B,15.7,584,https://txschools.net/campus/bill-hasse-elem-020901104
3270,7358,29,015915227,Boldt Elem,Northside ISD,D,15.7,864,https://txschools.net/campus/boldt-elem-015915227
3270,7358,29,101902131,Bussey Elem,Aldine ISD,B,15.7,419,https://txschools.net/campus/bussey-elem-101902131
3270,7358,29,108902106,C Stainke Int Science Sport Academy,Donna ISD,C,15.7,455,https://txschools.net/campus/c-stainke-int-science-sport-academy-108902106
3270,7358,29,031912204,Collegiate Academy,San Benito CISD,A,15.7,122,https://txschools.net/campus/collegiate-academy-031912204
3270,7358,29,015915052,Connally MS,Northside ISD,C,15.7,728,https://txschools.net/campus/connally-ms-015915052
3270,7358,29,109903001,Covington School,Covington ISD,C,15.7,351,https://txschools.net/campus/covington-school-109903001
3270,7358,29,035901041,Dimmitt MS,Dimmitt ISD,C,15.7,243,https://txschools.net/campus/dimmitt-ms-035901041
3270,7358,29,101915104,Greenwood Forest Elem,Klein ISD,B,15.7,456,https://txschools.net/campus/greenwood-forest-elem-101915104
3270,7358,29,123914001,Hamshire-Fannett HS,Hamshire-Fannett ISD,A,15.7,611,https://txschools.net/campus/hamshire-fannett-hs-123914001
3270,7358,29,126902041,Hughes MS,Burleson ISD,C,15.7,1018,https://txschools.net/campus/hughes-ms-126902041
3270,7358,29,092903044,Judson STEAM Academy,Longview ISD,B,15.7,565,https://txschools.net/campus/judson-steam-academy-092903044
3270,7358,29,075902041,La Grange MS,La Grange ISD,A,15.7,293,https://txschools.net/campus/la-grange-ms-075902041
3270,7358,29,227913001,Lake Travis HS,Lake Travis ISD,A,15.7,3421,https://txschools.net/campus/lake-travis-hs-227913001
3270,7358,29,108908109,Leal Elem,Mission CISD,A,15.7,420,https://txschools.net/campus/leal-elem-108908109
3270,7358,29,161914116,Mountainview Elem,Waco ISD,F,15.7,334,https://txschools.net/campus/mountainview-elem-161914116
3270,7358,29,043907124,Naomi Press Elem,McKinney ISD,D,15.7,733,https://txschools.net/campus/naomi-press-elem-043907124
3270,7358,29,227904102,Parmer Lane Elem,Pflugerville ISD,D,15.7,449,https://txschools.net/campus/parmer-lane-elem-227904102
3270,7358,29,226903116,Reagan Elem,San Angelo ISD,D,15.7,354,https://txschools.net/campus/reagan-elem-226903116
3270,7358,29,101913123,River Pines Elem,Humble ISD,C,15.7,696,https://txschools.net/campus/river-pines-elem-101913123
3270,7358,29,026902042,Somerville JH,Somerville ISD,C,15.7,137,https://txschools.net/campus/somerville-jh-026902042
3270,7358,29,015916110,Spring Meadows Elem,Judson ISD,C,15.7,279,https://txschools.net/campus/spring-meadows-elem-015916110
3270,7358,29,063903001,Spur School,Spur ISD,B,15.7,210,https://txschools.net/campus/spur-school-063903001
3270,7358,29,061901044,Strickland MS,Denton ISD,C,15.7,993,https://txschools.net/campus/strickland-ms-061901044
3270,7358,29,071905146,Thomas Manor,Ysleta ISD,C,15.7,445,https://txschools.net/campus/thomas-manor-071905146
3270,7358,29,219903101,Tulia Elem,Tulia ISD,D,15.7,302,https://txschools.net/campus/tulia-elem-219903101
3270,7358,29,244903041,Vernon MS,Vernon ISD,C,15.7,389,https://txschools.net/campus/vernon-ms-244903041
3270,7358,29,246904111,Williams Elem,Georgetown ISD,C,15.7,781,https://txschools.net/campus/williams-elem-246904111
3270,7358,29,196902102,Woodsboro Elem,Woodsboro ISD,F,15.7,159,https://txschools.net/campus/woodsboro-elem-196902102
3300,7358,30,178901001,Agua Dulce HS,Agua Dulce ISD,B,15.6,231,https://txschools.net/campus/agua-dulce-hs-178901001
3300,7358,30,079907018,Almeta Crawford HS,Fort Bend ISD,B,15.6,1437,https://txschools.net/campus/almeta-crawford-hs-079907018
3300,7358,30,220901149,Ashworth Elem,Arlington ISD,B,15.6,487,https://txschools.net/campus/ashworth-elem-220901149
3300,7358,30,107901041,Athens MS,Athens ISD,D,15.6,653,https://txschools.net/campus/athens-ms-107901041
3300,7358,30,057912045,Austin MS,Irving ISD,C,15.6,705,https://txschools.net/campus/austin-ms-057912045
3300,7358,30,116901041,Caddo Mills MS,Caddo Mills ISD,B,15.6,502,https://txschools.net/campus/caddo-mills-ms-116901041
3300,7358,30,003905041,Diboll JH,Diboll ISD,B,15.6,356,https://txschools.net/campus/diboll-jh-003905041
3300,7358,30,129902111,Griffin Elem,Forney ISD,A,15.6,827,https://txschools.net/campus/griffin-elem-129902111
3300,7358,30,101924109,H M Carroll Elem,Sheldon ISD,B,15.6,528,https://txschools.net/campus/h-m-carroll-elem-101924109
3300,7358,30,123914041,Hamshire-Fannett MS,Hamshire-Fannett ISD,B,15.6,457,https://txschools.net/campus/hamshire-fannett-ms-123914041
3300,7358,30,165901137,IDEA Travis Academy,Midland ISD,C,15.6,1305,https://txschools.net/campus/idea-travis-academy-165901137
3300,7358,30,246913046,Knox Wiley MS,Leander ISD,A,15.6,929,https://txschools.net/campus/knox-wiley-ms-246913046
3300,7358,30,187907041,Livingston JH,Livingston ISD,C,15.6,905,https://txschools.net/campus/livingston-jh-187907041
3300,7358,30,101907150,McFee Elem,Cypress-Fairbanks ISD,C,15.6,899,https://txschools.net/campus/mcfee-elem-101907150
3300,7358,30,040901001,Morton School,Morton ISD,B,15.6,350,https://txschools.net/campus/morton-school-040901001
3300,7358,30,129901107,Opal Smith Elem,Crandall ISD,F,15.6,605,https://txschools.net/campus/opal-smith-elem-129901107
3300,7358,30,043905014,Panther Creek HS,Frisco ISD,B,15.6,1352,https://txschools.net/campus/panther-creek-hs-043905014
3300,7358,30,212905116,Ramey Elem,Tyler ISD,C,15.6,498,https://txschools.net/campus/ramey-elem-212905116
3300,7358,30,165901109,Sam Houston Collegiate Preparatory Elem,Midland ISD,B,15.6,535,https://txschools.net/campus/sam-houston-collegiate-preparatory-elem-165901109
3300,7358,30,245904041,San Perlita MS,San Perlita ISD,B,15.6,34,https://txschools.net/campus/san-perlita-ms-245904041
3300,7358,30,075903001,Schulenburg Secondary,Schulenburg ISD,B,15.6,395,https://txschools.net/campus/schulenburg-secondary-075903001
3300,7358,30,015915143,Scobee Elem,Northside ISD,C,15.6,435,https://txschools.net/campus/scobee-elem-015915143
3300,7358,30,101924112,Sheldon Lake Elem,Sheldon ISD,D,15.6,604,https://txschools.net/campus/sheldon-lake-elem-101924112
3300,7358,30,220912110,Sidney H Poynter,Crowley ISD,C,15.6,430,https://txschools.net/campus/sidney-h-poynter-220912110
3300,7358,30,057905211,Stevens Park Elem,Dallas ISD,C,15.6,653,https://txschools.net/campus/stevens-park-elem-057905211
3300,7358,30,204901102,Street Elem,Coldspring-Oakhurst CISD,C,15.6,404,https://txschools.net/campus/street-elem-204901102
3300,7358,30,221905001,Trent Independent School District,Trent ISD,B,15.6,118,https://txschools.net/campus/trent-independent-school-district-221905001
3300,7358,30,220918041,Wayside MS,Eagle Mt-Saginaw ISD,C,15.6,1195,https://txschools.net/campus/wayside-ms-220918041
3300,7358,30,116908001,WH Ford HS,Quinlan ISD,B,15.6,832,https://txschools.net/campus/wh-ford-hs-116908001
3300,7358,30,109911001,Whitney HS,Whitney ISD,A,15.6,407,https://txschools.net/campus/whitney-hs-109911001
3300,7358,30,015910117,Windcrest Elem,North East ISD,C,15.6,443,https://txschools.net/campus/windcrest-elem-015910117
3331,7358,47,043907118,Albert & Iola Lee Davis Malvern Elem,McKinney ISD,C,15.5,430,https://txschools.net/campus/albert-iola-lee-davis-malvern-elem-043907118
3331,7358,47,070903101,Austin Elem,Ennis ISD,B,15.5,357,https://txschools.net/campus/austin-elem-070903101
3331,7358,47,183902101,Baker-Koonce Int,Carthage ISD,C,15.5,571,https://txschools.net/campus/baker-koonce-int-183902101
3331,7358,47,016902041,Blanco MS,Blanco ISD,C,15.5,250,https://txschools.net/campus/blanco-ms-016902041
3331,7358,47,249902001,Boyd HS,Boyd ISD,C,15.5,428,https://txschools.net/campus/boyd-hs-249902001
3331,7358,47,161919001,Bruceville-Eddy HS,Bruceville-Eddy ISD,B,15.5,178,https://txschools.net/campus/bruceville-eddy-hs-161919001
3331,7358,47,027903041,Burnet MS,Burnet CISD,F,15.5,747,https://txschools.net/campus/burnet-ms-027903041
3331,7358,47,057905147,Charles A Gill Elem,Dallas ISD,C,15.5,671,https://txschools.net/campus/charles-a-gill-elem-057905147
3331,7358,47,112908001,Como-Pickton School,Como-Pickton CISD,B,15.5,751,https://txschools.net/campus/como-pickton-school-112908001
3331,7358,47,243905108,Cunningham School,Wichita Falls ISD,D,15.5,455,https://txschools.net/campus/cunningham-school-243905108
3331,7358,47,068901107,Dowling Elem,Ector County ISD,F,15.5,570,https://txschools.net/campus/dowling-elem-068901107
3331,7358,47,101913107,Elm Grove Elem,Humble ISD,B,15.5,553,https://txschools.net/campus/elm-grove-elem-101913107
3331,7358,47,050901001,Evant School,Evant ISD,D,15.5,192,https://txschools.net/campus/evant-school-050901001
3331,7358,47,108909107,Geraldine Palmer Elem,Pharr-San Juan-Alamo ISD,B,15.5,646,https://txschools.net/campus/geraldine-palmer-elem-108909107
3331,7358,47,144901041,Giddings MS,Giddings ISD,C,15.5,393,https://txschools.net/campus/giddings-ms-144901041
3331,7358,47,230902103,Gilmer Int,Gilmer ISD,A,15.5,410,https://txschools.net/campus/gilmer-int-230902103
3331,7358,47,101912262,Grissom Elem,Houston ISD,B,15.5,396,https://txschools.net/campus/grissom-elem-101912262
3331,7358,47,071902163,Guerrero Elem,El Paso ISD,B,15.5,311,https://txschools.net/campus/guerrero-elem-071902163
3331,7358,47,102904104,Hallsville Int,Hallsville ISD,B,15.5,721,https://txschools.net/campus/hallsville-int-102904104
3331,7358,47,014906105,Harker Heights Elem,Killeen ISD,C,15.5,677,https://txschools.net/campus/harker-heights-elem-014906105
3331,7358,47,237902041,Hempstead MS,Hempstead ISD,B,15.5,318,https://txschools.net/campus/hempstead-ms-237902041
3331,7358,47,240903125,Henry Cuellar Elem,United ISD,B,15.5,415,https://txschools.net/campus/henry-cuellar-elem-240903125
3331,7358,47,092903122,J L Everhart Magnet Elem,Longview ISD,B,15.5,422,https://txschools.net/campus/j-l-everhart-magnet-elem-092903122
3331,7358,47,057905053,J L Long MS,Dallas ISD,C,15.5,1027,https://txschools.net/campus/j-l-long-ms-057905053
3331,7358,47,246913116,Jim Plain Elem,Leander ISD,C,15.5,693,https://txschools.net/campus/jim-plain-elem-246913116
3331,7358,47,227901198,Joslin Elem,Austin ISD,B,15.5,245,https://txschools.net/campus/joslin-elem-227901198
3331,7358,47,220908111,Kenneth Davis Elem,Mansfield ISD,C,15.5,337,https://txschools.net/campus/kenneth-davis-elem-220908111
3331,7358,47,015916042,Kitty Hawk MS,Judson ISD,B,15.5,875,https://txschools.net/campus/kitty-hawk-ms-015916042
3331,7358,47,094901109,Koennecke Elem,Seguin ISD,C,15.5,549,https://txschools.net/campus/koennecke-elem-094901109
3331,7358,47,101915101,Kohrville Elem,Klein ISD,B,15.5,658,https://txschools.net/campus/kohrville-elem-101915101
3331,7358,47,140904103,Littlefield Pri,Littlefield ISD,B,15.5,332,https://txschools.net/campus/littlefield-pri-140904103
3331,7358,47,133903103,Nimitz Elem,Kerrville ISD,B,15.5,482,https://txschools.net/campus/nimitz-elem-133903103
3331,7358,47,101910114,Normandy Crossing Elem,Galena Park ISD,B,15.5,597,https://txschools.net/campus/normandy-crossing-elem-101910114
3331,7358,47,246913129,North Elem,Leander ISD,C,15.5,777,https://txschools.net/campus/north-elem-246913129
3331,7358,47,126902104,Norwood Elem,Burleson ISD,B,15.5,423,https://txschools.net/campus/norwood-elem-126902104
3331,7358,47,170902005,Oak Ridge HS,Conroe ISD,B,15.5,2698,https://txschools.net/campus/oak-ridge-hs-170902005
3331,7358,47,071909123,Paso Del Norte Fine Arts Academy,Socorro ISD,B,15.5,779,https://txschools.net/campus/paso-del-norte-fine-arts-academy-071909123
3331,7358,47,108913117,PFC Mario Ybarra Elem,Weslaco ISD,B,15.5,555,https://txschools.net/campus/pfc-mario-ybarra-elem-108913117
3331,7358,47,101917115,Richey Elem,Pasadena ISD,C,15.5,466,https://txschools.net/campus/richey-elem-101917115
3331,7358,47,011904101,Smithville Elem,Smithville ISD,C,15.5,711,https://txschools.net/campus/smithville-elem-011904101
3331,7358,47,127906001,Stamford HS,Stamford ISD,A,15.5,148,https://txschools.net/campus/stamford-hs-127906001
3331,7358,47,061901123,Stephens Elem,Denton ISD,C,15.5,392,https://txschools.net/campus/stephens-elem-061901123
3331,7358,47,061911046,Truett Wilson MS,Northwest ISD,D,15.5,1023,https://txschools.net/campus/truett-wilson-ms-061911046
3331,7358,47,220915107,W E Hoover Elem,Azle ISD,B,15.5,521,https://txschools.net/campus/w-e-hoover-elem-220915107
3331,7358,47,152901183,Waters Elem,Lubbock ISD,B,15.5,443,https://txschools.net/campus/waters-elem-152901183
3331,7358,47,001908002,Westwood HS,Westwood ISD,C,15.5,396,https://txschools.net/campus/westwood-hs-001908002
3331,7358,47,091910001,Whitewright HS,Whitewright ISD,A,15.5,212,https://txschools.net/campus/whitewright-hs-091910001
3331,7358,47,108909110,Zeferino Farias Elem,Pharr-San Juan-Alamo ISD,A,15.5,485,https://txschools.net/campus/zeferino-farias-elem-108909110
3379,7358,38,126901041,Alvarado JH,Alvarado ISD,D,15.4,838,https://txschools.net/campus/alvarado-jh-126901041
3379,7358,38,220901124,Amos Elem,Arlington ISD,C,15.4,315,https://txschools.net/campus/amos-elem-220901124
3379,7358,38,226903105,Bowie Elem,San Angelo ISD,F,15.4,358,https://txschools.net/campus/bowie-elem-226903105
3379,7358,38,057903047,Bush MS,Carrollton-Farmers Branch ISD,C,15.4,638,https://txschools.net/campus/bush-ms-057903047
3379,7358,38,026901042,Caldwell Int,Caldwell ISD,C,15.4,427,https://txschools.net/campus/caldwell-int-026901042
3379,7358,38,065901041,Clarendon JH,Clarendon ISD,D,15.4,82,https://txschools.net/campus/clarendon-jh-065901041
3379,7358,38,084910051,Clear Creek Int,Clear Creek ISD,B,15.4,666,https://txschools.net/campus/clear-creek-int-084910051
3379,7358,38,161921041,Connally JH,Connally ISD,F,15.4,485,https://txschools.net/campus/connally-jh-161921041
3379,7358,38,129902106,Crosby Elem,Forney ISD,B,15.4,611,https://txschools.net/campus/crosby-elem-129902106
3379,7358,38,174902001,Cushing School,Cushing ISD,B,15.4,294,https://txschools.net/campus/cushing-school-174902001
3379,7358,38,084909104,Dan J Kubacak Elem,Santa Fe ISD,B,15.4,716,https://txschools.net/campus/dan-j-kubacak-elem-084909104
3379,7358,38,227901179,Davis Elem,Austin ISD,C,15.4,643,https://txschools.net/campus/davis-elem-227901179
3379,7358,38,071909117,Ernesto Serna Fine Arts Academy,Socorro ISD,C,15.4,813,https://txschools.net/campus/ernesto-serna-fine-arts-academy-071909117
3379,7358,38,210906101,Excelsior School,Excelsior ISD,C,15.4,112,https://txschools.net/campus/excelsior-school-210906101
3379,7358,38,074903104,Finley-Oates Elem,Bonham ISD,D,15.4,527,https://txschools.net/campus/finley-oates-elem-074903104
3379,7358,38,148902001,Follett School,Follett ISD,C,15.4,170,https://txschools.net/campus/follett-school-148902001
3379,7358,38,101907106,Holbrook Elem,Cypress-Fairbanks ISD,A,15.4,713,https://txschools.net/campus/holbrook-elem-101907106
3379,7358,38,212905044,Hubbard MS,Tyler ISD,B,15.4,949,https://txschools.net/campus/hubbard-ms-212905044
3379,7358,38,101912181,Janowski Elem,Houston ISD,B,15.4,394,https://txschools.net/campus/janowski-elem-101912181
3379,7358,38,057912111,Lee Elem,Irving ISD,D,15.4,678,https://txschools.net/campus/lee-elem-057912111
3379,7358,38,021902114,Mary Branch Elem,Bryan ISD,B,15.4,451,https://txschools.net/campus/mary-branch-elem-021902114
3379,7358,38,163908043,Medina Valley Loma Alta MS,Medina Valley ISD,B,15.4,1232,https://txschools.net/campus/medina-valley-loma-alta-ms-163908043
3379,7358,38,101915123,Metzler Elem,Klein ISD,B,15.4,767,https://txschools.net/campus/metzler-elem-101915123
3379,7358,38,071909045,Montwood MS,Socorro ISD,B,15.4,562,https://txschools.net/campus/montwood-ms-071909045
3379,7358,38,129901102,Nola Kathryn Wilson Elem,Crandall ISD,D,15.4,533,https://txschools.net/campus/nola-kathryn-wilson-elem-129901102
3379,7358,38,031906106,Palmer-Laakso Elem,Los Fresnos CISD,A,15.4,520,https://txschools.net/campus/palmer-laakso-elem-031906106
3379,7358,38,063906001,Patton Springs School,Patton Springs ISD,A,15.4,22,https://txschools.net/campus/patton-springs-school-063906001
3379,7358,38,212905115,Peete Elem,Tyler ISD,D,15.4,411,https://txschools.net/campus/peete-elem-212905115
3379,7358,38,123908001,Port Neches-Groves HS,Port Neches-Groves ISD,B,15.4,1635,https://txschools.net/campus/port-neches-groves-hs-123908001
3379,7358,38,085902101,Post Elem,Post ISD,D,15.4,305,https://txschools.net/campus/post-elem-085902101
3379,7358,38,101912223,Pugh Elem,Houston ISD,B,15.4,248,https://txschools.net/campus/pugh-elem-101912223
3379,7358,38,071901102,Red Sands Elem,Clint ISD,B,15.4,575,https://txschools.net/campus/red-sands-elem-071901102
3379,7358,38,152901178,Rush Elem,Lubbock ISD,C,15.4,498,https://txschools.net/campus/rush-elem-152901178
3379,7358,38,227904109,Springhill Elem,Pflugerville ISD,C,15.4,532,https://txschools.net/campus/springhill-elem-227904109
3379,7358,38,079907007,Stephen F Austin HS,Fort Bend ISD,B,15.4,2622,https://txschools.net/campus/stephen-f-austin-hs-079907007
3379,7358,38,146907102,Tarkington Elem,Tarkington ISD,D,15.4,695,https://txschools.net/campus/tarkington-elem-146907102
3379,7358,38,061901009,The Lagrone Academy,Denton ISD,A,15.4,251,https://txschools.net/campus/the-lagrone-academy-061901009
3379,7358,38,170902056,Veterans Memorial Int,Conroe ISD,C,15.4,871,https://txschools.net/campus/veterans-memorial-int-170902056
3379,7358,38,170902126,Wilkinson Elem,Conroe ISD,C,15.4,709,https://txschools.net/campus/wilkinson-elem-170902126
3418,7358,35,220917101,A V Cato Elem,Castleberry ISD,B,15.3,605,https://txschools.net/campus/a-v-cato-elem-220917101
3418,7358,35,091903045,B McDaniel Int,Denison ISD,D,15.3,741,https://txschools.net/campus/b-mcdaniel-int-091903045
3418,7358,35,057905047,Benjamin Franklin International Exploratory Acad,Dallas ISD,B,15.3,784,https://txschools.net/campus/benjamin-franklin-international-exploratory-acad-057905047
3418,7358,35,170908111,Bens Branch Elem,New Caney ISD,C,15.3,819,https://txschools.net/campus/bens-branch-elem-170908111
3418,7358,35,198901041,Bremond MS,Bremond ISD,B,15.3,98,https://txschools.net/campus/bremond-ms-198901041
3418,7358,35,047901001,Comanche HS,Comanche ISD,B,15.3,345,https://txschools.net/campus/comanche-hs-047901001
3418,7358,35,057909107,Cooper Elem,Garland ISD,C,15.3,347,https://txschools.net/campus/cooper-elem-057909107
3418,7358,35,020910101,Damon Elem,Damon ISD,B,15.3,87,https://txschools.net/campus/damon-elem-020910101
3418,7358,35,247901104,Floresville North Elem,Floresville ISD,B,15.3,709,https://txschools.net/campus/floresville-north-elem-247901104
3418,7358,35,101915133,Fox Elem,Klein ISD,A,15.3,901,https://txschools.net/campus/fox-elem-101915133
3418,7358,35,057907043,G W Kennemer MS,Duncanville ISD,C,15.3,969,https://txschools.net/campus/g-w-kennemer-ms-057907043
3418,7358,35,101917107,Golden Acres Elem,Pasadena ISD,C,15.3,332,https://txschools.net/campus/golden-acres-elem-101917107
3418,7358,35,152901162,Hardwick Elem,Lubbock ISD,B,15.3,509,https://txschools.net/campus/hardwick-elem-152901162
3418,7358,35,101905106,Harvey S Brown Elem,Channelview ISD,C,15.3,684,https://txschools.net/campus/harvey-s-brown-elem-101905106
3418,7358,35,043910048,Hendrick MS,Plano ISD,C,15.3,658,https://txschools.net/campus/hendrick-ms-043910048
3418,7358,35,186903041,Iraan JH,Iraan-Sheffield Collegiate ISD,C,15.3,75,https://txschools.net/campus/iraan-jh-186903041
3418,7358,35,101915113,Krahn Elem,Klein ISD,B,15.3,723,https://txschools.net/campus/krahn-elem-101915113
3418,7358,35,057905272,Maria Moreno STEAM Academy,Dallas ISD,C,15.3,313,https://txschools.net/campus/maria-moreno-steam-academy-057905272
3418,7358,35,101915126,Mueller Elem,Klein ISD,C,15.3,439,https://txschools.net/campus/mueller-elem-101915126
3418,7358,35,170902109,Oak Ridge Elem,Conroe ISD,B,15.3,555,https://txschools.net/campus/oak-ridge-elem-170902109
3418,7358,35,101907119,Owens Elem,Cypress-Fairbanks ISD,C,15.3,721,https://txschools.net/campus/owens-elem-101907119
3418,7358,35,188901121,Paramount Terrace Elem,Amarillo ISD,B,15.3,321,https://txschools.net/campus/paramount-terrace-elem-188901121
3418,7358,35,013903101,Pettus Elem,Pettus ISD,C,15.3,172,https://txschools.net/campus/pettus-elem-013903101
3418,7358,35,045903043,Rice JH,Rice CISD,C,15.3,289,https://txschools.net/campus/rice-jh-045903043
3418,7358,35,237904101,Roberts Road Elem,Waller ISD,C,15.3,620,https://txschools.net/campus/roberts-road-elem-237904101
3418,7358,35,101912281,Sanchez Elem,Houston ISD,A,15.3,307,https://txschools.net/campus/sanchez-elem-101912281
3418,7358,35,029901107,Seadrift School,Calhoun County ISD,B,15.3,195,https://txschools.net/campus/seadrift-school-029901107
3418,7358,35,101924108,Sheldon Elem,Sheldon ISD,C,15.3,589,https://txschools.net/campus/sheldon-elem-101924108
3418,7358,35,071909113,Sierra Vista STEAM Academy,Socorro ISD,A,15.3,616,https://txschools.net/campus/sierra-vista-steam-academy-071909113
3418,7358,35,227901060,Small MS,Austin ISD,A,15.3,1233,https://txschools.net/campus/small-ms-227901060
3418,7358,35,057905145,Stephen C Foster Elem,Dallas ISD,C,15.3,462,https://txschools.net/campus/stephen-c-foster-elem-057905145
3418,7358,35,201910104,Tatum Pri,Tatum ISD,B,15.3,321,https://txschools.net/campus/tatum-pri-201910104
3418,7358,35,101912279,Tijerina Elem,Houston ISD,C,15.3,282,https://txschools.net/campus/tijerina-elem-101912279
3418,7358,35,158906002,Van Vleck HS,Van Vleck ISD,B,15.3,330,https://txschools.net/campus/van-vleck-hs-158906002
3418,7358,35,079907134,Walter Moses Burton Elem,Fort Bend ISD,D,15.3,603,https://txschools.net/campus/walter-moses-burton-elem-079907134
3418,7358,35,101903101,Youens Elem,Alief ISD,C,15.3,628,https://txschools.net/campus/youens-elem-101903101
3454,7358,31,061901104,Alice Moore Alexander,Denton ISD,C,15.2,575,https://txschools.net/campus/alice-moore-alexander-061901104
3454,7358,31,227901102,Andrews Elem,Austin ISD,C,15.2,294,https://txschools.net/campus/andrews-elem-227901102
3454,7358,31,101913044,Atascocita MS,Humble ISD,B,15.2,931,https://txschools.net/campus/atascocita-ms-101913044
3454,7358,31,101917041,Beverly Hills Int,Pasadena ISD,B,15.2,721,https://txschools.net/campus/beverly-hills-int-101917041
3454,7358,31,116916041,Boles MS,Boles ISD,C,15.2,154,https://txschools.net/campus/boles-ms-116916041
3454,7358,31,015915023,Brandeis HS,Northside ISD,B,15.2,2579,https://txschools.net/campus/brandeis-hs-015915023
3454,7358,31,031912103,Cash Elem,San Benito CISD,A,15.2,569,https://txschools.net/campus/cash-elem-031912103
3454,7358,31,020902110,Central Elem,Angleton ISD,B,15.2,406,https://txschools.net/campus/central-elem-020902110
3454,7358,31,007901041,Charlotte MS,Charlotte ISD,C,15.2,99,https://txschools.net/campus/charlotte-ms-007901041
3454,7358,31,220901150,Crouch Elem,Arlington ISD,D,15.2,473,https://txschools.net/campus/crouch-elem-220901150
3454,7358,31,220908109,D P Morris Elem,Mansfield ISD,C,15.2,467,https://txschools.net/campus/d-p-morris-elem-220908109
3454,7358,31,212905108,Douglas Elem,Tyler ISD,D,15.2,598,https://txschools.net/campus/douglas-elem-212905108
3454,7358,31,240903123,Franklin D Roosevelt Elem,United ISD,B,15.2,623,https://txschools.net/campus/franklin-d-roosevelt-elem-240903123
3454,7358,31,205903104,Gilbert J Mircovich Elem,Ingleside ISD,C,15.2,433,https://txschools.net/campus/gilbert-j-mircovich-elem-205903104
3454,7358,31,097902001,Hamilton HS,Hamilton ISD,B,15.2,248,https://txschools.net/campus/hamilton-hs-097902001
3454,7358,31,220918106,High Country Elem,Eagle Mt-Saginaw ISD,F,15.2,517,https://txschools.net/campus/high-country-elem-220918106
3454,7358,31,057912006,Jack E Singley Academy,Irving ISD,A,15.2,1688,https://txschools.net/campus/jack-e-singley-academy-057912006
3454,7358,31,243905118,Jefferson Elem,Wichita Falls ISD,C,15.2,331,https://txschools.net/campus/jefferson-elem-243905118
3454,7358,31,178904158,Kolda Elem,Corpus Christi ISD,C,15.2,694,https://txschools.net/campus/kolda-elem-178904158
3454,7358,31,108909044,Liberty MS,Pharr-San Juan-Alamo ISD,A,15.2,708,https://txschools.net/campus/liberty-ms-108909044
3454,7358,31,246911103,Naomi Pasemann Elem,Taylor ISD,C,15.2,455,https://txschools.net/campus/naomi-pasemann-elem-246911103
3454,7358,31,057914045,New MS,Mesquite ISD,D,15.2,688,https://txschools.net/campus/new-ms-057914045
3454,7358,31,181905001,Orangefield HS,Orangefield ISD,B,15.2,529,https://txschools.net/campus/orangefield-hs-181905001
3454,7358,31,014906054,Roy J Smith MS,Killeen ISD,B,15.2,963,https://txschools.net/campus/roy-j-smith-ms-014906054
3454,7358,31,101912233,Rucker Elem,Houston ISD,D,15.2,382,https://txschools.net/campus/rucker-elem-101912233
3454,7358,31,128903001,Runge HS,Runge ISD,B,15.2,59,https://txschools.net/campus/runge-hs-128903001
3454,7358,31,031905101,Sam Houston Elem,La Feria ISD,C,15.2,516,https://txschools.net/campus/sam-houston-elem-031905101
3454,7358,31,057905109,W A Blair Elem,Dallas ISD,B,15.2,357,https://txschools.net/campus/w-a-blair-elem-057905109
3454,7358,31,101907137,Walker Elem,Cypress-Fairbanks ISD,B,15.2,1009,https://txschools.net/campus/walker-elem-101907137
3454,7358,31,057916048,Westwood Math Science Leadership Magnet,Richardson ISD,A,15.2,642,https://txschools.net/campus/westwood-math-science-leadership-magnet-057916048
3454,7358,31,220901145,Williams Elem,Arlington ISD,C,15.2,582,https://txschools.net/campus/williams-elem-220901145
3454,7358,31,043914003,Wylie East HS,Wylie ISD,A,15.2,2755,https://txschools.net/campus/wylie-east-hs-043914003
3486,7358,37,057909143,Abbett Elem,Garland ISD,A,15.1,621,https://txschools.net/campus/abbett-elem-057909143
3486,7358,37,094902109,Barbara Jordan Int,Schertz-Cibolo-U City ISD,B,15.1,768,https://txschools.net/campus/barbara-jordan-int-094902109
3486,7358,37,226903103,Belaire Elem,San Angelo ISD,C,15.1,342,https://txschools.net/campus/belaire-elem-226903103
3486,7358,37,188901052,Bowie 6th Grade Campus,Amarillo ISD,B,15.1,346,https://txschools.net/campus/bowie-6th-grade-campus-188901052
3486,7358,37,170904103,C C Hardy Elem,Willis ISD,F,15.1,814,https://txschools.net/campus/c-c-hardy-elem-170904103
3486,7358,37,178903001,Calallen HS,Calallen ISD,A,15.1,1157,https://txschools.net/campus/calallen-hs-178903001
3486,7358,37,108913043,Central MS,Weslaco ISD,B,15.1,1057,https://txschools.net/campus/central-ms-108913043
3486,7358,37,052901041,Crane MS,Crane ISD,D,15.1,279,https://txschools.net/campus/crane-ms-052901041
3486,7358,37,057906043,Curtistene S McCowan MS,Desoto ISD,D,15.1,612,https://txschools.net/campus/curtistene-s-mccowan-ms-057906043
3486,7358,37,205906041,E Merle Smith MS,Sinton ISD,C,15.1,459,https://txschools.net/campus/e-merle-smith-ms-205906041
3486,7358,37,220901136,Fitzgerald Elem,Arlington ISD,C,15.1,436,https://txschools.net/campus/fitzgerald-elem-220901136
3486,7358,37,178914041,Flour Bluff JH,Flour Bluff ISD,B,15.1,880,https://txschools.net/campus/flour-bluff-jh-178914041
3486,7358,37,152907041,Frenship MS,Frenship ISD,C,15.1,595,https://txschools.net/campus/frenship-ms-152907041
3486,7358,37,246904001,Georgetown HS,Georgetown ISD,B,15.1,2028,https://txschools.net/campus/georgetown-hs-246904001
3486,7358,37,226903042,Glenn MS,San Angelo ISD,C,15.1,1212,https://txschools.net/campus/glenn-ms-226903042
3486,7358,37,093904106,High Point Elem,Navasota ISD,F,15.1,496,https://txschools.net/campus/high-point-elem-093904106
3486,7358,37,220908112,Imogene Gideon Elem,Mansfield ISD,D,15.1,316,https://txschools.net/campus/imogene-gideon-elem-220908112
3486,7358,37,129903112,J R Phillips Elem,Kaufman ISD,B,15.1,372,https://txschools.net/campus/j-r-phillips-elem-129903112
3486,7358,37,061907102,James A Monaco,Aubrey ISD,D,15.1,569,https://txschools.net/campus/james-a-monaco-061907102
3486,7358,37,015915055,Jefferson MS,Northside ISD,B,15.1,933,https://txschools.net/campus/jefferson-ms-015915055
3486,7358,37,101917125,Jensen Elem,Pasadena ISD,C,15.1,521,https://txschools.net/campus/jensen-elem-101917125
3486,7358,37,057905260,Lorenzo De Zavala Elem,Dallas ISD,C,15.1,350,https://txschools.net/campus/lorenzo-de-zavala-elem-057905260
3486,7358,37,018902101,Meridian Elem,Meridian ISD,C,15.1,157,https://txschools.net/campus/meridian-elem-018902101
3486,7358,37,071905042,Parkland Pre-Engineering MS,Ysleta ISD,A,15.1,1100,https://txschools.net/campus/parkland-pre-engineering-ms-071905042
3486,7358,37,181907101,Pine Forest Elem,Vidor ISD,B,15.1,506,https://txschools.net/campus/pine-forest-elem-181907101
3486,7358,37,031901110,Russell Elem,Brownsville ISD,A,15.1,372,https://txschools.net/campus/russell-elem-031901110
3486,7358,37,220905161,Sam Rosen Elem,Fort Worth ISD,C,15.1,379,https://txschools.net/campus/sam-rosen-elem-220905161
3486,7358,37,184903109,Seguin Elem,Weatherford ISD,C,15.1,552,https://txschools.net/campus/seguin-elem-184903109
3486,7358,37,071909041,Socorro MS,Socorro ISD,B,15.1,502,https://txschools.net/campus/socorro-ms-071909041
3486,7358,37,220904103,Souder Elem,Everman ISD,C,15.1,297,https://txschools.net/campus/souder-elem-220904103
3486,7358,37,031901054,Stillman MS,Brownsville ISD,A,15.1,921,https://txschools.net/campus/stillman-ms-031901054
3486,7358,37,061907041,Terrie McNabb MS,Aubrey ISD,B,15.1,483,https://txschools.net/campus/terrie-mcnabb-ms-061907041
3486,7358,37,105906110,Tobias Elem,Hays CISD,C,15.1,742,https://txschools.net/campus/tobias-elem-105906110
3486,7358,37,170904104,Turner Elem,Willis ISD,C,15.1,477,https://txschools.net/campus/turner-elem-170904104
3486,7358,37,015915056,Vale MS,Northside ISD,C,15.1,830,https://txschools.net/campus/vale-ms-015915056
3486,7358,37,237904041,Waller JH,Waller ISD,C,15.1,1049,https://txschools.net/campus/waller-jh-237904041
3486,7358,37,071902146,Western Hills Elem,El Paso ISD,C,15.1,573,https://txschools.net/campus/western-hills-elem-071902146
3486,7358,37,101917120,Williams Elem,Pasadena ISD,B,15.1,436,https://txschools.net/campus/williams-elem-101917120
3524,7358,32,021901042,A & M Consolidated MS,College Station ISD,B,15,599,https://txschools.net/campus/a-m-consolidated-ms-021901042
3524,7358,32,101912104,Almeda Elem,Houston ISD,C,15,636,https://txschools.net/campus/almeda-elem-101912104
3524,7358,32,084910111,Armand Bayou Elem,Clear Creek ISD,B,15,506,https://txschools.net/campus/armand-bayou-elem-084910111
3524,7358,32,015915060,Bernal MS,Northside ISD,B,15,1349,https://txschools.net/campus/bernal-ms-015915060
3524,7358,32,186901001,Buena Vista School,Buena Vista ISD,D,15,235,https://txschools.net/campus/buena-vista-school-186901001
3524,7358,32,047902001,De Leon HS,De Leon ISD,A,15,187,https://txschools.net/campus/de-leon-hs-047902001
3524,7358,32,081906101,Dew School,Dew ISD,C,15,170,https://txschools.net/campus/dew-school-081906101
3524,7358,32,220918118,Elemizabeth Lopez Hatley Elem,Eagle Mt-Saginaw ISD,D,15,603,https://txschools.net/campus/elemizabeth-lopez-hatley-elem-220918118
3524,7358,32,071903105,Fabens Elem,Fabens ISD,B,15,383,https://txschools.net/campus/fabens-elem-071903105
3524,7358,32,166902101,Gause Elem,Gause ISD,B,15,149,https://txschools.net/campus/gause-elem-166902101
3524,7358,32,214901111,General Ricardo Sanchez Elem,Rio Grande City Grulla ISD,B,15,706,https://txschools.net/campus/general-ricardo-sanchez-elem-214901111
3524,7358,32,015911112,Honor Elem,East Central ISD,C,15,838,https://txschools.net/campus/honor-elem-015911112
3524,7358,32,003904102,Huntington Int,Huntington ISD,D,15,193,https://txschools.net/campus/huntington-int-003904102
3524,7358,32,061911118,J C Thompson Elem,Northwest ISD,D,15,686,https://txschools.net/campus/j-c-thompson-elem-061911118
3524,7358,32,043907119,Jose De Jesus and Maria Luisa Vega Elem,McKinney ISD,D,15,467,https://txschools.net/campus/jose-de-jesus-and-maria-luisa-vega-elem-043907119
3524,7358,32,057905194,K B Polk Center for Academically Talented & Gifted,Dallas ISD,B,15,400,https://txschools.net/campus/k-b-polk-center-for-academically-talented-gifted-057905194
3524,7358,32,107910041,Lapoynor JH,Lapoynor ISD,B,15,91,https://txschools.net/campus/lapoynor-jh-107910041
3524,7358,32,101907111,Lieder Elem,Cypress-Fairbanks ISD,C,15,749,https://txschools.net/campus/lieder-elem-101907111
3524,7358,32,077902101,Lockney Elem,Lockney ISD,F,15,176,https://txschools.net/campus/lockney-elem-077902101
3524,7358,32,170906061,Magnolia Int,Magnolia ISD,B,15,862,https://txschools.net/campus/magnolia-int-170906061
3524,7358,32,025905001,May HS,May ISD,C,15,119,https://txschools.net/campus/may-hs-025905001
3524,7358,32,201902108,Northside Elem,Henderson ISD,C,15,425,https://txschools.net/campus/northside-elem-201902108
3524,7358,32,191901114,Pinnacle Int,Canyon ISD,B,15,603,https://txschools.net/campus/pinnacle-int-191901114
3524,7358,32,071905148,Riverside Elem,Ysleta ISD,C,15,562,https://txschools.net/campus/riverside-elem-071905148
3524,7358,32,057909137,Rowlett Elem,Garland ISD,D,15,442,https://txschools.net/campus/rowlett-elem-057909137
3524,7358,32,037907002,Rusk HS,Rusk ISD,B,15,594,https://txschools.net/campus/rusk-hs-037907002
3524,7358,32,091914001,S and S Cons HS,S and S CISD,B,15,322,https://txschools.net/campus/s-and-s-cons-hs-091914001
3524,7358,32,129905104,Southside Elem,Mabank ISD,C,15,476,https://txschools.net/campus/southside-elem-129905104
3524,7358,32,015915064,Straus MS,Northside ISD,C,15,1439,https://txschools.net/campus/straus-ms-015915064
3524,7358,32,240903043,United South MS,United ISD,A,15,817,https://txschools.net/campus/united-south-ms-240903043
3524,7358,32,057909116,Weaver Elem,Garland ISD,B,15,449,https://txschools.net/campus/weaver-elem-057909116
3524,7358,32,015907120,Young Women's Leadership Academy Pri,San Antonio ISD,B,15,552,https://txschools.net/campus/young-women-s-leadership-academy-pri-015907120
3524,7358,32,003906101,Zavalla Elem,Zavalla ISD,D,15,163,https://txschools.net/campus/zavalla-elem-003906101
3557,7358,30,084910105,Bay Elem,Clear Creek ISD,C,14.9,498,https://txschools.net/campus/bay-elem-084910105
3557,7358,30,223901041,Brownfield MS,Brownfield ISD,D,14.9,334,https://txschools.net/campus/brownfield-ms-223901041
3557,7358,30,101912122,Burbank Elem,Houston ISD,A,14.9,689,https://txschools.net/campus/burbank-elem-101912122
3557,7358,30,101903108,Chancellor Elem,Alief ISD,C,14.9,695,https://txschools.net/campus/chancellor-elem-101903108
3557,7358,30,220905117,Como Elem,Fort Worth ISD,B,14.9,386,https://txschools.net/campus/como-elem-220905117
3557,7358,30,220908205,Della Icenhower Int,Mansfield ISD,B,14.9,626,https://txschools.net/campus/della-icenhower-int-220908205
3557,7358,30,031909101,Derry Elem,Point Isabel ISD,C,14.9,427,https://txschools.net/campus/derry-elem-031909101
3557,7358,30,079907001,Dulles HS,Fort Bend ISD,B,14.9,2128,https://txschools.net/campus/dulles-hs-079907001
3557,7358,30,086901001,Fredericksburg HS,Fredericksburg ISD,A,14.9,1015,https://txschools.net/campus/fredericksburg-hs-086901001
3557,7358,30,084911001,Friendswood HS,Friendswood ISD,A,14.9,2007,https://txschools.net/campus/friendswood-hs-084911001
3557,7358,30,165901128,Greathouse Elem,Midland ISD,B,14.9,735,https://txschools.net/campus/greathouse-elem-165901128
3557,7358,30,188901109,Hamlet Elem,Amarillo ISD,B,14.9,324,https://txschools.net/campus/hamlet-elem-188901109
3557,7358,30,057914104,Hanby Elem,Mesquite ISD,C,14.9,764,https://txschools.net/campus/hanby-elem-057914104
3557,7358,30,220905137,Hubbard Elem,Fort Worth ISD,C,14.9,483,https://txschools.net/campus/hubbard-elem-220905137
3557,7358,30,037904002,Jacksonville HS,Jacksonville ISD,C,14.9,1236,https://txschools.net/campus/jacksonville-hs-037904002
3557,7358,30,134901101,Junction Elem,Junction ISD,C,14.9,263,https://txschools.net/campus/junction-elem-134901101
3557,7358,30,057905159,L L Hotchkiss Elem,Dallas ISD,B,14.9,511,https://txschools.net/campus/l-l-hotchkiss-elem-057905159
3557,7358,30,181908103,Little Cypress Int,Little Cypress-Mauriceville CISD,D,14.9,524,https://txschools.net/campus/little-cypress-int-181908103
3557,7358,30,111901107,Mambrino School,Granbury ISD,C,14.9,800,https://txschools.net/campus/mambrino-school-111901107
3557,7358,30,220910104,Marilyn Miller Language Academy,Lake Worth ISD,D,14.9,626,https://txschools.net/campus/marilyn-miller-language-academy-220910104
3557,7358,30,199902041,Ouida Baley MS,Royse City ISD,C,14.9,1306,https://txschools.net/campus/ouida-baley-ms-199902041
3557,7358,30,033902001,Panhandle HS,Panhandle ISD,A,14.9,180,https://txschools.net/campus/panhandle-hs-033902001
3557,7358,30,159901122,Perfecto Mancha Elem,Eagle Pass ISD,B,14.9,508,https://txschools.net/campus/perfecto-mancha-elem-159901122
3557,7358,30,019906001,Redwater HS,Redwater ISD,A,14.9,354,https://txschools.net/campus/redwater-hs-019906001
3557,7358,30,227901132,Reilly Elem,Austin ISD,B,14.9,318,https://txschools.net/campus/reilly-elem-227901132
3557,7358,30,061901050,Rodriguez MS,Denton ISD,C,14.9,635,https://txschools.net/campus/rodriguez-ms-061901050
3557,7358,30,188902101,Rolling Hills Elem,River Road ISD,F,14.9,302,https://txschools.net/campus/rolling-hills-elem-188902101
3557,7358,30,079910001,Stafford HS,Stafford MSD,A,14.9,1088,https://txschools.net/campus/stafford-hs-079910001
3557,7358,30,061911011,V R Eaton HS,Northwest ISD,B,14.9,3235,https://txschools.net/campus/v-r-eaton-hs-061911011
3557,7358,30,170908109,Valley Ranch Elem,New Caney ISD,C,14.9,746,https://txschools.net/campus/valley-ranch-elem-170908109
3557,7358,30,152907106,Willow Bend Elem,Frenship ISD,C,14.9,769,https://txschools.net/campus/willow-bend-elem-152907106
3588,7358,30,014901103,Academy Elem,Academy ISD,B,14.8,254,https://txschools.net/campus/academy-elem-014901103
3588,7358,30,043901001,Allen HS,Allen ISD,A,14.8,5126,https://txschools.net/campus/allen-hs-043901001
3588,7358,30,101907051,Aragon MS,Cypress-Fairbanks ISD,B,14.8,1436,https://txschools.net/campus/aragon-ms-101907051
3588,7358,30,161918001,Axtell HS,Axtell ISD,A,14.8,238,https://txschools.net/campus/axtell-hs-161918001
3588,7358,30,161914103,Bell's Hill Elem,Waco ISD,D,14.8,719,https://txschools.net/campus/bell-s-hill-elem-161914103
3588,7358,30,220901155,Burgin Elem,Arlington ISD,C,14.8,563,https://txschools.net/campus/burgin-elem-220901155
3588,7358,30,042901102,Coleman Elem,Coleman ISD,B,14.8,304,https://txschools.net/campus/coleman-elem-042901102
3588,7358,30,045902001,Columbus HS,Columbus ISD,B,14.8,507,https://txschools.net/campus/columbus-hs-045902001
3588,7358,30,112905101,Cumby Collegiate MS,Cumby Collegiate ISD,C,14.8,184,https://txschools.net/campus/cumby-collegiate-ms-112905101
3588,7358,30,240901119,D D Hachar Elem,Laredo ISD,A,14.8,405,https://txschools.net/campus/d-d-hachar-elem-240901119
3588,7358,30,025909001,Early HS,Early ISD,B,14.8,378,https://txschools.net/campus/early-hs-025909001
3588,7358,30,036903041,East Chambers JH,East Chambers ISD,C,14.8,334,https://txschools.net/campus/east-chambers-jh-036903041
3588,7358,30,015910130,Fox Run Elem,North East ISD,B,14.8,569,https://txschools.net/campus/fox-run-elem-015910130
3588,7358,30,129901041,Heartland MS,Crandall ISD,C,14.8,1073,https://txschools.net/campus/heartland-ms-129901041
3588,7358,30,246906004,Hutto Ninth Grade Center,Hutto ISD,B,14.8,772,https://txschools.net/campus/hutto-ninth-grade-center-246906004
3588,7358,30,031912116,Judge Oscar De La Fuente Elem,San Benito CISD,B,14.8,295,https://txschools.net/campus/judge-oscar-de-la-fuente-elem-031912116
3588,7358,30,057914122,Kimball Elem,Mesquite ISD,C,14.8,195,https://txschools.net/campus/kimball-elem-057914122
3588,7358,30,227901147,Menchaca Elem,Austin ISD,D,14.8,621,https://txschools.net/campus/menchaca-elem-227901147
3588,7358,30,034907041,Morris Upchurch MS,Queen City ISD,C,14.8,266,https://txschools.net/campus/morris-upchurch-ms-034907041
3588,7358,30,143902001,Moulton HS,Moulton ISD,A,14.8,119,https://txschools.net/campus/moulton-hs-143902001
3588,7358,30,112906001,North Hopkins HS,North Hopkins ISD,A,14.8,234,https://txschools.net/campus/north-hopkins-hs-112906001
3588,7358,30,187910001,Onalaska HS,Onalaska ISD,B,14.8,489,https://txschools.net/campus/onalaska-hs-187910001
3588,7358,30,061901051,Pat Hagan Cheek MS,Denton ISD,C,14.8,878,https://txschools.net/campus/pat-hagan-cheek-ms-061901051
3588,7358,30,101912373,Seguin Elem,Houston ISD,B,14.8,372,https://txschools.net/campus/seguin-elem-101912373
3588,7358,30,031901111,Sharp Elem,Brownsville ISD,A,14.8,417,https://txschools.net/campus/sharp-elem-031901111
3588,7358,30,067903101,Siebert Elem,Eastland ISD,C,14.8,486,https://txschools.net/campus/siebert-elem-067903101
3588,7358,30,101902119,Stephens Elem,Aldine ISD,D,14.8,584,https://txschools.net/campus/stephens-elem-101902119
3588,7358,30,101920122,Terrace Elem,Spring Branch ISD,C,14.8,400,https://txschools.net/campus/terrace-elem-101920122
3588,7358,30,184903042,Tison MS,Weatherford ISD,B,14.8,921,https://txschools.net/campus/tison-ms-184903042
3588,7358,30,079907013,William B Travis HS,Fort Bend ISD,B,14.8,3163,https://txschools.net/campus/william-b-travis-hs-079907013
3588,7358,30,229903041,Woodville MS,Woodville ISD,D,14.8,257,https://txschools.net/campus/woodville-ms-229903041
3619,7358,38,108909130,Allen & William Arnold Elem,Pharr-San Juan-Alamo ISD,A,14.7,691,https://txschools.net/campus/allen-william-arnold-elem-108909130
3619,7358,38,101912105,Anderson Elem,Houston ISD,B,14.7,567,https://txschools.net/campus/anderson-elem-101912105
3619,7358,38,101912107,Barrick Elem,Houston ISD,C,14.7,355,https://txschools.net/campus/barrick-elem-101912107
3619,7358,38,178902001,Bishop HS,Bishop CISD,A,14.7,532,https://txschools.net/campus/bishop-hs-178902001
3619,7358,38,107902102,Chandler Int,Brownsboro ISD,C,14.7,266,https://txschools.net/campus/chandler-int-107902102
3619,7358,38,061911044,Chisholm Trail MS,Northwest ISD,C,14.7,964,https://txschools.net/campus/chisholm-trail-ms-061911044
3619,7358,38,246909043,Chisholm Trail MS,Round Rock ISD,A,14.7,739,https://txschools.net/campus/chisholm-trail-ms-246909043
3619,7358,38,205902102,Clark Elem,Gregory-Portland ISD,B,14.7,482,https://txschools.net/campus/clark-elem-205902102
3619,7358,38,084910043,Clear Lake Int,Clear Creek ISD,C,14.7,807,https://txschools.net/campus/clear-lake-int-084910043
3619,7358,38,071901009,Clint ISD Early College Academy,Clint ISD,A,14.7,306,https://txschools.net/campus/clint-isd-early-college-academy-071901009
3619,7358,38,057910109,Elemlen Ochoa STEM Academy at Ben Milam Elem,Grand Prairie ISD,B,14.7,661,https://txschools.net/campus/elemlen-ochoa-stem-academy-at-ben-milam-elem-057910109
3619,7358,38,220916042,Euless JH,Hurst-Euless-Bedford ISD,A,14.7,1003,https://txschools.net/campus/euless-jh-220916042
3619,7358,38,240903112,Finley Elem,United ISD,C,14.7,453,https://txschools.net/campus/finley-elem-240903112
3619,7358,38,001904001,Frankston HS,Frankston ISD,A,14.7,235,https://txschools.net/campus/frankston-hs-001904001
3619,7358,38,071909114,Helen Ball Elem,Socorro ISD,C,14.7,548,https://txschools.net/campus/helen-ball-elem-071909114
3619,7358,38,057912046,Houston MS,Irving ISD,D,14.7,753,https://txschools.net/campus/houston-ms-057912046
3619,7358,38,020901007,Iowa Colony HS,Alvin ISD,B,14.7,1856,https://txschools.net/campus/iowa-colony-hs-020901007
3619,7358,38,050910107,J L Williams/Lovett Ledger Elem,Copperas Cove ISD,B,14.7,596,https://txschools.net/campus/j-l-williams-lovett-ledger-elem-050910107
3619,7358,38,220902104,Jack C Binion Elem,Birdville ISD,D,14.7,654,https://txschools.net/campus/jack-c-binion-elem-220902104
3619,7358,38,220914041,Kennedale JH,Kennedale ISD,C,14.7,625,https://txschools.net/campus/kennedale-jh-220914041
3619,7358,38,031912112,La Encantada Elem,San Benito CISD,A,14.7,492,https://txschools.net/campus/la-encantada-elem-031912112
3619,7358,38,108904131,Macaria Dela Garza Gorena Elem,Edinburg CISD,B,14.7,531,https://txschools.net/campus/macaria-dela-garza-gorena-elem-108904131
3619,7358,38,170906001,Magnolia HS,Magnolia ISD,A,14.7,2283,https://txschools.net/campus/magnolia-hs-170906001
3619,7358,38,220905085,Marine Creek Collegiate HS,Fort Worth ISD,A,14.7,293,https://txschools.net/campus/marine-creek-collegiate-hs-220905085
3619,7358,38,101907127,Metcalf Elem,Cypress-Fairbanks ISD,B,14.7,831,https://txschools.net/campus/metcalf-elem-101907127
3619,7358,38,071902131,Milam Elem,El Paso ISD,B,14.7,846,https://txschools.net/campus/milam-elem-071902131
3619,7358,38,108912112,Narciso Cavazos,La Joya ISD,B,14.7,476,https://txschools.net/campus/narciso-cavazos-108912112
3619,7358,38,094903041,Navarro JH,Navarro ISD,B,14.7,701,https://txschools.net/campus/navarro-jh-094903041
3619,7358,38,220905149,North Hi Mount Elem,Fort Worth ISD,C,14.7,361,https://txschools.net/campus/north-hi-mount-elem-220905149
3619,7358,38,152907108,Oak Ridge Elem,Frenship ISD,C,14.7,667,https://txschools.net/campus/oak-ridge-elem-152907108
3619,7358,38,220905152,Oaklawn Elem,Fort Worth ISD,C,14.7,387,https://txschools.net/campus/oaklawn-elem-220905152
3619,7358,38,101924102,Royalwood Elem,Sheldon ISD,C,14.7,629,https://txschools.net/campus/royalwood-elem-101924102
3619,7358,38,057905208,Seagoville Elem,Dallas ISD,C,14.7,712,https://txschools.net/campus/seagoville-elem-057905208
3619,7358,38,208902110,Snyder Int,Snyder ISD,D,14.7,348,https://txschools.net/campus/snyder-int-208902110
3619,7358,38,072903001,Stephenville HS,Stephenville ISD,A,14.7,1073,https://txschools.net/campus/stephenville-hs-072903001
3619,7358,38,216901001,Sterling City School,Sterling City ISD,A,14.7,294,https://txschools.net/campus/sterling-city-school-216901001
3619,7358,38,014906133,Timber Ridge Elem,Killeen ISD,D,14.7,691,https://txschools.net/campus/timber-ridge-elem-014906133
3619,7358,38,071909106,Vista Del Sol Environmental Science,Socorro ISD,C,14.7,456,https://txschools.net/campus/vista-del-sol-environmental-science-071909106
3619,7358,38,091909041,Whitesboro MS,Whitesboro ISD,B,14.7,408,https://txschools.net/campus/whitesboro-ms-091909041
3658,7358,40,220905153,A M Pate Elem,Fort Worth ISD,D,14.6,250,https://txschools.net/campus/a-m-pate-elem-220905153
3658,7358,40,057914041,Agnew MS,Mesquite ISD,B,14.6,1028,https://txschools.net/campus/agnew-ms-057914041
3658,7358,40,101903045,Albright MS,Alief ISD,B,14.6,930,https://txschools.net/campus/albright-ms-101903045
3658,7358,40,221901112,Alcorta Elem,Abilene ISD,D,14.6,429,https://txschools.net/campus/alcorta-elem-221901112
3658,7358,40,036901041,Anahuac MS,Anahuac ISD,F,14.6,351,https://txschools.net/campus/anahuac-ms-036901041
3658,7358,40,246904101,Annie Purl Elem,Georgetown ISD,D,14.6,653,https://txschools.net/campus/annie-purl-elem-246904101
3658,7358,40,010902041,Bandera MS,Bandera ISD,C,14.6,534,https://txschools.net/campus/bandera-ms-010902041
3658,7358,40,129901103,Barbara Walker Elem,Crandall ISD,D,14.6,630,https://txschools.net/campus/barbara-walker-elem-129901103
3658,7358,40,152907107,Bennett Elem,Frenship ISD,B,14.6,597,https://txschools.net/campus/bennett-elem-152907107
3658,7358,40,043917041,Blue Ridge MS,Blue Ridge ISD,C,14.6,265,https://txschools.net/campus/blue-ridge-ms-043917041
3658,7358,40,057912041,Bowie MS,Irving ISD,B,14.6,714,https://txschools.net/campus/bowie-ms-057912041
3658,7358,40,249903101,Bridgeport Elem,Bridgeport ISD,F,14.6,483,https://txschools.net/campus/bridgeport-elem-249903101
3658,7358,40,220907125,Caprock Elem,Keller ISD,A,14.6,594,https://txschools.net/campus/caprock-elem-220907125
3658,7358,40,071901106,Carroll T Welch Elem,Clint ISD,C,14.6,642,https://txschools.net/campus/carroll-t-welch-elem-071901106
3658,7358,40,108908102,Castro Elem,Mission CISD,B,14.6,280,https://txschools.net/campus/castro-elem-108908102
3658,7358,40,067902001,Cisco HS,Cisco ISD,A,14.6,215,https://txschools.net/campus/cisco-hs-067902001
3658,7358,40,240903105,Clark Elem,United ISD,A,14.6,350,https://txschools.net/campus/clark-elem-240903105
3658,7358,40,220918043,Creekview MS,Eagle Mt-Saginaw ISD,C,14.6,978,https://txschools.net/campus/creekview-ms-220918043
3658,7358,40,117901105,Crockett Elem,Borger ISD,D,14.6,327,https://txschools.net/campus/crockett-elem-117901105
3658,7358,40,101902138,Escamilla Elem,Aldine ISD,B,14.6,760,https://txschools.net/campus/escamilla-elem-101902138
3658,7358,40,142901041,Frank Newman MS,Cotulla ISD,C,14.6,257,https://txschools.net/campus/frank-newman-ms-142901041
3658,7358,40,246904103,Frost Elem,Georgetown ISD,B,14.6,403,https://txschools.net/campus/frost-elem-246904103
3658,7358,40,079901010,Fulshear HS,Lamar CISD,A,14.6,3260,https://txschools.net/campus/fulshear-hs-079901010
3658,7358,40,213901001,Glen Rose HS,Glen Rose ISD,A,14.6,613,https://txschools.net/campus/glen-rose-hs-213901001
3658,7358,40,014909118,Hector P Garcia Elem,Temple ISD,C,14.6,409,https://txschools.net/campus/hector-p-garcia-elem-014909118
3658,7358,40,057916042,Lake Highlands MS,Richardson ISD,B,14.6,1162,https://txschools.net/campus/lake-highlands-ms-057916042
3658,7358,40,187907002,Livingston HS,Livingston ISD,C,14.6,1098,https://txschools.net/campus/livingston-hs-187907002
3658,7358,40,070905105,Lucy Mae McDonald Elem,Ferris ISD,C,14.6,638,https://txschools.net/campus/lucy-mae-mcdonald-elem-070905105
3658,7358,40,220908118,Mary Jo Sheppard Elem,Mansfield ISD,B,14.6,386,https://txschools.net/campus/mary-jo-sheppard-elem-220908118
3658,7358,40,101914043,Mayde Creek JH,Katy ISD,B,14.6,1124,https://txschools.net/campus/mayde-creek-jh-101914043
3658,7358,40,145906041,Normangee MS,Normangee ISD,B,14.6,154,https://txschools.net/campus/normangee-ms-145906041
3658,7358,40,220907111,North Riverside Elem,Keller ISD,A,14.6,460,https://txschools.net/campus/north-riverside-elem-220907111
3658,7358,40,070912104,Northside Elem,Waxahachie ISD,D,14.6,429,https://txschools.net/campus/northside-elem-070912104
3658,7358,40,139909042,Paris JH,Paris ISD,B,14.6,529,https://txschools.net/campus/paris-jh-139909042
3658,7358,40,057916051,Parkhill JH,Richardson ISD,B,14.6,629,https://txschools.net/campus/parkhill-jh-057916051
3658,7358,40,012901101,Seymour Elem,Seymour ISD,A,14.6,258,https://txschools.net/campus/seymour-elem-012901101
3658,7358,40,204904102,Shepherd Int,Shepherd ISD,C,14.6,423,https://txschools.net/campus/shepherd-int-204904102
3658,7358,40,043905041,Staley MS,Frisco ISD,C,14.6,505,https://txschools.net/campus/staley-ms-043905041
3658,7358,40,205906103,Welder Elem,Sinton ISD,C,14.6,514,https://txschools.net/campus/welder-elem-205906103
3658,7358,40,202905102,West Sabine Elem,West Sabine ISD,F,14.6,363,https://txschools.net/campus/west-sabine-elem-202905102
3658,7358,40,253901105,Zapata North Elem,Zapata County ISD,A,14.6,541,https://txschools.net/campus/zapata-north-elem-253901105
3699,7358,33,170902107,Armstrong Elem,Conroe ISD,D,14.5,562,https://txschools.net/campus/armstrong-elem-170902107
3699,7358,33,210901041,Center MS,Center ISD,C,14.5,472,https://txschools.net/campus/center-ms-210901041
3699,7358,33,050910041,Copperas Cove JH,Copperas Cove ISD,B,14.5,831,https://txschools.net/campus/copperas-cove-jh-050910041
3699,7358,33,133903101,Daniels Elem,Kerrville ISD,C,14.5,532,https://txschools.net/campus/daniels-elem-133903101
3699,7358,33,019901102,DeKalb Elem,DeKalb ISD,B,14.5,355,https://txschools.net/campus/dekalb-elem-019901102
3699,7358,33,212905107,Dixie Elem,Tyler ISD,D,14.5,610,https://txschools.net/campus/dixie-elem-212905107
3699,7358,33,057903128,Freeman Elem,Carrollton-Farmers Branch ISD,B,14.5,594,https://txschools.net/campus/freeman-elem-057903128
3699,7358,33,226907104,Grape Creek Pri,Grape Creek ISD,D,14.5,308,https://txschools.net/campus/grape-creek-pri-226907104
3699,7358,33,057904105,Highlands Elem,Cedar Hill ISD,F,14.5,384,https://txschools.net/campus/highlands-elem-057904105
3699,7358,33,101907121,Holmsley Elem,Cypress-Fairbanks ISD,B,14.5,719,https://txschools.net/campus/holmsley-elem-101907121
3699,7358,33,108904105,Jefferson Elem,Edinburg CISD,A,14.5,506,https://txschools.net/campus/jefferson-elem-108904105
3699,7358,33,101916101,Jennie Reid Elem,La Porte ISD,B,14.5,372,https://txschools.net/campus/jennie-reid-elem-101916101
3699,7358,33,075902001,La Grange HS,La Grange ISD,B,14.5,607,https://txschools.net/campus/la-grange-hs-075902001
3699,7358,33,227912101,Lago Vista Elem,Lago Vista ISD,C,14.5,531,https://txschools.net/campus/lago-vista-elem-227912101
3699,7358,33,011901110,Lost Pines Elem,Bastrop ISD,F,14.5,741,https://txschools.net/campus/lost-pines-elem-011901110
3699,7358,33,220908003,Mansfield HS,Mansfield ISD,A,14.5,2631,https://txschools.net/campus/mansfield-hs-220908003
3699,7358,33,057914118,McKenzie Elem,Mesquite ISD,B,14.5,400,https://txschools.net/campus/mckenzie-elem-057914118
3699,7358,33,243905121,Milam Elem,Wichita Falls ISD,B,14.5,395,https://txschools.net/campus/milam-elem-243905121
3699,7358,33,246913124,Officer Leonard A Reed Elem,Leander ISD,C,14.5,570,https://txschools.net/campus/officer-leonard-a-reed-elem-246913124
3699,7358,33,227904043,Park Crest MS,Pflugerville ISD,B,14.5,762,https://txschools.net/campus/park-crest-ms-227904043
3699,7358,33,170902128,Patterson Elem,Conroe ISD,C,14.5,1046,https://txschools.net/campus/patterson-elem-170902128
3699,7358,33,246913108,Pauline Naumann Elem,Leander ISD,C,14.5,457,https://txschools.net/campus/pauline-naumann-elem-246913108
3699,7358,33,165901130,Pease Communications/Technology Academy,Midland ISD,C,14.5,496,https://txschools.net/campus/pease-communications-technology-academy-165901130
3699,7358,33,028906001,Prairie Lea Elem,Prairie Lea ISD,F,14.5,137,https://txschools.net/campus/prairie-lea-elem-028906001
3699,7358,33,031901108,Putegnat Elem,Brownsville ISD,B,14.5,381,https://txschools.net/campus/putegnat-elem-031901108
3699,7358,33,057914108,Range Elem,Mesquite ISD,D,14.5,567,https://txschools.net/campus/range-elem-057914108
3699,7358,33,073905105,Rosebud-Lott Elem,Rosebud-Lott ISD,C,14.5,351,https://txschools.net/campus/rosebud-lott-elem-073905105
3699,7358,33,117903001,Sanford-Fritch HS,Sanford-Fritch ISD,B,14.5,222,https://txschools.net/campus/sanford-fritch-hs-117903001
3699,7358,33,152903042,Slaton JH,Slaton ISD,C,14.5,272,https://txschools.net/campus/slaton-jh-152903042
3699,7358,33,246913049,Stacy Kaye Danielson MS,Leander ISD,C,14.5,1094,https://txschools.net/campus/stacy-kaye-danielson-ms-246913049
3699,7358,33,146907041,Tarkington MS,Tarkington ISD,D,14.5,450,https://txschools.net/campus/tarkington-ms-146907041
3699,7358,33,101917132,Turner Elem,Pasadena ISD,C,14.5,486,https://txschools.net/campus/turner-elem-101917132
3699,7358,33,152907105,Westwind Elem,Frenship ISD,C,14.5,602,https://txschools.net/campus/westwind-elem-152907105
3699,7358,33,108912123,William J Clinton Elem,La Joya ISD,C,14.5,449,https://txschools.net/campus/william-j-clinton-elem-108912123
3733,7358,40,108909118,Amanda Garza-Pena Elem,Pharr-San Juan-Alamo ISD,A,14.4,535,https://txschools.net/campus/amanda-garza-pena-elem-108909118
3733,7358,40,108909048,Audie Murphy MS,Pharr-San Juan-Alamo ISD,A,14.4,803,https://txschools.net/campus/audie-murphy-ms-108909048
3733,7358,40,101902015,Avalos P-Tech School,Aldine ISD,A,14.4,413,https://txschools.net/campus/avalos-p-tech-school-101902015
3733,7358,40,101905042,B H Hamblen Elem,Channelview ISD,C,14.4,811,https://txschools.net/campus/b-h-hamblen-elem-101905042
3733,7358,40,057905133,Barbara Jordan Elem,Dallas ISD,C,14.4,507,https://txschools.net/campus/barbara-jordan-elem-057905133
3733,7358,40,170906042,Bear Branch JH,Magnolia ISD,B,14.4,763,https://txschools.net/campus/bear-branch-jh-170906042
3733,7358,40,105906113,Blanco Vista Elem,Hays CISD,B,14.4,764,https://txschools.net/campus/blanco-vista-elem-105906113
3733,7358,40,181901041,Bridge City MS,Bridge City ISD,C,14.4,721,https://txschools.net/campus/bridge-city-ms-181901041
3733,7358,40,101924041,C E King MS,Sheldon ISD,C,14.4,1314,https://txschools.net/campus/c-e-king-ms-101924041
3733,7358,40,101914051,Cardiff JH,Katy ISD,A,14.4,741,https://txschools.net/campus/cardiff-jh-101914051
3733,7358,40,246904042,Charles A Forbes MS,Georgetown ISD,C,14.4,780,https://txschools.net/campus/charles-a-forbes-ms-246904042
3733,7358,40,056901104,Dalhart Elem,Dalhart ISD,D,14.4,496,https://txschools.net/campus/dalhart-elem-056901104
3733,7358,40,020904001,Danbury HS,Danbury ISD,A,14.4,209,https://txschools.net/campus/danbury-hs-020904001
3733,7358,40,105905041,Danforth JH,Wimberley ISD,B,14.4,583,https://txschools.net/campus/danforth-jh-105905041
3733,7358,40,199902102,Davis Elem,Royse City ISD,C,14.4,490,https://txschools.net/campus/davis-elem-199902102
3733,7358,40,101908102,Deepwater Elem,Deer Park ISD,C,14.4,560,https://txschools.net/campus/deepwater-elem-101908102
3733,7358,40,043910119,Dooley Elem,Plano ISD,C,14.4,276,https://txschools.net/campus/dooley-elem-043910119
3733,7358,40,057905128,Dr Martin Luther King Jr Arts Academy,Dallas ISD,B,14.4,498,https://txschools.net/campus/dr-martin-luther-king-jr-arts-academy-057905128
3733,7358,40,108909122,Drs Reed - Mock Elem,Pharr-San Juan-Alamo ISD,A,14.4,486,https://txschools.net/campus/drs-reed-mock-elem-108909122
3733,7358,40,067903041,Eastland MS,Eastland ISD,B,14.4,197,https://txschools.net/campus/eastland-ms-067903041
3733,7358,40,246913047,Four Points MS,Leander ISD,B,14.4,582,https://txschools.net/campus/four-points-ms-246913047
3733,7358,40,101907112,Francone Elem,Cypress-Fairbanks ISD,C,14.4,705,https://txschools.net/campus/francone-elem-101907112
3733,7358,40,165901135,General Tommy Franks Elem,Midland ISD,B,14.4,542,https://txschools.net/campus/general-tommy-franks-elem-165901135
3733,7358,40,141901103,Hanna Springs Elem,Lampasas ISD,B,14.4,663,https://txschools.net/campus/hanna-springs-elem-141901103
3733,7358,40,127904001,Hawley HS,Hawley ISD,A,14.4,212,https://txschools.net/campus/hawley-hs-127904001
3733,7358,40,010902102,Hill Country Elem,Bandera ISD,C,14.4,431,https://txschools.net/campus/hill-country-elem-010902102
3733,7358,40,015915188,Hoffmann Elem,Northside ISD,C,14.4,721,https://txschools.net/campus/hoffmann-elem-015915188
3733,7358,40,071902053,Hornedo MS,El Paso ISD,A,14.4,1553,https://txschools.net/campus/hornedo-ms-071902053
3733,7358,40,101914125,Jack & Sharon Rhoads Elem,Katy ISD,D,14.4,670,https://txschools.net/campus/jack-sharon-rhoads-elem-101914125
3733,7358,40,163908107,Ladera Elem,Medina Valley ISD,C,14.4,946,https://txschools.net/campus/ladera-elem-163908107
3733,7358,40,226903123,Lamar Elem,San Angelo ISD,B,14.4,533,https://txschools.net/campus/lamar-elem-226903123
3733,7358,40,057914131,Mackey Elem,Mesquite ISD,D,14.4,495,https://txschools.net/campus/mackey-elem-057914131
3733,7358,40,057903135,McLaughlin Strickland Elem,Carrollton-Farmers Branch ISD,C,14.4,747,https://txschools.net/campus/mclaughlin-strickland-elem-057903135
3733,7358,40,061901046,McMath MS,Denton ISD,C,14.4,625,https://txschools.net/campus/mcmath-ms-061901046
3733,7358,40,070909001,Milford School,Milford ISD,C,14.4,277,https://txschools.net/campus/milford-school-070909001
3733,7358,40,057909046,O'Banion MS,Garland ISD,C,14.4,743,https://txschools.net/campus/o-banion-ms-057909046
3733,7358,40,146902103,Richter Elem,Dayton ISD,D,14.4,893,https://txschools.net/campus/richter-elem-146902103
3733,7358,40,057914129,Smith Elem,Mesquite ISD,D,14.4,529,https://txschools.net/campus/smith-elem-057914129
3733,7358,40,046902002,Smithson Valley HS,Comal ISD,A,14.4,2088,https://txschools.net/campus/smithson-valley-hs-046902002
3733,7358,40,101915049,Ulrich Int,Klein ISD,B,14.4,1197,https://txschools.net/campus/ulrich-int-101915049
3733,7358,40,227909001,Westlake HS,Eanes ISD,A,14.4,2870,https://txschools.net/campus/westlake-hs-227909001
3774,7358,32,227901059,Bailey MS,Austin ISD,B,14.3,759,https://txschools.net/campus/bailey-ms-227901059
3774,7358,32,178904152,Barnes Elem,Corpus Christi ISD,B,14.3,700,https://txschools.net/campus/barnes-elem-178904152
3774,7358,32,015915150,Brauchle Elem,Northside ISD,B,14.3,381,https://txschools.net/campus/brauchle-elem-015915150
3774,7358,32,011901111,Colony Oaks Elem,Bastrop ISD,B,14.3,537,https://txschools.net/campus/colony-oaks-elem-011901111
3774,7358,32,101914147,David & Terri Youngblood Elem,Katy ISD,C,14.3,881,https://txschools.net/campus/david-terri-youngblood-elem-101914147
3774,7358,32,251901001,Denver City HS,Denver City ISD,B,14.3,492,https://txschools.net/campus/denver-city-hs-251901001
3774,7358,32,057905318,Dr Elba and Domingo Garcia West Dallas STEM School,Dallas ISD,B,14.3,174,https://txschools.net/campus/dr-elba-and-domingo-garcia-west-dallas-stem-school-057905318
3774,7358,32,215901101,East Elem,Breckenridge ISD,B,14.3,372,https://txschools.net/campus/east-elem-215901101
3774,7358,32,226907041,Grape Creek MS,Grape Creek ISD,C,14.3,271,https://txschools.net/campus/grape-creek-ms-226907041
3774,7358,32,227904004,Hendrickson HS,Pflugerville ISD,A,14.3,2119,https://txschools.net/campus/hendrickson-hs-227904004
3774,7358,32,014903117,High Point Elem,Belton ISD,F,14.3,557,https://txschools.net/campus/high-point-elem-014903117
3774,7358,32,020901109,Hood-Case Elem,Alvin ISD,B,14.3,647,https://txschools.net/campus/hood-case-elem-020901109
3774,7358,32,062901042,Hunt Elem,Cuero ISD,C,14.3,465,https://txschools.net/campus/hunt-elem-062901042
3774,7358,32,246906041,Hutto MS,Hutto ISD,C,14.3,736,https://txschools.net/campus/hutto-ms-246906041
3774,7358,32,070903105,Jack Lummus Int,Ennis ISD,D,14.3,516,https://txschools.net/campus/jack-lummus-int-070903105
3774,7358,32,093904104,John C Webb Elem,Navasota ISD,D,14.3,647,https://txschools.net/campus/john-c-webb-elem-093904104
3774,7358,32,108912120,Juan Seguin Elem,La Joya ISD,B,14.3,579,https://txschools.net/campus/juan-seguin-elem-108912120
3774,7358,32,129904003,Kemp Alternative,Kemp ISD,B,14.3,9,https://txschools.net/campus/kemp-alternative-129904003
3774,7358,32,043910102,Meadows Elem,Plano ISD,C,14.3,509,https://txschools.net/campus/meadows-elem-043910102
3774,7358,32,014906121,Mountain View Elem,Killeen ISD,B,14.3,769,https://txschools.net/campus/mountain-view-elem-014906121
3774,7358,32,053001103,Ozona Elem,Crockett County Consolidated CSD,C,14.3,256,https://txschools.net/campus/ozona-elem-053001103
3774,7358,32,163908105,Potranco Elem,Medina Valley ISD,B,14.3,912,https://txschools.net/campus/potranco-elem-163908105
3774,7358,32,108909135,PSJA Sotomayor Building Blocks Academy,Pharr-San Juan-Alamo ISD,A,14.3,188,https://txschools.net/campus/psja-sotomayor-building-blocks-academy-108909135
3774,7358,32,057910118,Sam Rayburn Elem STEAM Academy,Grand Prairie ISD,C,14.3,461,https://txschools.net/campus/sam-rayburn-elem-steam-academy-057910118
3774,7358,32,012901042,Seymour MS,Seymour ISD,B,14.3,183,https://txschools.net/campus/seymour-ms-012901042
3774,7358,32,220905166,South Hi Mount Elem,Fort Worth ISD,B,14.3,483,https://txschools.net/campus/south-hi-mount-elem-220905166
3774,7358,32,057914113,Tosch Elem,Mesquite ISD,B,14.3,572,https://txschools.net/campus/tosch-elem-057914113
3774,7358,32,015911108,Tradition Elem,East Central ISD,C,14.3,699,https://txschools.net/campus/tradition-elem-015911108
3774,7358,32,015907022,Travis Early College HS,San Antonio ISD,A,14.3,390,https://txschools.net/campus/travis-early-college-hs-015907022
3774,7358,32,108904106,Trevino Elem,Edinburg CISD,A,14.3,665,https://txschools.net/campus/trevino-elem-108904106
3774,7358,32,049908101,Walnut Bend Elem,Walnut Bend ISD,C,14.3,59,https://txschools.net/campus/walnut-bend-elem-049908101
3774,7358,32,221901150,Ward Elem,Abilene ISD,C,14.3,497,https://txschools.net/campus/ward-elem-221901150
3774,7358,32,220907105,Whitley Road Elem,Keller ISD,C,14.3,379,https://txschools.net/campus/whitley-road-elem-220907105
3807,7358,41,178913101,Banquete Elem,Banquete ISD,C,14.2,333,https://txschools.net/campus/banquete-elem-178913101
3807,7358,41,175902041,Blooming Grove JH,Blooming Grove ISD,C,14.2,203,https://txschools.net/campus/blooming-grove-jh-175902041
3807,7358,41,101908043,Bonnette JH,Deer Park ISD,B,14.2,622,https://txschools.net/campus/bonnette-jh-101908043
3807,7358,41,227901013,Bowie HS,Austin ISD,A,14.2,2869,https://txschools.net/campus/bowie-hs-227901013
3807,7358,41,170908116,Brookwood Forest Elem,New Caney ISD,B,14.2,735,https://txschools.net/campus/brookwood-forest-elem-170908116
3807,7358,41,233901110,Buena Vista Elem,San Felipe-Del Rio CISD,C,14.2,658,https://txschools.net/campus/buena-vista-elem-233901110
3807,7358,41,212902041,Bullard MS,Bullard ISD,B,14.2,453,https://txschools.net/campus/bullard-ms-212902041
3807,7358,41,161921104,Connally Elem,Connally ISD,F,14.2,269,https://txschools.net/campus/connally-elem-161921104
3807,7358,41,107904101,Cross Roads Elem,Cross Roads ISD,B,14.2,287,https://txschools.net/campus/cross-roads-elem-107904101
3807,7358,41,101905102,De Zavala Elem,Channelview ISD,D,14.2,681,https://txschools.net/campus/de-zavala-elem-101905102
3807,7358,41,233901005,Del Rio Early College HS,San Felipe-Del Rio CISD,A,14.2,482,https://txschools.net/campus/del-rio-early-college-hs-233901005
3807,7358,41,163901041,Devine MS,Devine ISD,C,14.2,454,https://txschools.net/campus/devine-ms-163901041
3807,7358,41,220918105,Elkins Elem,Eagle Mt-Saginaw ISD,D,14.2,676,https://txschools.net/campus/elkins-elem-220918105
3807,7358,41,084910108,G H Whitcomb Elem,Clear Creek ISD,B,14.2,527,https://txschools.net/campus/g-h-whitcomb-elem-084910108
3807,7358,41,117901106,Gateway Elem,Borger ISD,D,14.2,229,https://txschools.net/campus/gateway-elem-117901106
3807,7358,41,126903108,Gerard Elem,Cleburne ISD,B,14.2,448,https://txschools.net/campus/gerard-elem-126903108
3807,7358,41,144901001,Giddings HS,Giddings ISD,A,14.2,583,https://txschools.net/campus/giddings-hs-144901001
3807,7358,41,126911043,Godley MS,Godley ISD,C,14.2,782,https://txschools.net/campus/godley-ms-126911043
3807,7358,41,212909102,Jackson Elem,Chapel Hill ISD,C,14.2,422,https://txschools.net/campus/jackson-elem-212909102
3807,7358,41,021902045,Jane Long,Bryan ISD,D,14.2,842,https://txschools.net/campus/jane-long-021902045
3807,7358,41,139909108,Justiss Elem,Paris ISD,B,14.2,516,https://txschools.net/campus/justiss-elem-139909108
3807,7358,41,061905001,Krum HS,Krum ISD,B,14.2,796,https://txschools.net/campus/krum-hs-061905001
3807,7358,41,057903132,La Villita Elem,Carrollton-Farmers Branch ISD,B,14.2,801,https://txschools.net/campus/la-villita-elem-057903132
3807,7358,41,043918041,Leland E Edge MS,Community ISD,C,14.2,695,https://txschools.net/campus/leland-e-edge-ms-043918041
3807,7358,41,057905210,Leslie A Stemmons Elem,Dallas ISD,B,14.2,561,https://txschools.net/campus/leslie-a-stemmons-elem-057905210
3807,7358,41,100907001,Lumberton HS,Lumberton ISD,A,14.2,1190,https://txschools.net/campus/lumberton-hs-100907001
3807,7358,41,101912128,Lyons Elem,Houston ISD,B,14.2,728,https://txschools.net/campus/lyons-elem-101912128
3807,7358,41,101912011,Milby HS,Houston ISD,A,14.2,2083,https://txschools.net/campus/milby-hs-101912011
3807,7358,41,252902002,Newcastle School,Newcastle ISD,B,14.2,231,https://txschools.net/campus/newcastle-school-252902002
3807,7358,41,252903041,Olney JH,Olney ISD,B,14.2,155,https://txschools.net/campus/olney-jh-252903041
3807,7358,41,101912216,Patterson Elem,Houston ISD,B,14.2,830,https://txschools.net/campus/patterson-elem-101912216
3807,7358,41,184908001,Peaster HS,Peaster ISD,A,14.2,482,https://txschools.net/campus/peaster-hs-184908001
3807,7358,41,220914103,R F Patterson Elem,Kennedale ISD,B,14.2,323,https://txschools.net/campus/r-f-patterson-elem-220914103
3807,7358,41,071909101,Robert R Rojas Elem,Socorro ISD,B,14.2,483,https://txschools.net/campus/robert-r-rojas-elem-071909101
3807,7358,41,166904001,Rockdale HS,Rockdale ISD,B,14.2,421,https://txschools.net/campus/rockdale-hs-166904001
3807,7358,41,170902103,Runyan Elem,Conroe ISD,B,14.2,582,https://txschools.net/campus/runyan-elem-170902103
3807,7358,41,212904041,Troup MS,Troup ISD,B,14.2,247,https://txschools.net/campus/troup-ms-212904041
3807,7358,41,046901110,Voss Farms Elem,New Braunfels ISD,D,14.2,632,https://txschools.net/campus/voss-farms-elem-046901110
3807,7358,41,109911041,Whitney MS,Whitney ISD,D,14.2,348,https://txschools.net/campus/whitney-ms-109911041
3807,7358,41,101907131,Willbern Elem,Cypress-Fairbanks ISD,B,14.2,789,https://txschools.net/campus/willbern-elem-101907131
3807,7358,41,188901133,Wills Elem,Amarillo ISD,C,14.2,422,https://txschools.net/campus/wills-elem-188901133
3807,7358,41,220905184,Worth Heights Elem,Fort Worth ISD,B,14.2,425,https://txschools.net/campus/worth-heights-elem-220905184
3849,7358,29,057909102,Bullock Elem,Garland ISD,B,14.1,535,https://txschools.net/campus/bullock-elem-057909102
3849,7358,29,226903108,Crockett Elem,San Angelo ISD,C,14.1,315,https://txschools.net/campus/crockett-elem-226903108
3849,7358,29,240901102,Don Jose Gallego,Laredo ISD,A,14.1,528,https://txschools.net/campus/don-jose-gallego-240901102
3849,7358,29,220908204,Donna Shepard Academy,Mansfield ISD,C,14.1,825,https://txschools.net/campus/donna-shepard-academy-220908204
3849,7358,29,091906105,Fairview Elem,Sherman ISD,D,14.1,616,https://txschools.net/campus/fairview-elem-091906105
3849,7358,29,092903042,Foster MS,Longview ISD,B,14.1,742,https://txschools.net/campus/foster-ms-092903042
3849,7358,29,220906001,Grapevine HS,Grapevine-Colleyville ISD,A,14.1,1628,https://txschools.net/campus/grapevine-hs-220906001
3849,7358,29,071905057,Hanks MS,Ysleta ISD,B,14.1,936,https://txschools.net/campus/hanks-ms-071905057
3849,7358,29,220907043,Hillwood MS,Keller ISD,B,14.1,1055,https://txschools.net/campus/hillwood-ms-220907043
3849,7358,29,101913042,Kingwood MS,Humble ISD,B,14.1,998,https://txschools.net/campus/kingwood-ms-101913042
3849,7358,29,084910107,Margaret S McWhirter Elem,Clear Creek ISD,B,14.1,720,https://txschools.net/campus/margaret-s-mcwhirter-elem-084910107
3849,7358,29,220905069,McLean 6th Grade,Fort Worth ISD,C,14.1,381,https://txschools.net/campus/mclean-6th-grade-220905069
3849,7358,29,071902130,Mesita Elem,El Paso ISD,C,14.1,888,https://txschools.net/campus/mesita-elem-071902130
3849,7358,29,070908003,Midlothian Heritage HS,Midlothian ISD,A,14.1,1772,https://txschools.net/campus/midlothian-heritage-hs-070908003
3849,7358,29,046902120,Mt Valley Elem,Comal ISD,B,14.1,500,https://txschools.net/campus/mt-valley-elem-046902120
3849,7358,29,094903101,Navarro Elem,Navarro ISD,B,14.1,803,https://txschools.net/campus/navarro-elem-094903101
3849,7358,29,061906001,Ponder HS,Ponder ISD,A,14.1,560,https://txschools.net/campus/ponder-hs-061906001
3849,7358,29,184901041,Poolville JH,Poolville ISD,C,14.1,180,https://txschools.net/campus/poolville-jh-184901041
3849,7358,29,220904042,Roy Johnson STEM Academy,Everman ISD,B,14.1,450,https://txschools.net/campus/roy-johnson-stem-academy-220904042
3849,7358,29,008902041,Sealy JH,Sealy ISD,C,14.1,659,https://txschools.net/campus/sealy-jh-008902041
3849,7358,29,046901104,Seele Elem,New Braunfels ISD,B,14.1,379,https://txschools.net/campus/seele-elem-046901104
3849,7358,29,227907109,Shadowglen Elem,Manor ISD,D,14.1,556,https://txschools.net/campus/shadowglen-elem-227907109
3849,7358,29,057909154,Steadham Elem,Garland ISD,B,14.1,497,https://txschools.net/campus/steadham-elem-057909154
3849,7358,29,247906041,Stockdale JH,Stockdale ISD,B,14.1,192,https://txschools.net/campus/stockdale-jh-247906041
3849,7358,29,112901041,Sulphur Springs MS,Sulphur Springs ISD,C,14.1,912,https://txschools.net/campus/sulphur-springs-ms-112901041
3849,7358,29,057910120,Suzanna Dickinson Montessori Academy,Grand Prairie ISD,D,14.1,431,https://txschools.net/campus/suzanna-dickinson-montessori-academy-057910120
3849,7358,29,091918041,Tom Bean MS,Tom Bean ISD,C,14.1,185,https://txschools.net/campus/tom-bean-ms-091918041
3849,7358,29,232904001,Utopia School,Utopia ISD,A,14.1,190,https://txschools.net/campus/utopia-school-232904001
3849,7358,29,250905101,Yantis Elem,Yantis ISD,D,14.1,158,https://txschools.net/campus/yantis-elem-250905101
3849,7358,29,220905083,Young Men's Leadership Academy,Fort Worth ISD,A,14.1,415,https://txschools.net/campus/young-men-s-leadership-academy-220905083
3879,7358,39,101907125,Bang Elem,Cypress-Fairbanks ISD,B,14,900,https://txschools.net/campus/bang-elem-101907125
3879,7358,39,227901170,Boone Elem,Austin ISD,B,14,388,https://txschools.net/campus/boone-elem-227901170
3879,7358,39,043910042,Bowman MS,Plano ISD,B,14,1041,https://txschools.net/campus/bowman-ms-043910042
3879,7358,39,166907001,Buckholts School,Buckholts ISD,C,14,107,https://txschools.net/campus/buckholts-school-166907001
3879,7358,39,101910045,Cobb 6th Grade Campus,Galena Park ISD,B,14,902,https://txschools.net/campus/cobb-6th-grade-campus-101910045
3879,7358,39,178904008,Collegiate HS,Corpus Christi ISD,A,14,387,https://txschools.net/campus/collegiate-hs-178904008
3879,7358,39,105902103,Dezavala Elem,San Marcos CISD,D,14,573,https://txschools.net/campus/dezavala-elem-105902103
3879,7358,39,234903001,Edgewood HS,Edgewood ISD,B,14,301,https://txschools.net/campus/edgewood-hs-234903001
3879,7358,39,081902002,Fairfield HS,Fairfield ISD,A,14,502,https://txschools.net/campus/fairfield-hs-081902002
3879,7358,39,070905041,Ferris JH,Ferris ISD,C,14,690,https://txschools.net/campus/ferris-jh-070905041
3879,7358,39,101907117,Frazier Elem,Cypress-Fairbanks ISD,C,14,539,https://txschools.net/campus/frazier-elem-101907117
3879,7358,39,101910002,Galena Park HS,Galena Park ISD,A,14,1792,https://txschools.net/campus/galena-park-hs-101910002
3879,7358,39,101917105,Garfield Elem,Pasadena ISD,B,14,507,https://txschools.net/campus/garfield-elem-101917105
3879,7358,39,146904041,Hardin JH,Hardin ISD,C,14,303,https://txschools.net/campus/hardin-jh-146904041
3879,7358,39,014906138,Haynes Elem,Killeen ISD,B,14,779,https://txschools.net/campus/haynes-elem-014906138
3879,7358,39,220901117,Hill Elem,Arlington ISD,B,14,548,https://txschools.net/campus/hill-elem-220901117
3879,7358,39,071909107,Hueco Elem,Socorro ISD,B,14,570,https://txschools.net/campus/hueco-elem-071909107
3879,7358,39,043910120,Huffman Elem,Plano ISD,B,14,460,https://txschools.net/campus/huffman-elem-043910120
3879,7358,39,237904102,I T Holleman Elem,Waller ISD,C,14,741,https://txschools.net/campus/i-t-holleman-elem-237904102
3879,7358,39,101912182,Jefferson Elem,Houston ISD,A,14,282,https://txschools.net/campus/jefferson-elem-101912182
3879,7358,39,043907123,Jesse McGowen Elem,McKinney ISD,C,14,562,https://txschools.net/campus/jesse-mcgowen-elem-043907123
3879,7358,39,015915168,Lewis Elem,Northside ISD,C,14,445,https://txschools.net/campus/lewis-elem-015915168
3879,7358,39,011901102,Mina Elem,Bastrop ISD,D,14,684,https://txschools.net/campus/mina-elem-011901102
3879,7358,39,057914126,Moss Elem,Mesquite ISD,B,14,291,https://txschools.net/campus/moss-elem-057914126
3879,7358,39,019907109,Nash Elem,Texarkana ISD,C,14,649,https://txschools.net/campus/nash-elem-019907109
3879,7358,39,139911002,North Lamar HS,North Lamar ISD,B,14,703,https://txschools.net/campus/north-lamar-hs-139911002
3879,7358,39,220902047,North Ridge MS,Birdville ISD,B,14,635,https://txschools.net/campus/north-ridge-ms-220902047
3879,7358,39,220901055,Ousley JH,Arlington ISD,A,14,777,https://txschools.net/campus/ousley-jh-220901055
3879,7358,39,172905041,Pewitt JH,Pewitt CISD,C,14,153,https://txschools.net/campus/pewitt-jh-172905041
3879,7358,39,234906101,Rhodes Elem,Van ISD,D,14,378,https://txschools.net/campus/rhodes-elem-234906101
3879,7358,39,057913106,Rosa Parks/Millbrook Elem,Lancaster ISD,C,14,411,https://txschools.net/campus/rosa-parks-millbrook-elem-057913106
3879,7358,39,199902107,Ruth Cherry Elem,Royse City ISD,C,14,564,https://txschools.net/campus/ruth-cherry-elem-199902107
3879,7358,39,101907132,Sheridan Elem,Cypress-Fairbanks ISD,B,14,903,https://txschools.net/campus/sheridan-elem-101907132
3879,7358,39,043907111,Slaughter Elem,McKinney ISD,C,14,564,https://txschools.net/campus/slaughter-elem-043907111
3879,7358,39,141901105,Taylor Creek Elem,Lampasas ISD,C,14,610,https://txschools.net/campus/taylor-creek-elem-141901105
3879,7358,39,081904041,Teague JH,Teague ISD,C,14,340,https://txschools.net/campus/teague-jh-081904041
3879,7358,39,101913110,Timbers Elem,Humble ISD,C,14,538,https://txschools.net/campus/timbers-elem-101913110
3879,7358,39,057914112,Tisinger Elem,Mesquite ISD,D,14,730,https://txschools.net/campus/tisinger-elem-057914112
3879,7358,39,240903133,Veterans Memorial Elem,United ISD,B,14,722,https://txschools.net/campus/veterans-memorial-elem-240903133
3879,7358,39,188901131,Western Plateau Elem,Amarillo ISD,B,14,344,https://txschools.net/campus/western-plateau-elem-188901131
3919,7358,42,071906101,Anthony Elem,Anthony ISD,B,13.9,280,https://txschools.net/campus/anthony-elem-071906101
3919,7358,42,057905105,Arcadia Park Elem,Dallas ISD,B,13.9,546,https://txschools.net/campus/arcadia-park-elem-057905105
3919,7358,42,220912117,Baylor Elem,Crowley ISD,C,13.9,489,https://txschools.net/campus/baylor-elem-220912117
3919,7358,42,014903046,Belton MS,Belton ISD,C,13.9,680,https://txschools.net/campus/belton-ms-014903046
3919,7358,42,166901104,Ben Milam Elem,Cameron ISD,F,13.9,380,https://txschools.net/campus/ben-milam-elem-166901104
3919,7358,42,031903104,Bowie Elem,Harlingen CISD,A,13.9,351,https://txschools.net/campus/bowie-elem-031903104
3919,7358,42,015915134,Braun Station Elem,Northside ISD,B,13.9,349,https://txschools.net/campus/braun-station-elem-015915134
3919,7358,42,101912119,Brookline Elem,Houston ISD,A,13.9,515,https://txschools.net/campus/brookline-elem-101912119
3919,7358,42,071905127,Capistrano Elem,Ysleta ISD,D,13.9,370,https://txschools.net/campus/capistrano-elem-071905127
3919,7358,42,227901173,Casey Elem,Austin ISD,B,13.9,558,https://txschools.net/campus/casey-elem-227901173
3919,7358,42,133901101,Center Point Elem,Center Point ISD,D,13.9,244,https://txschools.net/campus/center-point-elem-133901101
3919,7358,42,015915237,Chumbley Elem,Northside ISD,C,13.9,731,https://txschools.net/campus/chumbley-elem-015915237
3919,7358,42,071907102,Deanna Davenport Elem,Canutillo ISD,B,13.9,275,https://txschools.net/campus/deanna-davenport-elem-071907102
3919,7358,42,178914105,Flour Bluff Int,Flour Bluff ISD,B,13.9,750,https://txschools.net/campus/flour-bluff-int-178914105
3919,7358,42,101917106,Genoa Elem,Pasadena ISD,C,13.9,511,https://txschools.net/campus/genoa-elem-101917106
3919,7358,42,092901042,Gladewater MS,Gladewater ISD,C,13.9,385,https://txschools.net/campus/gladewater-ms-092901042
3919,7358,42,184902109,Goshen Creek Elem,Springtown ISD,C,13.9,688,https://txschools.net/campus/goshen-creek-elem-184902109
3919,7358,42,061901007,Guyer HS,Denton ISD,B,13.9,2564,https://txschools.net/campus/guyer-hs-061901007
3919,7358,42,101907049,Hamilton MS,Cypress-Fairbanks ISD,A,13.9,1491,https://txschools.net/campus/hamilton-ms-101907049
3919,7358,42,230905001,Harmony HS,Harmony ISD,B,13.9,258,https://txschools.net/campus/harmony-hs-230905001
3919,7358,42,101916102,Heritage Elem,La Porte ISD,A,13.9,380,https://txschools.net/campus/heritage-elem-101916102
3919,7358,42,170902104,Houston Elem,Conroe ISD,C,13.9,728,https://txschools.net/campus/houston-elem-170902104
3919,7358,42,101925041,Huffman MS,Huffman ISD,D,13.9,916,https://txschools.net/campus/huffman-ms-101925041
3919,7358,42,101902076,Impact Leadership Academy,Aldine ISD,B,13.9,384,https://txschools.net/campus/impact-leadership-academy-101902076
3919,7358,42,057907041,J Herman Reed MS,Duncanville ISD,D,13.9,739,https://txschools.net/campus/j-herman-reed-ms-057907041
3919,7358,42,108911101,John H Shary Elem,Sharyland ISD,C,13.9,610,https://txschools.net/campus/john-h-shary-elem-108911101
3919,7358,42,240903121,Kennedy Zapata Elem,United ISD,A,13.9,312,https://txschools.net/campus/kennedy-zapata-elem-240903121
3919,7358,42,061912041,Lake Dallas MS,Lake Dallas ISD,C,13.9,833,https://txschools.net/campus/lake-dallas-ms-061912041
3919,7358,42,101913119,Maplebrook Elem,Humble ISD,B,13.9,545,https://txschools.net/campus/maplebrook-elem-101913119
3919,7358,42,071905122,Pasodale Elem,Ysleta ISD,B,13.9,393,https://txschools.net/campus/pasodale-elem-071905122
3919,7358,42,079907111,Quail Valley Elem,Fort Bend ISD,C,13.9,549,https://txschools.net/campus/quail-valley-elem-079907111
3919,7358,42,126911102,Rb Godley Elem,Godley ISD,C,13.9,530,https://txschools.net/campus/rb-godley-elem-126911102
3919,7358,42,101907152,Robinson Elem,Cypress-Fairbanks ISD,A,13.9,897,https://txschools.net/campus/robinson-elem-101907152
3919,7358,42,246909001,Round Rock HS,Round Rock ISD,A,13.9,3855,https://txschools.net/campus/round-rock-hs-246909001
3919,7358,42,100904106,Silsbee Elem,Silsbee ISD,B,13.9,844,https://txschools.net/campus/silsbee-elem-100904106
3919,7358,42,205906105,Sinton Elem,Sinton ISD,C,13.9,454,https://txschools.net/campus/sinton-elem-205906105
3919,7358,42,084910044,Space Center Int,Clear Creek ISD,B,13.9,778,https://txschools.net/campus/space-center-int-084910044
3919,7358,42,227901136,St Elmo Elem,Austin ISD,C,13.9,282,https://txschools.net/campus/st-elmo-elem-227901136
3919,7358,42,246913128,Tarvin Elem,Leander ISD,B,13.9,863,https://txschools.net/campus/tarvin-elem-246913128
3919,7358,42,246912042,Thrall MS,Thrall ISD,A,13.9,231,https://txschools.net/campus/thrall-ms-246912042
3919,7358,42,101921105,Tomball Int,Tomball ISD,A,13.9,633,https://txschools.net/campus/tomball-int-101921105
3919,7358,42,180904101,Wildorado School,Wildorado ISD,A,13.9,198,https://txschools.net/campus/wildorado-school-180904101
3919,7358,42,116909041,Wolfe City MS,Wolfe City ISD,A,13.9,162,https://txschools.net/campus/wolfe-city-ms-116909041
3962,7358,36,220908101,Alice Ponder Elem,Mansfield ISD,B,13.8,658,https://txschools.net/campus/alice-ponder-elem-220908101
3962,7358,36,068901129,Barbara Jordan Elem,Ector County ISD,C,13.8,697,https://txschools.net/campus/barbara-jordan-elem-068901129
3962,7358,36,220901052,Barnett JH,Arlington ISD,B,13.8,537,https://txschools.net/campus/barnett-jh-220901052
3962,7358,36,079907127,Barrington Place Elem,Fort Bend ISD,C,13.8,400,https://txschools.net/campus/barrington-place-elem-079907127
3962,7358,36,185901101,Bovina Elem,Bovina ISD,F,13.8,175,https://txschools.net/campus/bovina-elem-185901101
3962,7358,36,105906106,Buda Elem,Hays CISD,C,13.8,605,https://txschools.net/campus/buda-elem-105906106
3962,7358,36,101912043,Burbank MS,Houston ISD,B,13.8,1301,https://txschools.net/campus/burbank-ms-101912043
3962,7358,36,003907102,Central Elem,Central ISD,F,13.8,624,https://txschools.net/campus/central-elem-003907102
3962,7358,36,057905119,Chapel Hill Preparatory-A Personalized Lrning Sch,Dallas ISD,C,13.8,380,https://txschools.net/campus/chapel-hill-preparatory-a-personalized-lrning-sch-057905119
3962,7358,36,045902041,Columbus JH,Columbus ISD,C,13.8,317,https://txschools.net/campus/columbus-jh-045902041
3962,7358,36,246906103,Cottonwood Creek Elem,Hutto ISD,C,13.8,603,https://txschools.net/campus/cottonwood-creek-elem-246906103
3962,7358,36,129902102,Criswell Elem,Forney ISD,B,13.8,575,https://txschools.net/campus/criswell-elem-129902102
3962,7358,36,108912122,Dr Americo Paredes Elem,La Joya ISD,D,13.8,431,https://txschools.net/campus/dr-americo-paredes-elem-108912122
3962,7358,36,171901108,Dumas South Elem,Dumas ISD,B,13.8,669,https://txschools.net/campus/dumas-south-elem-171901108
3962,7358,36,101911048,E F Green Junior School,Goose Creek CISD,C,13.8,1040,https://txschools.net/campus/e-f-green-junior-school-101911048
3962,7358,36,057907102,Fairmeadows Elem,Duncanville ISD,B,13.8,529,https://txschools.net/campus/fairmeadows-elem-057907102
3962,7358,36,071901105,Frank Macias Elem,Clint ISD,B,13.8,978,https://txschools.net/campus/frank-macias-elem-071901105
3962,7358,36,149901101,George West Elem,George West ISD,A,13.8,243,https://txschools.net/campus/george-west-elem-149901101
3962,7358,36,126905101,H D Staples Elem,Joshua ISD,B,13.8,415,https://txschools.net/campus/h-d-staples-elem-126905101
3962,7358,36,188903041,Highland Park MS,Highland Park ISD,B,13.8,201,https://txschools.net/campus/highland-park-ms-188903041
3962,7358,36,220907001,Keller HS,Keller ISD,A,13.8,2856,https://txschools.net/campus/keller-hs-220907001
3962,7358,36,152906101,Lubbock-Cooper South Elem,Lubbock-Cooper ISD,C,13.8,683,https://txschools.net/campus/lubbock-cooper-south-elem-152906101
3962,7358,36,189902041,Lucy Rede Franco MS,Presidio ISD,D,13.8,254,https://txschools.net/campus/lucy-rede-franco-ms-189902041
3962,7358,36,101907110,Millsap Elem,Cypress-Fairbanks ISD,B,13.8,798,https://txschools.net/campus/millsap-elem-101907110
3962,7358,36,227901052,Murchison MS,Austin ISD,A,13.8,1254,https://txschools.net/campus/murchison-ms-227901052
3962,7358,36,021902049,O W Sadberry Sr Int,Bryan ISD,D,13.8,741,https://txschools.net/campus/o-w-sadberry-sr-int-021902049
3962,7358,36,032902002,Pittsburg HS,Pittsburg ISD,A,13.8,665,https://txschools.net/campus/pittsburg-hs-032902002
3962,7358,36,057905273,Pleasant Grove Elem,Dallas ISD,C,13.8,435,https://txschools.net/campus/pleasant-grove-elem-057905273
3962,7358,36,189902001,Presidio HS,Presidio ISD,B,13.8,375,https://txschools.net/campus/presidio-hs-189902001
3962,7358,36,240903055,Raul Perales MS,United ISD,B,13.8,655,https://txschools.net/campus/raul-perales-ms-240903055
3962,7358,36,108915101,Roberto Garate Discovery Academy,Monte Alto ISD,C,13.8,366,https://txschools.net/campus/roberto-garate-discovery-academy-108915101
3962,7358,36,057905207,San Jacinto Elem,Dallas ISD,B,13.8,465,https://txschools.net/campus/san-jacinto-elem-057905207
3962,7358,36,101913046,Timberwood MS,Humble ISD,B,13.8,936,https://txschools.net/campus/timberwood-ms-101913046
3962,7358,36,108916102,Valley View Elem,Valley View ISD,A,13.8,422,https://txschools.net/campus/valley-view-elem-108916102
3962,7358,36,018905003,Walnut Springs School,Walnut Springs ISD,C,13.8,152,https://txschools.net/campus/walnut-springs-school-018905003
3962,7358,36,094902110,Watts Elem,Schertz-Cibolo-U City ISD,C,13.8,457,https://txschools.net/campus/watts-elem-094902110
3962,7358,36,123905042,Wilson MS,Nederland ISD,A,13.8,692,https://txschools.net/campus/wilson-ms-123905042
3999,7358,36,108908107,Alton Elem,Mission CISD,B,13.7,349,https://txschools.net/campus/alton-elem-108908107
3999,7358,36,014903025,Belton New Tech HS at Waskow,Belton ISD,B,13.7,266,https://txschools.net/campus/belton-new-tech-hs-at-waskow-014903025
3999,7358,36,116915001,Bland HS,Bland ISD,A,13.7,223,https://txschools.net/campus/bland-hs-116915001
3999,7358,36,059901102,Bluebonnet Elem,Hereford ISD,C,13.7,369,https://txschools.net/campus/bluebonnet-elem-059901102
3999,7358,36,108909128,Carmen Anaya Elem,Pharr-San Juan-Alamo ISD,A,13.7,390,https://txschools.net/campus/carmen-anaya-elem-108909128
3999,7358,36,101916105,College Park Elem,La Porte ISD,A,13.7,432,https://txschools.net/campus/college-park-elem-101916105
3999,7358,36,046902128,Comal Creek Elem,Comal ISD,C,13.7,470,https://txschools.net/campus/comal-creek-elem-046902128
3999,7358,36,240901104,Daiches Elem,Laredo ISD,A,13.7,392,https://txschools.net/campus/daiches-elem-240901104
3999,7358,36,220905227,Dolores Huerta Elem,Fort Worth ISD,B,13.7,437,https://txschools.net/campus/dolores-huerta-elem-220905227
3999,7358,36,246913130,Donald Lewis Hisle,Leander ISD,A,13.7,575,https://txschools.net/campus/donald-lewis-hisle-246913130
3999,7358,36,225902103,E C Brice Elem,Mount Pleasant ISD,B,13.7,419,https://txschools.net/campus/e-c-brice-elem-225902103
3999,7358,36,147902101,Enge-Washington Int,Groesbeck ISD,D,13.7,294,https://txschools.net/campus/enge-washington-int-147902101
3999,7358,36,246906042,Farley MS,Hutto ISD,C,13.7,744,https://txschools.net/campus/farley-ms-246906042
3999,7358,36,070908042,Frank Seale MS,Midlothian ISD,C,13.7,746,https://txschools.net/campus/frank-seale-ms-070908042
3999,7358,36,057909161,Handley STEM Elem,Garland ISD,B,13.7,491,https://txschools.net/campus/handley-stem-elem-057909161
3999,7358,36,100905041,Hardin-Jefferson JH,Hardin-Jefferson ISD,B,13.7,683,https://txschools.net/campus/hardin-jefferson-jh-100905041
3999,7358,36,039902041,Henrietta MS,Henrietta ISD,C,13.7,202,https://txschools.net/campus/henrietta-ms-039902041
3999,7358,36,199901044,Herman E Utley MS,Rockwall ISD,A,13.7,824,https://txschools.net/campus/herman-e-utley-ms-199901044
3999,7358,36,246907102,Igo Elem,Jarrell ISD,D,13.7,737,https://txschools.net/campus/igo-elem-246907102
3999,7358,36,220914102,James F Delaney Elem,Kennedale ISD,B,13.7,408,https://txschools.net/campus/james-f-delaney-elem-220914102
3999,7358,36,057905173,Jesus Moroles Expressive Arts Vanguard,Dallas ISD,B,13.7,606,https://txschools.net/campus/jesus-moroles-expressive-arts-vanguard-057905173
3999,7358,36,043918104,John & Barbara Roderick Elem,Community ISD,B,13.7,690,https://txschools.net/campus/john-barbara-roderick-elem-043918104
3999,7358,36,101914001,Katy HS,Katy ISD,B,13.7,3388,https://txschools.net/campus/katy-hs-101914001
3999,7358,36,113906101,Kennard ISD,Kennard ISD,C,13.7,254,https://txschools.net/campus/kennard-isd-113906101
3999,7358,36,247903001,La Vernia HS,La Vernia ISD,B,13.7,1046,https://txschools.net/campus/la-vernia-hs-247903001
3999,7358,36,220905157,Luella Merrett Elem,Fort Worth ISD,B,13.7,471,https://txschools.net/campus/luella-merrett-elem-220905157
3999,7358,36,020901002,Manvel HS,Alvin ISD,A,13.7,2233,https://txschools.net/campus/manvel-hs-020901002
3999,7358,36,161910001,Moody HS,Moody ISD,A,13.7,205,https://txschools.net/campus/moody-hs-161910001
3999,7358,36,143902101,Moulton Elem,Moulton ISD,C,13.7,139,https://txschools.net/campus/moulton-elem-143902101
3999,7358,36,138903001,Munday Secondary,Munday CISD,B,13.7,200,https://txschools.net/campus/munday-secondary-138903001
3999,7358,36,126905041,R C Loflin MS,Joshua ISD,B,13.7,689,https://txschools.net/campus/r-c-loflin-ms-126905041
3999,7358,36,071905114,Ramona Elem STEM Academy,Ysleta ISD,A,13.7,348,https://txschools.net/campus/ramona-elem-stem-academy-071905114
3999,7358,36,057916112,Richardson Terrace Elem,Richardson ISD,A,13.7,462,https://txschools.net/campus/richardson-terrace-elem-057916112
3999,7358,36,101915119,Schultz Elem,Klein ISD,B,13.7,677,https://txschools.net/campus/schultz-elem-101915119
3999,7358,36,101920123,Thornwood Elem,Spring Branch ISD,B,13.7,383,https://txschools.net/campus/thornwood-elem-101920123
3999,7358,36,210905001,Timpson School,Timpson ISD,B,13.7,718,https://txschools.net/campus/timpson-school-210905001
3999,7358,36,101914042,West Memorial JH,Katy ISD,A,13.7,867,https://txschools.net/campus/west-memorial-jh-101914042
4036,7358,43,077901101,A B Duncan Collegiate Elem,Floydada Collegiate ISD,A,13.6,289,https://txschools.net/campus/a-b-duncan-collegiate-elem-077901101
4036,7358,43,127901041,Anson MS,Anson ISD,B,13.6,150,https://txschools.net/campus/anson-ms-127901041
4036,7358,43,220905225,Bonnie Brae,Fort Worth ISD,C,13.6,320,https://txschools.net/campus/bonnie-brae-220905225
4036,7358,43,117901041,Borger MS,Borger ISD,B,13.6,339,https://txschools.net/campus/borger-ms-117901041
4036,7358,43,176901001,Burkeville School,Burkeville ISD,C,13.6,245,https://txschools.net/campus/burkeville-school-176901001
4036,7358,43,043907107,Caldwell Elem,McKinney ISD,D,13.6,443,https://txschools.net/campus/caldwell-elem-043907107
4036,7358,43,049905001,Callisburg HS,Callisburg ISD,B,13.6,322,https://txschools.net/campus/callisburg-hs-049905001
4036,7358,43,101920124,Cedar Brook Elem,Spring Branch ISD,B,13.6,652,https://txschools.net/campus/cedar-brook-elem-101920124
4036,7358,43,101903122,Collins Elem,Alief ISD,C,13.6,719,https://txschools.net/campus/collins-elem-101903122
4036,7358,43,139909112,Crockett Int,Paris ISD,D,13.6,561,https://txschools.net/campus/crockett-int-139909112
4036,7358,43,061901125,Cross Oaks Elem,Denton ISD,D,13.6,547,https://txschools.net/campus/cross-oaks-elem-061901125
4036,7358,43,116908102,D C Cannon Elem,Quinlan ISD,C,13.6,833,https://txschools.net/campus/d-c-cannon-elem-116908102
4036,7358,43,227904120,Dearing Elem,Pflugerville ISD,B,13.6,451,https://txschools.net/campus/dearing-elem-227904120
4036,7358,43,177902102,East Ridge Elem,Sweetwater ISD,C,13.6,311,https://txschools.net/campus/east-ridge-elem-177902102
4036,7358,43,188901110,George Washington Carver Early Childhood Academy,Amarillo ISD,F,13.6,278,https://txschools.net/campus/george-washington-carver-early-childhood-academy-188901110
4036,7358,43,108909127,Graciela Garcia Elem,Pharr-San Juan-Alamo ISD,A,13.6,384,https://txschools.net/campus/graciela-garcia-elem-108909127
4036,7358,43,020905114,Griffith Elem,Brazosport ISD,B,13.6,497,https://txschools.net/campus/griffith-elem-020905114
4036,7358,43,237904104,H T Jones Elem,Waller ISD,B,13.6,601,https://txschools.net/campus/h-t-jones-elem-237904104
4036,7358,43,057912107,Haley T Elem,Irving ISD,D,13.6,764,https://txschools.net/campus/haley-t-elem-057912107
4036,7358,43,170902054,Irons JH,Conroe ISD,B,13.6,1288,https://txschools.net/campus/irons-jh-170902054
4036,7358,43,025901101,J B Stephens Elem,Bangs ISD,D,13.6,370,https://txschools.net/campus/j-b-stephens-elem-025901101
4036,7358,43,212905112,Jones Elem,Tyler ISD,A,13.6,296,https://txschools.net/campus/jones-elem-212905112
4036,7358,43,101915121,Kreinhop Elem,Klein ISD,B,13.6,797,https://txschools.net/campus/kreinhop-elem-101915121
4036,7358,43,101915048,Krimmel Intermed,Klein ISD,B,13.6,1146,https://txschools.net/campus/krimmel-intermed-101915048
4036,7358,43,028903101,Leonard Shanklin Elem,Luling ISD,B,13.6,712,https://txschools.net/campus/leonard-shanklin-elem-028903101
4036,7358,43,129905106,Mabank Int,Mabank ISD,B,13.6,601,https://txschools.net/campus/mabank-int-129905106
4036,7358,43,152901169,McWhorter Elem,Lubbock ISD,C,13.6,520,https://txschools.net/campus/mcwhorter-elem-152901169
4036,7358,43,079906001,Needville HS,Needville ISD,A,13.6,1139,https://txschools.net/campus/needville-hs-079906001
4036,7358,43,176902104,Newton Elem,Newton ISD,C,13.6,432,https://txschools.net/campus/newton-elem-176902104
4036,7358,43,057909134,Northlake Elem,Garland ISD,B,13.6,484,https://txschools.net/campus/northlake-elem-057909134
4036,7358,43,079907138,Oyster Creek Elem,Fort Bend ISD,A,13.6,801,https://txschools.net/campus/oyster-creek-elem-079907138
4036,7358,43,227907106,Presidential Meadows Elem,Manor ISD,F,13.6,593,https://txschools.net/campus/presidential-meadows-elem-227907106
4036,7358,43,079907044,Quail Valley MS,Fort Bend ISD,B,13.6,1039,https://txschools.net/campus/quail-valley-ms-079907044
4036,7358,43,159901102,Ray H Darr Elem,Eagle Pass ISD,B,13.6,329,https://txschools.net/campus/ray-h-darr-elem-159901102
4036,7358,43,152908041,Roosevelt JH,Roosevelt ISD,B,13.6,264,https://txschools.net/campus/roosevelt-jh-152908041
4036,7358,43,061901119,Savannah Elem,Denton ISD,B,13.6,635,https://txschools.net/campus/savannah-elem-061901119
4036,7358,43,101917128,Teague Elem,Pasadena ISD,C,13.6,709,https://txschools.net/campus/teague-elem-101917128
4036,7358,43,057912043,Travis MS,Irving ISD,C,13.6,893,https://txschools.net/campus/travis-ms-057912043
4036,7358,43,014906127,Trimmier Elem,Killeen ISD,D,13.6,638,https://txschools.net/campus/trimmier-elem-014906127
4036,7358,43,123907109,Tyrrell Elem,Port Arthur ISD,C,13.6,633,https://txschools.net/campus/tyrrell-elem-123907109
4036,7358,43,096905001,Valley School,Turkey-Quitaque ISD,A,13.6,175,https://txschools.net/campus/valley-school-096905001
4036,7358,43,015907174,Wilson Elem,San Antonio ISD,B,13.6,362,https://txschools.net/campus/wilson-elem-015907174
4036,7358,43,101907118,Wilson Elem,Cypress-Fairbanks ISD,B,13.6,709,https://txschools.net/campus/wilson-elem-101907118
4036,7358,43,101913105,Woodland Hills Elem,Humble ISD,B,13.6,532,https://txschools.net/campus/woodland-hills-elem-101913105
4080,7358,37,084901107,Bay Colony Elem,Dickinson ISD,A,13.5,523,https://txschools.net/campus/bay-colony-elem-084901107
4080,7358,37,220901141,Bebensee Elem,Arlington ISD,D,13.5,666,https://txschools.net/campus/bebensee-elem-220901141
4080,7358,37,027903102,Bertram Elem,Burnet CISD,D,13.5,420,https://txschools.net/campus/bertram-elem-027903102
4080,7358,37,003907001,Central HS,Central ISD,B,13.5,415,https://txschools.net/campus/central-hs-003907001
4080,7358,37,225906001,Chapel Hill HS,Chapel Hill ISD,A,13.5,283,https://txschools.net/campus/chapel-hill-hs-225906001
4080,7358,37,101910102,Cloverleaf Elem,Galena Park ISD,B,13.5,740,https://txschools.net/campus/cloverleaf-elem-101910102
4080,7358,37,015915228,Cole Elem,Northside ISD,B,13.5,716,https://txschools.net/campus/cole-elem-015915228
4080,7358,37,101912383,Deanda Elem,Houston ISD,B,13.5,658,https://txschools.net/campus/deanda-elem-101912383
4080,7358,37,107905102,Eustace MS,Eustace ISD,B,13.5,384,https://txschools.net/campus/eustace-ms-107905102
4080,7358,37,061901112,Evers Park Elem,Denton ISD,D,13.5,791,https://txschools.net/campus/evers-park-elem-061901112
4080,7358,37,043904001,Farmersville HS,Farmersville ISD,A,13.5,810,https://txschools.net/campus/farmersville-hs-043904001
4080,7358,37,057903041,Field MS,Carrollton-Farmers Branch ISD,B,13.5,838,https://txschools.net/campus/field-ms-057903041
4080,7358,37,234904102,Grand Saline Int,Grand Saline ISD,B,13.5,253,https://txschools.net/campus/grand-saline-int-234904102
4080,7358,37,102905041,Harleton JH,Harleton ISD,B,13.5,170,https://txschools.net/campus/harleton-jh-102905041
4080,7358,37,065902001,Hedley School,Hedley ISD,B,13.5,85,https://txschools.net/campus/hedley-school-065902001
4080,7358,37,050910110,House Creek Elem,Copperas Cove ISD,B,13.5,645,https://txschools.net/campus/house-creek-elem-050910110
4080,7358,37,119902001,Jacksboro HS,Jacksboro ISD,A,13.5,324,https://txschools.net/campus/jacksboro-hs-119902001
4080,7358,37,246904041,James Tippit MS,Georgetown ISD,B,13.5,808,https://txschools.net/campus/james-tippit-ms-246904041
4080,7358,37,101908107,JP Dabbs Elem,Deer Park ISD,C,13.5,617,https://txschools.net/campus/jp-dabbs-elem-101908107
4080,7358,37,183902103,Libby Elem,Carthage ISD,C,13.5,347,https://txschools.net/campus/libby-elem-183902103
4080,7358,37,079907139,Lula Belle Goodman Elem,Fort Bend ISD,C,13.5,761,https://txschools.net/campus/lula-belle-goodman-elem-079907139
4080,7358,37,101912227,McNamara Elem,Houston ISD,B,13.5,808,https://txschools.net/campus/mcnamara-elem-101912227
4080,7358,37,020901108,Melba Passmore Elem,Alvin ISD,B,13.5,578,https://txschools.net/campus/melba-passmore-elem-020901108
4080,7358,37,018902001,Meridian HS,Meridian ISD,C,13.5,197,https://txschools.net/campus/meridian-hs-018902001
4080,7358,37,094903102,Navarro Int,Navarro ISD,B,13.5,747,https://txschools.net/campus/navarro-int-094903102
4080,7358,37,163904105,Newell E Woolls Int,Hondo ISD,C,13.5,378,https://txschools.net/campus/newell-e-woolls-int-163904105
4080,7358,37,101915102,Northampton Elem,Klein ISD,B,13.5,609,https://txschools.net/campus/northampton-elem-101915102
4080,7358,37,070910001,Palmer HS,Palmer ISD,A,13.5,408,https://txschools.net/campus/palmer-hs-070910001
4080,7358,37,101912214,Park Place Elem,Houston ISD,B,13.5,625,https://txschools.net/campus/park-place-elem-101912214
4080,7358,37,101913111,Pineforest Elem,Humble ISD,C,13.5,601,https://txschools.net/campus/pineforest-elem-101913111
4080,7358,37,251902001,Plains HS,Plains ISD,B,13.5,118,https://txschools.net/campus/plains-hs-251902001
4080,7358,37,101912372,Rodriguez Elem,Houston ISD,C,13.5,850,https://txschools.net/campus/rodriguez-elem-101912372
4080,7358,37,125901107,Schallert Elem,Alice ISD,A,13.5,618,https://txschools.net/campus/schallert-elem-125901107
4080,7358,37,240903111,Sigifredo Perez Elem,United ISD,B,13.5,603,https://txschools.net/campus/sigifredo-perez-elem-240903111
4080,7358,37,057905213,T G Terry Elem,Dallas ISD,C,13.5,373,https://txschools.net/campus/t-g-terry-elem-057905213
4080,7358,37,246913101,Whitestone Elem,Leander ISD,C,13.5,769,https://txschools.net/campus/whitestone-elem-246913101
4080,7358,37,109911102,Whitney Int,Whitney ISD,C,13.5,294,https://txschools.net/campus/whitney-int-109911102
4080,7358,37,170906105,Willie E Williams Elem,Magnolia ISD,B,13.5,790,https://txschools.net/campus/willie-e-williams-elem-170906105
4118,7358,23,139909109,Aikin Elem,Paris ISD,C,13.4,844,https://txschools.net/campus/aikin-elem-139909109
4118,7358,23,220902105,Alliene Mullendore Elem,Birdville ISD,C,13.4,432,https://txschools.net/campus/alliene-mullendore-elem-220902105
4118,7358,23,235902101,Aloe Elem,Victoria ISD,C,13.4,399,https://txschools.net/campus/aloe-elem-235902101
4118,7358,23,210901101,Center Elem,Center ISD,F,13.4,481,https://txschools.net/campus/center-elem-210901101
4118,7358,23,014903118,Chisholm Trail Elem,Belton ISD,C,13.4,699,https://txschools.net/campus/chisholm-trail-elem-014903118
4118,7358,23,018901001,Clifton HS,Clifton ISD,B,13.4,303,https://txschools.net/campus/clifton-hs-018901001
4118,7358,23,161921101,Connally Pri,Connally ISD,F,13.4,442,https://txschools.net/campus/connally-pri-161921101
4118,7358,23,101903112,Cummings Elem,Alief ISD,D,13.4,464,https://txschools.net/campus/cummings-elem-101903112
4118,7358,23,185902001,Farwell HS,Farwell ISD,A,13.4,188,https://txschools.net/campus/farwell-hs-185902001
4118,7358,23,015916109,Fine Arts Academy of Olympia,Judson ISD,B,13.4,428,https://txschools.net/campus/fine-arts-academy-of-olympia-015916109
4118,7358,23,220902114,Grace E Hardeman Elem,Birdville ISD,B,13.4,581,https://txschools.net/campus/grace-e-hardeman-elem-220902114
4118,7358,23,015915198,Henderson Elem,Northside ISD,B,13.4,840,https://txschools.net/campus/henderson-elem-015915198
4118,7358,23,043905007,Heritage HS,Frisco ISD,B,13.4,2008,https://txschools.net/campus/heritage-hs-043905007
4118,7358,23,057905172,Jimmie Tyler Brashear Elem,Dallas ISD,B,13.4,627,https://txschools.net/campus/jimmie-tyler-brashear-elem-057905172
4118,7358,23,014906049,Liberty Hill MS,Killeen ISD,D,13.4,677,https://txschools.net/campus/liberty-hill-ms-014906049
4118,7358,23,152906001,Lubbock-Cooper HS,Lubbock-Cooper ISD,A,13.4,1625,https://txschools.net/campus/lubbock-cooper-hs-152906001
4118,7358,23,031913042,Santa Maria MS,Santa Maria ISD,B,13.4,104,https://txschools.net/campus/santa-maria-ms-031913042
4118,7358,23,152909001,Shallowater HS,Shallowater ISD,A,13.4,502,https://txschools.net/campus/shallowater-hs-152909001
4118,7358,23,210903002,Shelbyville School,Shelbyville ISD,B,13.4,862,https://txschools.net/campus/shelbyville-school-210903002
4118,7358,23,220905168,Springdale Elem,Fort Worth ISD,C,13.4,342,https://txschools.net/campus/springdale-elem-220905168
4118,7358,23,043902103,Sue Evelyn Rattan Elem,Anna ISD,D,13.4,703,https://txschools.net/campus/sue-evelyn-rattan-elem-043902103
4118,7358,23,111903101,Tolar Elem,Tolar ISD,B,13.4,402,https://txschools.net/campus/tolar-elem-111903101
4118,7358,23,043912006,Walnut Grove HS,Prosper ISD,A,13.4,2516,https://txschools.net/campus/walnut-grove-hs-043912006
4118,7358,23,101912260,Windsor Village Elem,Houston ISD,B,13.4,548,https://txschools.net/campus/windsor-village-elem-101912260
4142,7358,27,108913113,A N Rico Elem,Weslaco ISD,B,13.3,754,https://txschools.net/campus/a-n-rico-elem-108913113
4142,7358,27,170902101,Anderson Elem,Conroe ISD,D,13.3,634,https://txschools.net/campus/anderson-elem-170902101
4142,7358,27,170906062,Bear Branch Int,Magnolia ISD,C,13.3,690,https://txschools.net/campus/bear-branch-int-170906062
4142,7358,27,057914119,Beasley Elem,Mesquite ISD,C,13.3,289,https://txschools.net/campus/beasley-elem-057914119
4142,7358,27,008901041,Bellville JH,Bellville ISD,B,13.3,539,https://txschools.net/campus/bellville-jh-008901041
4142,7358,27,101902107,Carter Academy,Aldine ISD,B,13.3,789,https://txschools.net/campus/carter-academy-101902107
4142,7358,27,057907111,CJ & Anne Hyman Elem,Duncanville ISD,D,13.3,568,https://txschools.net/campus/cj-anne-hyman-elem-057907111
4142,7358,27,015910102,Coker Elem,North East ISD,C,13.3,794,https://txschools.net/campus/coker-elem-015910102
4142,7358,27,108909124,Dr William Long Elem,Pharr-San Juan-Alamo ISD,B,13.3,780,https://txschools.net/campus/dr-william-long-elem-108909124
4142,7358,27,025909102,Early Pri,Early ISD,C,13.3,233,https://txschools.net/campus/early-pri-025909102
4142,7358,27,243905112,Franklin Elem,Wichita Falls ISD,B,13.3,426,https://txschools.net/campus/franklin-elem-243905112
4142,7358,27,220906008,Grapevine-Colleyville Collegiate Academy at Tcc Ne,Grapevine-Colleyville ISD,A,13.3,373,https://txschools.net/campus/grapevine-colleyville-collegiate-academy-at-tcc-ne-220906008
4142,7358,27,057905112,James Bowie Elem,Dallas ISD,B,13.3,332,https://txschools.net/campus/james-bowie-elem-057905112
4142,7358,27,126905001,Joshua HS,Joshua ISD,B,13.3,1297,https://txschools.net/campus/joshua-hs-126905001
4142,7358,27,126906101,Keene Elem,Keene ISD,C,13.3,301,https://txschools.net/campus/keene-elem-126906101
4142,7358,27,092902042,Kilgore MS,Kilgore ISD,C,13.3,802,https://txschools.net/campus/kilgore-ms-092902042
4142,7358,27,239901103,Krause Elem,Brenham ISD,D,13.3,584,https://txschools.net/campus/krause-elem-239901103
4142,7358,27,144902041,Lexington MS,Lexington ISD,B,13.3,249,https://txschools.net/campus/lexington-ms-144902041
4142,7358,27,057912048,Lorenzo De Zavala MS,Irving ISD,A,13.3,779,https://txschools.net/campus/lorenzo-de-zavala-ms-057912048
4142,7358,27,043918105,Mary Lou Dodson Elem,Community ISD,C,13.3,547,https://txschools.net/campus/mary-lou-dodson-elem-043918105
4142,7358,27,014906145,Pat Carney Elem,Killeen ISD,C,13.3,806,https://txschools.net/campus/pat-carney-elem-014906145
4142,7358,27,020902108,Rancho Isabella Elem,Angleton ISD,B,13.3,300,https://txschools.net/campus/rancho-isabella-elem-020902108
4142,7358,27,220905256,Rolling Hills Elem,Fort Worth ISD,B,13.3,630,https://txschools.net/campus/rolling-hills-elem-220905256
4142,7358,27,117903041,Sanford-Fritch JH,Sanford-Fritch ISD,D,13.3,171,https://txschools.net/campus/sanford-fritch-jh-117903041
4142,7358,27,061908001,Sanger HS,Sanger ISD,B,13.3,864,https://txschools.net/campus/sanger-hs-061908001
4142,7358,27,091905101,Summit Hill Elem,Howe ISD,D,13.3,295,https://txschools.net/campus/summit-hill-elem-091905101
4142,7358,27,014906051,Union Grove MS,Killeen ISD,C,13.3,718,https://txschools.net/campus/union-grove-ms-014906051
4142,7358,27,015915148,Wanke Elem,Northside ISD,C,13.3,577,https://txschools.net/campus/wanke-elem-015915148
4170,7358,40,005901001,Archer City HS,Archer City ISD,A,13.2,207,https://txschools.net/campus/archer-city-hs-005901001
4170,7358,40,057905180,B H Macon Elem,Dallas ISD,B,13.2,504,https://txschools.net/campus/b-h-macon-elem-057905180
4170,7358,40,084910050,Bayside Int,Clear Creek ISD,B,13.2,904,https://txschools.net/campus/bayside-int-084910050
4170,7358,40,117901107,Borger Int,Borger ISD,C,13.2,344,https://txschools.net/campus/borger-int-117901107
4170,7358,40,126902007,Burleson Collegiate HS,Burleson ISD,A,13.2,172,https://txschools.net/campus/burleson-collegiate-hs-126902007
4170,7358,40,170902014,College Park HS,Conroe ISD,A,13.2,3146,https://txschools.net/campus/college-park-hs-170902014
4170,7358,40,030901001,Cross Plains HS,Cross Plains ISD,B,13.2,170,https://txschools.net/campus/cross-plains-hs-030901001
4170,7358,40,046902048,Danville MS,Comal ISD,B,13.2,896,https://txschools.net/campus/danville-ms-046902048
4170,7358,40,057912121,Davis Elem,Irving ISD,D,13.2,834,https://txschools.net/campus/davis-elem-057912121
4170,7358,40,094902042,Dobie JH,Schertz-Cibolo-U City ISD,B,13.2,1244,https://txschools.net/campus/dobie-jh-094902042
4170,7358,40,171901041,Dumas JH,Dumas ISD,C,13.2,592,https://txschools.net/campus/dumas-jh-171901041
4170,7358,40,057910113,Dwight D Eisenhower Elem,Grand Prairie ISD,B,13.2,662,https://txschools.net/campus/dwight-d-eisenhower-elem-057910113
4170,7358,40,057905312,Eddie Bernice Johnson STEM Academy,Dallas ISD,D,13.2,580,https://txschools.net/campus/eddie-bernice-johnson-stem-academy-057905312
4170,7358,40,071909115,Elfida Chavez Elem,Socorro ISD,A,13.2,597,https://txschools.net/campus/elfida-chavez-elem-071909115
4170,7358,40,043905126,Elliott Elem,Frisco ISD,A,13.2,415,https://txschools.net/campus/elliott-elem-043905126
4170,7358,40,057905056,Ewell D Walker MS,Dallas ISD,B,13.2,611,https://txschools.net/campus/ewell-d-walker-ms-057905056
4170,7358,40,237904106,Fields Store Elem,Waller ISD,B,13.2,643,https://txschools.net/campus/fields-store-elem-237904106
4170,7358,40,101914015,Freeman HS,Katy ISD,A,13.2,1551,https://txschools.net/campus/freeman-hs-101914015
4170,7358,40,050902041,Gatesville JH,Gatesville ISD,C,13.2,371,https://txschools.net/campus/gatesville-jh-050902041
4170,7358,40,170902119,Giesinger Elem,Conroe ISD,B,13.2,654,https://txschools.net/campus/giesinger-elem-170902119
4170,7358,40,101912166,Harris J R Elem,Houston ISD,B,13.2,284,https://txschools.net/campus/harris-j-r-elem-101912166
4170,7358,40,003902001,Hudson HS,Hudson ISD,A,13.2,767,https://txschools.net/campus/hudson-hs-003902001
4170,7358,40,061902052,Huffines MS,Lewisville ISD,D,13.2,565,https://txschools.net/campus/huffines-ms-061902052
4170,7358,40,037904105,Joe Wright Elem,Jacksonville ISD,B,13.2,481,https://txschools.net/campus/joe-wright-elem-037904105
4170,7358,40,057912044,Lamar MS,Irving ISD,B,13.2,755,https://txschools.net/campus/lamar-ms-057912044
4170,7358,40,043905011,Lebanon Trail HS,Frisco ISD,A,13.2,2095,https://txschools.net/campus/lebanon-trail-hs-043905011
4170,7358,40,101915111,Lemm Elem,Klein ISD,A,13.2,608,https://txschools.net/campus/lemm-elem-101915111
4170,7358,40,107906041,Malakoff JH,Malakoff ISD,B,13.2,224,https://txschools.net/campus/malakoff-jh-107906041
4170,7358,40,101917122,McMasters Elem,Pasadena ISD,B,13.2,328,https://txschools.net/campus/mcmasters-elem-101917122
4170,7358,40,071902161,Nixon Elem,El Paso ISD,B,13.2,441,https://txschools.net/campus/nixon-elem-071902161
4170,7358,40,084902106,Oppe Elem,Galveston ISD,B,13.2,675,https://txschools.net/campus/oppe-elem-084902106
4170,7358,40,046902006,Pieper HS,Comal ISD,A,13.2,2239,https://txschools.net/campus/pieper-hs-046902006
4170,7358,40,101910112,Purple Sage Elem,Galena Park ISD,B,13.2,441,https://txschools.net/campus/purple-sage-elem-101910112
4170,7358,40,250904041,Quitman JH,Quitman ISD,B,13.2,288,https://txschools.net/campus/quitman-jh-250904041
4170,7358,40,192901041,Reagan County MS,Reagan County ISD,D,13.2,196,https://txschools.net/campus/reagan-county-ms-192901041
4170,7358,40,101914120,Robert King Elem,Katy ISD,D,13.2,929,https://txschools.net/campus/robert-king-elem-101914120
4170,7358,40,014906135,Saegert Elem,Killeen ISD,B,13.2,877,https://txschools.net/campus/saegert-elem-014906135
4170,7358,40,015915149,Thornton Elem,Northside ISD,D,13.2,572,https://txschools.net/campus/thornton-elem-015915149
4170,7358,40,079901122,William Velasquez Elem,Lamar CISD,C,13.2,463,https://txschools.net/campus/william-velasquez-elem-079901122
4170,7358,40,221912101,Wylie West Elem,Wylie ISD,A,13.2,674,https://txschools.net/campus/wylie-west-elem-221912101
4170,7358,40,062903001,Yoakum HS,Yoakum ISD,B,13.2,458,https://txschools.net/campus/yoakum-hs-062903001
4211,7358,26,108906101,Alvarez Elem,McAllen ISD,C,13.1,421,https://txschools.net/campus/alvarez-elem-108906101
4211,7358,26,169901041,Bowie JH,Bowie ISD,B,13.1,348,https://txschools.net/campus/bowie-jh-169901041
4211,7358,26,215901041,Breckenridge JH,Breckenridge ISD,B,13.1,257,https://txschools.net/campus/breckenridge-jh-215901041
4211,7358,26,107902101,Brownsboro Elem,Brownsboro ISD,C,13.1,413,https://txschools.net/campus/brownsboro-elem-107902101
4211,7358,26,101902136,Cypresswood Elem,Aldine ISD,D,13.1,742,https://txschools.net/campus/cypresswood-elem-101902136
4211,7358,26,178914103,Flour Bluff Pri,Flour Bluff ISD,B,13.1,645,https://txschools.net/campus/flour-bluff-pri-178914103
4211,7358,26,120902041,Ganado JH,Ganado ISD,C,13.1,171,https://txschools.net/campus/ganado-jh-120902041
4211,7358,26,246905001,Granger School,Granger ISD,C,13.1,573,https://txschools.net/campus/granger-school-246905001
4211,7358,26,029901101,Harrison/Jefferson/Madison Elem,Calhoun County ISD,B,13.1,666,https://txschools.net/campus/harrison-jefferson-madison-elem-029901101
4211,7358,26,108908116,Hilda C Escobar/Alicia C Rios Elem,Mission CISD,C,13.1,332,https://txschools.net/campus/hilda-c-escobar-alicia-c-rios-elem-108908116
4211,7358,26,243903001,Iowa Park HS,Iowa Park CISD,A,13.1,551,https://txschools.net/campus/iowa-park-hs-243903001
4211,7358,26,126902105,Jack Taylor Elem,Burleson ISD,C,13.1,544,https://txschools.net/campus/jack-taylor-elem-126902105
4211,7358,26,092902106,Kilgore Pri,Kilgore ISD,B,13.1,634,https://txschools.net/campus/kilgore-pri-092902106
4211,7358,26,015915187,Langley Elem,Northside ISD,B,13.1,740,https://txschools.net/campus/langley-elem-015915187
4211,7358,26,101912192,Lantrip Elem,Houston ISD,B,13.1,351,https://txschools.net/campus/lantrip-elem-101912192
4211,7358,26,015910134,Longs Creek Elem,North East ISD,C,13.1,548,https://txschools.net/campus/longs-creek-elem-015910134
4211,7358,26,152906041,Lubbock-Cooper MS,Lubbock-Cooper ISD,B,13.1,954,https://txschools.net/campus/lubbock-cooper-ms-152906041
4211,7358,26,020901103,Mark Twain Elem,Alvin ISD,A,13.1,643,https://txschools.net/campus/mark-twain-elem-020901103
4211,7358,26,019905041,New Boston MS,New Boston ISD,B,13.1,230,https://txschools.net/campus/new-boston-ms-019905041
4211,7358,26,220902110,O H Stowe Elem,Birdville ISD,D,13.1,660,https://txschools.net/campus/o-h-stowe-elem-220902110
4211,7358,26,015911110,Oak Crest Elem,East Central ISD,C,13.1,779,https://txschools.net/campus/oak-crest-elem-015911110
4211,7358,26,001907001,Palestine HS,Palestine ISD,B,13.1,954,https://txschools.net/campus/palestine-hs-001907001
4211,7358,26,206901041,San Saba MS,San Saba ISD,C,13.1,197,https://txschools.net/campus/san-saba-ms-206901041
4211,7358,26,100905105,Sour Lake Elem,Hardin-Jefferson ISD,B,13.1,722,https://txschools.net/campus/sour-lake-elem-100905105
4211,7358,26,188901143,Tradewind Elem,Amarillo ISD,C,13.1,649,https://txschools.net/campus/tradewind-elem-188901143
4211,7358,26,091908001,Van Alstyne HS,Van Alstyne ISD,A,13.1,803,https://txschools.net/campus/van-alstyne-hs-091908001
4211,7358,26,152901187,Whiteside Elem,Lubbock ISD,A,13.1,433,https://txschools.net/campus/whiteside-elem-152901187
4238,7358,46,015901001,Alamo Heights HS,Alamo Heights ISD,A,13,1569,https://txschools.net/campus/alamo-heights-hs-015901001
4238,7358,46,220915041,Azle JH,Azle ISD,C,13,605,https://txschools.net/campus/azle-jh-220915041
4238,7358,46,101915129,Bernshausen Elem,Klein ISD,A,13,642,https://txschools.net/campus/bernshausen-elem-101915129
4238,7358,46,178902101,Bishop Elem,Bishop CISD,B,13,229,https://txschools.net/campus/bishop-elem-178902101
4238,7358,46,170902078,Bozman Int,Conroe ISD,C,13,1200,https://txschools.net/campus/bozman-int-170902078
4238,7358,46,178903103,Calallen West Int,Calallen ISD,B,13,391,https://txschools.net/campus/calallen-west-int-178903103
4238,7358,46,123905041,Central MS,Nederland ISD,B,13,553,https://txschools.net/campus/central-ms-123905041
4238,7358,46,070912111,Clift Elem,Waxahachie ISD,F,13,457,https://txschools.net/campus/clift-elem-070912111
4238,7358,46,101912136,Cunningham Elem,Houston ISD,B,13,523,https://txschools.net/campus/cunningham-elem-101912136
4238,7358,46,170908115,Dogwood Elem,New Caney ISD,C,13,912,https://txschools.net/campus/dogwood-elem-170908115
4238,7358,46,020901110,Don Jeter Elem,Alvin ISD,C,13,749,https://txschools.net/campus/don-jeter-elem-020901110
4238,7358,46,048901001,Eden CISD,Eden CISD,B,13,213,https://txschools.net/campus/eden-cisd-048901001
4238,7358,46,234903101,Edgewood Elem,Edgewood ISD,C,13,237,https://txschools.net/campus/edgewood-elem-234903101
4238,7358,46,031909102,Garriga Elem,Point Isabel ISD,C,13,328,https://txschools.net/campus/garriga-elem-031909102
4238,7358,46,020905113,Gladys Polk Elem,Brazosport ISD,A,13,396,https://txschools.net/campus/gladys-polk-elem-020905113
4238,7358,46,170902016,Grand Oaks HS,Conroe ISD,B,13,3905,https://txschools.net/campus/grand-oaks-hs-170902016
4238,7358,46,103902001,Hartley School,Hartley ISD,A,13,242,https://txschools.net/campus/hartley-school-103902001
4238,7358,46,123905102,Highland Park Elem,Nederland ISD,A,13,544,https://txschools.net/campus/highland-park-elem-123905102
4238,7358,46,109904001,Hillsboro HS,Hillsboro ISD,A,13,572,https://txschools.net/campus/hillsboro-hs-109904001
4238,7358,46,034903101,Hughes Springs Elem,Hughes Springs ISD,C,13,514,https://txschools.net/campus/hughes-springs-elem-034903101
4238,7358,46,061907103,Jackie Fuller Elem,Aubrey ISD,C,13,722,https://txschools.net/campus/jackie-fuller-elem-061907103
4238,7358,46,015915186,Krueger Elem,Northside ISD,C,13,438,https://txschools.net/campus/krueger-elem-015915186
4238,7358,46,227913101,Lake Travis Elem,Lake Travis ISD,B,13,691,https://txschools.net/campus/lake-travis-elem-227913101
4238,7358,46,101907144,Lee Elem,Cypress-Fairbanks ISD,B,13,716,https://txschools.net/campus/lee-elem-101907144
4238,7358,46,090902001,Lefors School,Lefors ISD,C,13,177,https://txschools.net/campus/lefors-school-090902001
4238,7358,46,170906102,Magnolia Elem,Magnolia ISD,C,13,523,https://txschools.net/campus/magnolia-elem-170906102
4238,7358,46,235902118,Martin De Leon Elem,Victoria ISD,B,13,503,https://txschools.net/campus/martin-de-leon-elem-235902118
4238,7358,46,249905041,McCarroll MS,Decatur ISD,B,13,857,https://txschools.net/campus/mccarroll-ms-249905041
4238,7358,46,071909130,Mission Ridge,Socorro ISD,B,13,1044,https://txschools.net/campus/mission-ridge-071909130
4238,7358,46,101912394,Neff Elem,Houston ISD,B,13,664,https://txschools.net/campus/neff-elem-101912394
4238,7358,46,101910108,North Shore Elem,Galena Park ISD,B,13,954,https://txschools.net/campus/north-shore-elem-101910108
4238,7358,46,123910047,Odom MS,Beaumont ISD,D,13,828,https://txschools.net/campus/odom-ms-123910047
4238,7358,46,227901143,Patton Elem,Austin ISD,B,13,711,https://txschools.net/campus/patton-elem-227901143
4238,7358,46,101920110,Pine Shadows Elem,Spring Branch ISD,B,13,791,https://txschools.net/campus/pine-shadows-elem-101920110
4238,7358,46,101912221,Poe Elem,Houston ISD,C,13,682,https://txschools.net/campus/poe-elem-101912221
4238,7358,46,029901105,Port O'Connor Elem,Calhoun County ISD,A,13,59,https://txschools.net/campus/port-o-connor-elem-029901105
4238,7358,46,101912396,Ray Daily Elem,Houston ISD,C,13,826,https://txschools.net/campus/ray-daily-elem-101912396
4238,7358,46,067908101,Rising Star Elem,Rising Star ISD,D,13,79,https://txschools.net/campus/rising-star-elem-067908101
4238,7358,46,057909127,Roach Elem,Garland ISD,C,13,271,https://txschools.net/campus/roach-elem-057909127
4238,7358,46,214901108,Roque Guerra Jr Elem,Rio Grande City Grulla ISD,C,13,588,https://txschools.net/campus/roque-guerra-jr-elem-214901108
4238,7358,46,043902107,Rosamond-Sherley Elem,Anna ISD,C,13,635,https://txschools.net/campus/rosamond-sherley-elem-043902107
4238,7358,46,071909048,Spec Rafael Hernando MS,Socorro ISD,A,13,704,https://txschools.net/campus/spec-rafael-hernando-ms-071909048
4238,7358,46,057903106,Stark Elem,Carrollton-Farmers Branch ISD,C,13,573,https://txschools.net/campus/stark-elem-057903106
4238,7358,46,133903102,Starkey Elem,Kerrville ISD,C,13,419,https://txschools.net/campus/starkey-elem-133903102
4238,7358,46,101911017,Stuart Career Tech HS,Goose Creek CISD,A,13,612,https://txschools.net/campus/stuart-career-tech-hs-101911017
4238,7358,46,220907123,Trinity Meadows Int,Keller ISD,C,13,800,https://txschools.net/campus/trinity-meadows-int-220907123
4238,7358,46,057905049,W E Greiner Exploratory Arts Academy,Dallas ISD,A,13,1206,https://txschools.net/campus/w-e-greiner-exploratory-arts-academy-057905049
4285,7358,31,014906140,Alice W Douse Elem,Killeen ISD,C,12.9,822,https://txschools.net/campus/alice-w-douse-elem-014906140
4285,7358,31,057905239,Arturo Salazar Elem,Dallas ISD,B,12.9,430,https://txschools.net/campus/arturo-salazar-elem-057905239
4285,7358,31,014906052,Audie Murphy MS,Killeen ISD,C,12.9,788,https://txschools.net/campus/audie-murphy-ms-014906052
4285,7358,31,057909140,Back Elem,Garland ISD,B,12.9,417,https://txschools.net/campus/back-elem-057909140
4285,7358,31,101915107,Benfer Elem,Klein ISD,B,12.9,636,https://txschools.net/campus/benfer-elem-101915107
4285,7358,31,185901041,Bovina MS,Bovina ISD,D,12.9,79,https://txschools.net/campus/bovina-ms-185901041
4285,7358,31,178903041,Calallen MS,Calallen ISD,B,12.9,855,https://txschools.net/campus/calallen-ms-178903041
4285,7358,31,071909128,Chester E Jordan,Socorro ISD,B,12.9,679,https://txschools.net/campus/chester-e-jordan-071909128
4285,7358,31,021901041,College Station MS,College Station ISD,B,12.9,581,https://txschools.net/campus/college-station-ms-021901041
4285,7358,31,056901105,Dalhart Int,Dalhart ISD,D,12.9,425,https://txschools.net/campus/dalhart-int-056901105
4285,7358,31,014906139,Dr Joseph A Fowler Elem,Killeen ISD,B,12.9,727,https://txschools.net/campus/dr-joseph-a-fowler-elem-014906139
4285,7358,31,108912108,E B Reyna Elem,La Joya ISD,B,12.9,542,https://txschools.net/campus/e-b-reyna-elem-108912108
4285,7358,31,015915226,Fields Elem,Northside ISD,B,12.9,688,https://txschools.net/campus/fields-elem-015915226
4285,7358,31,049901104,Gainesville Int,Gainesville ISD,D,12.9,457,https://txschools.net/campus/gainesville-int-049901104
4285,7358,31,191901101,Gene Howe Elem,Canyon ISD,C,12.9,373,https://txschools.net/campus/gene-howe-elem-191901101
4285,7358,31,067904001,Gorman HS,Gorman ISD,B,12.9,66,https://txschools.net/campus/gorman-hs-067904001
4285,7358,31,047903001,Gustine School,Gustine ISD,B,12.9,166,https://txschools.net/campus/gustine-school-047903001
4285,7358,31,102904107,Hallsville East Elem,Hallsville ISD,C,12.9,557,https://txschools.net/campus/hallsville-east-elem-102904107
4285,7358,31,227901044,Kealing MS,Austin ISD,A,12.9,1232,https://txschools.net/campus/kealing-ms-227901044
4285,7358,31,046901109,Klein Road Elem,New Braunfels ISD,C,12.9,472,https://txschools.net/campus/klein-road-elem-046901109
4285,7358,31,141902001,Lometa School,Lometa ISD,B,12.9,293,https://txschools.net/campus/lometa-school-141902001
4285,7358,31,070908001,Midlothian HS,Midlothian ISD,A,12.9,2052,https://txschools.net/campus/midlothian-hs-070908001
4285,7358,31,163903101,Natalia Elem,Natalia ISD,C,12.9,289,https://txschools.net/campus/natalia-elem-163903101
4285,7358,31,251902041,Plains MS,Plains ISD,C,12.9,95,https://txschools.net/campus/plains-ms-251902041
4285,7358,31,147903105,R Q Sims Int,Mexia ISD,D,12.9,418,https://txschools.net/campus/r-q-sims-int-147903105
4285,7358,31,019906101,Redwater Elem,Redwater ISD,B,12.9,323,https://txschools.net/campus/redwater-elem-019906101
4285,7358,31,019906102,Redwater Int,Redwater ISD,C,12.9,233,https://txschools.net/campus/redwater-int-019906102
4285,7358,31,196903103,Refugio Elem,Refugio ISD,B,12.9,270,https://txschools.net/campus/refugio-elem-196903103
4285,7358,31,079907146,Rosa Parks Elem,Fort Bend ISD,D,12.9,644,https://txschools.net/campus/rosa-parks-elem-079907146
4285,7358,31,240903115,Ruiz Elem,United ISD,B,12.9,616,https://txschools.net/campus/ruiz-elem-240903115
4285,7358,31,014903044,South Belton MS,Belton ISD,D,12.9,682,https://txschools.net/campus/south-belton-ms-014903044
4285,7358,31,140908001,Sudan School,Sudan ISD,B,12.9,445,https://txschools.net/campus/sudan-school-140908001
4317,7358,36,037901041,Alto MS,Alto ISD,C,12.8,163,https://txschools.net/campus/alto-ms-037901041
4317,7358,36,130901002,Boerne - Samuel V Champion HS,Boerne ISD,A,12.8,2018,https://txschools.net/campus/boerne-samuel-v-champion-hs-130901002
4317,7358,36,130901001,Boerne HS,Boerne ISD,A,12.8,1534,https://txschools.net/campus/boerne-hs-130901001
4317,7358,36,101907161,Brosnahan Elem,Cypress-Fairbanks ISD,B,12.8,1016,https://txschools.net/campus/brosnahan-elem-101907161
4317,7358,36,178903104,Calallen East Elem,Calallen ISD,B,12.8,436,https://txschools.net/campus/calallen-east-elem-178903104
4317,7358,36,015907067,CAST Imagine MS,San Antonio ISD,D,12.8,161,https://txschools.net/campus/cast-imagine-ms-015907067
4317,7358,36,152903103,Cathelene Thomas Elem,Slaton ISD,C,12.8,456,https://txschools.net/campus/cathelene-thomas-elem-152903103
4317,7358,36,220901103,Crow Leadership Academy,Arlington ISD,D,12.8,452,https://txschools.net/campus/crow-leadership-academy-220901103
4317,7358,36,084901061,Dickinson JH,Dickinson ISD,B,12.8,1146,https://txschools.net/campus/dickinson-jh-084901061
4317,7358,36,074905101,Ector Elem,Ector ISD,B,12.8,110,https://txschools.net/campus/ector-elem-074905101
4317,7358,36,015912108,Elm Creek Elem,Southwest ISD,C,12.8,820,https://txschools.net/campus/elm-creek-elem-015912108
4317,7358,36,015915145,Elrod Elem,Northside ISD,B,12.8,294,https://txschools.net/campus/elrod-elem-015915145
4317,7358,36,225902101,Frances Corprew Elem,Mount Pleasant ISD,B,12.8,379,https://txschools.net/campus/frances-corprew-elem-225902101
4317,7358,36,161925101,Gholson ISD,Gholson ISD,B,12.8,227,https://txschools.net/campus/gholson-isd-161925101
4317,7358,36,123914102,Hamshire-Fannett Int,Hamshire-Fannett ISD,C,12.8,439,https://txschools.net/campus/hamshire-fannett-int-123914102
4317,7358,36,109904110,Hillsboro Elem,Hillsboro ISD,C,12.8,616,https://txschools.net/campus/hillsboro-elem-109904110
4317,7358,36,246913127,Larkspur Elem,Leander ISD,C,12.8,802,https://txschools.net/campus/larkspur-elem-246913127
4317,7358,36,074909101,Leonard Elem,Leonard ISD,C,12.8,364,https://txschools.net/campus/leonard-elem-074909101
4317,7358,36,043907045,Leonard Evans Jr MS,McKinney ISD,B,12.8,731,https://txschools.net/campus/leonard-evans-jr-ms-043907045
4317,7358,36,096904041,Memphis MS,Memphis ISD,B,12.8,81,https://txschools.net/campus/memphis-ms-096904041
4317,7358,36,101915116,Mittelstadt Elem,Klein ISD,B,12.8,702,https://txschools.net/campus/mittelstadt-elem-101915116
4317,7358,36,240903103,Nye Elem,United ISD,B,12.8,621,https://txschools.net/campus/nye-elem-240903103
4317,7358,36,188901119,Oak Dale Elem,Amarillo ISD,B,12.8,388,https://txschools.net/campus/oak-dale-elem-188901119
4317,7358,36,033902101,Panhandle Elem,Panhandle ISD,B,12.8,264,https://txschools.net/campus/panhandle-elem-033902101
4317,7358,36,020908001,Pearland HS,Pearland ISD,A,12.8,3388,https://txschools.net/campus/pearland-hs-020908001
4317,7358,36,101903110,Petrosky Elem,Alief ISD,A,12.8,452,https://txschools.net/campus/petrosky-elem-101903110
4317,7358,36,020901106,R L Stevenson Pri,Alvin ISD,B,12.8,422,https://txschools.net/campus/r-l-stevenson-pri-020901106
4317,7358,36,101912224,Red Elem,Houston ISD,B,12.8,501,https://txschools.net/campus/red-elem-101912224
4317,7358,36,057916111,Richardson Heights Elem,Richardson ISD,C,12.8,471,https://txschools.net/campus/richardson-heights-elem-057916111
4317,7358,36,246913043,Running Brushy MS,Leander ISD,A,12.8,1130,https://txschools.net/campus/running-brushy-ms-246913043
4317,7358,36,008902102,Selman Elem,Sealy ISD,F,12.8,736,https://txschools.net/campus/selman-elem-008902102
4317,7358,36,112910001,Sulphur Bluff ISD,Sulphur Bluff ISD,B,12.8,195,https://txschools.net/campus/sulphur-bluff-isd-112910001
4317,7358,36,153904001,Tahoka HS,Tahoka ISD,A,12.8,167,https://txschools.net/campus/tahoka-hs-153904001
4317,7358,36,226908001,Veribest HS,Veribest ISD,A,12.8,140,https://txschools.net/campus/veribest-hs-226908001
4317,7358,36,170902045,Wilkerson Int,Conroe ISD,B,12.8,675,https://txschools.net/campus/wilkerson-int-170902045
4317,7358,36,251901041,William G Gravitt JH,Denver City ISD,B,12.8,301,https://txschools.net/campus/william-g-gravitt-jh-251901041
4317,7358,36,116909001,Wolfe City HS,Wolfe City ISD,A,12.8,217,https://txschools.net/campus/wolfe-city-hs-116909001
4354,7358,30,112901102,Barbara Bush Elem,Sulphur Springs ISD,D,12.7,304,https://txschools.net/campus/barbara-bush-elem-112901102
4354,7358,30,220901051,Boles JH,Arlington ISD,B,12.7,491,https://txschools.net/campus/boles-jh-220901051
4354,7358,30,015910048,Bradley MS,North East ISD,B,12.7,1218,https://txschools.net/campus/bradley-ms-015910048
4354,7358,30,161920001,China Spring HS,China Spring ISD,A,12.7,915,https://txschools.net/campus/china-spring-hs-161920001
4354,7358,30,046902045,Church Hill MS,Comal ISD,B,12.7,748,https://txschools.net/campus/church-hill-ms-046902045
4354,7358,30,014906123,Clear Creek Elem,Killeen ISD,C,12.7,649,https://txschools.net/campus/clear-creek-elem-014906123
4354,7358,30,240903130,Dr Malakoff Elem,United ISD,A,12.7,557,https://txschools.net/campus/dr-malakoff-elem-240903130
4354,7358,30,003903124,Dunbar Pri,Lufkin ISD,B,12.7,300,https://txschools.net/campus/dunbar-pri-003903124
4354,7358,30,102901103,George Washington Carver Elem,Karnack ISD,D,12.7,121,https://txschools.net/campus/george-washington-carver-elem-102901103
4354,7358,30,113902102,Grapeland Elem,Grapeland ISD,D,12.7,300,https://txschools.net/campus/grapeland-elem-113902102
4354,7358,30,123907103,Houston Elem,Port Arthur ISD,A,12.7,699,https://txschools.net/campus/houston-elem-123907103
4354,7358,30,070912043,Howard JH,Waxahachie ISD,C,12.7,972,https://txschools.net/campus/howard-jh-070912043
4354,7358,30,057912050,Lady Bird Johnson MS,Irving ISD,C,12.7,782,https://txschools.net/campus/lady-bird-johnson-ms-057912050
4354,7358,30,074909041,Leonard JH,Leonard ISD,B,12.7,194,https://txschools.net/campus/leonard-jh-074909041
4354,7358,30,241906001,Louise HS,Louise ISD,B,12.7,143,https://txschools.net/campus/louise-hs-241906001
4354,7358,30,108909043,Lyndon B Johnson MS,Pharr-San Juan-Alamo ISD,A,12.7,1043,https://txschools.net/campus/lyndon-b-johnson-ms-108909043
4354,7358,30,043908001,Melissa HS,Melissa ISD,A,12.7,2200,https://txschools.net/campus/melissa-hs-043908001
4354,7358,30,061902144,Mill Street Elem,Lewisville ISD,D,12.7,617,https://txschools.net/campus/mill-street-elem-061902144
4354,7358,30,205905041,Odem JH,Odem-Edroy ISD,C,12.7,199,https://txschools.net/campus/odem-jh-205905041
4354,7358,30,125903101,Orange Grove Pri,Orange Grove ISD,B,12.7,384,https://txschools.net/campus/orange-grove-pri-125903101
4354,7358,30,104907001,Paint Creek School,Paint Creek ISD,A,12.7,116,https://txschools.net/campus/paint-creek-school-104907001
4354,7358,30,015915053,Rawlinson MS,Northside ISD,B,12.7,1173,https://txschools.net/campus/rawlinson-ms-015915053
4354,7358,30,070911041,Red Oak MS,Red Oak ISD,C,12.7,753,https://txschools.net/campus/red-oak-ms-070911041
4354,7358,30,057905199,Reinhardt Elem,Dallas ISD,B,12.7,465,https://txschools.net/campus/reinhardt-elem-057905199
4354,7358,30,057905069,Seagoville MS,Dallas ISD,B,12.7,1000,https://txschools.net/campus/seagoville-ms-057905069
4354,7358,30,101912240,Sherman Elem,Houston ISD,B,12.7,416,https://txschools.net/campus/sherman-elem-101912240
4354,7358,30,070911105,Shields Elem,Red Oak ISD,B,12.7,637,https://txschools.net/campus/shields-elem-070911105
4354,7358,30,021901104,Southwood Valley Elem,College Station ISD,C,12.7,600,https://txschools.net/campus/southwood-valley-elem-021901104
4354,7358,30,153904101,Tahoka Elem,Tahoka ISD,B,12.7,259,https://txschools.net/campus/tahoka-elem-153904101
4354,7358,30,200904101,Winters Elem,Winters ISD,B,12.7,303,https://txschools.net/campus/winters-elem-200904101
4354,7358,30,062903041,Yoakum JH,Yoakum ISD,B,12.7,280,https://txschools.net/campus/yoakum-jh-062903041
4385,7358,48,111901042,Acton MS,Granbury ISD,B,12.6,875,https://txschools.net/campus/acton-ms-111901042
4385,7358,48,101907107,Adam Elem,Cypress-Fairbanks ISD,C,12.6,915,https://txschools.net/campus/adam-elem-101907107
4385,7358,48,036901201,Anahuac Pri,Anahuac ISD,C,12.6,391,https://txschools.net/campus/anahuac-pri-036901201
4385,7358,48,221901102,Austin Elem,Abilene ISD,C,12.6,755,https://txschools.net/campus/austin-elem-221901102
4385,7358,48,010902001,Bandera HS,Bandera ISD,C,12.6,666,https://txschools.net/campus/bandera-hs-010902001
4385,7358,48,036902001,Barbers Hill HS,Barbers Hill ISD,A,12.6,2293,https://txschools.net/campus/barbers-hill-hs-036902001
4385,7358,48,015915192,Behlau Elem,Northside ISD,C,12.6,574,https://txschools.net/campus/behlau-elem-015915192
4385,7358,48,101919112,Beneke Elem,Spring ISD,B,12.6,560,https://txschools.net/campus/beneke-elem-101919112
4385,7358,48,003903121,Brandon Elem,Lufkin ISD,B,12.6,438,https://txschools.net/campus/brandon-elem-003903121
4385,7358,48,100905102,China Elem,Hardin-Jefferson ISD,C,12.6,623,https://txschools.net/campus/china-elem-100905102
4385,7358,48,061911117,Clara Love Elem,Northwest ISD,B,12.6,685,https://txschools.net/campus/clara-love-elem-061911117
4385,7358,48,101911118,Crockett Elem,Goose Creek CISD,B,12.6,662,https://txschools.net/campus/crockett-elem-101911118
4385,7358,48,139912102,Deport Elem,Prairiland ISD,B,12.6,127,https://txschools.net/campus/deport-elem-139912102
4385,7358,48,210901104,F L Moffett Pri,Center ISD,F,12.6,628,https://txschools.net/campus/f-l-moffett-pri-210901104
4385,7358,48,220907117,Freedom Elem,Keller ISD,B,12.6,565,https://txschools.net/campus/freedom-elem-220907117
4385,7358,48,043911103,Godwin Elem,Princeton ISD,D,12.6,497,https://txschools.net/campus/godwin-elem-043911103
4385,7358,48,101914057,Haskett JH,Katy ISD,B,12.6,1369,https://txschools.net/campus/haskett-jh-101914057
4385,7358,48,159901118,Henry B Gonzalez Elem,Eagle Pass ISD,C,12.6,354,https://txschools.net/campus/henry-b-gonzalez-elem-159901118
4385,7358,48,014905001,Holland HS,Holland ISD,A,12.6,174,https://txschools.net/campus/holland-hs-014905001
4385,7358,48,101914121,Jean & Betty Schmalz Elem,Katy ISD,B,12.6,1113,https://txschools.net/campus/jean-betty-schmalz-elem-101914121
4385,7358,48,057905101,John Q Adams Elem,Dallas ISD,B,12.6,466,https://txschools.net/campus/john-q-adams-elem-057905101
4385,7358,48,220918112,Lake Pointe Elem,Eagle Mt-Saginaw ISD,C,12.6,668,https://txschools.net/campus/lake-pointe-elem-220918112
4385,7358,48,061902143,Lewisville Elem,Lewisville ISD,D,12.6,475,https://txschools.net/campus/lewisville-elem-061902143
4385,7358,48,181908102,Mauriceville Elem,Little Cypress-Mauriceville CISD,D,12.6,500,https://txschools.net/campus/mauriceville-elem-181908102
4385,7358,48,199901043,Maurine Cain MS,Rockwall ISD,A,12.6,1225,https://txschools.net/campus/maurine-cain-ms-199901043
4385,7358,48,011905101,McDade Elem,McDade ISD,D,12.6,204,https://txschools.net/campus/mcdade-elem-011905101
4385,7358,48,108906111,Milam Elem,McAllen ISD,A,12.6,835,https://txschools.net/campus/milam-elem-108906111
4385,7358,48,165901113,Milam Elem,Midland ISD,B,12.6,567,https://txschools.net/campus/milam-elem-165901113
4385,7358,48,079906042,Needville JH,Needville ISD,B,12.6,585,https://txschools.net/campus/needville-jh-079906042
4385,7358,48,152902001,New Deal HS,New Deal ISD,A,12.6,214,https://txschools.net/campus/new-deal-hs-152902001
4385,7358,48,240903109,Newman Elem,United ISD,B,12.6,361,https://txschools.net/campus/newman-elem-240903109
4385,7358,48,053001041,Ozona MS,Crockett County Consolidated CSD,B,12.6,148,https://txschools.net/campus/ozona-ms-053001041
4385,7358,48,139912041,Prairiland JH,Prairiland ISD,B,12.6,253,https://txschools.net/campus/prairiland-jh-139912041
4385,7358,48,101917114,Red Bluff Elem,Pasadena ISD,D,12.6,451,https://txschools.net/campus/red-bluff-elem-101917114
4385,7358,48,129902108,Rhea Int,Forney ISD,C,12.6,689,https://txschools.net/campus/rhea-int-129902108
4385,7358,48,079907055,Ronald Thornton MS,Fort Bend ISD,C,12.6,1785,https://txschools.net/campus/ronald-thornton-ms-079907055
4385,7358,48,101915114,Roth Elem,Klein ISD,B,12.6,621,https://txschools.net/campus/roth-elem-101915114
4385,7358,48,112901104,Rowena Johnson Elem,Sulphur Springs ISD,B,12.6,301,https://txschools.net/campus/rowena-johnson-elem-112901104
4385,7358,48,021901101,South Knoll Elem,College Station ISD,B,12.6,582,https://txschools.net/campus/south-knoll-elem-021901101
4385,7358,48,092907001,Spring Hill HS,Spring Hill ISD,A,12.6,598,https://txschools.net/campus/spring-hill-hs-092907001
4385,7358,48,079910102,Stafford Elem,Stafford MSD,C,12.6,901,https://txschools.net/campus/stafford-elem-079910102
4385,7358,48,015915047,Stevenson MS,Northside ISD,C,12.6,721,https://txschools.net/campus/stevenson-ms-015915047
4385,7358,48,091907101,Tioga School,Tioga ISD,A,12.6,610,https://txschools.net/campus/tioga-school-091907101
4385,7358,48,170902070,Travis Int,Conroe ISD,D,12.6,514,https://txschools.net/campus/travis-int-170902070
4385,7358,48,181907104,Vidor MS,Vidor ISD,D,12.6,647,https://txschools.net/campus/vidor-ms-181907104
4385,7358,48,220902045,Watauga MS,Birdville ISD,B,12.6,558,https://txschools.net/campus/watauga-ms-220902045
4385,7358,48,070912108,Wedgeworth Elem,Waxahachie ISD,C,12.6,601,https://txschools.net/campus/wedgeworth-elem-070912108
4385,7358,48,101912267,White E Elem,Houston ISD,C,12.6,601,https://txschools.net/campus/white-e-elem-101912267
4385,7358,48,057916131,Yale Elem,Richardson ISD,B,12.6,413,https://txschools.net/campus/yale-elem-057916131
4434,7358,31,101913130,Autumn Creek Elem,Humble ISD,D,12.5,800,https://txschools.net/campus/autumn-creek-elem-101913130
4434,7358,31,107901104,Bel Air Elem,Athens ISD,C,12.5,469,https://txschools.net/campus/bel-air-elem-107901104
4434,7358,31,220916116,Bell Manor Elem,Hurst-Euless-Bedford ISD,A,12.5,578,https://txschools.net/campus/bell-manor-elem-220916116
4434,7358,31,020905111,Bess Brannen Elem,Brazosport ISD,A,12.5,721,https://txschools.net/campus/bess-brannen-elem-020905111
4434,7358,31,212905104,Bonner Elem,Tyler ISD,B,12.5,375,https://txschools.net/campus/bonner-elem-212905104
4434,7358,31,240903128,Bonnie L Garcia Elem,United ISD,B,12.5,637,https://txschools.net/campus/bonnie-l-garcia-elem-240903128
4434,7358,31,116905102,Bowie Elem,Greenville ISD,C,12.5,574,https://txschools.net/campus/bowie-elem-116905102
4434,7358,31,038901102,Childress Elem,Childress ISD,B,12.5,418,https://txschools.net/campus/childress-elem-038901102
4434,7358,31,094902115,Cibolo Valley Elem,Schertz-Cibolo-U City ISD,D,12.5,553,https://txschools.net/campus/cibolo-valley-elem-094902115
4434,7358,31,246907103,Double Creek Elem,Jarrell ISD,D,12.5,909,https://txschools.net/campus/double-creek-elem-246907103
4434,7358,31,079901003,Foster HS,Lamar CISD,A,12.5,2221,https://txschools.net/campus/foster-hs-079901003
4434,7358,31,101907151,Hemmenway Elem,Cypress-Fairbanks ISD,C,12.5,935,https://txschools.net/campus/hemmenway-elem-101907151
4434,7358,31,152901065,Hutchinson MS,Lubbock ISD,B,12.5,859,https://txschools.net/campus/hutchinson-ms-152901065
4434,7358,31,220902119,John D Spicer Elem,Birdville ISD,B,12.5,441,https://txschools.net/campus/john-d-spicer-elem-220902119
4434,7358,31,015915223,Kallison Elem,Northside ISD,B,12.5,1156,https://txschools.net/campus/kallison-elem-015915223
4434,7358,31,108909117,Kelly-Pharr Elem,Pharr-San Juan-Alamo ISD,B,12.5,516,https://txschools.net/campus/kelly-pharr-elem-108909117
4434,7358,31,043911101,Lacy Elem,Princeton ISD,B,12.5,626,https://txschools.net/campus/lacy-elem-043911101
4434,7358,31,061902046,Lakeview MS,Lewisville ISD,C,12.5,331,https://txschools.net/campus/lakeview-ms-061902046
4434,7358,31,084910106,Lavace Stewart Elem,Clear Creek ISD,C,12.5,631,https://txschools.net/campus/lavace-stewart-elem-084910106
4434,7358,31,251902101,Plains Elem,Plains ISD,C,12.5,200,https://txschools.net/campus/plains-elem-251902101
4434,7358,31,139912001,Prairiland HS,Prairiland ISD,B,12.5,278,https://txschools.net/campus/prairiland-hs-139912001
4434,7358,31,105906041,R C Barton MS,Hays CISD,A,12.5,1006,https://txschools.net/campus/r-c-barton-ms-105906041
4434,7358,31,031912108,Rangerville Elem,San Benito CISD,B,12.5,180,https://txschools.net/campus/rangerville-elem-031912108
4434,7358,31,246906104,Ray Elem,Hutto ISD,C,12.5,610,https://txschools.net/campus/ray-elem-246906104
4434,7358,31,020908009,Robert Turner College and Career HS,Pearland ISD,A,12.5,1149,https://txschools.net/campus/robert-turner-college-and-career-hs-020908009
4434,7358,31,188901127,South Georgia Elem,Amarillo ISD,B,12.5,390,https://txschools.net/campus/south-georgia-elem-188901127
4434,7358,31,112901108,Sulphur Springs Elem,Sulphur Springs ISD,C,12.5,562,https://txschools.net/campus/sulphur-springs-elem-112901108
4434,7358,31,014903116,Tarver Elem,Belton ISD,C,12.5,487,https://txschools.net/campus/tarver-elem-014903116
4434,7358,31,071902178,Tom Lea Jr Elem,El Paso ISD,B,12.5,831,https://txschools.net/campus/tom-lea-jr-elem-071902178
4434,7358,31,152907111,Upland Heights Elem,Frenship ISD,B,12.5,641,https://txschools.net/campus/upland-heights-elem-152907111
4434,7358,31,122902001,Valentine School,Valentine ISD,B,12.5,28,https://txschools.net/campus/valentine-school-122902001
4434,7358,31,009901041,Watson JH,Muleshoe ISD,C,12.5,278,https://txschools.net/campus/watson-jh-009901041
4466,7358,36,022901041,Alpine MS,Alpine ISD,C,12.4,248,https://txschools.net/campus/alpine-ms-022901041
4466,7358,36,070901001,Avalon School,Avalon ISD,B,12.4,316,https://txschools.net/campus/avalon-school-070901001
4466,7358,36,199902044,Bobby Summers MS,Royse City ISD,C,12.4,1005,https://txschools.net/campus/bobby-summers-ms-199902044
4466,7358,36,198901101,Bremond Elem,Bremond ISD,A,12.4,211,https://txschools.net/campus/bremond-elem-198901101
4466,7358,36,101907016,Bridgeland HS,Cypress-Fairbanks ISD,A,12.4,3728,https://txschools.net/campus/bridgeland-hs-101907016
4466,7358,36,003903131,Burley Pri,Lufkin ISD,D,12.4,492,https://txschools.net/campus/burley-pri-003903131
4466,7358,36,057903102,Carrollton Elem,Carrollton-Farmers Branch ISD,A,12.4,682,https://txschools.net/campus/carrollton-elem-057903102
4466,7358,36,043905002,Centennial HS,Frisco ISD,A,12.4,1936,https://txschools.net/campus/centennial-hs-043905002
4466,7358,36,060902101,Cooper Elem,Cooper ISD,D,12.4,469,https://txschools.net/campus/cooper-elem-060902101
4466,7358,36,071905056,Del Valle MS,Ysleta ISD,B,12.4,947,https://txschools.net/campus/del-valle-ms-071905056
4466,7358,36,043907041,Faubion MS,McKinney ISD,B,12.4,1100,https://txschools.net/campus/faubion-ms-043907041
4466,7358,36,229904101,Fred Elem,Warren ISD,F,12.4,189,https://txschools.net/campus/fred-elem-229904101
4466,7358,36,185903001,Friona HS,Friona ISD,B,12.4,279,https://txschools.net/campus/friona-hs-185903001
4466,7358,36,175905101,Frost Elem,Frost ISD,C,12.4,252,https://txschools.net/campus/frost-elem-175905101
4466,7358,36,227901064,Garcia YMLA,Austin ISD,B,12.4,243,https://txschools.net/campus/garcia-ymla-227901064
4466,7358,36,045903103,Garwood Elem,Rice CISD,B,12.4,113,https://txschools.net/campus/garwood-elem-045903103
4466,7358,36,079901009,George Ranch HS,Lamar CISD,A,12.4,2213,https://txschools.net/campus/george-ranch-hs-079901009
4466,7358,36,240903045,George Washington MS,United ISD,B,12.4,571,https://txschools.net/campus/george-washington-ms-240903045
4466,7358,36,057905276,Gilbert Cuellar Sr Elem,Dallas ISD,A,12.4,628,https://txschools.net/campus/gilbert-cuellar-sr-elem-057905276
4466,7358,36,123914101,Hamshire-Fannett Elem,Hamshire-Fannett ISD,B,12.4,440,https://txschools.net/campus/hamshire-fannett-elem-123914101
4466,7358,36,057914105,Hodges Elem,Mesquite ISD,C,12.4,533,https://txschools.net/campus/hodges-elem-057914105
4466,7358,36,070908103,Irvin Elem,Midlothian ISD,C,12.4,663,https://txschools.net/campus/irvin-elem-070908103
4466,7358,36,199901042,J W Williams MS,Rockwall ISD,A,12.4,1291,https://txschools.net/campus/j-w-williams-ms-199901042
4466,7358,36,057905137,Julius Dorsey Leadership Academy,Dallas ISD,C,12.4,450,https://txschools.net/campus/julius-dorsey-leadership-academy-057905137
4466,7358,36,057914046,Kimbrough MS,Mesquite ISD,B,12.4,1070,https://txschools.net/campus/kimbrough-ms-057914046
4466,7358,36,100907041,Lumberton MS,Lumberton ISD,B,12.4,942,https://txschools.net/campus/lumberton-ms-100907041
4466,7358,36,079907143,Mary Austin Holley Elem,Fort Bend ISD,C,12.4,626,https://txschools.net/campus/mary-austin-holley-elem-079907143
4466,7358,36,014906141,Maude Moore Wood Elem,Killeen ISD,B,12.4,713,https://txschools.net/campus/maude-moore-wood-elem-014906141
4466,7358,36,057910130,Mike Moseley Elem,Grand Prairie ISD,B,12.4,626,https://txschools.net/campus/mike-moseley-elem-057910130
4466,7358,36,014906055,Nolan MS,Killeen ISD,B,12.4,1004,https://txschools.net/campus/nolan-ms-014906055
4466,7358,36,031906109,Rancho Verde Elem,Los Fresnos CISD,A,12.4,739,https://txschools.net/campus/rancho-verde-elem-031906109
4466,7358,36,074911101,Savoy Elem,Savoy ISD,D,12.4,187,https://txschools.net/campus/savoy-elem-074911101
4466,7358,36,057909162,Southgate STEM Elem,Garland ISD,C,12.4,437,https://txschools.net/campus/southgate-stem-elem-057909162
4466,7358,36,230908101,Union Grove Elem,Union Grove ISD,B,12.4,373,https://txschools.net/campus/union-grove-elem-230908101
4466,7358,36,046901107,Walnut Springs Elem,New Braunfels ISD,B,12.4,353,https://txschools.net/campus/walnut-springs-elem-046901107
4466,7358,36,094902101,Wiederstein Elem,Schertz-Cibolo-U City ISD,C,12.4,577,https://txschools.net/campus/wiederstein-elem-094902101
4466,7358,36,220901049,Young JH,Arlington ISD,B,12.4,684,https://txschools.net/campus/young-jh-220901049
4503,7358,42,043907117,Arthur H McNeil Elem,McKinney ISD,C,12.3,301,https://txschools.net/campus/arthur-h-mcneil-elem-043907117
4503,7358,42,212905102,Bell Elem,Tyler ISD,C,12.3,535,https://txschools.net/campus/bell-elem-212905102
4503,7358,42,101907148,Black Elem,Cypress-Fairbanks ISD,B,12.3,997,https://txschools.net/campus/black-elem-101907148
4503,7358,42,161923001,Bosqueville HS,Bosqueville ISD,C,12.3,221,https://txschools.net/campus/bosqueville-hs-161923001
4503,7358,42,160901101,Brady Elem,Brady ISD,C,12.3,430,https://txschools.net/campus/brady-elem-160901101
4503,7358,42,227904114,Caldwell Elem,Pflugerville ISD,C,12.3,514,https://txschools.net/campus/caldwell-elem-227904114
4503,7358,42,116910001,Campbell HS,Campbell ISD,D,12.3,147,https://txschools.net/campus/campbell-hs-116910001
4503,7358,42,057914124,Cannaday Elem,Mesquite ISD,C,12.3,538,https://txschools.net/campus/cannaday-elem-057914124
4503,7358,42,057905126,Central Elem,Dallas ISD,A,12.3,603,https://txschools.net/campus/central-elem-057905126
4503,7358,42,060902041,Cooper JH,Cooper ISD,C,12.3,193,https://txschools.net/campus/cooper-jh-060902041
4503,7358,42,057912042,Crockett MS,Irving ISD,C,12.3,622,https://txschools.net/campus/crockett-ms-057912042
4503,7358,42,220915108,Cross Timbers Elem,Azle ISD,C,12.3,414,https://txschools.net/campus/cross-timbers-elem-220915108
4503,7358,42,079907053,David Crockett MS,Fort Bend ISD,B,12.3,1218,https://txschools.net/campus/david-crockett-ms-079907053
4503,7358,42,079907041,Dulles MS,Fort Bend ISD,B,12.3,1214,https://txschools.net/campus/dulles-ms-079907041
4503,7358,42,220918102,Eagle Mountain Elem,Eagle Mt-Saginaw ISD,C,12.3,638,https://txschools.net/campus/eagle-mountain-elem-220918102
4503,7358,42,036903103,East Chambers Pri,East Chambers ISD,B,12.3,447,https://txschools.net/campus/east-chambers-pri-036903103
4503,7358,42,101907124,Fiest Elem,Cypress-Fairbanks ISD,C,12.3,797,https://txschools.net/campus/fiest-elem-101907124
4503,7358,42,057914102,Florence Elem,Mesquite ISD,D,12.3,486,https://txschools.net/campus/florence-elem-057914102
4503,7358,42,220902041,Haltom MS,Birdville ISD,B,12.3,909,https://txschools.net/campus/haltom-ms-220902041
4503,7358,42,100905001,Hardin-Jefferson HS,Hardin-Jefferson ISD,A,12.3,794,https://txschools.net/campus/hardin-jefferson-hs-100905001
4503,7358,42,057916129,Jess Harben Elem,Richardson ISD,B,12.3,391,https://txschools.net/campus/jess-harben-elem-057916129
4503,7358,42,007902041,Jourdanton JH,Jourdanton ISD,B,12.3,353,https://txschools.net/campus/jourdanton-jh-007902041
4503,7358,42,043902105,Judith L Harlow Elem,Anna ISD,C,12.3,727,https://txschools.net/campus/judith-l-harlow-elem-043902105
4503,7358,42,201903001,Laneville School,Laneville ISD,D,12.3,104,https://txschools.net/campus/laneville-school-201903001
4503,7358,42,105906111,Laura B Negley Elem,Hays CISD,B,12.3,815,https://txschools.net/campus/laura-b-negley-elem-105906111
4503,7358,42,188901114,Lawndale Elem,Amarillo ISD,B,12.3,327,https://txschools.net/campus/lawndale-elem-188901114
4503,7358,42,057905130,Leila P Cowart Elem,Dallas ISD,B,12.3,486,https://txschools.net/campus/leila-p-cowart-elem-057905130
4503,7358,42,146906103,Liberty Elem,Liberty ISD,D,12.3,705,https://txschools.net/campus/liberty-elem-146906103
4503,7358,42,212903001,Lindale HS,Lindale ISD,A,12.3,1297,https://txschools.net/campus/lindale-hs-212903001
4503,7358,42,241906041,Louise JH,Louise ISD,A,12.3,106,https://txschools.net/campus/louise-jh-241906041
4503,7358,42,227901122,Maplewood Elem,Austin ISD,A,12.3,426,https://txschools.net/campus/maplewood-elem-227901122
4503,7358,42,034906001,McLeod School,McLeod ISD,A,12.3,420,https://txschools.net/campus/mcleod-school-034906001
4503,7358,42,250903001,Mineola HS,Mineola ISD,A,12.3,483,https://txschools.net/campus/mineola-hs-250903001
4503,7358,42,161910101,Moody Elem,Moody ISD,B,12.3,298,https://txschools.net/campus/moody-elem-161910101
4503,7358,42,014906115,Nolanville Elem,Killeen ISD,B,12.3,677,https://txschools.net/campus/nolanville-elem-014906115
4503,7358,42,145906101,Normangee Elem,Normangee ISD,B,12.3,301,https://txschools.net/campus/normangee-elem-145906101
4503,7358,42,020902102,Northside Elem,Angleton ISD,B,12.3,422,https://txschools.net/campus/northside-elem-020902102
4503,7358,42,172905102,Pewitt Elem,Pewitt CISD,B,12.3,397,https://txschools.net/campus/pewitt-elem-172905102
4503,7358,42,221901113,Purcell STEM Academy,Abilene ISD,D,12.3,691,https://txschools.net/campus/purcell-stem-academy-221901113
4503,7358,42,057916044,Richardson West Technology and Arts Magnet,Richardson ISD,B,12.3,745,https://txschools.net/campus/richardson-west-technology-and-arts-magnet-057916044
4503,7358,42,108913104,Rodolfo Rudy Silva Jr Elem,Weslaco ISD,D,12.3,636,https://txschools.net/campus/rodolfo-rudy-silva-jr-elem-108913104
4503,7358,42,101914110,Sundown Elem,Katy ISD,C,12.3,646,https://txschools.net/campus/sundown-elem-101914110
4503,7358,42,014906126,Venable Village Elem,Killeen ISD,C,12.3,533,https://txschools.net/campus/venable-village-elem-014906126
4546,7358,37,095901041,Abernathy MS,Abernathy ISD,A,12.2,183,https://txschools.net/campus/abernathy-ms-095901041
4546,7358,37,126901101,Alvarado Elem-South,Alvarado ISD,C,12.2,551,https://txschools.net/campus/alvarado-elem-south-126901101
4546,7358,37,121902101,Brookeland Elem,Brookeland ISD,C,12.2,207,https://txschools.net/campus/brookeland-elem-121902101
4546,7358,37,031901128,Burns Elem,Brownsville ISD,A,12.2,622,https://txschools.net/campus/burns-elem-031901128
4546,7358,37,057909103,Caldwell Elem,Garland ISD,C,12.2,462,https://txschools.net/campus/caldwell-elem-057909103
4546,7358,37,166901101,Cameron Elem,Cameron ISD,F,12.2,288,https://txschools.net/campus/cameron-elem-166901101
4546,7358,37,106901001,Canadian HS,Canadian ISD,A,12.2,248,https://txschools.net/campus/canadian-hs-106901001
4546,7358,37,101911123,Clark Elem,Goose Creek CISD,C,12.2,768,https://txschools.net/campus/clark-elem-101911123
4546,7358,37,220906004,Colleyville Heritage HS,Grapevine-Colleyville ISD,A,12.2,1775,https://txschools.net/campus/colleyville-heritage-hs-220906004
4546,7358,37,052901101,Crane Elem,Crane ISD,D,12.2,607,https://txschools.net/campus/crane-elem-052901101
4546,7358,37,071905043,Eastwood MS,Ysleta ISD,B,12.2,1246,https://txschools.net/campus/eastwood-ms-071905043
4546,7358,37,101912321,Energized for STEM Academy HS,Houston ISD,A,12.2,492,https://txschools.net/campus/energized-for-stem-academy-hs-101912321
4546,7358,37,105906043,Eric Dahlstrom MS,Hays CISD,B,12.2,778,https://txschools.net/campus/eric-dahlstrom-ms-105906043
4546,7358,37,126902008,Game Development Design School at Burleson ISD,Burleson ISD,A,12.2,319,https://txschools.net/campus/game-development-design-school-at-burleson-isd-126902008
4546,7358,37,031901134,Hudson Elem,Brownsville ISD,A,12.2,768,https://txschools.net/campus/hudson-elem-031901134
4546,7358,37,015910135,Huebner Elem,North East ISD,A,12.2,460,https://txschools.net/campus/huebner-elem-015910135
4546,7358,37,034903041,Hughes Springs JH,Hughes Springs ISD,B,12.2,211,https://txschools.net/campus/hughes-springs-jh-034903041
4546,7358,37,061914043,Jerry R Walker MS,Little Elm ISD,C,12.2,845,https://txschools.net/campus/jerry-r-walker-ms-061914043
4546,7358,37,220901121,Johns Elem,Arlington ISD,D,12.2,499,https://txschools.net/campus/johns-elem-220901121
4546,7358,37,178904151,Jones Elem,Corpus Christi ISD,B,12.2,494,https://txschools.net/campus/jones-elem-178904151
4546,7358,37,057905271,Julian T Saldivar Elem,Dallas ISD,C,12.2,622,https://txschools.net/campus/julian-t-saldivar-elem-057905271
4546,7358,37,128901107,Karnes City Pri,Karnes City ISD,D,12.2,186,https://txschools.net/campus/karnes-city-pri-128901107
4546,7358,37,070905104,Lee Longino Elem,Ferris ISD,B,12.2,475,https://txschools.net/campus/lee-longino-elem-070905104
4546,7358,37,220908007,Mansfield Lake Ridge HS,Mansfield ISD,A,12.2,2677,https://txschools.net/campus/mansfield-lake-ridge-hs-220908007
4546,7358,37,091903112,Mayes Elem,Denison ISD,C,12.2,480,https://txschools.net/campus/mayes-elem-091903112
4546,7358,37,013903001,Pettus Secondary,Pettus ISD,B,12.2,206,https://txschools.net/campus/pettus-secondary-013903001
4546,7358,37,019912001,Pleasant Grove HS,Pleasant Grove ISD,A,12.2,820,https://txschools.net/campus/pleasant-grove-hs-019912001
4546,7358,37,015910007,Reagan HS,North East ISD,A,12.2,3314,https://txschools.net/campus/reagan-hs-015910007
4546,7358,37,014906137,Richard E Cavazos Elem,Killeen ISD,B,12.2,516,https://txschools.net/campus/richard-e-cavazos-elem-014906137
4546,7358,37,041902001,Robert Lee School,Robert Lee ISD,B,12.2,245,https://txschools.net/campus/robert-lee-school-041902001
4546,7358,37,092906102,Sabine Elem,Sabine ISD,C,12.2,623,https://txschools.net/campus/sabine-elem-092906102
4546,7358,37,123907108,Travis Elem,Port Arthur ISD,F,12.2,545,https://txschools.net/campus/travis-elem-123907108
4546,7358,37,230908001,Union Grove HS,Union Grove ISD,A,12.2,229,https://txschools.net/campus/union-grove-hs-230908001
4546,7358,37,126908041,Venus MS,Venus ISD,D,12.2,510,https://txschools.net/campus/venus-ms-126908041
4546,7358,37,161916001,West HS,West ISD,A,12.2,387,https://txschools.net/campus/west-hs-161916001
4546,7358,37,037904104,West Side Elem,Jacksonville ISD,D,12.2,369,https://txschools.net/campus/west-side-elem-037904104
4546,7358,37,015910137,Wetmore Elem,North East ISD,C,12.2,431,https://txschools.net/campus/wetmore-elem-015910137
4546,7358,37,092908001,White Oak HS,White Oak ISD,A,12.2,417,https://txschools.net/campus/white-oak-hs-092908001
4584,7358,47,057916135,Aikin Elem,Richardson ISD,D,12.1,443,https://txschools.net/campus/aikin-elem-057916135
4584,7358,47,020901101,Alvin Elem,Alvin ISD,B,12.1,581,https://txschools.net/campus/alvin-elem-020901101
4584,7358,47,246913044,Artie L Henry MS,Leander ISD,A,12.1,1255,https://txschools.net/campus/artie-l-henry-ms-246913044
4584,7358,47,220915104,Azle Elem,Azle ISD,C,12.1,552,https://txschools.net/campus/azle-elem-220915104
4584,7358,47,230901101,Big Sandy Elem,Big Sandy ISD,D,12.1,325,https://txschools.net/campus/big-sandy-elem-230901101
4584,7358,47,057909119,Bradfield Elem,Garland ISD,B,12.1,510,https://txschools.net/campus/bradfield-elem-057909119
4584,7358,47,161919101,Bruceville-Eddy Elem,Bruceville-Eddy ISD,F,12.1,113,https://txschools.net/campus/bruceville-eddy-elem-161919101
4584,7358,47,220901147,Bryant Elem,Arlington ISD,B,12.1,446,https://txschools.net/campus/bryant-elem-220901147
4584,7358,47,212902102,Bullard Int,Bullard ISD,B,12.1,450,https://txschools.net/campus/bullard-int-212902102
4584,7358,47,061911007,Byron Nelson HS,Northwest ISD,B,12.1,2996,https://txschools.net/campus/byron-nelson-hs-061911007
4584,7358,47,116901001,Caddo Mills HS,Caddo Mills ISD,A,12.1,910,https://txschools.net/campus/caddo-mills-hs-116901001
4584,7358,47,178903105,Calallen Wood River Elem,Calallen ISD,B,12.1,431,https://txschools.net/campus/calallen-wood-river-elem-178903105
4584,7358,47,220908106,Charlotte Anderson Preparatory Academy,Mansfield ISD,B,12.1,421,https://txschools.net/campus/charlotte-anderson-preparatory-academy-220908106
4584,7358,47,146903041,Devers JH,Devers ISD,A,12.1,50,https://txschools.net/campus/devers-jh-146903041
4584,7358,47,043907043,Dowell MS,McKinney ISD,A,12.1,975,https://txschools.net/campus/dowell-ms-043907043
4584,7358,47,237904107,Evelyn Turlington Elem,Waller ISD,B,12.1,628,https://txschools.net/campus/evelyn-turlington-elem-237904107
4584,7358,47,081902041,Fairfield JH,Fairfield ISD,B,12.1,373,https://txschools.net/campus/fairfield-jh-081902041
4584,7358,47,057906108,Frank D Moates Elem,Desoto ISD,F,12.1,459,https://txschools.net/campus/frank-d-moates-elem-057906108
4584,7358,47,212906111,Gus Winston Cain Elem,Whitehouse ISD,A,12.1,518,https://txschools.net/campus/gus-winston-cain-elem-212906111
4584,7358,47,143901041,Hallettsville JH,Hallettsville ISD,B,12.1,319,https://txschools.net/campus/hallettsville-jh-143901041
4584,7358,47,129902104,Henderson Elem,Forney ISD,D,12.1,594,https://txschools.net/campus/henderson-elem-129902104
4584,7358,47,079907150,Heritage Rose Elem,Fort Bend ISD,C,12.1,857,https://txschools.net/campus/heritage-rose-elem-079907150
4584,7358,47,170902108,Lamar Elem,Conroe ISD,A,12.1,650,https://txschools.net/campus/lamar-elem-170902108
4584,7358,47,015915152,Leon Springs Elem,Northside ISD,A,12.1,396,https://txschools.net/campus/leon-springs-elem-015915152
4584,7358,47,110902106,Levelland Academic Beginnings Center,Levelland ISD,C,12.1,476,https://txschools.net/campus/levelland-academic-beginnings-center-110902106
4584,7358,47,129902107,Lewis Elem,Forney ISD,C,12.1,757,https://txschools.net/campus/lewis-elem-129902107
4584,7358,47,144902001,Lexington HS,Lexington ISD,A,12.1,301,https://txschools.net/campus/lexington-hs-144902001
4584,7358,47,212903041,Lindale JH,Lindale ISD,A,12.1,684,https://txschools.net/campus/lindale-jh-212903041
4584,7358,47,070912112,Marvin Biomedical Academy,Waxahachie ISD,D,12.1,481,https://txschools.net/campus/marvin-biomedical-academy-070912112
4584,7358,47,015916115,Mary Lou Hartman,Judson ISD,D,12.1,591,https://txschools.net/campus/mary-lou-hartman-015916115
4584,7358,47,010901001,Medina School,Medina ISD,B,12.1,239,https://txschools.net/campus/medina-school-010901001
4584,7358,47,061901107,Newton Rayzor Elem,Denton ISD,D,12.1,662,https://txschools.net/campus/newton-rayzor-elem-061901107
4584,7358,47,094904101,Norma Krueger Elem-Primary,Marion ISD,D,12.1,384,https://txschools.net/campus/norma-krueger-elem-primary-094904101
4584,7358,47,220916105,North Euless Elem,Hurst-Euless-Bedford ISD,B,12.1,571,https://txschools.net/campus/north-euless-elem-220916105
4584,7358,47,061911116,O A Peterson,Northwest ISD,C,12.1,627,https://txschools.net/campus/o-a-peterson-061911116
4584,7358,47,057905168,Obadiah Knight Elem,Dallas ISD,B,12.1,230,https://txschools.net/campus/obadiah-knight-elem-057905168
4584,7358,47,188901120,Olsen Park Elem,Amarillo ISD,B,12.1,380,https://txschools.net/campus/olsen-park-elem-188901120
4584,7358,47,031901137,Paredes Elem,Brownsville ISD,A,12.1,813,https://txschools.net/campus/paredes-elem-031901137
4584,7358,47,246909117,Pond Springs Elem,Round Rock ISD,B,12.1,476,https://txschools.net/campus/pond-springs-elem-246909117
4584,7358,47,220907129,Ridgeview Elem,Keller ISD,B,12.1,506,https://txschools.net/campus/ridgeview-elem-220907129
4584,7358,47,021902046,Sam Rayburn,Bryan ISD,C,12.1,695,https://txschools.net/campus/sam-rayburn-021902046
4584,7358,47,042903101,Santa Anna Elem,Santa Anna ISD,F,12.1,144,https://txschools.net/campus/santa-anna-elem-042903101
4584,7358,47,057912114,Schulze Elem,Irving ISD,F,12.1,803,https://txschools.net/campus/schulze-elem-057912114
4584,7358,47,152909041,Shallowater MS,Shallowater ISD,A,12.1,407,https://txschools.net/campus/shallowater-ms-152909041
4584,7358,47,057909138,Spring Creek Elem,Garland ISD,B,12.1,699,https://txschools.net/campus/spring-creek-elem-057909138
4584,7358,47,246913107,Steiner Ranch Elem,Leander ISD,A,12.1,378,https://txschools.net/campus/steiner-ranch-elem-246913107
4584,7358,47,158906041,Van Vleck Jr HS,Van Vleck ISD,C,12.1,269,https://txschools.net/campus/van-vleck-jr-hs-158906041
4584,7358,47,220905159,Versia Williams Elem,Fort Worth ISD,B,12.1,272,https://txschools.net/campus/versia-williams-elem-220905159
4632,7358,41,220902116,Academy at Carrie F Thomas,Birdville ISD,B,12,537,https://txschools.net/campus/academy-at-carrie-f-thomas-220902116
4632,7358,41,212901101,Arp Elem,Arp ISD,C,12,415,https://txschools.net/campus/arp-elem-212901101
4632,7358,41,217901001,Aspermont Schools,Aspermont ISD,A,12,210,https://txschools.net/campus/aspermont-schools-217901001
4632,7358,41,079907052,Billy Baines MS,Fort Bend ISD,C,12,1381,https://txschools.net/campus/billy-baines-ms-079907052
4632,7358,41,107902104,Brownsboro Int,Brownsboro ISD,C,12,336,https://txschools.net/campus/brownsboro-int-107902104
4632,7358,41,073901001,Chilton School,Chilton ISD,A,12,574,https://txschools.net/campus/chilton-school-073901001
4632,7358,41,043911041,Clark MS,Princeton ISD,A,12,520,https://txschools.net/campus/clark-ms-043911041
4632,7358,41,220918116,Copper Creek Elem,Eagle Mt-Saginaw ISD,C,12,671,https://txschools.net/campus/copper-creek-elem-220918116
4632,7358,41,170902106,Creighton Elem,Conroe ISD,F,12,616,https://txschools.net/campus/creighton-elem-170902106
4632,7358,41,184903102,Crockett Elem,Weatherford ISD,D,12,407,https://txschools.net/campus/crockett-elem-184903102
4632,7358,41,043905013,Emerson HS,Frisco ISD,B,12,1853,https://txschools.net/campus/emerson-hs-043905013
4632,7358,41,220905223,Esperanza Elem,Fort Worth ISD,B,12,436,https://txschools.net/campus/esperanza-elem-220905223
4632,7358,41,101908044,Fairmont JH,Deer Park ISD,A,12,687,https://txschools.net/campus/fairmont-jh-101908044
4632,7358,41,084910126,G W Robinson,Clear Creek ISD,C,12,505,https://txschools.net/campus/g-w-robinson-084910126
4632,7358,41,043901104,Gene M Reed Elem,Allen ISD,B,12,437,https://txschools.net/campus/gene-m-reed-elem-043901104
4632,7358,41,088902041,Goliad MS,Goliad ISD,C,12,290,https://txschools.net/campus/goliad-ms-088902041
4632,7358,41,147902042,Groesbeck MS,Groesbeck ISD,B,12,235,https://txschools.net/campus/groesbeck-ms-147902042
4632,7358,41,102904041,Hallsville JH,Hallsville ISD,B,12,771,https://txschools.net/campus/hallsville-jh-102904041
4632,7358,41,101911016,Impact Early College HS,Goose Creek CISD,A,12,414,https://txschools.net/campus/impact-early-college-hs-101911016
4632,7358,41,109907041,Itasca MS,Itasca ISD,C,12,138,https://txschools.net/campus/itasca-ms-109907041
4632,7358,41,221911001,Jim Ned HS,Jim Ned CISD,B,12,454,https://txschools.net/campus/jim-ned-hs-221911001
4632,7358,41,136901101,Jones Elem/Intermediate School,Brackett ISD,C,12,224,https://txschools.net/campus/jones-elem-intermediate-school-136901101
4632,7358,41,129904102,Kemp Int,Kemp ISD,D,12,290,https://txschools.net/campus/kemp-int-129904102
4632,7358,41,071902166,Kohlberg Elem,El Paso ISD,B,12,415,https://txschools.net/campus/kohlberg-elem-071902166
4632,7358,41,220905116,Lily B Clayton Elem,Fort Worth ISD,B,12,461,https://txschools.net/campus/lily-b-clayton-elem-220905116
4632,7358,41,061914044,Lowell H Strike MS,Little Elm ISD,C,12,885,https://txschools.net/campus/lowell-h-strike-ms-061914044
4632,7358,41,154901001,Madisonville HS,Madisonville CISD,A,12,680,https://txschools.net/campus/madisonville-hs-154901001
4632,7358,41,037904043,Nichols Int,Jacksonville ISD,D,12,690,https://txschools.net/campus/nichols-int-037904043
4632,7358,41,126902042,Nick Kerr MS,Burleson ISD,C,12,1213,https://txschools.net/campus/nick-kerr-ms-126902042
4632,7358,41,015915016,O'Connor HS,Northside ISD,B,12,2443,https://txschools.net/campus/o-connor-hs-015915016
4632,7358,41,031901139,Ortiz Elem,Brownsville ISD,B,12,558,https://txschools.net/campus/ortiz-elem-031901139
4632,7358,41,043910056,Otto MS,Plano ISD,B,12,985,https://txschools.net/campus/otto-ms-043910056
4632,7358,41,101907129,Reed Elem,Cypress-Fairbanks ISD,C,12,827,https://txschools.net/campus/reed-elem-101907129
4632,7358,41,161922001,Robinson HS,Robinson ISD,A,12,744,https://txschools.net/campus/robinson-hs-161922001
4632,7358,41,092906002,Sabine HS,Sabine ISD,A,12,458,https://txschools.net/campus/sabine-hs-092906002
4632,7358,41,061911115,Sendera Ranch Elem,Northwest ISD,C,12,793,https://txschools.net/campus/sendera-ranch-elem-061911115
4632,7358,41,101914045,T H McDonald JH,Katy ISD,B,12,928,https://txschools.net/campus/t-h-mcdonald-jh-101914045
4632,7358,41,246909131,Teravista Elem,Round Rock ISD,B,12,793,https://txschools.net/campus/teravista-elem-246909131
4632,7358,41,234906104,Van MS,Van ISD,D,12,828,https://txschools.net/campus/van-ms-234906104
4632,7358,41,102903103,Waskom Elem,Waskom ISD,D,12,337,https://txschools.net/campus/waskom-elem-102903103
4632,7358,41,178903106,Wilma Magee Int,Calallen ISD,B,12,407,https://txschools.net/campus/wilma-magee-int-178903106
4632,7358,41,062903103,Yoakum Pri,Yoakum ISD,B,12,204,https://txschools.net/campus/yoakum-pri-062903103
4674,7358,37,220916126,Arbor Creek Elem,Hurst-Euless-Bedford ISD,B,11.9,678,https://txschools.net/campus/arbor-creek-elem-220916126
4674,7358,37,159901121,Armando Cerna Elem,Eagle Pass ISD,B,11.9,557,https://txschools.net/campus/armando-cerna-elem-159901121
4674,7358,37,170906110,Audubon Elem,Magnolia ISD,A,11.9,668,https://txschools.net/campus/audubon-elem-170906110
4674,7358,37,101912109,Berry Elem,Houston ISD,B,11.9,713,https://txschools.net/campus/berry-elem-101912109
4674,7358,37,020901119,Bob and Betty Nelson Elem,Alvin ISD,B,11.9,703,https://txschools.net/campus/bob-and-betty-nelson-elem-020901119
4674,7358,37,079901102,Bowie Elem,Lamar CISD,B,11.9,517,https://txschools.net/campus/bowie-elem-079901102
4674,7358,37,043905108,Bright Acad,Frisco ISD,B,11.9,511,https://txschools.net/campus/bright-acad-043905108
4674,7358,37,145901041,Buffalo JH,Buffalo ISD,B,11.9,418,https://txschools.net/campus/buffalo-jh-145901041
4674,7358,37,191901041,Canyon JH,Canyon ISD,B,11.9,564,https://txschools.net/campus/canyon-jh-191901041
4674,7358,37,101919018,Carl Wunsche Sr HS,Spring ISD,A,11.9,1511,https://txschools.net/campus/carl-wunsche-sr-hs-101919018
4674,7358,37,101908101,Carpenter Elem,Deer Park ISD,C,11.9,849,https://txschools.net/campus/carpenter-elem-101908101
4674,7358,37,057909108,Daugherty Elem,Garland ISD,C,11.9,797,https://txschools.net/campus/daugherty-elem-057909108
4674,7358,37,249905001,Decatur HS,Decatur ISD,C,11.9,1156,https://txschools.net/campus/decatur-hs-249905001
4674,7358,37,199901108,Dorothy Smith Pullen Elem,Rockwall ISD,A,11.9,534,https://txschools.net/campus/dorothy-smith-pullen-elem-199901108
4674,7358,37,199901109,Dorris A Jones Elem,Rockwall ISD,B,11.9,492,https://txschools.net/campus/dorris-a-jones-elem-199901109
4674,7358,37,061911043,Gene Pike MS,Northwest ISD,B,11.9,1198,https://txschools.net/campus/gene-pike-ms-061911043
4674,7358,37,246904045,George Wagner MS,Georgetown ISD,D,11.9,793,https://txschools.net/campus/george-wagner-ms-246904045
4674,7358,37,228901102,Groveton Elem,Groveton ISD,D,11.9,365,https://txschools.net/campus/groveton-elem-228901102
4674,7358,37,102904108,Hallsville North Elem,Hallsville ISD,C,11.9,562,https://txschools.net/campus/hallsville-north-elem-102904108
4674,7358,37,057912119,Hanes Elem,Irving ISD,D,11.9,634,https://txschools.net/campus/hanes-elem-057912119
4674,7358,37,225907001,Harts Bluff Early College HS,Harts Bluff ISD,A,11.9,212,https://txschools.net/campus/harts-bluff-early-college-hs-225907001
4674,7358,37,188901111,Humphrey's Highland Elem,Amarillo ISD,C,11.9,626,https://txschools.net/campus/humphrey-s-highland-elem-188901111
4674,7358,37,061911113,J Lyndal Hughes Elem,Northwest ISD,C,11.9,667,https://txschools.net/campus/j-lyndal-hughes-elem-061911113
4674,7358,37,079901118,Jackson Elem,Lamar CISD,B,11.9,283,https://txschools.net/campus/jackson-elem-079901118
4674,7358,37,061912101,Lake Dallas Elem,Lake Dallas ISD,D,11.9,566,https://txschools.net/campus/lake-dallas-elem-061912101
4674,7358,37,140904041,Littlefield JH,Littlefield ISD,B,11.9,257,https://txschools.net/campus/littlefield-jh-140904041
4674,7358,37,057905275,Louise Wolff Kahn Elem,Dallas ISD,B,11.9,512,https://txschools.net/campus/louise-wolff-kahn-elem-057905275
4674,7358,37,071902177,Marguerite J Lundy Elem,El Paso ISD,A,11.9,830,https://txschools.net/campus/marguerite-j-lundy-elem-071902177
4674,7358,37,126902103,Mound Elem,Burleson ISD,A,11.9,407,https://txschools.net/campus/mound-elem-126902103
4674,7358,37,246913114,Pleasant Hill Elem,Leander ISD,B,11.9,709,https://txschools.net/campus/pleasant-hill-elem-246913114
4674,7358,37,057905170,Richard Lagow Elem,Dallas ISD,C,11.9,410,https://txschools.net/campus/richard-lagow-elem-057905170
4674,7358,37,126907001,Rio Vista HS,Rio Vista ISD,B,11.9,280,https://txschools.net/campus/rio-vista-hs-126907001
4674,7358,37,061911108,Seven Hills Elem,Northwest ISD,C,11.9,675,https://txschools.net/campus/seven-hills-elem-061911108
4674,7358,37,111903001,Tolar HS,Tolar ISD,A,11.9,277,https://txschools.net/campus/tolar-hs-111903001
4674,7358,37,220907047,Vista Ridge MS,Keller ISD,C,11.9,790,https://txschools.net/campus/vista-ridge-ms-220907047
4674,7358,37,057914006,Vroonland - Vanguard HS,Mesquite ISD,A,11.9,1592,https://txschools.net/campus/vroonland-vanguard-hs-057914006
4674,7358,37,057905104,William M Anderson Elem,Dallas ISD,C,11.9,552,https://txschools.net/campus/william-m-anderson-elem-057905104
4674,7358,37,220901133,Wood Elem,Arlington ISD,C,11.9,727,https://txschools.net/campus/wood-elem-220901133
4712,7358,27,008901001,Bellville HS,Bellville ISD,B,11.8,769,https://txschools.net/campus/bellville-hs-008901001
4712,7358,27,249903041,Bridgeport MS,Bridgeport ISD,C,11.8,485,https://txschools.net/campus/bridgeport-ms-249903041
4712,7358,27,237904108,Bryan Lowe Elem,Waller ISD,B,11.8,1052,https://txschools.net/campus/bryan-lowe-elem-237904108
4712,7358,27,101912124,Burnet Elem,Houston ISD,B,11.8,307,https://txschools.net/campus/burnet-elem-101912124
4712,7358,27,246904102,Carver Elem,Georgetown ISD,B,11.8,694,https://txschools.net/campus/carver-elem-246904102
4712,7358,27,246913041,Cedar Park MS,Leander ISD,A,11.8,1439,https://txschools.net/campus/cedar-park-ms-246913041
4712,7358,27,043905106,Christie Elem,Frisco ISD,B,11.8,612,https://txschools.net/campus/christie-elem-043905106
4712,7358,27,144903001,Dime Box School,Dime Box ISD,B,11.8,169,https://txschools.net/campus/dime-box-school-144903001
4712,7358,27,235902126,Ella Schorlemmer Elem,Victoria ISD,B,11.8,431,https://txschools.net/campus/ella-schorlemmer-elem-235902126
4712,7358,27,178914101,Flour Bluff Elem,Flour Bluff ISD,B,11.8,748,https://txschools.net/campus/flour-bluff-elem-178914101
4712,7358,27,220907122,Friendship Elem,Keller ISD,D,11.8,442,https://txschools.net/campus/friendship-elem-220907122
4712,7358,27,079901121,Irma Dru Hutchison Elem,Lamar CISD,B,11.8,508,https://txschools.net/campus/irma-dru-hutchison-elem-079901121
4712,7358,27,220908119,Janet Brockett Elem,Mansfield ISD,D,11.8,387,https://txschools.net/campus/janet-brockett-elem-220908119
4712,7358,27,007902102,Jourdanton ECC,Jourdanton ISD,C,11.8,257,https://txschools.net/campus/jourdanton-ecc-007902102
4712,7358,27,126911042,Legacy Elem,Godley ISD,C,11.8,536,https://txschools.net/campus/legacy-elem-126911042
4712,7358,27,101903106,Mahanay Elem,Alief ISD,C,11.8,446,https://txschools.net/campus/mahanay-elem-101903106
4712,7358,27,057905182,Marcus Leadership Academy,Dallas ISD,B,11.8,692,https://txschools.net/campus/marcus-leadership-academy-057905182
4712,7358,27,079907110,Meadows Elem,Fort Bend ISD,C,11.8,406,https://txschools.net/campus/meadows-elem-079907110
4712,7358,27,220905146,Moore M H Elem,Fort Worth ISD,B,11.8,461,https://txschools.net/campus/moore-m-h-elem-220905146
4712,7358,27,057905233,Nathan Adams Elem,Dallas ISD,C,11.8,372,https://txschools.net/campus/nathan-adams-elem-057905233
4712,7358,27,230903041,Ore City MS,Ore City ISD,C,11.8,201,https://txschools.net/campus/ore-city-ms-230903041
4712,7358,27,212905117,Rice Elem,Tyler ISD,D,11.8,601,https://txschools.net/campus/rice-elem-212905117
4712,7358,27,166904041,Rockdale JH,Rockdale ISD,C,11.8,332,https://txschools.net/campus/rockdale-jh-166904041
4712,7358,27,014906136,Skipcha Elem,Killeen ISD,B,11.8,883,https://txschools.net/campus/skipcha-elem-014906136
4712,7358,27,107901102,South Athens Elem,Athens ISD,C,11.8,434,https://txschools.net/campus/south-athens-elem-107901102
4712,7358,27,031916042,South Texas ISD Rising Scholars Academy,South Texas ISD,A,11.8,776,https://txschools.net/campus/south-texas-isd-rising-scholars-academy-031916042
4712,7358,27,020901107,Walt Disney Elem,Alvin ISD,B,11.8,450,https://txschools.net/campus/walt-disney-elem-020901107
4712,7358,27,102902108,Wm B Travis Elem,Marshall ISD,B,11.8,474,https://txschools.net/campus/wm-b-travis-elem-102902108
4740,7358,37,250906101,Alba-Golden Elem,Alba-Golden ISD,C,11.7,367,https://txschools.net/campus/alba-golden-elem-250906101
4740,7358,37,205902104,Andrews Elem,Gregory-Portland ISD,B,11.7,499,https://txschools.net/campus/andrews-elem-205902104
4740,7358,37,126902110,Ann Brock Elem at Oak Grove,Burleson ISD,C,11.7,653,https://txschools.net/campus/ann-brock-elem-at-oak-grove-126902110
4740,7358,37,057916050,Apollo JH,Richardson ISD,B,11.7,576,https://txschools.net/campus/apollo-jh-057916050
4740,7358,37,196901001,Austwell-Tivoli HS,Austwell-Tivoli ISD,D,11.7,59,https://txschools.net/campus/austwell-tivoli-hs-196901001
4740,7358,37,163908103,Castroville Elem,Medina Valley ISD,A,11.7,636,https://txschools.net/campus/castroville-elem-163908103
4740,7358,37,043903001,Celina HS,Celina ISD,B,11.7,1516,https://txschools.net/campus/celina-hs-043903001
4740,7358,37,072903102,Chamberlin Elem,Stephenville ISD,A,11.7,515,https://txschools.net/campus/chamberlin-elem-072903102
4740,7358,37,225906041,Chapel Hill JH,Chapel Hill ISD,C,11.7,217,https://txschools.net/campus/chapel-hill-jh-225906041
4740,7358,37,057909163,Club Hill STEM Elem,Garland ISD,B,11.7,422,https://txschools.net/campus/club-hill-stem-elem-057909163
4740,7358,37,015916119,Copperfield Elem,Judson ISD,C,11.7,627,https://txschools.net/campus/copperfield-elem-015916119
4740,7358,37,227901183,Cowan Elem,Austin ISD,B,11.7,551,https://txschools.net/campus/cowan-elem-227901183
4740,7358,37,170902073,Cryar Int,Conroe ISD,B,11.7,797,https://txschools.net/campus/cryar-int-170902073
4740,7358,37,199901105,Doris Cullins-Lake Pointe Elem,Rockwall ISD,C,11.7,424,https://txschools.net/campus/doris-cullins-lake-pointe-elem-199901105
4740,7358,37,025909041,Early MS,Early ISD,B,11.7,250,https://txschools.net/campus/early-ms-025909041
4740,7358,37,126902102,Frazier Elem,Burleson ISD,B,11.7,502,https://txschools.net/campus/frazier-elem-126902102
4740,7358,37,226903112,Glenmore Elem,San Angelo ISD,B,11.7,387,https://txschools.net/campus/glenmore-elem-226903112
4740,7358,37,019902041,Hooks JH,Hooks ISD,B,11.7,245,https://txschools.net/campus/hooks-jh-019902041
4740,7358,37,020901049,Jackie Doucet Caffey JH,Alvin ISD,B,11.7,593,https://txschools.net/campus/jackie-doucet-caffey-jh-020901049
4740,7358,37,047901041,Jefferies JH,Comanche ISD,B,11.7,286,https://txschools.net/campus/jefferies-jh-047901041
4740,7358,37,126905003,Joshua HS Ninth Grade Campus,Joshua ISD,A,11.7,463,https://txschools.net/campus/joshua-hs-ninth-grade-campus-126905003
4740,7358,37,101907134,Kirk Elem,Cypress-Fairbanks ISD,C,11.7,693,https://txschools.net/campus/kirk-elem-101907134
4740,7358,37,220908046,Linda Jobe MS,Mansfield ISD,B,11.7,824,https://txschools.net/campus/linda-jobe-ms-220908046
4740,7358,37,070915101,Lorene Smith Kirkpatrick Elem,Maypearl ISD,B,11.7,487,https://txschools.net/campus/lorene-smith-kirkpatrick-elem-070915101
4740,7358,37,043901002,Lowery Freshman Center,Allen ISD,A,11.7,1667,https://txschools.net/campus/lowery-freshman-center-043901002
4740,7358,37,070915041,Maypearl MS,Maypearl ISD,C,11.7,374,https://txschools.net/campus/maypearl-ms-070915041
4740,7358,37,105902108,Mendez Elem,San Marcos CISD,D,11.7,585,https://txschools.net/campus/mendez-elem-105902108
4740,7358,37,101912458,Mickey Leland College Prep Acad for Young Men,Houston ISD,A,11.7,204,https://txschools.net/campus/mickey-leland-college-prep-acad-for-young-men-101912458
4740,7358,37,015915195,Mireles Elem,Northside ISD,B,11.7,715,https://txschools.net/campus/mireles-elem-015915195
4740,7358,37,092904041,Pine Tree JH,Pine Tree ISD,B,11.7,696,https://txschools.net/campus/pine-tree-jh-092904041
4740,7358,37,101910109,Pyburn Elem,Galena Park ISD,A,11.7,429,https://txschools.net/campus/pyburn-elem-101910109
4740,7358,37,170902114,Rice Elem,Conroe ISD,C,11.7,558,https://txschools.net/campus/rice-elem-170902114
4740,7358,37,079907016,Ridge Point HS,Fort Bend ISD,B,11.7,2634,https://txschools.net/campus/ridge-point-hs-079907016
4740,7358,37,184902107,Springtown Reno Elem,Springtown ISD,B,11.7,356,https://txschools.net/campus/springtown-reno-elem-184902107
4740,7358,37,057905183,Thomas L Marsalis Elem STEAM Academy,Dallas ISD,B,11.7,400,https://txschools.net/campus/thomas-l-marsalis-elem-steam-academy-057905183
4740,7358,37,015910144,Tuscany Heights,North East ISD,B,11.7,572,https://txschools.net/campus/tuscany-heights-015910144
4740,7358,37,234907041,Wills Point MS,Wills Point ISD,C,11.7,427,https://txschools.net/campus/wills-point-ms-234907041
4740,7358,37,062904001,Yorktown HS,Yorktown ISD,B,11.7,168,https://txschools.net/campus/yorktown-hs-062904001
4778,7358,29,057909123,B H Freeman at Golden Meadows Elem,Garland ISD,A,11.6,579,https://txschools.net/campus/b-h-freeman-at-golden-meadows-elem-057909123
4778,7358,29,015910142,Bulverde Creek,North East ISD,B,11.6,828,https://txschools.net/campus/bulverde-creek-015910142
4778,7358,29,249904041,Chico MS,Chico ISD,C,11.6,119,https://txschools.net/campus/chico-ms-249904041
4778,7358,29,101914007,Cinco Ranch HS,Katy ISD,A,11.6,3662,https://txschools.net/campus/cinco-ranch-hs-101914007
4778,7358,29,057909047,Classical Center at Brandenburg MS,Garland ISD,A,11.6,1059,https://txschools.net/campus/classical-center-at-brandenburg-ms-057909047
4778,7358,29,046901106,County Line Elem,New Braunfels ISD,B,11.6,294,https://txschools.net/campus/county-line-elem-046901106
4778,7358,29,019905101,Crestview Elem,New Boston ISD,B,11.6,522,https://txschools.net/campus/crestview-elem-019905101
4778,7358,29,184903105,Curtis Elem,Weatherford ISD,C,11.6,611,https://txschools.net/campus/curtis-elem-184903105
4778,7358,29,057914133,Dr Linda Henrie Elem,Mesquite ISD,C,11.6,827,https://txschools.net/campus/dr-linda-henrie-elem-057914133
4778,7358,29,174903001,Garrison HS,Garrison ISD,A,11.6,220,https://txschools.net/campus/garrison-hs-174903001
4778,7358,29,101913109,Greentree Elem,Humble ISD,B,11.6,696,https://txschools.net/campus/greentree-elem-101913109
4778,7358,29,020908104,H C Carleston Elem,Pearland ISD,C,11.6,697,https://txschools.net/campus/h-c-carleston-elem-020908104
4778,7358,29,043910138,Hightower Elem,Plano ISD,A,11.6,442,https://txschools.net/campus/hightower-elem-043910138
4778,7358,29,101915050,Hofius Int,Klein ISD,A,11.6,1279,https://txschools.net/campus/hofius-int-101915050
4778,7358,29,074907001,Honey Grove HS,Honey Grove ISD,A,11.6,228,https://txschools.net/campus/honey-grove-hs-074907001
4778,7358,29,015907138,Irving Dual Language Academy,San Antonio ISD,B,11.6,554,https://txschools.net/campus/irving-dual-language-academy-015907138
4778,7358,29,240903056,Juan Roberto Ramirez MS,United ISD,B,11.6,529,https://txschools.net/campus/juan-roberto-ramirez-ms-240903056
4778,7358,29,227901045,Lamar MS,Austin ISD,B,11.6,1099,https://txschools.net/campus/lamar-ms-227901045
4778,7358,29,101914058,Nelson JH,Katy ISD,B,11.6,1185,https://txschools.net/campus/nelson-jh-101914058
4778,7358,29,176902041,Newton MS,Newton ISD,C,11.6,232,https://txschools.net/campus/newton-ms-176902041
4778,7358,29,152907103,North Ridge Elem,Frenship ISD,C,11.6,594,https://txschools.net/campus/north-ridge-elem-152907103
4778,7358,29,053001001,Ozona HS,Crockett County Consolidated CSD,B,11.6,211,https://txschools.net/campus/ozona-hs-053001001
4778,7358,29,015915167,Raba Elem,Northside ISD,B,11.6,551,https://txschools.net/campus/raba-elem-015915167
4778,7358,29,027903104,RJ Richey Elem,Burnet CISD,D,11.6,514,https://txschools.net/campus/rj-richey-elem-027903104
4778,7358,29,240903136,Roberto J Santos Elem,United ISD,B,11.6,589,https://txschools.net/campus/roberto-j-santos-elem-240903136
4778,7358,29,084910042,Seabrook Int,Clear Creek ISD,B,11.6,876,https://txschools.net/campus/seabrook-int-084910042
4778,7358,29,079907120,Settlers Way Elem,Fort Bend ISD,A,11.6,639,https://txschools.net/campus/settlers-way-elem-079907120
4778,7358,29,057909120,Shorehaven Elem,Garland ISD,A,11.6,346,https://txschools.net/campus/shorehaven-elem-057909120
4778,7358,29,101902008,Victory Early College HS,Aldine ISD,A,11.6,417,https://txschools.net/campus/victory-early-college-hs-101902008
4778,7358,29,212906041,Whitehouse JH,Whitehouse ISD,A,11.6,772,https://txschools.net/campus/whitehouse-jh-212906041
4808,7358,28,043901102,Alton Boyd Elem,Allen ISD,B,11.5,391,https://txschools.net/campus/alton-boyd-elem-043901102
4808,7358,28,057905371,Biomedical Preparatory at UT Southwestern,Dallas ISD,A,11.5,332,https://txschools.net/campus/biomedical-preparatory-at-ut-southwestern-057905371
4808,7358,28,057903131,Blair Elem,Carrollton-Farmers Branch ISD,A,11.5,623,https://txschools.net/campus/blair-elem-057903131
4808,7358,28,249902041,Boyd MS,Boyd ISD,C,11.5,245,https://txschools.net/campus/boyd-ms-249902041
4808,7358,28,027904102,Colt Elem,Marble Falls ISD,B,11.5,577,https://txschools.net/campus/colt-elem-027904102
4808,7358,28,019901001,DeKalb HS,DeKalb ISD,A,11.5,285,https://txschools.net/campus/dekalb-hs-019901001
4808,7358,28,061914107,Dr Ashley B Glover Elem,Little Elm ISD,C,11.5,548,https://txschools.net/campus/dr-ashley-b-glover-elem-061914107
4808,7358,28,015915193,Franklin Elem,Northside ISD,B,11.5,609,https://txschools.net/campus/franklin-elem-015915193
4808,7358,28,149901102,George West Pri,George West ISD,A,11.5,350,https://txschools.net/campus/george-west-pri-149901102
4808,7358,28,143901001,Hallettsville HS,Hallettsville ISD,A,11.5,369,https://txschools.net/campus/hallettsville-hs-143901001
4808,7358,28,234909101,Hallie Randall Elem,Fruitvale ISD,B,11.5,209,https://txschools.net/campus/hallie-randall-elem-234909101
4808,7358,28,034903001,Hughes Springs HS,Hughes Springs ISD,A,11.5,319,https://txschools.net/campus/hughes-springs-hs-034903001
4808,7358,28,043905051,Hunt MS,Frisco ISD,A,11.5,834,https://txschools.net/campus/hunt-ms-043905051
4808,7358,28,061902113,Indian Creek Elem,Lewisville ISD,C,11.5,558,https://txschools.net/campus/indian-creek-elem-061902113
4808,7358,28,159901107,Maude Mae Kirchner Elem,Eagle Pass ISD,B,11.5,103,https://txschools.net/campus/maude-mae-kirchner-elem-159901107
4808,7358,28,163904102,Meyer Elem,Hondo ISD,C,11.5,412,https://txschools.net/campus/meyer-elem-163904102
4808,7358,28,031905103,Noemi Dominguez Elem,La Feria ISD,B,11.5,419,https://txschools.net/campus/noemi-dominguez-elem-031905103
4808,7358,28,252903101,Olney Elem,Olney ISD,C,11.5,361,https://txschools.net/campus/olney-elem-252903101
4808,7358,28,187910101,Onalaska Elem,Onalaska ISD,C,11.5,717,https://txschools.net/campus/onalaska-elem-187910101
4808,7358,28,069901001,Rocksprings K-12,Rocksprings ISD,B,11.5,201,https://txschools.net/campus/rocksprings-k-12-069901001
4808,7358,28,246913122,Ronald Reagan Elem,Leander ISD,B,11.5,771,https://txschools.net/campus/ronald-reagan-elem-246913122
4808,7358,28,152908101,Roosevelt Elem,Roosevelt ISD,D,11.5,530,https://txschools.net/campus/roosevelt-elem-152908101
4808,7358,28,170902115,San Jacinto Elem,Conroe ISD,C,11.5,650,https://txschools.net/campus/san-jacinto-elem-170902115
4808,7358,28,101912353,School at St George Place,Houston ISD,B,11.5,710,https://txschools.net/campus/school-at-st-george-place-101912353
4808,7358,28,143905101,Sweet Home Elem,Sweet Home ISD,C,11.5,164,https://txschools.net/campus/sweet-home-elem-143905101
4808,7358,28,043905128,Tadlock Elem,Frisco ISD,B,11.5,423,https://txschools.net/campus/tadlock-elem-043905128
4808,7358,28,129902044,Themer MS,Forney ISD,B,11.5,729,https://txschools.net/campus/themer-ms-129902044
4808,7358,28,057905148,Tom C Gooch Elem,Dallas ISD,B,11.5,370,https://txschools.net/campus/tom-c-gooch-elem-057905148
4808,7358,28,101903142,Youngblood Int,Alief ISD,B,11.5,809,https://txschools.net/campus/youngblood-int-101903142
4837,7358,32,165901132,Barbara Yarbrough Elem,Midland ISD,D,11.4,689,https://txschools.net/campus/barbara-yarbrough-elem-165901132
4837,7358,32,136901001,Brackett HS,Brackett ISD,C,11.4,154,https://txschools.net/campus/brackett-hs-136901001
4837,7358,32,249905103,Carson Elem,Decatur ISD,D,11.4,490,https://txschools.net/campus/carson-elem-249905103
4837,7358,32,084910009,Clear Springs HS,Clear Creek ISD,A,11.4,2620,https://txschools.net/campus/clear-springs-hs-084910009
4837,7358,32,045903106,Eagle Lake Pri,Rice CISD,D,11.4,193,https://txschools.net/campus/eagle-lake-pri-045903106
4837,7358,32,071909111,Escontrias STEAM Academy,Socorro ISD,C,11.4,757,https://txschools.net/campus/escontrias-steam-academy-071909111
4837,7358,32,077901041,Floydada Collegiate JH,Floydada Collegiate ISD,C,11.4,131,https://txschools.net/campus/floydada-collegiate-jh-077901041
4837,7358,32,220902117,Foster Village Elem,Birdville ISD,A,11.4,409,https://txschools.net/campus/foster-village-elem-220902117
4837,7358,32,198903001,Franklin HS,Franklin ISD,A,11.4,432,https://txschools.net/campus/franklin-hs-198903001
4837,7358,32,213901102,Glen Rose Int,Glen Rose ISD,B,11.4,491,https://txschools.net/campus/glen-rose-int-213901102
4837,7358,32,191901110,Greenways Int,Canyon ISD,B,11.4,641,https://txschools.net/campus/greenways-int-191901110
4837,7358,32,246906043,Gus Almquist,Hutto ISD,C,11.4,1071,https://txschools.net/campus/gus-almquist-246906043
4837,7358,32,227913042,Hudson Bend MS,Lake Travis ISD,A,11.4,758,https://txschools.net/campus/hudson-bend-ms-227913042
4837,7358,32,093903001,Iola HS,Iola ISD,A,11.4,349,https://txschools.net/campus/iola-hs-093903001
4837,7358,32,057905154,Larry G Smith Elem,Dallas ISD,B,11.4,746,https://txschools.net/campus/larry-g-smith-elem-057905154
4837,7358,32,246908102,Louine Noble Elem,Liberty Hill ISD,B,11.4,808,https://txschools.net/campus/louine-noble-elem-246908102
4837,7358,32,084901102,Louis G and Elemva C Lobit Elem,Dickinson ISD,B,11.4,1552,https://txschools.net/campus/louis-g-and-elemva-c-lobit-elem-084901102
4837,7358,32,223902001,Meadow School,Meadow ISD,B,11.4,199,https://txschools.net/campus/meadow-school-223902001
4837,7358,32,111901105,Nettie Baccus Elem,Granbury ISD,B,11.4,555,https://txschools.net/campus/nettie-baccus-elem-111901105
4837,7358,32,008901101,O'Bryant Pri,Bellville ISD,B,11.4,552,https://txschools.net/campus/o-bryant-pri-008901101
4837,7358,32,001907041,Palestine JH,Palestine ISD,B,11.4,484,https://txschools.net/campus/palestine-jh-001907041
4837,7358,32,019912041,Pleasant Grove MS,Pleasant Grove ISD,A,11.4,552,https://txschools.net/campus/pleasant-grove-ms-019912041
4837,7358,32,128903101,Runge Elem,Runge ISD,F,11.4,113,https://txschools.net/campus/runge-elem-128903101
4837,7358,32,101919052,Spring Leadership Academy,Spring ISD,B,11.4,555,https://txschools.net/campus/spring-leadership-academy-101919052
4837,7358,32,071909049,SSG Manuel R Puentes,Socorro ISD,A,11.4,1034,https://txschools.net/campus/ssg-manuel-r-puentes-071909049
4837,7358,32,015910141,Steubing Ranch Elem,North East ISD,B,11.4,832,https://txschools.net/campus/steubing-ranch-elem-015910141
4837,7358,32,220908117,Thelma Jones Elem,Mansfield ISD,A,11.4,380,https://txschools.net/campus/thelma-jones-elem-220908117
4837,7358,32,166905041,Thorndale MS,Thorndale ISD,B,11.4,175,https://txschools.net/campus/thorndale-ms-166905041
4837,7358,32,101914012,Tompkins HS,Katy ISD,A,11.4,3181,https://txschools.net/campus/tompkins-hs-101914012
4837,7358,32,220907045,Trinity Springs MS,Keller ISD,B,11.4,833,https://txschools.net/campus/trinity-springs-ms-220907045
4837,7358,32,014910001,Troy HS,Troy ISD,A,11.4,493,https://txschools.net/campus/troy-hs-014910001
4837,7358,32,037909001,Wells School,Wells ISD,B,11.4,235,https://txschools.net/campus/wells-school-037909001
4837,7358,32,246904105,Wolf Ranch Elem,Georgetown ISD,B,11.4,853,https://txschools.net/campus/wolf-ranch-elem-246904105
4870,7358,34,014901041,Academy MS,Academy ISD,B,11.3,432,https://txschools.net/campus/academy-ms-014901041
4870,7358,34,079907136,Brazos Bend Elem,Fort Bend ISD,B,11.3,714,https://txschools.net/campus/brazos-bend-elem-079907136
4870,7358,34,161919042,Bruceville-Eddy Int,Bruceville-Eddy ISD,F,11.3,105,https://txschools.net/campus/bruceville-eddy-int-161919042
4870,7358,34,220905107,Burton Hill Elem,Fort Worth ISD,A,11.3,356,https://txschools.net/campus/burton-hill-elem-220905107
4870,7358,34,015915165,Carson Elem,Northside ISD,C,11.3,449,https://txschools.net/campus/carson-elem-015915165
4870,7358,34,014903120,Charter Oak Elem,Belton ISD,C,11.3,593,https://txschools.net/campus/charter-oak-elem-014903120
4870,7358,34,170903108,Creekside Elem,Montgomery ISD,C,11.3,613,https://txschools.net/campus/creekside-elem-170903108
4870,7358,34,101908042,Deer Park JH,Deer Park ISD,B,11.3,887,https://txschools.net/campus/deer-park-jh-101908042
4870,7358,34,120901001,Edna HS,Edna ISD,B,11.3,434,https://txschools.net/campus/edna-hs-120901001
4870,7358,34,101912148,Elrod Elem,Houston ISD,A,11.3,650,https://txschools.net/campus/elrod-elem-101912148
4870,7358,34,011901101,Emile Elem,Bastrop ISD,F,11.3,578,https://txschools.net/campus/emile-elem-011901101
4870,7358,34,057909128,Ethridge Elem,Garland ISD,B,11.3,603,https://txschools.net/campus/ethridge-elem-057909128
4870,7358,34,015915059,Folks MS,Northside ISD,B,11.3,1523,https://txschools.net/campus/folks-ms-015915059
4870,7358,34,079901046,Harry Wright JH,Lamar CISD,B,11.3,1440,https://txschools.net/campus/harry-wright-jh-079901046
4870,7358,34,101912286,Herrera Elem,Houston ISD,B,11.3,679,https://txschools.net/campus/herrera-elem-101912286
4870,7358,34,015910014,Johnson HS,North East ISD,B,11.3,3061,https://txschools.net/campus/johnson-hs-015910014
4870,7358,34,152906042,Lubbock-Cooper Laura Bush MS,Lubbock-Cooper ISD,B,11.3,909,https://txschools.net/campus/lubbock-cooper-laura-bush-ms-152906042
4870,7358,34,108906129,Lucile Hendricks Elem,McAllen ISD,B,11.3,453,https://txschools.net/campus/lucile-hendricks-elem-108906129
4870,7358,34,108909134,Marcia R Garza,Pharr-San Juan-Alamo ISD,A,11.3,524,https://txschools.net/campus/marcia-r-garza-108909134
4870,7358,34,101914049,Morton Ranch JH,Katy ISD,B,11.3,1141,https://txschools.net/campus/morton-ranch-jh-101914049
4870,7358,34,152902041,New Deal MS,New Deal ISD,B,11.3,225,https://txschools.net/campus/new-deal-ms-152902041
4870,7358,34,037908001,New Summerfield School,New Summerfield ISD,B,11.3,512,https://txschools.net/campus/new-summerfield-school-037908001
4870,7358,34,071905142,North Star Elem,Ysleta ISD,B,11.3,557,https://txschools.net/campus/north-star-elem-071905142
4870,7358,34,225902042,P E Wallace MS,Mount Pleasant ISD,B,11.3,693,https://txschools.net/campus/p-e-wallace-ms-225902042
4870,7358,34,184908041,Peaster JH,Peaster ISD,C,11.3,318,https://txschools.net/campus/peaster-jh-184908041
4870,7358,34,043910047,Schimelpfenig MS,Plano ISD,A,11.3,999,https://txschools.net/campus/schimelpfenig-ms-043910047
4870,7358,34,152909101,Shallowater Elem,Shallowater ISD,B,11.3,399,https://txschools.net/campus/shallowater-elem-152909101
4870,7358,34,021902110,Sul Ross Elem,Bryan ISD,C,11.3,474,https://txschools.net/campus/sul-ross-elem-021902110
4870,7358,34,105906119,Sunfield Elem,Hays CISD,B,11.3,960,https://txschools.net/campus/sunfield-elem-105906119
4870,7358,34,108906130,Thigpen-Zavala Elem,McAllen ISD,B,11.3,417,https://txschools.net/campus/thigpen-zavala-elem-108906130
4870,7358,34,057905153,Victor H Hexter Elem,Dallas ISD,B,11.3,536,https://txschools.net/campus/victor-h-hexter-elem-057905153
4870,7358,34,049901107,W E Chalmers Elem,Gainesville ISD,B,11.3,685,https://txschools.net/campus/w-e-chalmers-elem-049901107
4870,7358,34,043905005,Wakeland HS,Frisco ISD,A,11.3,2243,https://txschools.net/campus/wakeland-hs-043905005
4870,7358,34,227904117,Wieland Elem,Pflugerville ISD,B,11.3,368,https://txschools.net/campus/wieland-elem-227904117
4870,7358,34,184903103,Wright Elem,Weatherford ISD,C,11.3,511,https://txschools.net/campus/wright-elem-184903103
4905,7358,38,147903103,A B McBay Elem,Mexia ISD,D,11.2,445,https://txschools.net/campus/a-b-mcbay-elem-147903103
4905,7358,38,057905169,Arthur Kramer Elem,Dallas ISD,A,11.2,418,https://txschools.net/campus/arthur-kramer-elem-057905169
4905,7358,38,246908109,Bar W Elem,Liberty Hill ISD,A,11.2,632,https://txschools.net/campus/bar-w-elem-246908109
4905,7358,38,043910149,Barron Elem,Plano ISD,D,11.2,342,https://txschools.net/campus/barron-elem-043910149
4905,7358,38,239901041,Brenham MS,Brenham ISD,B,11.2,726,https://txschools.net/campus/brenham-ms-239901041
4905,7358,38,108908101,Bryan Elem,Mission CISD,C,11.2,655,https://txschools.net/campus/bryan-elem-108908101
4905,7358,38,026901101,Caldwell Elem,Caldwell ISD,B,11.2,593,https://txschools.net/campus/caldwell-elem-026901101
4905,7358,38,101917139,Carter Lomax MS,Pasadena ISD,C,11.2,515,https://txschools.net/campus/carter-lomax-ms-101917139
4905,7358,38,025902109,East Elem,Brownwood ISD,A,11.2,268,https://txschools.net/campus/east-elem-025902109
4905,7358,38,175905001,Frost Secondary,Frost ISD,B,11.2,207,https://txschools.net/campus/frost-secondary-175905001
4905,7358,38,101910041,Galena Park MS,Galena Park ISD,A,11.2,885,https://txschools.net/campus/galena-park-ms-101910041
4905,7358,38,167901002,Goldthwaite MS,Goldthwaite ISD,A,11.2,118,https://txschools.net/campus/goldthwaite-ms-167901002
4905,7358,38,057905149,Hall Personalized Learning Academy at Oak Cliff,Dallas ISD,B,11.2,451,https://txschools.net/campus/hall-personalized-learning-academy-at-oak-cliff-057905149
4905,7358,38,108909108,Henry Ford Elem,Pharr-San Juan-Alamo ISD,B,11.2,586,https://txschools.net/campus/henry-ford-elem-108909108
4905,7358,38,105902107,Hernandez Elem,San Marcos CISD,A,11.2,557,https://txschools.net/campus/hernandez-elem-105902107
4905,7358,38,188903101,Highland Park Elem,Highland Park ISD,D,11.2,317,https://txschools.net/campus/highland-park-elem-188903101
4905,7358,38,170903107,Keenan Elem,Montgomery ISD,A,11.2,663,https://txschools.net/campus/keenan-elem-170903107
4905,7358,38,145911102,Leon Elem,Leon ISD,B,11.2,395,https://txschools.net/campus/leon-elem-145911102
4905,7358,38,057905278,Leonides Gonzalez Cigarroa MD Elem,Dallas ISD,D,11.2,479,https://txschools.net/campus/leonides-gonzalez-cigarroa-md-elem-057905278
4905,7358,38,071905109,Loma Terrace Elem,Ysleta ISD,A,11.2,560,https://txschools.net/campus/loma-terrace-elem-071905109
4905,7358,38,057905198,Martha Turner Reilly Elem,Dallas ISD,B,11.2,589,https://txschools.net/campus/martha-turner-reilly-elem-057905198
4905,7358,38,071901104,Montana Vista Elem,Clint ISD,A,11.2,450,https://txschools.net/campus/montana-vista-elem-071901104
4905,7358,38,170906107,Nichols Sawmill Elem,Magnolia ISD,B,11.2,658,https://txschools.net/campus/nichols-sawmill-elem-170906107
4905,7358,38,031906108,Olmito Elem,Los Fresnos CISD,A,11.2,512,https://txschools.net/campus/olmito-elem-031906108
4905,7358,38,227904101,Pflugerville Elem,Pflugerville ISD,C,11.2,366,https://txschools.net/campus/pflugerville-elem-227904101
4905,7358,38,079901147,Phelan Elem,Lamar CISD,C,11.2,740,https://txschools.net/campus/phelan-elem-079901147
4905,7358,38,032902104,Pittsburg Pri,Pittsburg ISD,B,11.2,430,https://txschools.net/campus/pittsburg-pri-032902104
4905,7358,38,031901142,Pullam Elem,Brownsville ISD,B,11.2,809,https://txschools.net/campus/pullam-elem-031901142
4905,7358,38,101920043,Spring Branch MS,Spring Branch ISD,A,11.2,1135,https://txschools.net/campus/spring-branch-ms-101920043
4905,7358,38,170902133,Suchma Elem,Conroe ISD,A,11.2,892,https://txschools.net/campus/suchma-elem-170902133
4905,7358,38,057905161,Sylvia Mendez Crew Leadership Academy,Dallas ISD,B,11.2,469,https://txschools.net/campus/sylvia-mendez-crew-leadership-academy-057905161
4905,7358,38,079901143,Thomas R Culver Elem,Lamar CISD,B,11.2,840,https://txschools.net/campus/thomas-r-culver-elem-079901143
4905,7358,38,212903102,Velma Penny Elem,Lindale ISD,A,11.2,509,https://txschools.net/campus/velma-penny-elem-212903102
4905,7358,38,084910048,Victory Lakes Int,Clear Creek ISD,B,11.2,929,https://txschools.net/campus/victory-lakes-int-084910048
4905,7358,38,061911110,W R Hatfield Elem,Northwest ISD,B,11.2,731,https://txschools.net/campus/w-r-hatfield-elem-061911110
4905,7358,38,102903041,Waskom MS,Waskom ISD,C,11.2,187,https://txschools.net/campus/waskom-ms-102903041
4905,7358,38,168903001,Westbrook School,Westbrook ISD,A,11.2,217,https://txschools.net/campus/westbrook-school-168903001
4905,7358,38,091909101,Whitesboro Int,Whitesboro ISD,C,11.2,434,https://txschools.net/campus/whitesboro-int-091909101
4905,7358,38,025906001,Zephyr School,Zephyr ISD,B,11.2,217,https://txschools.net/campus/zephyr-school-025906001
4944,7358,20,061911123,Berkshire Elem,Northwest ISD,D,11.1,672,https://txschools.net/campus/berkshire-elem-061911123
4944,7358,20,016902101,Blanco Elem,Blanco ISD,B,11.1,507,https://txschools.net/campus/blanco-elem-016902101
4944,7358,20,086024101,Doss Elem,Doss Consolidated CSD,B,11.1,18,https://txschools.net/campus/doss-elem-086024101
4944,7358,20,020901105,E C Mason Elem,Alvin ISD,C,11.1,746,https://txschools.net/campus/e-c-mason-elem-020901105
4944,7358,20,212903103,E J Moss Int,Lindale ISD,B,11.1,1156,https://txschools.net/campus/e-j-moss-int-212903103
4944,7358,20,234909041,Fruitvale MS,Fruitvale ISD,C,11.1,89,https://txschools.net/campus/fruitvale-ms-234909041
4944,7358,20,015915057,Garcia MS,Northside ISD,A,11.1,1331,https://txschools.net/campus/garcia-ms-015915057
4944,7358,20,220902112,Holiday Heights Elem,Birdville ISD,C,11.1,448,https://txschools.net/campus/holiday-heights-elem-220902112
4944,7358,20,128902104,Kenedy Elem,Kenedy ISD,B,11.1,363,https://txschools.net/campus/kenedy-elem-128902104
4944,7358,20,071902125,Lamar Elem,El Paso ISD,B,11.1,213,https://txschools.net/campus/lamar-elem-071902125
4944,7358,20,220915105,Liberty Elem,Azle ISD,D,11.1,536,https://txschools.net/campus/liberty-elem-220915105
4944,7358,20,220907113,Lone Star Elem,Keller ISD,B,11.1,577,https://txschools.net/campus/lone-star-elem-220907113
4944,7358,20,101914101,Maurice L Wolfe Elem,Katy ISD,B,11.1,399,https://txschools.net/campus/maurice-l-wolfe-elem-101914101
4944,7358,20,025905101,May Elem,May ISD,C,11.1,138,https://txschools.net/campus/may-elem-025905101
4944,7358,20,101914116,McRoberts Elem,Katy ISD,B,11.1,835,https://txschools.net/campus/mcroberts-elem-101914116
4944,7358,20,046901108,Memorial Elem,New Braunfels ISD,C,11.1,244,https://txschools.net/campus/memorial-elem-046901108
4944,7358,20,020901121,Nichols-Mock Elem,Alvin ISD,B,11.1,573,https://txschools.net/campus/nichols-mock-elem-020901121
4944,7358,20,020908041,Pearland JH East,Pearland ISD,A,11.1,781,https://txschools.net/campus/pearland-jh-east-020908041
4944,7358,20,170902124,Reaves Elem,Conroe ISD,B,11.1,663,https://txschools.net/campus/reaves-elem-170902124
4944,7358,20,061901129,Sandbrock Ranch Elem,Denton ISD,C,11.1,820,https://txschools.net/campus/sandbrock-ranch-elem-061901129
4944,7358,20,071909047,Sun Ridge MS,Socorro ISD,A,11.1,929,https://txschools.net/campus/sun-ridge-ms-071909047
4965,7358,29,030903101,Baird Elem,Baird ISD,D,11,204,https://txschools.net/campus/baird-elem-030903101
4965,7358,29,101914106,Bear Creek Elem,Katy ISD,C,11,624,https://txschools.net/campus/bear-creek-elem-101914106
4965,7358,29,187901001,Big Sandy School,Big Sandy ISD,A,11,526,https://txschools.net/campus/big-sandy-school-187901001
4965,7358,29,177903001,Blackwell School,Blackwell CISD,A,11,171,https://txschools.net/campus/blackwell-school-177903001
4965,7358,29,246913103,Block House Creek Elem,Leander ISD,C,11,436,https://txschools.net/campus/block-house-creek-elem-246913103
4965,7358,29,212902104,Bullard Pri,Bullard ISD,A,11,389,https://txschools.net/campus/bullard-pri-212902104
4965,7358,29,225906101,Chapel Hill Elem,Chapel Hill ISD,C,11,443,https://txschools.net/campus/chapel-hill-elem-225906101
4965,7358,29,221901108,Dyess Elem,Abilene ISD,D,11,634,https://txschools.net/campus/dyess-elem-221901108
4965,7358,29,243902101,Electra Elem,Electra ISD,D,11,209,https://txschools.net/campus/electra-elem-243902101
4965,7358,29,015915141,Forester Elem,Northside ISD,B,11,748,https://txschools.net/campus/forester-elem-015915141
4965,7358,29,161912101,Foster Elem,Riesel ISD,B,11,358,https://txschools.net/campus/foster-elem-161912101
4965,7358,29,086901041,Fredericksburg MS,Fredericksburg ISD,B,11,621,https://txschools.net/campus/fredericksburg-ms-086901041
4965,7358,29,144901101,Giddings Elem,Giddings ISD,D,11,540,https://txschools.net/campus/giddings-elem-144901101
4965,7358,29,101907052,Goodson MS,Cypress-Fairbanks ISD,A,11,1348,https://txschools.net/campus/goodson-ms-101907052
4965,7358,29,079907123,Highlands Elem,Fort Bend ISD,A,11,493,https://txschools.net/campus/highlands-elem-079907123
4965,7358,29,220907121,Independence Elem,Keller ISD,B,11,409,https://txschools.net/campus/independence-elem-220907121
4965,7358,29,084901105,Jake Silbernagel Elem,Dickinson ISD,B,11,478,https://txschools.net/campus/jake-silbernagel-elem-084901105
4965,7358,29,071909129,James P Butler Elem,Socorro ISD,B,11,908,https://txschools.net/campus/james-p-butler-elem-071909129
4965,7358,29,101913125,Lakeshore Elem,Humble ISD,C,11,839,https://txschools.net/campus/lakeshore-elem-101913125
4965,7358,29,015910146,Las Lomas Elem,North East ISD,B,11,400,https://txschools.net/campus/las-lomas-elem-015910146
4965,7358,29,246908041,Liberty Hill MS,Liberty Hill ISD,B,11,1070,https://txschools.net/campus/liberty-hill-ms-246908041
4965,7358,29,188901049,Lorenzo De Zavala MS,Amarillo ISD,B,11,417,https://txschools.net/campus/lorenzo-de-zavala-ms-188901049
4965,7358,29,178904149,Mireles Elem,Corpus Christi ISD,B,11,633,https://txschools.net/campus/mireles-elem-178904149
4965,7358,29,230906001,New Diana HS,New Diana ISD,A,11,339,https://txschools.net/campus/new-diana-hs-230906001
4965,7358,29,181907103,Oak Forest Elem,Vidor ISD,D,11,671,https://txschools.net/campus/oak-forest-elem-181907103
4965,7358,29,057914120,Price Elem,Mesquite ISD,C,11,286,https://txschools.net/campus/price-elem-057914120
4965,7358,29,015916118,Rolling Meadows Elem,Judson ISD,C,11,402,https://txschools.net/campus/rolling-meadows-elem-015916118
4965,7358,29,101914055,Stockdick JH,Katy ISD,B,11,1093,https://txschools.net/campus/stockdick-jh-101914055
4965,7358,29,079907119,Sugar Mill Elem,Fort Bend ISD,C,11,521,https://txschools.net/campus/sugar-mill-elem-079907119
4965,7358,29,191901043,West Plains JH,Canyon ISD,B,11,638,https://txschools.net/campus/west-plains-jh-191901043
4995,7358,37,014901101,Academy Int,Academy ISD,B,10.9,443,https://txschools.net/campus/academy-int-014901101
4995,7358,37,249901001,Alvord HS,Alvord ISD,A,10.9,238,https://txschools.net/campus/alvord-hs-249901001
4995,7358,37,084901109,Calder Road Elem,Dickinson ISD,A,10.9,522,https://txschools.net/campus/calder-road-elem-084901109
4995,7358,37,246913110,Charlotte Cox Elem,Leander ISD,C,10.9,463,https://txschools.net/campus/charlotte-cox-elem-246913110
4995,7358,37,071902151,Cielo Vista Elem,El Paso ISD,A,10.9,279,https://txschools.net/campus/cielo-vista-elem-071902151
4995,7358,37,084910101,Clear Lake City Elem,Clear Creek ISD,A,10.9,474,https://txschools.net/campus/clear-lake-city-elem-084910101
4995,7358,37,021901202,Cypress Grove Int,College Station ISD,B,10.9,529,https://txschools.net/campus/cypress-grove-int-021901202
4995,7358,37,081902101,Fairfield Elem,Fairfield ISD,D,10.9,307,https://txschools.net/campus/fairfield-elem-081902101
4995,7358,37,001904041,Frankston MS,Frankston ISD,B,10.9,178,https://txschools.net/campus/frankston-ms-001904041
4995,7358,37,101907128,Hairgrove Elem,Cypress-Fairbanks ISD,A,10.9,805,https://txschools.net/campus/hairgrove-elem-101907128
4995,7358,37,061901102,Houston Elem,Denton ISD,C,10.9,535,https://txschools.net/campus/houston-elem-061901102
4995,7358,37,091903104,Hyde Park Elem,Denison ISD,C,10.9,385,https://txschools.net/campus/hyde-park-elem-091903104
4995,7358,37,220905087,IM Terrell Academy for STEM and Vpa,Fort Worth ISD,A,10.9,415,https://txschools.net/campus/im-terrell-academy-for-stem-and-vpa-220905087
4995,7358,37,246904110,James E Mitchell Elem,Georgetown ISD,C,10.9,647,https://txschools.net/campus/james-e-mitchell-elem-246904110
4995,7358,37,240903124,Judith Zaffirini Elem,United ISD,B,10.9,593,https://txschools.net/campus/judith-zaffirini-elem-240903124
4995,7358,37,031901143,Keller Elem,Brownsville ISD,B,10.9,527,https://txschools.net/campus/keller-elem-031901143
4995,7358,37,227912102,Lago Vista Int,Lago Vista ISD,C,10.9,277,https://txschools.net/campus/lago-vista-int-227912102
4995,7358,37,014903043,Lake Belton MS,Belton ISD,B,10.9,833,https://txschools.net/campus/lake-belton-ms-014903043
4995,7358,37,220918117,Lake Country Elem,Eagle Mt-Saginaw ISD,C,10.9,636,https://txschools.net/campus/lake-country-elem-220918117
4995,7358,37,079907006,Lawrence E Elkins HS,Fort Bend ISD,B,10.9,2850,https://txschools.net/campus/lawrence-e-elkins-hs-079907006
4995,7358,37,101912198,Love Elem,Houston ISD,B,10.9,368,https://txschools.net/campus/love-elem-101912198
4995,7358,37,100907103,Lumberton Int,Lumberton ISD,B,10.9,944,https://txschools.net/campus/lumberton-int-100907103
4995,7358,37,101917140,Melillo MS,Pasadena ISD,B,10.9,655,https://txschools.net/campus/melillo-ms-101917140
4995,7358,37,152902101,New Deal Elem,New Deal ISD,C,10.9,257,https://txschools.net/campus/new-deal-elem-152902101
4995,7358,37,111901106,Oak Woods School,Granbury ISD,A,10.9,525,https://txschools.net/campus/oak-woods-school-111901106
4995,7358,37,201908101,Overton Elem,Overton ISD,F,10.9,266,https://txschools.net/campus/overton-elem-201908101
4995,7358,37,057905322,Prestonwood Montessori at E D Walker,Dallas ISD,B,10.9,455,https://txschools.net/campus/prestonwood-montessori-at-e-d-walker-057905322
4995,7358,37,101912237,Scarborough Elem,Houston ISD,B,10.9,797,https://txschools.net/campus/scarborough-elem-101912237
4995,7358,37,129910041,Scurry-Rosser MS,Scurry-Rosser ISD,B,10.9,389,https://txschools.net/campus/scurry-rosser-ms-129910041
4995,7358,37,230904101,Sharon A Richardson Elem,Union Hill ISD,C,10.9,127,https://txschools.net/campus/sharon-a-richardson-elem-230904101
4995,7358,37,101912241,Sinclair Elem,Houston ISD,A,10.9,774,https://txschools.net/campus/sinclair-elem-101912241
4995,7358,37,247906001,Stockdale HS,Stockdale ISD,A,10.9,266,https://txschools.net/campus/stockdale-hs-247906001
4995,7358,37,015912102,Sun Valley Elem,Southwest ISD,B,10.9,649,https://txschools.net/campus/sun-valley-elem-015912102
4995,7358,37,230908041,Union Grove JH,Union Grove ISD,B,10.9,108,https://txschools.net/campus/union-grove-jh-230908041
4995,7358,37,059901103,West Central Elem,Hereford ISD,D,10.9,334,https://txschools.net/campus/west-central-elem-059901103
4995,7358,37,057916117,White Rock Elem,Richardson ISD,A,10.9,862,https://txschools.net/campus/white-rock-elem-057916117
4995,7358,37,091910041,Whitewright MS,Whitewright ISD,A,10.9,185,https://txschools.net/campus/whitewright-ms-091910041
4995,7358,37,025902107,Woodland Heights Elem,Brownwood ISD,C,10.9,493,https://txschools.net/campus/woodland-heights-elem-025902107
5033,7358,30,101912234,Baylor College of Medicine Biotech Academy at Rusk,Houston ISD,A,10.8,356,https://txschools.net/campus/baylor-college-of-medicine-biotech-academy-at-rusk-101912234
5033,7358,30,175902101,Blooming Grove Elem,Blooming Grove ISD,C,10.8,464,https://txschools.net/campus/blooming-grove-elem-175902101
5033,7358,30,041901001,Bronte ISD,Bronte ISD,A,10.8,224,https://txschools.net/campus/bronte-isd-041901001
5033,7358,30,057905232,Buckner Terrace Montessori,Dallas ISD,C,10.8,314,https://txschools.net/campus/buckner-terrace-montessori-057905232
5033,7358,30,092902101,Chandler Elem,Kilgore ISD,B,10.8,479,https://txschools.net/campus/chandler-elem-092902101
5033,7358,30,015910145,Cibolo Green,North East ISD,B,10.8,669,https://txschools.net/campus/cibolo-green-015910145
5033,7358,30,229901101,Colmesneil Elem,Colmesneil ISD,B,10.8,208,https://txschools.net/campus/colmesneil-elem-229901101
5033,7358,30,057914116,Floyd Elem,Mesquite ISD,B,10.8,528,https://txschools.net/campus/floyd-elem-057914116
5033,7358,30,072903103,Gilbert Int,Stephenville ISD,B,10.8,558,https://txschools.net/campus/gilbert-int-072903103
5033,7358,30,167901001,Goldthwaite HS,Goldthwaite ISD,A,10.8,152,https://txschools.net/campus/goldthwaite-hs-167901001
5033,7358,30,220901047,Gunn JH,Arlington ISD,B,10.8,842,https://txschools.net/campus/gunn-jh-220901047
5033,7358,30,003905103,H G Temple Int,Diboll ISD,D,10.8,294,https://txschools.net/campus/h-g-temple-int-003905103
5033,7358,30,084903001,High Island School,High Island ISD,B,10.8,122,https://txschools.net/campus/high-island-school-084903001
5033,7358,30,108912110,Jose De Escandon Elem,La Joya ISD,A,10.8,583,https://txschools.net/campus/jose-de-escandon-elem-108912110
5033,7358,30,027904041,Marble Falls MS,Marble Falls ISD,C,10.8,903,https://txschools.net/campus/marble-falls-ms-027904041
5033,7358,30,181908042,Mauriceville MS,Little Cypress-Mauriceville CISD,B,10.8,267,https://txschools.net/campus/mauriceville-ms-181908042
5033,7358,30,101912055,Meyerland MS,Houston ISD,B,10.8,1168,https://txschools.net/campus/meyerland-ms-101912055
5033,7358,30,101912209,Neff ECC,Houston ISD,B,10.8,530,https://txschools.net/campus/neff-ecc-101912209
5033,7358,30,129901106,Noble Reed,Crandall ISD,C,10.8,663,https://txschools.net/campus/noble-reed-129901106
5033,7358,30,125903041,Orange Grove JH,Orange Grove ISD,B,10.8,352,https://txschools.net/campus/orange-grove-jh-125903041
5033,7358,30,181905041,Orangefield JH,Orangefield ISD,C,10.8,407,https://txschools.net/campus/orangefield-jh-181905041
5033,7358,30,015916116,Ricardo Salinas Elem,Judson ISD,C,10.8,582,https://txschools.net/campus/ricardo-salinas-elem-015916116
5033,7358,30,194903103,Rivercrest Elem,Rivercrest ISD,C,10.8,311,https://txschools.net/campus/rivercrest-elem-194903103
5033,7358,30,020901042,Rodeo Palms JH,Alvin ISD,B,10.8,894,https://txschools.net/campus/rodeo-palms-jh-020901042
5033,7358,30,014903104,Southwest Elem,Belton ISD,D,10.8,363,https://txschools.net/campus/southwest-elem-014903104
5033,7358,30,182905001,Strawn School,Strawn ISD,B,10.8,172,https://txschools.net/campus/strawn-school-182905001
5033,7358,30,171902101,Sunray Elem,Sunray Collegiate ISD,C,10.8,232,https://txschools.net/campus/sunray-elem-171902101
5033,7358,30,170906108,Tom R Ellisor Elem,Magnolia ISD,A,10.8,611,https://txschools.net/campus/tom-r-ellisor-elem-170906108
5033,7358,30,018904001,Valley Mills HS,Valley Mills ISD,B,10.8,206,https://txschools.net/campus/valley-mills-hs-018904001
5033,7358,30,092908041,White Oak MS,White Oak ISD,B,10.8,359,https://txschools.net/campus/white-oak-ms-092908041
5033,7358,30,071902019,Young Women's STEAM Research & Preparatory Academy,El Paso ISD,A,10.8,443,https://txschools.net/campus/young-women-s-steam-research-preparatory-academy-071902019
5064,7358,28,020905102,A P Beutel Elem,Brazosport ISD,C,10.7,562,https://txschools.net/campus/a-p-beutel-elem-020905102
5064,7358,28,097902102,Ann Whitney Elem,Hamilton ISD,C,10.7,359,https://txschools.net/campus/ann-whitney-elem-097902102
5064,7358,28,043917101,Blue Ridge Elem,Blue Ridge ISD,D,10.7,485,https://txschools.net/campus/blue-ridge-elem-043917101
5064,7358,28,101912116,Briargrove Elem,Houston ISD,B,10.7,829,https://txschools.net/campus/briargrove-elem-101912116
5064,7358,28,184909001,Brock HS,Brock ISD,A,10.7,607,https://txschools.net/campus/brock-hs-184909001
5064,7358,28,126905106,Caddo Grove Elem,Joshua ISD,D,10.7,569,https://txschools.net/campus/caddo-grove-elem-126905106
5064,7358,28,071909046,Col John O Ensor MS,Socorro ISD,A,10.7,1115,https://txschools.net/campus/col-john-o-ensor-ms-071909046
5064,7358,28,021901109,Creek View Elem,College Station ISD,B,10.7,426,https://txschools.net/campus/creek-view-elem-021901109
5064,7358,28,071905105,Dolphin Terrace Elem,Ysleta ISD,B,10.7,489,https://txschools.net/campus/dolphin-terrace-elem-071905105
5064,7358,28,050902103,Gatesville Int,Gatesville ISD,C,10.7,603,https://txschools.net/campus/gatesville-int-050902103
5064,7358,28,071907105,Gonzalo and Sofia Garcia Elem,Canutillo ISD,D,10.7,424,https://txschools.net/campus/gonzalo-and-sofia-garcia-elem-071907105
5064,7358,28,071909116,Jane A Hambric School,Socorro ISD,B,10.7,705,https://txschools.net/campus/jane-a-hambric-school-071909116
5064,7358,28,220917104,Joy James Academy of Leadership,Castleberry ISD,C,10.7,471,https://txschools.net/campus/joy-james-academy-of-leadership-220917104
5064,7358,28,251901101,Kelley Elem,Denver City ISD,D,10.7,280,https://txschools.net/campus/kelley-elem-251901101
5064,7358,28,150901101,Llano Elem,Llano ISD,A,10.7,412,https://txschools.net/campus/llano-elem-150901101
5064,7358,28,154901102,Madisonville Int,Madisonville CISD,B,10.7,509,https://txschools.net/campus/madisonville-int-154901102
5064,7358,28,163904041,McDowell MS,Hondo ISD,C,10.7,396,https://txschools.net/campus/mcdowell-ms-163904041
5064,7358,28,107908101,Murchison Elem,Murchison ISD,D,10.7,187,https://txschools.net/campus/murchison-elem-107908101
5064,7358,28,137903101,Nanny Elem,Riviera ISD,C,10.7,140,https://txschools.net/campus/nanny-elem-137903101
5064,7358,28,154903001,North Zulch Elem/Secondary,North Zulch ISD,A,10.7,335,https://txschools.net/campus/north-zulch-elem-secondary-154903001
5064,7358,28,051901001,Paducah School,Paducah ISD,B,10.7,137,https://txschools.net/campus/paducah-school-051901001
5064,7358,28,057903123,Riverchase Ele,Carrollton-Farmers Branch ISD,C,10.7,464,https://txschools.net/campus/riverchase-ele-057903123
5064,7358,28,057905050,Robert T Hill MS,Dallas ISD,B,10.7,492,https://txschools.net/campus/robert-t-hill-ms-057905050
5064,7358,28,101910116,Sam Houston Elem,Galena Park ISD,B,10.7,643,https://txschools.net/campus/sam-houston-elem-101910116
5064,7358,28,182904001,Santo HS,Santo ISD,A,10.7,297,https://txschools.net/campus/santo-hs-182904001
5064,7358,28,152901179,Smith Elem,Lubbock ISD,B,10.7,479,https://txschools.net/campus/smith-elem-152901179
5064,7358,28,057916116,Wallace Elem,Richardson ISD,C,10.7,650,https://txschools.net/campus/wallace-elem-057916116
5064,7358,28,220905175,Washington Heights Elem,Fort Worth ISD,C,10.7,264,https://txschools.net/campus/washington-heights-elem-220905175
5064,7358,28,220907119,Woodland Springs Elem,Keller ISD,C,10.7,447,https://txschools.net/campus/woodland-springs-elem-220907119
5093,7358,32,178901101,Agua Dulce Elem,Agua Dulce ISD,B,10.6,156,https://txschools.net/campus/agua-dulce-elem-178901101
5093,7358,32,127901101,Anson Elem,Anson ISD,F,10.6,371,https://txschools.net/campus/anson-elem-127901101
5093,7358,32,188901102,Belmar Elem,Amarillo ISD,B,10.6,373,https://txschools.net/campus/belmar-elem-188901102
5093,7358,32,239901102,Brenham Elem,Brenham ISD,B,10.6,500,https://txschools.net/campus/brenham-elem-239901102
5093,7358,32,046902049,Bulverde MS,Comal ISD,B,10.6,849,https://txschools.net/campus/bulverde-ms-046902049
5093,7358,32,188904001,Bushland HS,Bushland ISD,A,10.6,469,https://txschools.net/campus/bushland-hs-188904001
5093,7358,32,191901001,Canyon HS,Canyon ISD,A,10.6,1086,https://txschools.net/campus/canyon-hs-191901001
5093,7358,32,206903001,Cherokee School,Cherokee ISD,B,10.6,127,https://txschools.net/campus/cherokee-school-206903001
5093,7358,32,043907046,Dr Jack Cockrill MS,McKinney ISD,A,10.6,1172,https://txschools.net/campus/dr-jack-cockrill-ms-043907046
5093,7358,32,074903102,Evans Elem,Bonham ISD,F,10.6,421,https://txschools.net/campus/evans-elem-074903102
5093,7358,32,123910110,Fletcher Elem,Beaumont ISD,C,10.6,576,https://txschools.net/campus/fletcher-elem-123910110
5093,7358,32,101915131,French Elem,Klein ISD,A,10.6,789,https://txschools.net/campus/french-elem-101915131
5093,7358,32,174903041,Garrison MS,Garrison ISD,B,10.6,176,https://txschools.net/campus/garrison-ms-174903041
5093,7358,32,057914128,Gray Elem,Mesquite ISD,C,10.6,414,https://txschools.net/campus/gray-elem-057914128
5093,7358,32,199902108,Harry Herndon Elem,Royse City ISD,C,10.6,563,https://txschools.net/campus/harry-herndon-elem-199902108
5093,7358,32,170906103,J L Lyon Elem,Magnolia ISD,A,10.6,758,https://txschools.net/campus/j-l-lyon-elem-170906103
5093,7358,32,057909144,Keeley Elem,Garland ISD,A,10.6,577,https://txschools.net/campus/keeley-elem-057909144
5093,7358,32,057912109,Keyes Elem,Irving ISD,D,10.6,663,https://txschools.net/campus/keyes-elem-057912109
5093,7358,32,031903123,Lee H Means Elem,Harlingen CISD,A,10.6,744,https://txschools.net/campus/lee-h-means-elem-031903123
5093,7358,32,145911002,Leon HS,Leon ISD,B,10.6,395,https://txschools.net/campus/leon-hs-145911002
5093,7358,32,019903001,Maud School,Maud ISD,A,10.6,459,https://txschools.net/campus/maud-school-019903001
5093,7358,32,170903103,Montgomery Elem,Montgomery ISD,C,10.6,681,https://txschools.net/campus/montgomery-elem-170903103
5093,7358,32,236901002,New Waverly HS,New Waverly ISD,A,10.6,324,https://txschools.net/campus/new-waverly-hs-236901002
5093,7358,32,095905123,North Elem,Plainview ISD,F,10.6,359,https://txschools.net/campus/north-elem-095905123
5093,7358,32,178908101,Olsen Elem,Port Aransas ISD,B,10.6,232,https://txschools.net/campus/olsen-elem-178908101
5093,7358,32,047902041,Perkins MS,De Leon ISD,B,10.6,134,https://txschools.net/campus/perkins-ms-047902041
5093,7358,32,189902101,Presidio Elem,Presidio ISD,C,10.6,434,https://txschools.net/campus/presidio-elem-189902101
5093,7358,32,099903001,Quanah HS,Quanah ISD,A,10.6,127,https://txschools.net/campus/quanah-hs-099903001
5093,7358,32,101921110,Rosehill Elem,Tomball ISD,B,10.6,772,https://txschools.net/campus/rosehill-elem-101921110
5093,7358,32,101911102,Stephen F Austin Elem,Goose Creek CISD,C,10.6,763,https://txschools.net/campus/stephen-f-austin-elem-101911102
5093,7358,32,091908041,Van Alstyne JH,Van Alstyne ISD,A,10.6,448,https://txschools.net/campus/van-alstyne-jh-091908041
5093,7358,32,101921043,Willow Wood JH,Tomball ISD,A,10.6,1172,https://txschools.net/campus/willow-wood-jh-101921043
5093,7358,32,248902001,Wink HS,Wink-Loving ISD,B,10.6,201,https://txschools.net/campus/wink-hs-248902001
5126,7358,26,108911041,B L Gray JH,Sharyland ISD,A,10.5,723,https://txschools.net/campus/b-l-gray-jh-108911041
5126,7358,26,249902101,Boyd Elem,Boyd ISD,B,10.5,490,https://txschools.net/campus/boyd-elem-249902101
5126,7358,26,249904101,Chico Elem,Chico ISD,D,10.5,281,https://txschools.net/campus/chico-elem-249904101
5126,7358,26,220902102,David E Smith Elem,Birdville ISD,C,10.5,679,https://txschools.net/campus/david-e-smith-elem-220902102
5126,7358,26,072902001,Dublin HS,Dublin ISD,A,10.5,474,https://txschools.net/campus/dublin-hs-072902001
5126,7358,26,101910030,Galena Park ISD Career & Technical ECHS,Galena Park ISD,A,10.5,472,https://txschools.net/campus/galena-park-isd-career-technical-echs-101910030
5126,7358,26,108906122,Garza Elem,McAllen ISD,B,10.5,420,https://txschools.net/campus/garza-elem-108906122
5126,7358,26,144901103,Giddings Int,Giddings ISD,C,10.5,282,https://txschools.net/campus/giddings-int-144901103
5126,7358,26,102904109,Hallsville West Elem,Hallsville ISD,B,10.5,705,https://txschools.net/campus/hallsville-west-elem-102904109
5126,7358,26,043910118,Harrington Elem,Plano ISD,C,10.5,476,https://txschools.net/campus/harrington-elem-043910118
5126,7358,26,027904103,Highland Lakes Elem,Marble Falls ISD,F,10.5,470,https://txschools.net/campus/highland-lakes-elem-027904103
5126,7358,26,003902041,Hudson MS,Hudson ISD,A,10.5,656,https://txschools.net/campus/hudson-ms-003902041
5126,7358,26,046902121,Johnson Ranch Elem,Comal ISD,B,10.5,976,https://txschools.net/campus/johnson-ranch-elem-046902121
5126,7358,26,107906102,Malakoff Elem,Malakoff ISD,B,10.5,443,https://txschools.net/campus/malakoff-elem-107906102
5126,7358,26,043911108,Mayfield Elem,Princeton ISD,D,10.5,711,https://txschools.net/campus/mayfield-elem-043911108
5126,7358,26,101914104,Memorial Parkway Elem,Katy ISD,B,10.5,692,https://txschools.net/campus/memorial-parkway-elem-101914104
5126,7358,26,071902185,Moreno Montessori,El Paso ISD,D,10.5,162,https://txschools.net/campus/moreno-montessori-071902185
5126,7358,26,230903001,Ore City HS,Ore City ISD,B,10.5,212,https://txschools.net/campus/ore-city-hs-230903001
5126,7358,26,015910128,Redland Oaks Elem,North East ISD,A,10.5,387,https://txschools.net/campus/redland-oaks-elem-015910128
5126,7358,26,037907041,Rusk JH,Rusk ISD,B,10.5,430,https://txschools.net/campus/rusk-jh-037907041
5126,7358,26,108908113,Salinas Elem,Mission CISD,B,10.5,396,https://txschools.net/campus/salinas-elem-108908113
5126,7358,26,079901107,Smith Elem,Lamar CISD,C,10.5,291,https://txschools.net/campus/smith-elem-079901107
5126,7358,26,043908108,Sumeer Elem,Melissa ISD,B,10.5,1064,https://txschools.net/campus/sumeer-elem-043908108
5126,7358,26,111903041,Tolar JH,Tolar ISD,A,10.5,219,https://txschools.net/campus/tolar-jh-111903041
5126,7358,26,227913106,West Cypress Hills Elem,Lake Travis ISD,B,10.5,546,https://txschools.net/campus/west-cypress-hills-elem-227913106
5126,7358,26,220905207,Westpark Elem,Fort Worth ISD,A,10.5,380,https://txschools.net/campus/westpark-elem-220905207
5126,7358,26,227904113,Wilhelmina Delco Elem,Pflugerville ISD,D,10.5,424,https://txschools.net/campus/wilhelmina-delco-elem-227904113
5153,7358,35,079901149,Adriane Mathews Gray Elem,Lamar CISD,B,10.4,676,https://txschools.net/campus/adriane-mathews-gray-elem-079901149
5153,7358,35,046902110,Arlon R Seay Elem,Comal ISD,A,10.4,610,https://txschools.net/campus/arlon-r-seay-elem-046902110
5153,7358,35,020901122,Barbara Bennett Elem,Alvin ISD,B,10.4,480,https://txschools.net/campus/barbara-bennett-elem-020901122
5153,7358,35,057914101,Black Elem,Mesquite ISD,D,10.4,570,https://txschools.net/campus/black-elem-057914101
5153,7358,35,116915041,Bland MS,Bland ISD,B,10.4,164,https://txschools.net/campus/bland-ms-116915041
5153,7358,35,091908102,Bob and Lola Sanford Elem,Van Alstyne ISD,C,10.4,615,https://txschools.net/campus/bob-and-lola-sanford-elem-091908102
5153,7358,35,226903122,Bonham Elem,San Angelo ISD,C,10.4,571,https://txschools.net/campus/bonham-elem-226903122
5153,7358,35,121903041,Buna JH,Buna ISD,B,10.4,289,https://txschools.net/campus/buna-jh-121903041
5153,7358,35,188904041,Bushland JH,Bushland ISD,B,10.4,357,https://txschools.net/campus/bushland-jh-188904041
5153,7358,35,109902001,Bynum School,Bynum ISD,B,10.4,174,https://txschools.net/campus/bynum-school-109902001
5153,7358,35,101913129,Centennial Elem,Humble ISD,B,10.4,1092,https://txschools.net/campus/centennial-elem-101913129
5153,7358,35,207901101,Eldorado Elem,Schleicher ISD,D,10.4,142,https://txschools.net/campus/eldorado-elem-207901101
5153,7358,35,001903001,Elkhart HS,Elkhart ISD,A,10.4,315,https://txschools.net/campus/elkhart-hs-001903001
5153,7358,35,057905120,F P Caillet Elem,Dallas ISD,D,10.4,540,https://txschools.net/campus/f-p-caillet-elem-057905120
5153,7358,35,101917127,Frazier Elem,Pasadena ISD,C,10.4,416,https://txschools.net/campus/frazier-elem-101917127
5153,7358,35,220905132,Glen Park Elem,Fort Worth ISD,A,10.4,425,https://txschools.net/campus/glen-park-elem-220905132
5153,7358,35,035902001,Hart ISD,Hart ISD,B,10.4,208,https://txschools.net/campus/hart-isd-035902001
5153,7358,35,097903001,Hico HS,Hico ISD,B,10.4,342,https://txschools.net/campus/hico-hs-097903001
5153,7358,35,146905041,Hull-Daisetta JH,Hull-Daisetta ISD,F,10.4,69,https://txschools.net/campus/hull-daisetta-jh-146905041
5153,7358,35,071909051,Hurshel Antwine MS,Socorro ISD,B,10.4,707,https://txschools.net/campus/hurshel-antwine-ms-071909051
5153,7358,35,070908107,J A Vitovsky Elem,Midlothian ISD,C,10.4,681,https://txschools.net/campus/j-a-vitovsky-elem-070908107
5153,7358,35,019909101,James Bowie Elem,Simms ISD,B,10.4,217,https://txschools.net/campus/james-bowie-elem-019909101
5153,7358,35,014903121,James L Burrell Elem,Belton ISD,C,10.4,488,https://txschools.net/campus/james-l-burrell-elem-014903121
5153,7358,35,227901121,Lee Elem,Austin ISD,A,10.4,416,https://txschools.net/campus/lee-elem-227901121
5153,7358,35,161903001,Midway HS,Midway ISD,A,10.4,2663,https://txschools.net/campus/midway-hs-161903001
5153,7358,35,175910001,Mildred HS,Mildred ISD,A,10.4,450,https://txschools.net/campus/mildred-hs-175910001
5153,7358,35,246913126,Monta Jane Akin Elem,Leander ISD,A,10.4,817,https://txschools.net/campus/monta-jane-akin-elem-246913126
5153,7358,35,212906112,Mozelle Brown Elem,Whitehouse ISD,B,10.4,609,https://txschools.net/campus/mozelle-brown-elem-212906112
5153,7358,35,246909042,Noel Grisham MS,Round Rock ISD,A,10.4,572,https://txschools.net/campus/noel-grisham-ms-246909042
5153,7358,35,094904102,Norma Krueger Elem/Bert Karrer Campus,Marion ISD,D,10.4,381,https://txschools.net/campus/norma-krueger-elem-bert-karrer-campus-094904102
5153,7358,35,178908001,Port Aransas HS,Port Aransas ISD,A,10.4,210,https://txschools.net/campus/port-aransas-hs-178908001
5153,7358,35,043907112,Reuben Johnson Elem,McKinney ISD,C,10.4,360,https://txschools.net/campus/reuben-johnson-elem-043907112
5153,7358,35,246909015,RRISD Early College HS,Round Rock ISD,A,10.4,347,https://txschools.net/campus/rrisd-early-college-hs-246909015
5153,7358,35,023902001,Silverton School,Silverton ISD,A,10.4,194,https://txschools.net/campus/silverton-school-023902001
5153,7358,35,021901043,Wellborn MS,College Station ISD,A,10.4,850,https://txschools.net/campus/wellborn-ms-021901043
5153,7358,35,008901105,West End Elem,Bellville ISD,A,10.4,147,https://txschools.net/campus/west-end-elem-008901105
5189,7358,47,057916133,Big Springs Elem,Richardson ISD,B,10.3,386,https://txschools.net/campus/big-springs-elem-057916133
5189,7358,47,101912287,Cage Elem,Houston ISD,A,10.3,310,https://txschools.net/campus/cage-elem-101912287
5189,7358,47,049905042,Callisburg MS,Callisburg ISD,C,10.3,261,https://txschools.net/campus/callisburg-ms-049905042
5189,7358,47,220908123,Carol Holt Elem,Mansfield ISD,A,10.3,435,https://txschools.net/campus/carol-holt-elem-220908123
5189,7358,47,067902101,Cisco Elem,Cisco ISD,C,10.3,441,https://txschools.net/campus/cisco-elem-067902101
5189,7358,47,057914134,Cross Elem,Mesquite ISD,C,10.3,870,https://txschools.net/campus/cross-elem-057914134
5189,7358,47,030901101,Cross Plains Elem,Cross Plains ISD,B,10.3,187,https://txschools.net/campus/cross-plains-elem-030901101
5189,7358,47,057905203,Dan D Rogers Elem,Dallas ISD,B,10.3,476,https://txschools.net/campus/dan-d-rogers-elem-057905203
5189,7358,47,108906128,Dr Pablo Perez,McAllen ISD,B,10.3,576,https://txschools.net/campus/dr-pablo-perez-108906128
5189,7358,47,101912115,Durham Elem,Houston ISD,B,10.3,498,https://txschools.net/campus/durham-elem-101912115
5189,7358,47,057903010,Early College HS,Carrollton-Farmers Branch ISD,A,10.3,351,https://txschools.net/campus/early-college-hs-057903010
5189,7358,47,101908108,Fairmont Elem,Deer Park ISD,B,10.3,772,https://txschools.net/campus/fairmont-elem-101908108
5189,7358,47,182901001,Gordon School,Gordon ISD,A,10.3,240,https://txschools.net/campus/gordon-school-182901001
5189,7358,47,170902135,Gordon-Reed Elem,Conroe ISD,C,10.3,761,https://txschools.net/campus/gordon-reed-elem-170902135
5189,7358,47,101921045,Grand Lakes JH,Tomball ISD,A,10.3,980,https://txschools.net/campus/grand-lakes-jh-101921045
5189,7358,47,101912049,Hamilton MS,Houston ISD,B,10.3,964,https://txschools.net/campus/hamilton-ms-101912049
5189,7358,47,101912171,Henderson J Elem,Houston ISD,A,10.3,346,https://txschools.net/campus/henderson-j-elem-101912171
5189,7358,47,039902101,Henrietta Elem,Henrietta ISD,C,10.3,387,https://txschools.net/campus/henrietta-elem-039902101
5189,7358,47,101913114,Hidden Hollow Elem,Humble ISD,B,10.3,410,https://txschools.net/campus/hidden-hollow-elem-101913114
5189,7358,47,037904042,Jacksonville MS,Jacksonville ISD,C,10.3,633,https://txschools.net/campus/jacksonville-ms-037904042
5189,7358,47,015913101,Lackland Elem,Lackland ISD,B,10.3,589,https://txschools.net/campus/lackland-elem-015913101
5189,7358,47,071909121,Loma Verde,Socorro ISD,A,10.3,510,https://txschools.net/campus/loma-verde-071909121
5189,7358,47,043919001,Lovejoy HS,Lovejoy ISD,A,10.3,1492,https://txschools.net/campus/lovejoy-hs-043919001
5189,7358,47,107906106,Malakoff Int,Malakoff ISD,B,10.3,239,https://txschools.net/campus/malakoff-int-107906106
5189,7358,47,227907043,Manor New Technology MS,Manor ISD,D,10.3,759,https://txschools.net/campus/manor-new-technology-ms-227907043
5189,7358,47,073903103,Marlin Elem,Marlin ISD,F,10.3,459,https://txschools.net/campus/marlin-elem-073903103
5189,7358,47,220901144,Moore Elem,Arlington ISD,C,10.3,851,https://txschools.net/campus/moore-elem-220901144
5189,7358,47,246906121,Nadine Johnson Elem,Hutto ISD,C,10.3,554,https://txschools.net/campus/nadine-johnson-elem-246906121
5189,7358,47,013902101,Pawnee Elem / JH/HS,Pawnee ISD,C,10.3,252,https://txschools.net/campus/pawnee-elem-jh-hs-013902101
5189,7358,47,179901041,Perryton JH,Perryton ISD,B,10.3,397,https://txschools.net/campus/perryton-jh-179901041
5189,7358,47,250904101,Quitman Elem,Quitman ISD,C,10.3,584,https://txschools.net/campus/quitman-elem-250904101
5189,7358,47,108913106,Raul A Gonzalez Jr Elem,Weslaco ISD,A,10.3,541,https://txschools.net/campus/raul-a-gonzalez-jr-elem-108913106
5189,7358,47,161922101,Robinson Pri,Robinson ISD,A,10.3,380,https://txschools.net/campus/robinson-pri-161922101
5189,7358,47,043912005,Rock Hill HS,Prosper ISD,A,10.3,2534,https://txschools.net/campus/rock-hill-hs-043912005
5189,7358,47,057914110,Rutherford Elem,Mesquite ISD,C,10.3,757,https://txschools.net/campus/rutherford-elem-057914110
5189,7358,47,123913001,Sabine Pass School,Sabine Pass ISD,B,10.3,373,https://txschools.net/campus/sabine-pass-school-123913001
5189,7358,47,108913103,Sam Houston Elem,Weslaco ISD,A,10.3,752,https://txschools.net/campus/sam-houston-elem-108913103
5189,7358,47,057914111,Shands Elem,Mesquite ISD,C,10.3,551,https://txschools.net/campus/shands-elem-057914111
5189,7358,47,115902001,Sierra Blanca School,Sierra Blanca ISD,C,10.3,97,https://txschools.net/campus/sierra-blanca-school-115902001
5189,7358,47,220916108,South Euless Elem,Hurst-Euless-Bedford ISD,B,10.3,607,https://txschools.net/campus/south-euless-elem-220916108
5189,7358,47,001907107,Southside Elem,Palestine ISD,F,10.3,425,https://txschools.net/campus/southside-elem-001907107
5189,7358,47,101902117,Thompson Elem,Aldine ISD,B,10.3,472,https://txschools.net/campus/thompson-elem-101902117
5189,7358,47,099903041,Travis MS,Quanah ISD,B,10.3,86,https://txschools.net/campus/travis-ms-099903041
5189,7358,47,240903041,United MS,United ISD,B,10.3,998,https://txschools.net/campus/united-ms-240903041
5189,7358,47,108916103,Valley View North Elem,Valley View ISD,A,10.3,346,https://txschools.net/campus/valley-view-north-elem-108916103
5189,7358,47,220902113,Watauga Elem,Birdville ISD,B,10.3,674,https://txschools.net/campus/watauga-elem-220902113
5189,7358,47,226905001,Water Valley School,Water Valley ISD,A,10.3,289,https://txschools.net/campus/water-valley-school-226905001
5189,7358,47,220905177,Westcliff Elem,Fort Worth ISD,B,10.3,493,https://txschools.net/campus/westcliff-elem-220905177
5237,7358,35,095903102,Akin Elem,Hale Center ISD,D,10.2,218,https://txschools.net/campus/akin-elem-095903102
5237,7358,35,183901101,Beckville Sunset Elem,Beckville ISD,C,10.2,302,https://txschools.net/campus/beckville-sunset-elem-183901101
5237,7358,35,015915166,Burke Elem,Northside ISD,B,10.2,516,https://txschools.net/campus/burke-elem-015915166
5237,7358,35,234902001,Canton HS,Canton ISD,A,10.2,647,https://txschools.net/campus/canton-hs-234902001
5237,7358,35,061902140,Coyote Ridge Elem,Lewisville ISD,C,10.2,468,https://txschools.net/campus/coyote-ridge-elem-061902140
5237,7358,35,015916106,Crestview Elem,Judson ISD,A,10.2,532,https://txschools.net/campus/crestview-elem-015916106
5237,7358,35,061914103,D H Brent Elem,Little Elm ISD,D,10.2,444,https://txschools.net/campus/d-h-brent-elem-061914103
5237,7358,35,194905101,Detroit Elem,Detroit ISD,D,10.2,230,https://txschools.net/campus/detroit-elem-194905101
5237,7358,35,101915046,Doerre Int,Klein ISD,A,10.2,1210,https://txschools.net/campus/doerre-int-101915046
5237,7358,35,025909101,Early Elem,Early ISD,C,10.2,226,https://txschools.net/campus/early-elem-025909101
5237,7358,35,043907102,Finch Elem,McKinney ISD,D,10.2,319,https://txschools.net/campus/finch-elem-043907102
5237,7358,35,184911101,Garner College and Career Preparatory Academy,Garner ISD,B,10.2,352,https://txschools.net/campus/garner-college-and-career-preparatory-academy-184911101
5237,7358,35,091905041,Howe MS,Howe ISD,C,10.2,281,https://txschools.net/campus/howe-ms-091905041
5237,7358,35,101915115,Kuehnle Elem,Klein ISD,B,10.2,725,https://txschools.net/campus/kuehnle-elem-101915115
5237,7358,35,246909138,Linda Herrington Elem,Round Rock ISD,A,10.2,838,https://txschools.net/campus/linda-herrington-elem-246909138
5237,7358,35,220901146,Little Elem,Arlington ISD,B,10.2,703,https://txschools.net/campus/little-elem-220901146
5237,7358,35,241906101,Louise Elem,Louise ISD,A,10.2,261,https://txschools.net/campus/louise-elem-241906101
5237,7358,35,071909119,Lujan-Chavez Elem,Socorro ISD,A,10.2,865,https://txschools.net/campus/lujan-chavez-elem-071909119
5237,7358,35,161908002,Mart HS,Mart ISD,B,10.2,259,https://txschools.net/campus/mart-hs-161908002
5237,7358,35,057916106,O Henry Elem,Richardson ISD,B,10.2,436,https://txschools.net/campus/o-henry-elem-057916106
5237,7358,35,192901001,Reagan County HS,Reagan County ISD,C,10.2,222,https://txschools.net/campus/reagan-county-hs-192901001
5237,7358,35,220908041,Rogene Worley MS,Mansfield ISD,B,10.2,613,https://txschools.net/campus/rogene-worley-ms-220908041
5237,7358,35,008902104,Sealy Elem,Sealy ISD,B,10.2,656,https://txschools.net/campus/sealy-elem-008902104
5237,7358,35,046902044,Spring Branch MS,Comal ISD,A,10.2,573,https://txschools.net/campus/spring-branch-ms-046902044
5237,7358,35,220908103,Tarver-Rendon Ag Leadership,Mansfield ISD,B,10.2,542,https://txschools.net/campus/tarver-rendon-ag-leadership-220908103
5237,7358,35,201910002,Tatum HS,Tatum ISD,A,10.2,402,https://txschools.net/campus/tatum-hs-201910002
5237,7358,35,056902001,Texline School,Texline ISD,A,10.2,224,https://txschools.net/campus/texline-school-056902001
5237,7358,35,126906105,The Summit Leadership Academy,Keene ISD,C,10.2,216,https://txschools.net/campus/the-summit-leadership-academy-126906105
5237,7358,35,220907046,Timberview MS,Keller ISD,B,10.2,941,https://txschools.net/campus/timberview-ms-220907046
5237,7358,35,126905043,Tom and Nita Nichols MS,Joshua ISD,B,10.2,705,https://txschools.net/campus/tom-and-nita-nichols-ms-126905043
5237,7358,35,043907108,Valley Creek Elem,McKinney ISD,B,10.2,524,https://txschools.net/campus/valley-creek-elem-043907108
5237,7358,35,091908043,Van Alstyne MS,Van Alstyne ISD,C,10.2,452,https://txschools.net/campus/van-alstyne-ms-091908043
5237,7358,35,057909147,Vernal Lister Elem,Garland ISD,B,10.2,573,https://txschools.net/campus/vernal-lister-elem-057909147
5237,7358,35,170904107,W Lloyd Meador Elem,Willis ISD,C,10.2,760,https://txschools.net/campus/w-lloyd-meador-elem-170904107
5237,7358,35,033904001,White Deer HS,White Deer ISD,A,10.2,149,https://txschools.net/campus/white-deer-hs-033904001
5237,7358,35,250907001,Winnsboro HS,Winnsboro ISD,B,10.2,438,https://txschools.net/campus/winnsboro-hs-250907001
5273,7358,32,199902104,Anita Scott Elem,Royse City ISD,C,10.1,554,https://txschools.net/campus/anita-scott-elem-199902104
5273,7358,32,228905001,Apple Springs HS,Apple Springs ISD,C,10.1,81,https://txschools.net/campus/apple-springs-hs-228905001
5273,7358,32,096904101,Austin Elem,Memphis ISD,B,10.1,140,https://txschools.net/campus/austin-elem-096904101
5273,7358,32,205902101,Austin Elem,Gregory-Portland ISD,C,10.1,394,https://txschools.net/campus/austin-elem-205902101
5273,7358,32,025901041,Bangs MS,Bangs ISD,A,10.1,194,https://txschools.net/campus/bangs-ms-025901041
5273,7358,32,199901114,Billie Stevenson Elem,Rockwall ISD,A,10.1,738,https://txschools.net/campus/billie-stevenson-elem-199901114
5273,7358,32,049905101,Callisburg Elem,Callisburg ISD,D,10.1,546,https://txschools.net/campus/callisburg-elem-049905101
5273,7358,32,091902001,Collinsville HS,Collinsville ISD,B,10.1,320,https://txschools.net/campus/collinsville-hs-091902001
5273,7358,32,108913109,Dr R E Margo Elem,Weslaco ISD,B,10.1,1117,https://txschools.net/campus/dr-r-e-margo-elem-108913109
5273,7358,32,070912106,Dunaway Elem,Waxahachie ISD,C,10.1,505,https://txschools.net/campus/dunaway-elem-070912106
5273,7358,32,092903041,Forest Park Magnet School,Longview ISD,B,10.1,418,https://txschools.net/campus/forest-park-magnet-school-092903041
5273,7358,32,179901102,James L Wright Elem,Perryton ISD,C,10.1,314,https://txschools.net/campus/james-l-wright-elem-179901102
5273,7358,32,129902101,Johnson Elem,Forney ISD,A,10.1,725,https://txschools.net/campus/johnson-elem-129902101
5273,7358,32,130901104,Kendall Elem,Boerne ISD,B,10.1,554,https://txschools.net/campus/kendall-elem-130901104
5273,7358,32,240901108,Leyendecker Elem,Laredo ISD,A,10.1,375,https://txschools.net/campus/leyendecker-elem-240901108
5273,7358,32,016901041,Lyndon B Johnson MS,Johnson City ISD,B,10.1,133,https://txschools.net/campus/lyndon-b-johnson-ms-016901041
5273,7358,32,154901041,Madisonville JH,Madisonville CISD,B,10.1,500,https://txschools.net/campus/madisonville-jh-154901041
5273,7358,32,046902111,Mh Specht Elem,Comal ISD,A,10.1,678,https://txschools.net/campus/mh-specht-elem-046902111
5273,7358,32,112907001,Miller Grove School,Miller Grove ISD,B,10.1,314,https://txschools.net/campus/miller-grove-school-112907001
5273,7358,32,021902118,Neal Elem,Bryan ISD,B,10.1,294,https://txschools.net/campus/neal-elem-021902118
5273,7358,32,089903041,Nixon-Smiley MS,Nixon-Smiley CISD,B,10.1,273,https://txschools.net/campus/nixon-smiley-ms-089903041
5273,7358,32,169902001,Nocona HS,Nocona ISD,A,10.1,240,https://txschools.net/campus/nocona-hs-169902001
5273,7358,32,050904001,Oglesby School,Oglesby ISD,B,10.1,257,https://txschools.net/campus/oglesby-school-050904001
5273,7358,32,079907125,Pecan Grove Elem,Fort Bend ISD,B,10.1,633,https://txschools.net/campus/pecan-grove-elem-079907125
5273,7358,32,071909131,Purple Heart Elem,Socorro ISD,B,10.1,904,https://txschools.net/campus/purple-heart-elem-071909131
5273,7358,32,108909115,Raul Longoria Elem,Pharr-San Juan-Alamo ISD,A,10.1,567,https://txschools.net/campus/raul-longoria-elem-108909115
5273,7358,32,020901115,Red Duke Elem,Alvin ISD,B,10.1,677,https://txschools.net/campus/red-duke-elem-020901115
5273,7358,32,047905001,Sidney School,Sidney ISD,A,10.1,115,https://txschools.net/campus/sidney-school-047905001
5273,7358,32,079901114,Stephen F Austin Elem,Lamar CISD,A,10.1,442,https://txschools.net/campus/stephen-f-austin-elem-079901114
5273,7358,32,001907110,Story Int,Palestine ISD,D,10.1,671,https://txschools.net/campus/story-int-001907110
5273,7358,32,170902003,The Woodlands HS,Conroe ISD,A,10.1,4419,https://txschools.net/campus/the-woodlands-hs-170902003
5273,7358,32,057903111,Thompson Elem,Carrollton-Farmers Branch ISD,C,10.1,554,https://txschools.net/campus/thompson-elem-057903111
5273,7358,32,188901142,Woodlands Elem,Amarillo ISD,A,10.1,437,https://txschools.net/campus/woodlands-elem-188901142
5306,7358,35,101912467,Baylor College of Medicine Academy at Ryan,Houston ISD,B,10,335,https://txschools.net/campus/baylor-college-of-medicine-academy-at-ryan-101912467
5306,7358,35,057912102,Brown Elem,Irving ISD,F,10,829,https://txschools.net/campus/brown-elem-057912102
5306,7358,35,067902041,Cisco JH,Cisco ISD,B,10,189,https://txschools.net/campus/cisco-jh-067902041
5306,7358,35,071901041,Clint JH School,Clint ISD,B,10,506,https://txschools.net/campus/clint-jh-school-071901041
5306,7358,35,011901005,Colorado River Collegiate Academy,Bastrop ISD,A,10,210,https://txschools.net/campus/colorado-river-collegiate-academy-011901005
5306,7358,35,187907106,Creekside Elem,Livingston ISD,C,10,519,https://txschools.net/campus/creekside-elem-187907106
5306,7358,35,205902103,East Cliff Elem,Gregory-Portland ISD,B,10,468,https://txschools.net/campus/east-cliff-elem-205902103
5306,7358,35,220908113,Erma Nash Elem,Mansfield ISD,C,10,582,https://txschools.net/campus/erma-nash-elem-220908113
5306,7358,35,030906041,Eula JH,Eula ISD,C,10,108,https://txschools.net/campus/eula-jh-030906041
5306,7358,35,043904041,Farmersville JH,Farmersville ISD,B,10,375,https://txschools.net/campus/farmersville-jh-043904041
5306,7358,35,086901104,Fredericksburg Pri,Fredericksburg ISD,B,10,482,https://txschools.net/campus/fredericksburg-pri-086901104
5306,7358,35,091906111,Henry W Sory Elem,Sherman ISD,C,10,457,https://txschools.net/campus/henry-w-sory-elem-091906111
5306,7358,35,097903101,Hico Elem,Hico ISD,C,10,272,https://txschools.net/campus/hico-elem-097903101
5306,7358,35,020901050,Iowa Colony JH,Alvin ISD,B,10,738,https://txschools.net/campus/iowa-colony-jh-020901050
5306,7358,35,084910116,John F Ward Elem,Clear Creek ISD,B,10,532,https://txschools.net/campus/john-f-ward-elem-084910116
5306,7358,35,061911045,John M Tidwell MS,Northwest ISD,A,10,1064,https://txschools.net/campus/john-m-tidwell-ms-061911045
5306,7358,35,170902046,Knox JH,Conroe ISD,A,10,1372,https://txschools.net/campus/knox-jh-170902046
5306,7358,35,101916107,Leo A Rizzuto Elem,La Porte ISD,B,10,536,https://txschools.net/campus/leo-a-rizzuto-elem-101916107
5306,7358,35,246908101,Liberty Hill Elem,Liberty Hill ISD,C,10,724,https://txschools.net/campus/liberty-hill-elem-246908101
5306,7358,35,178902041,Lillion E Luehrs JH,Bishop CISD,B,10,334,https://txschools.net/campus/lillion-e-luehrs-jh-178902041
5306,7358,35,043911106,Lowe Elem,Princeton ISD,D,10,718,https://txschools.net/campus/lowe-elem-043911106
5306,7358,35,184904001,Millsap HS,Millsap ISD,A,10,281,https://txschools.net/campus/millsap-hs-184904001
5306,7358,35,057909148,Norma Dorsey Elem,Garland ISD,C,10,577,https://txschools.net/campus/norma-dorsey-elem-057909148
5306,7358,35,084910121,North Pointe Elem,Clear Creek ISD,B,10,576,https://txschools.net/campus/north-pointe-elem-084910121
5306,7358,35,126911104,Pleasant View Elem,Godley ISD,C,10,528,https://txschools.net/campus/pleasant-view-elem-126911104
5306,7358,35,028902104,Plum Creek Elem,Lockhart ISD,B,10,591,https://txschools.net/campus/plum-creek-elem-028902104
5306,7358,35,175911001,Rice HS,Rice ISD,A,10,320,https://txschools.net/campus/rice-hs-175911001
5306,7358,35,043905102,Rogers Elem,Frisco ISD,B,10,448,https://txschools.net/campus/rogers-elem-043905102
5306,7358,35,014907001,Rogers HS,Rogers ISD,B,10,254,https://txschools.net/campus/rogers-hs-014907001
5306,7358,35,220916117,Shady Brook Elem,Hurst-Euless-Bedford ISD,C,10,569,https://txschools.net/campus/shady-brook-elem-220916117
5306,7358,35,043905110,Shawnee Trail Elem,Frisco ISD,B,10,457,https://txschools.net/campus/shawnee-trail-elem-043905110
5306,7358,35,108916105,Valley View South Elem,Valley View ISD,A,10,359,https://txschools.net/campus/valley-view-south-elem-108916105
5306,7358,35,101912285,Valley West Elem,Houston ISD,C,10,485,https://txschools.net/campus/valley-west-elem-101912285
5306,7358,35,235902114,Vickers Elem,Victoria ISD,A,10,504,https://txschools.net/campus/vickers-elem-235902114
5306,7358,35,129901101,W A Martin Elem,Crandall ISD,F,10,666,https://txschools.net/campus/w-a-martin-elem-129901101
5306,7358,35,221912001,Wylie HS,Wylie ISD,B,10,1578,https://txschools.net/campus/wylie-hs-221912001
5342,7358,32,108909113,Aida C Escobar Elem,Pharr-San Juan-Alamo ISD,A,9.9,718,https://txschools.net/campus/aida-c-escobar-elem-108909113
5342,7358,32,108909112,Alfred Sorensen Elem,Pharr-San Juan-Alamo ISD,A,9.9,557,https://txschools.net/campus/alfred-sorensen-elem-108909112
5342,7358,32,109912001,Aquilla School,Aquilla ISD,B,9.9,321,https://txschools.net/campus/aquilla-school-109912001
5342,7358,32,220908207,Asa E Low Jr Int,Mansfield ISD,B,9.9,704,https://txschools.net/campus/asa-e-low-jr-int-220908207
5342,7358,32,220902101,Birdville Elem,Birdville ISD,C,9.9,469,https://txschools.net/campus/birdville-elem-220902101
5342,7358,32,001902001,Cayuga HS,Cayuga ISD,A,9.9,195,https://txschools.net/campus/cayuga-hs-001902001
5342,7358,32,129902103,Claybon Elem,Forney ISD,B,9.9,550,https://txschools.net/campus/claybon-elem-129902103
5342,7358,32,084910046,Creekside Int,Clear Creek ISD,B,9.9,942,https://txschools.net/campus/creekside-int-084910046
5342,7358,32,043911109,Green Elem,Princeton ISD,D,9.9,723,https://txschools.net/campus/green-elem-043911109
5342,7358,32,102905001,Harleton HS,Harleton ISD,A,9.9,198,https://txschools.net/campus/harleton-hs-102905001
5342,7358,32,227904116,Highland Park Elem,Pflugerville ISD,B,9.9,668,https://txschools.net/campus/highland-park-elem-227904116
5342,7358,32,074907041,Honey Grove MS,Honey Grove ISD,A,9.9,153,https://txschools.net/campus/honey-grove-ms-074907041
5342,7358,32,101910113,James B Havard Elem,Galena Park ISD,A,9.9,646,https://txschools.net/campus/james-b-havard-elem-101910113
5342,7358,32,057905038,Judge Barefoot Sanders Law Magnet,Dallas ISD,A,9.9,488,https://txschools.net/campus/judge-barefoot-sanders-law-magnet-057905038
5342,7358,32,126902109,Judy Hajek Elem,Burleson ISD,B,9.9,618,https://txschools.net/campus/judy-hajek-elem-126902109
5342,7358,32,071904101,L G Alarcon Elem,San Elizario ISD,F,9.9,297,https://txschools.net/campus/l-g-alarcon-elem-071904101
5342,7358,32,107910101,Lapoynor Elem,Lapoynor ISD,F,9.9,215,https://txschools.net/campus/lapoynor-elem-107910101
5342,7358,32,057903120,Las Colinas Elem,Carrollton-Farmers Branch ISD,A,9.9,474,https://txschools.net/campus/las-colinas-elem-057903120
5342,7358,32,061911121,Lizzie Curtis Elem,Northwest ISD,C,9.9,737,https://txschools.net/campus/lizzie-curtis-elem-061911121
5342,7358,32,227901123,Mathews Elem,Austin ISD,A,9.9,377,https://txschools.net/campus/mathews-elem-227901123
5342,7358,32,043918106,Mildred B Ellis Elem,Community ISD,C,9.9,473,https://txschools.net/campus/mildred-b-ellis-elem-043918106
5342,7358,32,250903101,Mineola Pri,Mineola ISD,C,9.9,646,https://txschools.net/campus/mineola-pri-250903101
5342,7358,32,021902113,Navarro Elem,Bryan ISD,C,9.9,420,https://txschools.net/campus/navarro-elem-021902113
5342,7358,32,170903043,Oak Hills JH,Montgomery ISD,B,9.9,1310,https://txschools.net/campus/oak-hills-jh-170903043
5342,7358,32,199902110,Paula Walker Elem,Royse City ISD,C,9.9,607,https://txschools.net/campus/paula-walker-elem-199902110
5342,7358,32,014910041,Raymond Mays MS,Troy ISD,C,9.9,427,https://txschools.net/campus/raymond-mays-ms-014910041
5342,7358,32,079901044,Reading JH,Lamar CISD,A,9.9,1576,https://txschools.net/campus/reading-jh-079901044
5342,7358,32,108909121,Santos Livas Elem,Pharr-San Juan-Alamo ISD,A,9.9,465,https://txschools.net/campus/santos-livas-elem-108909121
5342,7358,32,152909102,Shallowater Int,Shallowater ISD,B,9.9,401,https://txschools.net/campus/shallowater-int-152909102
5342,7358,32,043910117,Thomas Elem,Plano ISD,C,9.9,644,https://txschools.net/campus/thomas-elem-043910117
5342,7358,32,126908101,Venus Elem,Venus ISD,D,9.9,633,https://txschools.net/campus/venus-elem-126908101
5342,7358,32,101913049,West Lake MS,Humble ISD,B,9.9,1265,https://txschools.net/campus/west-lake-ms-101913049
5342,7358,32,174906041,Woden JH,Woden ISD,B,9.9,195,https://txschools.net/campus/woden-jh-174906041
5375,7358,29,043901105,Alvis C Story Elem,Allen ISD,C,9.8,485,https://txschools.net/campus/alvis-c-story-elem-043901105
5375,7358,29,101915124,Benignus Elem,Klein ISD,A,9.8,741,https://txschools.net/campus/benignus-elem-101915124
5375,7358,29,188901048,Bonham MS,Amarillo ISD,A,9.8,877,https://txschools.net/campus/bonham-ms-188901048
5375,7358,29,101912112,Bonner Elem,Houston ISD,B,9.8,527,https://txschools.net/campus/bonner-elem-101912112
5375,7358,29,233903001,Comstock School,Comstock ISD,C,9.8,166,https://txschools.net/campus/comstock-school-233903001
5375,7358,29,057905116,David G Burnet Elem,Dallas ISD,B,9.8,613,https://txschools.net/campus/david-g-burnet-elem-057905116
5375,7358,29,241902001,East Bernard HS,East Bernard ISD,A,9.8,298,https://txschools.net/campus/east-bernard-hs-241902001
5375,7358,29,057905289,Felix G Botello Personalized Learning Elem,Dallas ISD,B,9.8,587,https://txschools.net/campus/felix-g-botello-personalized-learning-elem-057905289
5375,7358,29,061902008,Hebron HS,Lewisville ISD,B,9.8,3618,https://txschools.net/campus/hebron-hs-061902008
5375,7358,29,108905101,Hidalgo Elem,Hidalgo ISD,A,9.8,434,https://txschools.net/campus/hidalgo-elem-108905101
5375,7358,29,220904104,Hommel Elem,Everman ISD,B,9.8,249,https://txschools.net/campus/hommel-elem-220904104
5375,7358,29,120905041,Industrial JH,Industrial ISD,A,9.8,260,https://txschools.net/campus/industrial-jh-120905041
5375,7358,29,079907149,Juan Seguin Elem,Fort Bend ISD,B,9.8,865,https://txschools.net/campus/juan-seguin-elem-079907149
5375,7358,29,227912041,Lago Vista MS,Lago Vista ISD,B,9.8,411,https://txschools.net/campus/lago-vista-ms-227912041
5375,7358,29,043905006,Liberty HS,Frisco ISD,A,9.8,1872,https://txschools.net/campus/liberty-hs-043905006
5375,7358,29,240901109,MacDonell Elem,Laredo ISD,B,9.8,397,https://txschools.net/campus/macdonell-elem-240901109
5375,7358,29,227907112,Manor Rise Academy,Manor ISD,D,9.8,657,https://txschools.net/campus/manor-rise-academy-227907112
5375,7358,29,220908201,Mary Orr Int,Mansfield ISD,B,9.8,563,https://txschools.net/campus/mary-orr-int-220908201
5375,7358,29,043910131,Miller Elem,Plano ISD,B,9.8,328,https://txschools.net/campus/miller-elem-043910131
5375,7358,29,079907129,Mission West Elem,Fort Bend ISD,C,9.8,498,https://txschools.net/campus/mission-west-elem-079907129
5375,7358,29,109910101,Mount Calm ISD,Mount Calm ISD,C,9.8,176,https://txschools.net/campus/mount-calm-isd-109910101
5375,7358,29,235904101,Nursery Elem,Nursery ISD,B,9.8,179,https://txschools.net/campus/nursery-elem-235904101
5375,7358,29,061906101,Ponder Elem,Ponder ISD,B,9.8,744,https://txschools.net/campus/ponder-elem-061906101
5375,7358,29,184901101,Poolville Elem,Poolville ISD,C,9.8,396,https://txschools.net/campus/poolville-elem-184901101
5375,7358,29,076903001,Roby CISD,Roby CISD,A,9.8,313,https://txschools.net/campus/roby-cisd-076903001
5375,7358,29,211902001,Stratford HS,Stratford ISD,A,9.8,140,https://txschools.net/campus/stratford-hs-211902001
5375,7358,29,043904101,Tatum Elem,Farmersville ISD,C,9.8,606,https://txschools.net/campus/tatum-elem-043904101
5375,7358,29,101914128,Ursula Stephens Elem,Katy ISD,A,9.8,532,https://txschools.net/campus/ursula-stephens-elem-101914128
5375,7358,29,044902001,Wellington HS,Wellington ISD,B,9.8,168,https://txschools.net/campus/wellington-hs-044902001
5375,7358,29,234907102,Wills Point Pri,Wills Point ISD,C,9.8,598,https://txschools.net/campus/wills-point-pri-234907102
5405,7358,39,239901101,Alton Elem,Brenham ISD,C,9.7,435,https://txschools.net/campus/alton-elem-239901101
5405,7358,39,101915127,Blackshear Elem,Klein ISD,A,9.7,664,https://txschools.net/campus/blackshear-elem-101915127
5405,7358,39,116916001,Boles HS,Boles ISD,A,9.7,175,https://txschools.net/campus/boles-hs-116916001
5405,7358,39,079901043,Briscoe JH,Lamar CISD,A,9.7,1454,https://txschools.net/campus/briscoe-jh-079901043
5405,7358,39,101912120,Browning Elem,Houston ISD,A,9.7,317,https://txschools.net/campus/browning-elem-101912120
5405,7358,39,093904107,Brule Elem,Navasota ISD,D,9.7,357,https://txschools.net/campus/brule-elem-093904107
5405,7358,39,071907041,Canutillo MS,Canutillo ISD,C,9.7,653,https://txschools.net/campus/canutillo-ms-071907041
5405,7358,39,107901103,Central Athens,Athens ISD,C,9.7,521,https://txschools.net/campus/central-athens-107901103
5405,7358,39,101914108,Diane Winborn Elem,Katy ISD,C,9.7,742,https://txschools.net/campus/diane-winborn-elem-101914108
5405,7358,39,105904041,Dripping Springs MS,Dripping Springs ISD,A,9.7,908,https://txschools.net/campus/dripping-springs-ms-105904041
5405,7358,39,101913121,Eagle Springs Elem,Humble ISD,C,9.7,673,https://txschools.net/campus/eagle-springs-elem-101913121
5405,7358,39,234907101,Earnest O Woods Int,Wills Point ISD,C,9.7,633,https://txschools.net/campus/earnest-o-woods-int-234907101
5405,7358,39,014910103,Edna Bigham Mays Elem,Troy ISD,B,9.7,438,https://txschools.net/campus/edna-bigham-mays-elem-014910103
5405,7358,39,101914126,Franz Elem,Katy ISD,C,9.7,983,https://txschools.net/campus/franz-elem-101914126
5405,7358,39,057903105,Good Elem,Carrollton-Farmers Branch ISD,A,9.7,610,https://txschools.net/campus/good-elem-057903105
5405,7358,39,126904001,Grandview HS,Grandview ISD,A,9.7,425,https://txschools.net/campus/grandview-hs-126904001
5405,7358,39,094902112,Green Valley Elem,Schertz-Cibolo-U City ISD,B,9.7,468,https://txschools.net/campus/green-valley-elem-094902112
5405,7358,39,101912170,Helms Elem,Houston ISD,A,9.7,522,https://txschools.net/campus/helms-elem-101912170
5405,7358,39,101925103,Huffman Elem,Huffman ISD,D,9.7,889,https://txschools.net/campus/huffman-elem-101925103
5405,7358,39,119902041,Jacksboro MS,Jacksboro ISD,B,9.7,254,https://txschools.net/campus/jacksboro-ms-119902041
5405,7358,39,043910009,Jasper HS,Plano ISD,A,9.7,1279,https://txschools.net/campus/jasper-hs-043910009
5405,7358,39,061911102,Justin Elem,Northwest ISD,C,9.7,733,https://txschools.net/campus/justin-elem-061911102
5405,7358,39,144902101,Lexington Elem,Lexington ISD,C,9.7,464,https://txschools.net/campus/lexington-elem-144902101
5405,7358,39,057912112,Lively Elem,Irving ISD,D,9.7,757,https://txschools.net/campus/lively-elem-057912112
5405,7358,39,152906004,Lubbock-Cooper Liberty HS,Lubbock-Cooper ISD,A,9.7,827,https://txschools.net/campus/lubbock-cooper-liberty-hs-152906004
5405,7358,39,100907101,Lumberton Pri,Lumberton ISD,B,9.7,590,https://txschools.net/campus/lumberton-pri-100907101
5405,7358,39,043918101,McClendon Elem,Community ISD,C,9.7,730,https://txschools.net/campus/mcclendon-elem-043918101
5405,7358,39,152901195,Miller Elem,Lubbock ISD,A,9.7,665,https://txschools.net/campus/miller-elem-152901195
5405,7358,39,071905135,Mission Valley Elem,Ysleta ISD,C,9.7,559,https://txschools.net/campus/mission-valley-elem-071905135
5405,7358,39,181905102,Orangefield Elem,Orangefield ISD,B,9.7,791,https://txschools.net/campus/orangefield-elem-181905102
5405,7358,39,092904043,Pine Tree MS,Pine Tree ISD,B,9.7,684,https://txschools.net/campus/pine-tree-ms-092904043
5405,7358,39,126905105,Plum Creek Elem,Joshua ISD,A,9.7,459,https://txschools.net/campus/plum-creek-elem-126905105
5405,7358,39,015914001,Robert G Cole MS/High School,Ft Sam Houston ISD,A,9.7,768,https://txschools.net/campus/robert-g-cole-ms-high-school-015914001
5405,7358,39,233901114,Roberto Bobby Barrera Elem STEM Magnet,San Felipe-Del Rio CISD,C,9.7,125,https://txschools.net/campus/roberto-bobby-barrera-elem-stem-magnet-233901114
5405,7358,39,240901107,Tarver Elem,Laredo ISD,A,9.7,396,https://txschools.net/campus/tarver-elem-240901107
5405,7358,39,210904002,Tenaha Schools,Tenaha ISD,C,9.7,402,https://txschools.net/campus/tenaha-schools-210904002
5405,7358,39,240903048,Trautmann MS,United ISD,A,9.7,735,https://txschools.net/campus/trautmann-ms-240903048
5405,7358,39,199901101,Virginia Reinhardt Elem,Rockwall ISD,A,9.7,530,https://txschools.net/campus/virginia-reinhardt-elem-199901101
5405,7358,39,015915235,Wernli Elem,Northside ISD,B,9.7,794,https://txschools.net/campus/wernli-elem-015915235
5405,7358,39,250907107,Winnsboro Memorial Int,Winnsboro ISD,C,9.7,276,https://txschools.net/campus/winnsboro-memorial-int-250907107
5445,7358,37,225902102,Annie Sims Elem,Mount Pleasant ISD,B,9.6,529,https://txschools.net/campus/annie-sims-elem-225902102
5445,7358,37,057905209,Ascher Silberstein Elem,Dallas ISD,A,9.6,563,https://txschools.net/campus/ascher-silberstein-elem-057905209
5445,7358,37,194902001,Avery School,Avery ISD,A,9.6,295,https://txschools.net/campus/avery-school-194902001
5445,7358,37,031901135,Benavides Elem,Brownsville ISD,A,9.6,810,https://txschools.net/campus/benavides-elem-031901135
5445,7358,37,101902014,Blanson CTE HS,Aldine ISD,A,9.6,1248,https://txschools.net/campus/blanson-cte-hs-101902014
5445,7358,37,185901001,Bovina HS,Bovina ISD,B,9.6,116,https://txschools.net/campus/bovina-hs-185901001
5445,7358,37,101912114,Braeburn Elem,Houston ISD,C,9.6,751,https://txschools.net/campus/braeburn-elem-101912114
5445,7358,37,020908102,C J Harris Elem,Pearland ISD,B,9.6,494,https://txschools.net/campus/c-j-harris-elem-020908102
5445,7358,37,116901042,Caddo Mills Int,Caddo Mills ISD,C,9.6,517,https://txschools.net/campus/caddo-mills-int-116901042
5445,7358,37,220919003,Carroll HS,Carroll ISD,A,9.6,1310,https://txschools.net/campus/carroll-hs-220919003
5445,7358,37,061902101,Central Elem,Lewisville ISD,C,9.6,478,https://txschools.net/campus/central-elem-061902101
5445,7358,37,101910101,Cimarron Elem,Galena Park ISD,B,9.6,680,https://txschools.net/campus/cimarron-elem-101910101
5445,7358,37,045902101,Columbus Elem,Columbus ISD,C,9.6,762,https://txschools.net/campus/columbus-elem-045902101
5445,7358,37,187904103,Corrigan-Camden Elem,Corrigan-Camden ISD,B,9.6,364,https://txschools.net/campus/corrigan-camden-elem-187904103
5445,7358,37,057905388,Dr Frederick Haynes Iii Global Prep at Paul Quinn,Dallas ISD,C,9.6,199,https://txschools.net/campus/dr-frederick-haynes-iii-global-prep-at-paul-quinn-057905388
5445,7358,37,094904041,Dr Tom Dekunder MS,Marion ISD,B,9.6,457,https://txschools.net/campus/dr-tom-dekunder-ms-094904041
5445,7358,37,101907135,Farney Elem,Cypress-Fairbanks ISD,A,9.6,955,https://txschools.net/campus/farney-elem-101907135
5445,7358,37,037904103,Fred Douglass,Jacksonville ISD,F,9.6,534,https://txschools.net/campus/fred-douglass-037904103
5445,7358,37,067904042,Gorman MS,Gorman ISD,F,9.6,42,https://txschools.net/campus/gorman-ms-067904042
5445,7358,37,146905101,Hull-Daisetta Elem,Hull-Daisetta ISD,F,9.6,253,https://txschools.net/campus/hull-daisetta-elem-146905101
5445,7358,37,079907054,James Bowie MS,Fort Bend ISD,A,9.6,1500,https://txschools.net/campus/james-bowie-ms-079907054
5445,7358,37,057912108,Johnston Elem,Irving ISD,D,9.6,686,https://txschools.net/campus/johnston-elem-057912108
5445,7358,37,101912389,Ketelsen Elem,Houston ISD,A,9.6,339,https://txschools.net/campus/ketelsen-elem-101912389
5445,7358,37,058905001,Klondike ISD,Klondike ISD,A,9.6,269,https://txschools.net/campus/klondike-isd-058905001
5445,7358,37,123905104,Langham Elem,Nederland ISD,B,9.6,544,https://txschools.net/campus/langham-elem-123905104
5445,7358,37,170903106,Madeley Ranch Elem,Montgomery ISD,B,9.6,678,https://txschools.net/campus/madeley-ranch-elem-170903106
5445,7358,37,108904115,Monte Cristo Elem,Edinburg CISD,B,9.6,540,https://txschools.net/campus/monte-cristo-elem-108904115
5445,7358,37,061914108,Oak Point Elem,Little Elm ISD,C,9.6,655,https://txschools.net/campus/oak-point-elem-061914108
5445,7358,37,191901108,Reeves-Hinger Elem,Canyon ISD,A,9.6,611,https://txschools.net/campus/reeves-hinger-elem-191901108
5445,7358,37,220908115,Roberta Tipps Academy,Mansfield ISD,B,9.6,462,https://txschools.net/campus/roberta-tipps-academy-220908115
5445,7358,37,057910050,Ronald W Reagan MS,Grand Prairie ISD,C,9.6,840,https://txschools.net/campus/ronald-w-reagan-ms-057910050
5445,7358,37,058909001,Sands CISD,Sands CISD,A,9.6,225,https://txschools.net/campus/sands-cisd-058909001
5445,7358,37,101912081,Sharpstown International School,Houston ISD,B,9.6,1359,https://txschools.net/campus/sharpstown-international-school-101912081
5445,7358,37,061902044,STEM Academy at Griffin MS,Lewisville ISD,C,9.6,670,https://txschools.net/campus/stem-academy-at-griffin-ms-061902044
5445,7358,37,170903104,Stewart Creek Elem,Montgomery ISD,A,9.6,400,https://txschools.net/campus/stewart-creek-elem-170903104
5445,7358,37,101911122,Victoria Walker Elem,Goose Creek CISD,B,9.6,641,https://txschools.net/campus/victoria-walker-elem-101911122
5445,7358,37,043914001,Wylie HS,Wylie ISD,A,9.6,3226,https://txschools.net/campus/wylie-hs-043914001
5445,7358,37,221912041,Wylie West JH,Wylie ISD,A,9.6,1032,https://txschools.net/campus/wylie-west-jh-221912041
5483,7358,43,095901001,Abernathy HS,Abernathy ISD,A,9.5,217,https://txschools.net/campus/abernathy-hs-095901001
5483,7358,43,108906127,Blanca E Sanchez,McAllen ISD,B,9.5,492,https://txschools.net/campus/blanca-e-sanchez-108906127
5483,7358,43,105905102,Blue Hole Pri,Wimberley ISD,B,9.5,612,https://txschools.net/campus/blue-hole-pri-105905102
5483,7358,43,169901042,Bowie Int,Bowie ISD,C,9.5,327,https://txschools.net/campus/bowie-int-169901042
5483,7358,43,181901102,Bridge City Elem,Bridge City ISD,C,9.5,767,https://txschools.net/campus/bridge-city-elem-181901102
5483,7358,43,015910050,Bush MS,North East ISD,B,9.5,778,https://txschools.net/campus/bush-ms-015910050
5483,7358,43,191901111,Canyon Int,Canyon ISD,A,9.5,539,https://txschools.net/campus/canyon-int-191901111
5483,7358,43,014906053,Charles E Patterson MS,Killeen ISD,C,9.5,751,https://txschools.net/campus/charles-e-patterson-ms-014906053
5483,7358,43,187904041,Corrigan-Camden JH,Corrigan-Camden ISD,C,9.5,194,https://txschools.net/campus/corrigan-camden-jh-187904041
5483,7358,43,095902001,Cotton Center School,Cotton Center ISD,A,9.5,97,https://txschools.net/campus/cotton-center-school-095902001
5483,7358,43,021902105,Crockett Elem,Bryan ISD,B,9.5,453,https://txschools.net/campus/crockett-elem-021902105
5483,7358,43,246913104,Cypress Elem,Leander ISD,B,9.5,481,https://txschools.net/campus/cypress-elem-246913104
5483,7358,43,212905125,Dr Bryan C Jack Elem,Tyler ISD,B,9.5,706,https://txschools.net/campus/dr-bryan-c-jack-elem-212905125
5483,7358,43,120901106,Edna Int,Edna ISD,B,9.5,193,https://txschools.net/campus/edna-int-120901106
5483,7358,43,108912121,Enrique Kiki Camarena Elem,La Joya ISD,A,9.5,715,https://txschools.net/campus/enrique-kiki-camarena-elem-108912121
5483,7358,43,114904001,Forsan HS,Forsan ISD,B,9.5,365,https://txschools.net/campus/forsan-hs-114904001
5483,7358,43,057914103,Galloway Elem,Mesquite ISD,C,9.5,419,https://txschools.net/campus/galloway-elem-057914103
5483,7358,43,123908041,Groves MS,Port Neches-Groves ISD,B,9.5,656,https://txschools.net/campus/groves-ms-123908041
5483,7358,43,091917041,Gunter MS,Gunter ISD,C,9.5,278,https://txschools.net/campus/gunter-ms-091917041
5483,7358,43,219901001,Happy HS,Happy ISD,A,9.5,117,https://txschools.net/campus/happy-hs-219901001
5483,7358,43,161903102,Hewitt Elem,Midway ISD,B,9.5,482,https://txschools.net/campus/hewitt-elem-161903102
5483,7358,43,140905102,HP Webb Elem,Olton ISD,B,9.5,285,https://txschools.net/campus/hp-webb-elem-140905102
5483,7358,43,243901104,I C Evans Elem,Burkburnett ISD,C,9.5,563,https://txschools.net/campus/i-c-evans-elem-243901104
5483,7358,43,079907155,James Patterson Elem,Fort Bend ISD,B,9.5,729,https://txschools.net/campus/james-patterson-elem-079907155
5483,7358,43,246907101,Jarrell Elem,Jarrell ISD,C,9.5,715,https://txschools.net/campus/jarrell-elem-246907101
5483,7358,43,007902101,Jourdanton Elem,Jourdanton ISD,C,9.5,430,https://txschools.net/campus/jourdanton-elem-007902101
5483,7358,43,126906041,Keene JH,Keene ISD,A,9.5,246,https://txschools.net/campus/keene-jh-126906041
5483,7358,43,247903041,La Vernia JH,La Vernia ISD,B,9.5,838,https://txschools.net/campus/la-vernia-jh-247903041
5483,7358,43,129905105,Lakeview Elem,Mabank ISD,B,9.5,499,https://txschools.net/campus/lakeview-elem-129905105
5483,7358,43,199901115,Linda Lyon Elem,Rockwall ISD,A,9.5,767,https://txschools.net/campus/linda-lyon-elem-199901115
5483,7358,43,184903108,Martin Elem,Weatherford ISD,B,9.5,532,https://txschools.net/campus/martin-elem-184903108
5483,7358,43,220916114,Midway Park Elem,Hurst-Euless-Bedford ISD,B,9.5,617,https://txschools.net/campus/midway-park-elem-220916114
5483,7358,43,046902101,Rahe Bulverde Elem,Comal ISD,A,9.5,658,https://txschools.net/campus/rahe-bulverde-elem-046902101
5483,7358,43,188901123,Ridgecrest Elem,Amarillo ISD,B,9.5,359,https://txschools.net/campus/ridgecrest-elem-188901123
5483,7358,43,079907140,Rita Drabek Elem,Fort Bend ISD,B,9.5,489,https://txschools.net/campus/rita-drabek-elem-079907140
5483,7358,43,070911107,Russell P Schupmann Elem,Red Oak ISD,C,9.5,735,https://txschools.net/campus/russell-p-schupmann-elem-070911107
5483,7358,43,246908042,Santa Rita MS,Liberty Hill ISD,B,9.5,1422,https://txschools.net/campus/santa-rita-ms-246908042
5483,7358,43,061902127,STEM Academy at Valley Ridge Elem,Lewisville ISD,C,9.5,537,https://txschools.net/campus/stem-academy-at-valley-ridge-elem-061902127
5483,7358,43,079901144,Tamarron Elem,Lamar CISD,B,9.5,1056,https://txschools.net/campus/tamarron-elem-079901144
5483,7358,43,246908106,Tierra Rosa Elem,Liberty Hill ISD,B,9.5,836,https://txschools.net/campus/tierra-rosa-elem-246908106
5483,7358,43,101921002,Tomball Memorial HS,Tomball ISD,A,9.5,3236,https://txschools.net/campus/tomball-memorial-hs-101921002
5483,7358,43,057905222,Urban Park STEAM Academy,Dallas ISD,C,9.5,480,https://txschools.net/campus/urban-park-steam-academy-057905222
5483,7358,43,129902112,Willett Elem,Forney ISD,D,9.5,854,https://txschools.net/campus/willett-elem-129902112
5483,7358,43,116909101,Wolfe City Elem,Wolfe City ISD,D,9.5,315,https://txschools.net/campus/wolfe-city-elem-116909101
5527,7358,36,057905110,Annie Webb Blanton Elem,Dallas ISD,B,9.4,715,https://txschools.net/campus/annie-webb-blanton-elem-057905110
5527,7358,36,036902042,Barbers Hill MS North,Barbers Hill ISD,A,9.4,546,https://txschools.net/campus/barbers-hill-ms-north-036902042
5527,7358,36,061908104,Butterfield Elem,Sanger ISD,B,9.4,500,https://txschools.net/campus/butterfield-elem-061908104
5527,7358,36,174908001,Central Heights HS,Central Heights ISD,A,9.4,334,https://txschools.net/campus/central-heights-hs-174908001
5527,7358,36,006902001,Claude Schools,Claude ISD,A,9.4,311,https://txschools.net/campus/claude-schools-006902001
5527,7358,36,043905053,Cobb MS,Frisco ISD,A,9.4,808,https://txschools.net/campus/cobb-ms-043905053
5527,7358,36,061901041,Crownover MS,Denton ISD,B,9.4,867,https://txschools.net/campus/crownover-ms-061901041
5527,7358,36,047902101,De Leon Elem,De Leon ISD,A,9.4,295,https://txschools.net/campus/de-leon-elem-047902101
5527,7358,36,020908101,E A Lawhon Elem,Pearland ISD,B,9.4,745,https://txschools.net/campus/e-a-lawhon-elem-020908101
5527,7358,36,070911103,Eastridge Elem,Red Oak ISD,C,9.4,526,https://txschools.net/campus/eastridge-elem-070911103
5527,7358,36,015915107,Fisher Elem,Northside ISD,C,9.4,544,https://txschools.net/campus/fisher-elem-015915107
5527,7358,36,246902041,Florence MS,Florence ISD,B,9.4,249,https://txschools.net/campus/florence-ms-246902041
5527,7358,36,116901101,Frances and Jeannette Lee Elem,Caddo Mills ISD,C,9.4,358,https://txschools.net/campus/frances-and-jeannette-lee-elem-116901101
5527,7358,36,198903041,Franklin MS,Franklin ISD,A,9.4,419,https://txschools.net/campus/franklin-ms-198903041
5527,7358,36,185903102,Friona Pri,Friona ISD,F,9.4,205,https://txschools.net/campus/friona-pri-185903102
5527,7358,36,101921117,Grand Oaks Elem,Tomball ISD,A,9.4,620,https://txschools.net/campus/grand-oaks-elem-101921117
5527,7358,36,104901101,Haskell Elem,Haskell CISD,B,9.4,280,https://txschools.net/campus/haskell-elem-104901101
5527,7358,36,015910009,International School of America,North East ISD,A,9.4,485,https://txschools.net/campus/international-school-of-america-015910009
5527,7358,36,091908101,John and Nelda Partin Elem,Van Alstyne ISD,C,9.4,538,https://txschools.net/campus/john-and-nelda-partin-elem-091908101
5527,7358,36,220907101,Keller-Harvel Elem,Keller ISD,A,9.4,464,https://txschools.net/campus/keller-harvel-elem-220907101
5527,7358,36,084910103,League City Elem,Clear Creek ISD,C,9.4,640,https://txschools.net/campus/league-city-elem-084910103
5527,7358,36,126901103,Lillian Elem,Alvarado ISD,F,9.4,504,https://txschools.net/campus/lillian-elem-126901103
5527,7358,36,170903102,Lincoln Elem,Montgomery ISD,C,9.4,487,https://txschools.net/campus/lincoln-elem-170903102
5527,7358,36,061901109,Nette Shultz,Denton ISD,B,9.4,756,https://txschools.net/campus/nette-shultz-061901109
5527,7358,36,236901042,New Waverly JH,New Waverly ISD,B,9.4,179,https://txschools.net/campus/new-waverly-jh-236901042
5527,7358,36,246909122,Old Town Elem,Round Rock ISD,A,9.4,556,https://txschools.net/campus/old-town-elem-246909122
5527,7358,36,140905041,Olton JH,Olton ISD,C,9.4,121,https://txschools.net/campus/olton-jh-140905041
5527,7358,36,101907147,Postma Elem,Cypress-Fairbanks ISD,A,9.4,815,https://txschools.net/campus/postma-elem-101907147
5527,7358,36,046902113,Rebecca Creek Elem,Comal ISD,A,9.4,610,https://txschools.net/campus/rebecca-creek-elem-046902113
5527,7358,36,061908041,Sanger MS,Sanger ISD,C,9.4,696,https://txschools.net/campus/sanger-ms-061908041
5527,7358,36,226903120,Santa Rita Elem,San Angelo ISD,A,9.4,369,https://txschools.net/campus/santa-rita-elem-226903120
5527,7358,36,015915179,Scarborough Elem,Northside ISD,C,9.4,913,https://txschools.net/campus/scarborough-elem-015915179
5527,7358,36,092907042,Spring Hill JH,Spring Hill ISD,A,9.4,445,https://txschools.net/campus/spring-hill-jh-092907042
5527,7358,36,070907101,Stafford Elem,Italy ISD,D,9.4,316,https://txschools.net/campus/stafford-elem-070907101
5527,7358,36,003902101,W F Peavy Pri,Hudson ISD,C,9.4,694,https://txschools.net/campus/w-f-peavy-pri-003902101
5527,7358,36,243905126,West Foundation Elem,Wichita Falls ISD,A,9.4,413,https://txschools.net/campus/west-foundation-elem-243905126
5527,7358,36,220901166,Wimbish World Language Academy,Arlington ISD,B,9.4,437,https://txschools.net/campus/wimbish-world-language-academy-220901166
5564,7358,44,126905103,A G Elder Elem,Joshua ISD,A,9.3,629,https://txschools.net/campus/a-g-elder-elem-126905103
5564,7358,44,184907001,Aledo HS,Aledo ISD,A,9.3,1723,https://txschools.net/campus/aledo-hs-184907001
5564,7358,44,101913126,Atascocita Springs Elem,Humble ISD,B,9.3,871,https://txschools.net/campus/atascocita-springs-elem-101913126
5564,7358,44,184903106,Austin Elem,Weatherford ISD,B,9.3,559,https://txschools.net/campus/austin-elem-184903106
5564,7358,44,034902001,Avinger School,Avinger ISD,B,9.3,103,https://txschools.net/campus/avinger-school-034902001
5564,7358,44,240903131,Barbara Fasken Elem,United ISD,B,9.3,680,https://txschools.net/campus/barbara-fasken-elem-240903131
5564,7358,44,061902107,Camey Elem,Lewisville ISD,C,9.3,422,https://txschools.net/campus/camey-elem-061902107
5564,7358,44,220916041,Central JH,Hurst-Euless-Bedford ISD,A,9.3,1053,https://txschools.net/campus/central-jh-220916041
5564,7358,44,065901101,Clarendon Elem,Clarendon ISD,C,9.3,207,https://txschools.net/campus/clarendon-elem-065901101
5564,7358,44,246909107,Deep Wood Elem,Round Rock ISD,A,9.3,419,https://txschools.net/campus/deep-wood-elem-246909107
5564,7358,44,084910102,Ed H White Elem,Clear Creek ISD,A,9.3,630,https://txschools.net/campus/ed-h-white-elem-084910102
5564,7358,44,170904108,Eddie Ruth Lagway Elem,Willis ISD,B,9.3,808,https://txschools.net/campus/eddie-ruth-lagway-elem-170904108
5564,7358,44,070912110,Felty Elem,Waxahachie ISD,C,9.3,415,https://txschools.net/campus/felty-elem-070912110
5564,7358,44,087901001,Garden City HS,Glasscock County ISD,A,9.3,153,https://txschools.net/campus/garden-city-hs-087901001
5564,7358,44,101907136,Gleason Elem,Cypress-Fairbanks ISD,A,9.3,940,https://txschools.net/campus/gleason-elem-101907136
5564,7358,44,057912106,Haley J Elem,Irving ISD,D,9.3,746,https://txschools.net/campus/haley-j-elem-057912106
5564,7358,44,086902041,Harper MS,Harper ISD,B,9.3,188,https://txschools.net/campus/harper-ms-086902041
5564,7358,44,127904041,Hawley MS,Hawley ISD,B,9.3,202,https://txschools.net/campus/hawley-ms-127904041
5564,7358,44,057909121,Heather Glen Montclair Elem,Garland ISD,C,9.3,641,https://txschools.net/campus/heather-glen-montclair-elem-057909121
5564,7358,44,057905077,Hector P Garcia MS,Dallas ISD,A,9.3,664,https://txschools.net/campus/hector-p-garcia-ms-057905077
5564,7358,44,057909133,Hickman Elem,Garland ISD,A,9.3,453,https://txschools.net/campus/hickman-elem-057909133
5564,7358,44,014905041,Holland MS,Holland ISD,A,9.3,169,https://txschools.net/campus/holland-ms-014905041
5564,7358,44,120905102,Industrial Elem East,Industrial ISD,B,9.3,266,https://txschools.net/campus/industrial-elem-east-120905102
5564,7358,44,079901141,Kathleen Joerger Lindsey Elem,Lamar CISD,A,9.3,841,https://txschools.net/campus/kathleen-joerger-lindsey-elem-079901141
5564,7358,44,116906001,Lone Oak HS,Lone Oak ISD,A,9.3,325,https://txschools.net/campus/lone-oak-hs-116906001
5564,7358,44,101903144,Miller Int,Alief ISD,B,9.3,748,https://txschools.net/campus/miller-int-101903144
5564,7358,44,201907101,Mt Enterprise Elem,Mount Enterprise ISD,B,9.3,242,https://txschools.net/campus/mt-enterprise-elem-201907101
5564,7358,44,020908043,Pearland JH South,Pearland ISD,B,9.3,766,https://txschools.net/campus/pearland-jh-south-020908043
5564,7358,44,061901116,Pecan Creek Elem,Denton ISD,C,9.3,660,https://txschools.net/campus/pecan-creek-elem-061901116
5564,7358,44,108906120,Rayburn Elem,McAllen ISD,A,9.3,581,https://txschools.net/campus/rayburn-elem-108906120
5564,7358,44,161912001,Riesel School,Riesel ISD,A,9.3,325,https://txschools.net/campus/riesel-school-161912001
5564,7358,44,161922041,Robinson JH,Robinson ISD,B,9.3,375,https://txschools.net/campus/robinson-jh-161922041
5564,7358,44,177901101,Roscoe Elem,Roscoe Collegiate ISD,B,9.3,198,https://txschools.net/campus/roscoe-elem-177901101
5564,7358,44,091914041,S and S Cons MS,S and S CISD,D,9.3,260,https://txschools.net/campus/s-and-s-cons-ms-091914041
5564,7358,44,071905117,Scotsdale Elem,Ysleta ISD,A,9.3,761,https://txschools.net/campus/scotsdale-elem-071905117
5564,7358,44,057914114,Seabourn Elem,Mesquite ISD,B,9.3,529,https://txschools.net/campus/seabourn-elem-057914114
5564,7358,44,020901006,Shadow Creek HS,Alvin ISD,A,9.3,2612,https://txschools.net/campus/shadow-creek-hs-020901006
5564,7358,44,043911105,Smith Elem,Princeton ISD,B,9.3,646,https://txschools.net/campus/smith-elem-043911105
5564,7358,44,191901104,Sundown Lane Elem,Canyon ISD,A,9.3,343,https://txschools.net/campus/sundown-lane-elem-191901104
5564,7358,44,220905082,Texas Academy of Biomedical,Fort Worth ISD,A,9.3,368,https://txschools.net/campus/texas-academy-of-biomedical-220905082
5564,7358,44,074912101,Trenton Elem,Trenton ISD,C,9.3,282,https://txschools.net/campus/trenton-elem-074912101
5564,7358,44,229904041,Warren JH,Warren ISD,C,9.3,267,https://txschools.net/campus/warren-jh-229904041
5564,7358,44,084910119,Wedgewood Elem,Clear Creek ISD,C,9.3,603,https://txschools.net/campus/wedgewood-elem-084910119
5564,7358,44,071901101,Wm David Surratt Elem,Clint ISD,B,9.3,913,https://txschools.net/campus/wm-david-surratt-elem-071901101
5564,7358,44,174906101,Woden Elem,Woden ISD,C,9.3,418,https://txschools.net/campus/woden-elem-174906101
5609,7358,40,220901158,Beckham Elem,Arlington ISD,A,9.2,356,https://txschools.net/campus/beckham-elem-220901158
5609,7358,40,084910047,Brookside Int,Clear Creek ISD,B,9.2,772,https://txschools.net/campus/brookside-int-084910047
5609,7358,40,161919041,Bruceville-Eddy JH,Bruceville-Eddy ISD,F,9.2,106,https://txschools.net/campus/bruceville-eddy-jh-161919041
5609,7358,40,220902109,Cheney Hills Elem,Birdville ISD,B,9.2,666,https://txschools.net/campus/cheney-hills-elem-220902109
5609,7358,40,061912103,Corinth Elem,Lake Dallas ISD,C,9.2,682,https://txschools.net/campus/corinth-elem-061912103
5609,7358,40,101912133,Cornelius Elem,Houston ISD,A,9.2,720,https://txschools.net/campus/cornelius-elem-101912133
5609,7358,40,057909126,Davis Elem,Garland ISD,B,9.2,416,https://txschools.net/campus/davis-elem-057909126
5609,7358,40,072902101,Dublin Elem,Dublin ISD,A,9.2,371,https://txschools.net/campus/dublin-elem-072902101
5609,7358,40,057912113,Farine Elem,Irving ISD,C,9.2,865,https://txschools.net/campus/farine-elem-057912113
5609,7358,40,050902101,Gatesville Elem,Gatesville ISD,C,9.2,573,https://txschools.net/campus/gatesville-elem-050902101
5609,7358,40,127903102,Hamlin Collegiate Elem,Hamlin Collegiate ISD,D,9.2,201,https://txschools.net/campus/hamlin-collegiate-elem-127903102
5609,7358,40,109904109,Hillsboro Int,Hillsboro ISD,B,9.2,423,https://txschools.net/campus/hillsboro-int-109904109
5609,7358,40,101912053,Hogg MS,Houston ISD,A,9.2,1149,https://txschools.net/campus/hogg-ms-101912053
5609,7358,40,091903103,Houston Early Childhood School,Denison ISD,C,9.2,196,https://txschools.net/campus/houston-early-childhood-school-091903103
5609,7358,40,109905001,Hubbard HS,Hubbard ISD,B,9.2,204,https://txschools.net/campus/hubbard-hs-109905001
5609,7358,40,014903111,Joe M Pirtle Elem,Belton ISD,C,9.2,590,https://txschools.net/campus/joe-m-pirtle-elem-014903111
5609,7358,40,094902113,John A Sippel Elem,Schertz-Cibolo-U City ISD,D,9.2,677,https://txschools.net/campus/john-a-sippel-elem-094902113
5609,7358,40,232901001,Knippa School,Knippa ISD,A,9.2,408,https://txschools.net/campus/knippa-school-232901001
5609,7358,40,159901120,Liberty Elem,Eagle Pass ISD,A,9.2,576,https://txschools.net/campus/liberty-elem-159901120
5609,7358,40,015915225,Lieck Elem,Northside ISD,B,9.2,630,https://txschools.net/campus/lieck-elem-015915225
5609,7358,40,199901117,Lupe Garcia Elem,Rockwall ISD,C,9.2,842,https://txschools.net/campus/lupe-garcia-elem-199901117
5609,7358,40,101915132,Mahaffey Elem,Klein ISD,A,9.2,835,https://txschools.net/campus/mahaffey-elem-101915132
5609,7358,40,197902001,Miami School,Miami ISD,A,9.2,179,https://txschools.net/campus/miami-school-197902001
5609,7358,40,071909007,Mission Early College HS,Socorro ISD,A,9.2,421,https://txschools.net/campus/mission-early-college-hs-071909007
5609,7358,40,061901121,Nelson Elem,Denton ISD,C,9.2,584,https://txschools.net/campus/nelson-elem-061901121
5609,7358,40,236901101,New Waverly Int,New Waverly ISD,C,9.2,242,https://txschools.net/campus/new-waverly-int-236901101
5609,7358,40,061907104,Pete and Myra West Elem,Aubrey ISD,D,9.2,771,https://txschools.net/campus/pete-and-myra-west-elem-061907104
5609,7358,40,043914105,R V Groves Elem,Wylie ISD,B,9.2,581,https://txschools.net/campus/r-v-groves-elem-043914105
5609,7358,40,206902001,Richland Springs School,Richland Springs ISD,C,9.2,101,https://txschools.net/campus/richland-springs-school-206902001
5609,7358,40,101914148,Russell & Cindi Faldyn Elem,Katy ISD,B,9.2,1126,https://txschools.net/campus/russell-cindi-faldyn-elem-101914148
5609,7358,40,101913116,Shadow Forest Elem,Humble ISD,A,9.2,579,https://txschools.net/campus/shadow-forest-elem-101913116
5609,7358,40,013905101,Skidmore-Tynan Elem,Skidmore-Tynan ISD,C,9.2,345,https://txschools.net/campus/skidmore-tynan-elem-013905101
5609,7358,40,101912244,Southmayd Elem,Houston ISD,B,9.2,292,https://txschools.net/campus/southmayd-elem-101912244
5609,7358,40,227901138,Summitt Elem,Austin ISD,B,9.2,745,https://txschools.net/campus/summitt-elem-227901138
5609,7358,40,070908104,T E Baxter Elem,Midlothian ISD,B,9.2,617,https://txschools.net/campus/t-e-baxter-elem-070908104
5609,7358,40,174904110,Thomas J Rusk Elem,Nacogdoches ISD,C,9.2,424,https://txschools.net/campus/thomas-j-rusk-elem-174904110
5609,7358,40,166905001,Thorndale HS,Thorndale ISD,B,9.2,222,https://txschools.net/campus/thorndale-hs-166905001
5609,7358,40,158902041,Tidehaven Int,Tidehaven ISD,B,9.2,229,https://txschools.net/campus/tidehaven-int-158902041
5609,7358,40,220916111,Trinity Lakes Elem,Hurst-Euless-Bedford ISD,B,9.2,621,https://txschools.net/campus/trinity-lakes-elem-220916111
5609,7358,40,105904102,Walnut Springs Elem,Dripping Springs ISD,B,9.2,755,https://txschools.net/campus/walnut-springs-elem-105904102
5609,7358,40,062903102,Yoakum Int,Yoakum ISD,B,9.2,288,https://txschools.net/campus/yoakum-int-062903102
5650,7358,27,221901010,Academy for Technology Engineering Math & Science,Abilene ISD,A,9.1,359,https://txschools.net/campus/academy-for-technology-engineering-math-science-221901010
5650,7358,27,093901001,Anderson-Shiro Jr/Sr HS,Anderson-Shiro CISD,A,9.1,507,https://txschools.net/campus/anderson-shiro-jr-sr-hs-093901001
5650,7358,27,061910001,Argyle HS,Argyle ISD,A,9.1,1736,https://txschools.net/campus/argyle-hs-061910001
5650,7358,27,108909041,Austin MS,Pharr-San Juan-Alamo ISD,B,9.1,817,https://txschools.net/campus/austin-ms-108909041
5650,7358,27,057909052,B G Hudson MS,Garland ISD,A,9.1,1059,https://txschools.net/campus/b-g-hudson-ms-057909052
5650,7358,27,120901105,Edna Pri,Edna ISD,C,9.1,577,https://txschools.net/campus/edna-pri-120901105
5650,7358,27,101913124,Fall Creek Elem,Humble ISD,B,9.1,761,https://txschools.net/campus/fall-creek-elem-101913124
5650,7358,27,246902101,Florence Elem,Florence ISD,C,9.1,529,https://txschools.net/campus/florence-elem-246902101
5650,7358,27,043914041,Grady Burnett JH,Wylie ISD,A,9.1,1090,https://txschools.net/campus/grady-burnett-jh-043914041
5650,7358,27,033901001,Groom School,Groom ISD,B,9.1,112,https://txschools.net/campus/groom-school-033901001
5650,7358,27,240901106,Heights Elem,Laredo ISD,A,9.1,460,https://txschools.net/campus/heights-elem-240901106
5650,7358,27,072908001,Huckabay School,Huckabay ISD,A,9.1,345,https://txschools.net/campus/huckabay-school-072908001
5650,7358,27,246906101,Hutto Elem,Hutto ISD,C,9.1,700,https://txschools.net/campus/hutto-elem-246906101
5650,7358,27,101911126,Jessie Lee Pumphrey Elem,Goose Creek CISD,C,9.1,659,https://txschools.net/campus/jessie-lee-pumphrey-elem-101911126
5650,7358,27,071907042,Jose J Alderete MS,Canutillo ISD,B,9.1,551,https://txschools.net/campus/jose-j-alderete-ms-071907042
5650,7358,27,014906013,Killeen ISD Early College HS,Killeen ISD,A,9.1,992,https://txschools.net/campus/killeen-isd-early-college-hs-014906013
5650,7358,27,079907102,Lakeview Elem,Fort Bend ISD,C,9.1,321,https://txschools.net/campus/lakeview-elem-079907102
5650,7358,27,111902003,Lipan HS,Lipan ISD,B,9.1,255,https://txschools.net/campus/lipan-hs-111902003
5650,7358,27,108913111,Memorial Elem,Weslaco ISD,A,9.1,1057,https://txschools.net/campus/memorial-elem-108913111
5650,7358,27,079901112,Meyer Elem,Lamar CISD,B,9.1,504,https://txschools.net/campus/meyer-elem-079901112
5650,7358,27,184904041,Millsap MS,Millsap ISD,B,9.1,269,https://txschools.net/campus/millsap-ms-184904041
5650,7358,27,080901041,Mt Vernon MS,Mount Vernon ISD,B,9.1,453,https://txschools.net/campus/mt-vernon-ms-080901041
5650,7358,27,068901014,Odessa Career and Technical Early College HS,Ector County ISD,A,9.1,436,https://txschools.net/campus/odessa-career-and-technical-early-college-hs-068901014
5650,7358,27,079907121,Palmer Elem,Fort Bend ISD,C,9.1,821,https://txschools.net/campus/palmer-elem-079907121
5650,7358,27,220902107,Smithfield Elem,Birdville ISD,A,9.1,669,https://txschools.net/campus/smithfield-elem-220902107
5650,7358,27,015916127,Spring Meadows College Prep,Judson ISD,C,9.1,290,https://txschools.net/campus/spring-meadows-college-prep-015916127
5650,7358,27,152901024,Talkington School for Young Women Leaders,Lubbock ISD,A,9.1,428,https://txschools.net/campus/talkington-school-for-young-women-leaders-152901024
5650,7358,27,188901135,Wolflin Elem,Amarillo ISD,B,9.1,356,https://txschools.net/campus/wolflin-elem-188901135
5678,7358,36,249901041,Alvord MS,Alvord ISD,B,9,183,https://txschools.net/campus/alvord-ms-249901041
5678,7358,36,015915178,Aue Elem,Northside ISD,A,9,497,https://txschools.net/campus/aue-elem-015915178
5678,7358,36,161918041,Axtell MS School,Axtell ISD,C,9,186,https://txschools.net/campus/axtell-ms-school-161918041
5678,7358,36,079907141,Barbara Jordan Elem,Fort Bend ISD,B,9,407,https://txschools.net/campus/barbara-jordan-elem-079907141
5678,7358,36,101913106,Bear Branch Elem,Humble ISD,B,9,621,https://txschools.net/campus/bear-branch-elem-101913106
5678,7358,36,071907101,Canutillo Elem,Canutillo ISD,B,9,477,https://txschools.net/campus/canutillo-elem-071907101
5678,7358,36,001902041,Cayuga MS,Cayuga ISD,B,9,119,https://txschools.net/campus/cayuga-ms-001902041
5678,7358,36,227904048,Cele MS,Pflugerville ISD,A,9,790,https://txschools.net/campus/cele-ms-227904048
5678,7358,36,057922001,Coppell HS,Coppell ISD,A,9,4238,https://txschools.net/campus/coppell-hs-057922001
5678,7358,36,101912135,Crockett Elem,Houston ISD,B,9,447,https://txschools.net/campus/crockett-elem-101912135
5678,7358,36,071905145,Del Valle Elem,Ysleta ISD,C,9,376,https://txschools.net/campus/del-valle-elem-071905145
5678,7358,36,079901142,Don Carter Elem,Lamar CISD,A,9,778,https://txschools.net/campus/don-carter-elem-079901142
5678,7358,36,070908045,Earl & Marthalu Dieterich MS,Midlothian ISD,A,9,1006,https://txschools.net/campus/earl-marthalu-dieterich-ms-070908045
5678,7358,36,021902106,Fannin Elem,Bryan ISD,C,9,360,https://txschools.net/campus/fannin-elem-021902106
5678,7358,36,057916120,Forestridge Elem,Richardson ISD,C,9,470,https://txschools.net/campus/forestridge-elem-057916120
5678,7358,36,133903109,Fred H Tally Elem,Kerrville ISD,B,9,488,https://txschools.net/campus/fred-h-tally-elem-133903109
5678,7358,36,043907121,Gary and Bobbye Jack Minshew Elem,McKinney ISD,B,9,445,https://txschools.net/campus/gary-and-bobbye-jack-minshew-elem-043907121
5678,7358,36,167901101,Goldthwaite Elem,Goldthwaite ISD,C,9,234,https://txschools.net/campus/goldthwaite-elem-167901101
5678,7358,36,057910001,Grand Prairie Fine Arts Academy,Grand Prairie ISD,A,9,880,https://txschools.net/campus/grand-prairie-fine-arts-academy-057910001
5678,7358,36,212906113,H L Higgins Elem,Whitehouse ISD,B,9,613,https://txschools.net/campus/h-l-higgins-elem-212906113
5678,7358,36,101912395,Hines-Caldwell,Houston ISD,B,9,619,https://txschools.net/campus/hines-caldwell-101912395
5678,7358,36,029901102,Jackson/Roosevelt Elem,Calhoun County ISD,A,9,810,https://txschools.net/campus/jackson-roosevelt-elem-029901102
5678,7358,36,148901101,Kirksey Elem,Booker ISD,C,9,169,https://txschools.net/campus/kirksey-elem-148901101
5678,7358,36,141901102,Kline Whitis Elem,Lampasas ISD,C,9,425,https://txschools.net/campus/kline-whitis-elem-141901102
5678,7358,36,246908043,Legacy Ranch MS,Liberty Hill ISD,A,9,787,https://txschools.net/campus/legacy-ranch-ms-246908043
5678,7358,36,020908114,Magnolia Elem,Pearland ISD,A,9,693,https://txschools.net/campus/magnolia-elem-020908114
5678,7358,36,071909109,Myrtle Cooper Elem,Socorro ISD,B,9,547,https://txschools.net/campus/myrtle-cooper-elem-071909109
5678,7358,36,089903101,Nixon Smiley Elem,Nixon-Smiley CISD,C,9,427,https://txschools.net/campus/nixon-smiley-elem-089903101
5678,7358,36,015910131,Oak Meadow Elem,North East ISD,A,9,412,https://txschools.net/campus/oak-meadow-elem-015910131
5678,7358,36,101912218,Pilgrim Academy,Houston ISD,A,9,1155,https://txschools.net/campus/pilgrim-academy-101912218
5678,7358,36,015910139,Roan Forest Elem,North East ISD,A,9,869,https://txschools.net/campus/roan-forest-elem-015910139
5678,7358,36,175903105,Sam Houston Elem,Corsicana ISD,C,9,417,https://txschools.net/campus/sam-houston-elem-175903105
5678,7358,36,240901115,Santa Maria Elem,Laredo ISD,B,9,419,https://txschools.net/campus/santa-maria-elem-240901115
5678,7358,36,108909129,Sgt Leonel Trevino Elem,Pharr-San Juan-Alamo ISD,B,9,393,https://txschools.net/campus/sgt-leonel-trevino-elem-108909129
5678,7358,36,127906041,Stamford MS,Stamford ISD,B,9,128,https://txschools.net/campus/stamford-ms-127906041
5678,7358,36,199902105,W R (Bill) Fort Elem,Royse City ISD,C,9,672,https://txschools.net/campus/w-r-bill-fort-elem-199902105
5678,7358,36,242903001,Wheeler School,Wheeler ISD,B,9,341,https://txschools.net/campus/wheeler-school-242903001
5715,7358,33,195902001,Balmorhea ISD Educational Community,Balmorhea ISD,B,8.9,149,https://txschools.net/campus/balmorhea-isd-educational-community-195902001
5715,7358,33,071909122,Bill Sybert School,Socorro ISD,B,8.9,732,https://txschools.net/campus/bill-sybert-school-071909122
5715,7358,33,057905034,Booker T Washington Spva Magnet,Dallas ISD,A,8.9,977,https://txschools.net/campus/booker-t-washington-spva-magnet-057905034
5715,7358,33,043910123,Brinker Elem,Plano ISD,C,8.9,555,https://txschools.net/campus/brinker-elem-043910123
5715,7358,33,015915058,Briscoe MS,Northside ISD,B,8.9,1435,https://txschools.net/campus/briscoe-ms-015915058
5715,7358,33,116902041,Celeste JH,Celeste ISD,A,8.9,95,https://txschools.net/campus/celeste-jh-116902041
5715,7358,33,171901107,Dumas North Elem,Dumas ISD,A,8.9,686,https://txschools.net/campus/dumas-north-elem-171901107
5715,7358,33,093903101,Iola Elem,Iola ISD,C,8.9,307,https://txschools.net/campus/iola-elem-093903101
5715,7358,33,101910106,Jacinto City Elem,Galena Park ISD,A,8.9,644,https://txschools.net/campus/jacinto-city-elem-101910106
5715,7358,33,163901101,John J Ciavarra Elem,Devine ISD,F,8.9,505,https://txschools.net/campus/john-j-ciavarra-elem-163901101
5715,7358,33,129902115,Jones Int,Forney ISD,C,8.9,836,https://txschools.net/campus/jones-int-129902115
5715,7358,33,071907103,Jose H Damian Elem,Canutillo ISD,C,8.9,470,https://txschools.net/campus/jose-h-damian-elem-071907103
5715,7358,33,101914041,Katy JH,Katy ISD,A,8.9,1196,https://txschools.net/campus/katy-jh-101914041
5715,7358,33,021902101,Kemp-Carver Elem,Bryan ISD,C,8.9,588,https://txschools.net/campus/kemp-carver-elem-021902101
5715,7358,33,077902041,Lockney JH,Lockney ISD,D,8.9,86,https://txschools.net/campus/lockney-jh-077902041
5715,7358,33,027904101,Marble Falls Elem,Marble Falls ISD,D,8.9,604,https://txschools.net/campus/marble-falls-elem-027904101
5715,7358,33,050910106,Martin Walker Elem,Copperas Cove ISD,B,8.9,365,https://txschools.net/campus/martin-walker-elem-050910106
5715,7358,33,101920001,Memorial HS,Spring Branch ISD,A,8.9,2669,https://txschools.net/campus/memorial-hs-101920001
5715,7358,33,101914130,Morton Ranch Elem,Katy ISD,B,8.9,944,https://txschools.net/campus/morton-ranch-elem-101914130
5715,7358,33,169902041,Nocona MS,Nocona ISD,C,8.9,174,https://txschools.net/campus/nocona-ms-169902041
5715,7358,33,084910110,P H Greene Elem,Clear Creek ISD,C,8.9,495,https://txschools.net/campus/p-h-greene-elem-084910110
5715,7358,33,214901005,Preparatory for Early College HS,Rio Grande City Grulla ISD,A,8.9,440,https://txschools.net/campus/preparatory-for-early-college-hs-214901005
5715,7358,33,057903126,Rainwater Elem,Carrollton-Farmers Branch ISD,A,8.9,419,https://txschools.net/campus/rainwater-elem-057903126
5715,7358,33,175911042,Rice Intermediate/MS School,Rice ISD,B,8.9,331,https://txschools.net/campus/rice-intermediate-ms-school-175911042
5715,7358,33,021901112,River Bend Elem,College Station ISD,A,8.9,531,https://txschools.net/campus/river-bend-elem-021901112
5715,7358,33,027903101,Shady Grove Elem,Burnet CISD,D,8.9,558,https://txschools.net/campus/shady-grove-elem-027903101
5715,7358,33,027904104,Spicewood Elem,Marble Falls ISD,B,8.9,328,https://txschools.net/campus/spicewood-elem-027904104
5715,7358,33,246912101,Thrall Elem,Thrall ISD,A,8.9,393,https://txschools.net/campus/thrall-elem-246912101
5715,7358,33,101910111,Tice Elem,Galena Park ISD,A,8.9,687,https://txschools.net/campus/tice-elem-101910111
5715,7358,33,158906102,Van Vleck Elem,Van Vleck ISD,C,8.9,449,https://txschools.net/campus/van-vleck-elem-158906102
5715,7358,33,246904107,Village Elem,Georgetown ISD,B,8.9,451,https://txschools.net/campus/village-elem-246904107
5715,7358,33,130901043,Voss MS,Boerne ISD,B,8.9,778,https://txschools.net/campus/voss-ms-130901043
5715,7358,33,043901043,Walter & Lois Curtis MS,Allen ISD,A,8.9,1318,https://txschools.net/campus/walter-lois-curtis-ms-043901043
5715,7358,33,152901188,Williams Elem,Lubbock ISD,B,8.9,309,https://txschools.net/campus/williams-elem-152901188
5749,7358,35,043910106,Aldridge Elem,Plano ISD,B,8.8,424,https://txschools.net/campus/aldridge-elem-043910106
5749,7358,35,036902043,Barbers Hill MS South,Barbers Hill ISD,A,8.8,617,https://txschools.net/campus/barbers-hill-ms-south-036902043
5749,7358,35,138904001,Benjamin School,Benjamin ISD,B,8.8,96,https://txschools.net/campus/benjamin-school-138904001
5749,7358,35,057903110,Blanton Elem,Carrollton-Farmers Branch ISD,B,8.8,365,https://txschools.net/campus/blanton-elem-057903110
5749,7358,35,101915109,Brill Elem,Klein ISD,A,8.8,679,https://txschools.net/campus/brill-elem-101915109
5749,7358,35,139905101,Chisum Elem,Chisum ISD,B,8.8,556,https://txschools.net/campus/chisum-elem-139905101
5749,7358,35,061908101,Clear Creek Elem,Sanger ISD,C,8.8,588,https://txschools.net/campus/clear-creek-elem-061908101
5749,7358,35,061902106,Degan Elem,Lewisville ISD,B,8.8,417,https://txschools.net/campus/degan-elem-061902106
5749,7358,35,108911109,Donna Wernecke Elem,Sharyland ISD,B,8.8,600,https://txschools.net/campus/donna-wernecke-elem-108911109
5749,7358,35,220907124,Eagle Ridge Elem,Keller ISD,C,8.8,529,https://txschools.net/campus/eagle-ridge-elem-220907124
5749,7358,35,246913016,Early College HS,Leander ISD,A,8.8,296,https://txschools.net/campus/early-college-hs-246913016
5749,7358,35,182902001,Graford School,Graford ISD,A,8.8,329,https://txschools.net/campus/graford-school-182902001
5749,7358,35,220906041,Grapevine MS,Grapevine-Colleyville ISD,B,8.8,618,https://txschools.net/campus/grapevine-ms-220906041
5749,7358,35,091917101,Gunter Elem,Gunter ISD,B,8.8,490,https://txschools.net/campus/gunter-elem-091917101
5749,7358,35,108911108,Harry Shimotsu Elem,Sharyland ISD,A,8.8,580,https://txschools.net/campus/harry-shimotsu-elem-108911108
5749,7358,35,061907101,HL Brockett,Aubrey ISD,B,8.8,519,https://txschools.net/campus/hl-brockett-061907101
5749,7358,35,074907101,Honey Grove Elem,Honey Grove ISD,C,8.8,293,https://txschools.net/campus/honey-grove-elem-074907101
5749,7358,35,101912034,HS for Law and Justice,Houston ISD,A,8.8,410,https://txschools.net/campus/hs-for-law-and-justice-101912034
5749,7358,35,220916043,Hurst JH,Hurst-Euless-Bedford ISD,A,8.8,940,https://txschools.net/campus/hurst-jh-220916043
5749,7358,35,071909124,John Drugan School,Socorro ISD,A,8.8,1037,https://txschools.net/campus/john-drugan-school-071909124
5749,7358,35,057912124,John W and Margie Stipes Elem,Irving ISD,C,8.8,720,https://txschools.net/campus/john-w-and-margie-stipes-elem-057912124
5749,7358,35,075902102,La Grange Elem,La Grange ISD,C,8.8,939,https://txschools.net/campus/la-grange-elem-075902102
5749,7358,35,152906105,Lubbock-Cooper Central Elem,Lubbock-Cooper ISD,B,8.8,811,https://txschools.net/campus/lubbock-cooper-central-elem-152906105
5749,7358,35,079907049,Macario Garcia MS,Fort Bend ISD,A,8.8,1508,https://txschools.net/campus/macario-garcia-ms-079907049
5749,7358,35,057905187,Nancy Moseley Elem,Dallas ISD,C,8.8,584,https://txschools.net/campus/nancy-moseley-elem-057905187
5749,7358,35,032902041,Pittsburg JH,Pittsburg ISD,A,8.8,317,https://txschools.net/campus/pittsburg-jh-032902041
5749,7358,35,170902117,Ride Elem,Conroe ISD,A,8.8,457,https://txschools.net/campus/ride-elem-170902117
5749,7358,35,043910050,Robinson MS,Plano ISD,A,8.8,1010,https://txschools.net/campus/robinson-ms-043910050
5749,7358,35,214903041,Roma MS,Roma ISD,B,8.8,774,https://txschools.net/campus/roma-ms-214903041
5749,7358,35,073905041,Rosebud-Lott MS,Rosebud-Lott ISD,B,8.8,174,https://txschools.net/campus/rosebud-lott-ms-073905041
5749,7358,35,092906041,Sabine MS,Sabine ISD,C,8.8,262,https://txschools.net/campus/sabine-ms-092906041
5749,7358,35,014908042,Salado MS,Salado ISD,C,8.8,592,https://txschools.net/campus/salado-ms-014908042
5749,7358,35,101908104,San Jacinto Elem,Deer Park ISD,B,8.8,849,https://txschools.net/campus/san-jacinto-elem-101908104
5749,7358,35,043910148,Schell Elem,Plano ISD,B,8.8,443,https://txschools.net/campus/schell-elem-043910148
5749,7358,35,026903101,Snook Elem,Snook ISD,C,8.8,292,https://txschools.net/campus/snook-elem-026903101
5749,7358,35,071902168,Tippin Elem,El Paso ISD,B,8.8,762,https://txschools.net/campus/tippin-elem-071902168
5785,7358,28,057905206,Alex Sanger Preparatory School,Dallas ISD,B,8.7,792,https://txschools.net/campus/alex-sanger-preparatory-school-057905206
5785,7358,28,108909120,Arnoldo Cantu Sr Elem,Pharr-San Juan-Alamo ISD,B,8.7,570,https://txschools.net/campus/arnoldo-cantu-sr-elem-108909120
5785,7358,28,115901101,Benito Martinez Elem,Ft Hancock ISD,F,8.7,227,https://txschools.net/campus/benito-martinez-elem-115901101
5785,7358,28,181901103,Bridge City Int,Bridge City ISD,C,8.7,693,https://txschools.net/campus/bridge-city-int-181901103
5785,7358,28,079907117,Colony Bend Elem,Fort Bend ISD,A,8.7,465,https://txschools.net/campus/colony-bend-elem-079907117
5785,7358,28,220901130,Ditto Elem,Arlington ISD,B,8.7,705,https://txschools.net/campus/ditto-elem-220901130
5785,7358,28,079901146,Fletcher Morgan Elem,Lamar CISD,B,8.7,850,https://txschools.net/campus/fletcher-morgan-elem-079901146
5785,7358,28,221911041,Jim Ned MS,Jim Ned CISD,A,8.7,271,https://txschools.net/campus/jim-ned-ms-221911041
5785,7358,28,220907041,Keller MS,Keller ISD,A,8.7,907,https://txschools.net/campus/keller-ms-220907041
5785,7358,28,191901105,Lakeview Elem,Canyon ISD,C,8.7,386,https://txschools.net/campus/lakeview-elem-191901105
5785,7358,28,014903102,Leon Heights Elem,Belton ISD,C,8.7,196,https://txschools.net/campus/leon-heights-elem-014903102
5785,7358,28,170906109,Magnolia Parkway Elem,Magnolia ISD,A,8.7,727,https://txschools.net/campus/magnolia-parkway-elem-170906109
5785,7358,28,161909041,McGregor JH,McGregor ISD,C,8.7,339,https://txschools.net/campus/mcgregor-jh-161909041
5785,7358,28,080901103,Mt Vernon Elem,Mount Vernon ISD,C,8.7,611,https://txschools.net/campus/mt-vernon-elem-080901103
5785,7358,28,101914109,Nottingham Country Elem,Katy ISD,A,8.7,785,https://txschools.net/campus/nottingham-country-elem-101914109
5785,7358,28,033902041,Panhandle JH,Panhandle ISD,A,8.7,132,https://txschools.net/campus/panhandle-jh-033902041
5785,7358,28,071905113,Parkland Elem,Ysleta ISD,A,8.7,480,https://txschools.net/campus/parkland-elem-071905113
5785,7358,28,019912200,Pleasant Grove Int,Pleasant Grove ISD,B,8.7,511,https://txschools.net/campus/pleasant-grove-int-019912200
5785,7358,28,126902108,Richard Bransom Elem,Burleson ISD,B,8.7,567,https://txschools.net/campus/richard-bransom-elem-126902108
5785,7358,28,246913123,River Ridge Elem,Leander ISD,A,8.7,345,https://txschools.net/campus/river-ridge-elem-246913123
5785,7358,28,026903002,Snook Secondary,Snook ISD,B,8.7,293,https://txschools.net/campus/snook-secondary-026903002
5785,7358,28,014903109,Sparta Elem,Belton ISD,B,8.7,495,https://txschools.net/campus/sparta-elem-014903109
5785,7358,28,015910133,Stone Oak Elem,North East ISD,A,8.7,821,https://txschools.net/campus/stone-oak-elem-015910133
5785,7358,28,014908102,Thomas Arnold Elem,Salado ISD,B,8.7,1149,https://txschools.net/campus/thomas-arnold-elem-014908102
5785,7358,28,043910116,Wells Elem,Plano ISD,B,8.7,466,https://txschools.net/campus/wells-elem-043910116
5785,7358,28,117904001,West Texas Secondary School,Plemons-Stinnett-Phillips CISD,A,8.7,287,https://txschools.net/campus/west-texas-secondary-school-117904001
5785,7358,28,246913117,William J Winkley Elem,Leander ISD,B,8.7,678,https://txschools.net/campus/william-j-winkley-elem-246913117
5785,7358,28,170902049,York JH,Conroe ISD,A,8.7,2047,https://txschools.net/campus/york-jh-170902049
5785,7358,28,101914105,Zelma Hutsell Elem,Katy ISD,C,8.7,724,https://txschools.net/campus/zelma-hutsell-elem-101914105
5814,7358,44,043905127,Carroll Elem,Frisco ISD,B,8.6,534,https://txschools.net/campus/carroll-elem-043905127
5814,7358,44,116902101,Celeste Elem,Celeste ISD,C,8.6,233,https://txschools.net/campus/celeste-elem-116902101
5814,7358,44,229906101,Chester Elem,Chester ISD,A,8.6,76,https://txschools.net/campus/chester-elem-229906101
5814,7358,44,079907004,Clements HS,Fort Bend ISD,A,8.6,2614,https://txschools.net/campus/clements-hs-079907004
5814,7358,44,018901101,Clifton Elem,Clifton ISD,C,8.6,433,https://txschools.net/campus/clifton-elem-018901101
5814,7358,44,057905340,Dallas Hybrid Preparatory at Stephen J Hay,Dallas ISD,B,8.6,131,https://txschools.net/campus/dallas-hybrid-preparatory-at-stephen-j-hay-057905340
5814,7358,44,171901106,Dumas Int,Dumas ISD,C,8.6,653,https://txschools.net/campus/dumas-int-171901106
5814,7358,44,037904102,East Side Elem,Jacksonville ISD,F,8.6,615,https://txschools.net/campus/east-side-elem-037904102
5814,7358,44,071909050,Eastlake MS,Socorro ISD,A,8.6,884,https://txschools.net/campus/eastlake-ms-071909050
5814,7358,44,188901105,Eastridge Elem,Amarillo ISD,B,8.6,510,https://txschools.net/campus/eastridge-elem-188901105
5814,7358,44,207901001,Eldorado HS,Schleicher ISD,B,8.6,134,https://txschools.net/campus/eldorado-hs-207901001
5814,7358,44,061902119,Ethridge Elem,Lewisville ISD,C,8.6,331,https://txschools.net/campus/ethridge-elem-061902119
5814,7358,44,057903109,Farmers Branch Elem,Carrollton-Farmers Branch ISD,B,8.6,536,https://txschools.net/campus/farmers-branch-elem-057903109
5814,7358,44,220920106,Fine Arts Academy at Tannahill,White Settlement ISD,C,8.6,433,https://txschools.net/campus/fine-arts-academy-at-tannahill-220920106
5814,7358,44,115901004,Fort Hancock HS,Ft Hancock ISD,A,8.6,163,https://txschools.net/campus/fort-hancock-hs-115901004
5814,7358,44,122901001,Ft Davis School,Ft Davis ISD,C,8.6,818,https://txschools.net/campus/ft-davis-school-122901001
5814,7358,44,043911104,Harper Elem,Princeton ISD,B,8.6,764,https://txschools.net/campus/harper-elem-043911104
5814,7358,44,057909045,Jackson Technology Center,Garland ISD,B,8.6,1138,https://txschools.net/campus/jackson-technology-center-057909045
5814,7358,44,079907154,James C Neill Elem,Fort Bend ISD,B,8.6,1122,https://txschools.net/campus/james-c-neill-elem-079907154
5814,7358,44,227913041,Lake Travis MS,Lake Travis ISD,A,8.6,1013,https://txschools.net/campus/lake-travis-ms-227913041
5814,7358,44,227913102,Lakeway Elem,Lake Travis ISD,A,8.6,491,https://txschools.net/campus/lakeway-elem-227913102
5814,7358,44,220908122,Louise Cabaniss Academy,Mansfield ISD,C,8.6,411,https://txschools.net/campus/louise-cabaniss-academy-220908122
5814,7358,44,057905033,Marvin E Robinson School of Business and Mgmt,Dallas ISD,A,8.6,463,https://txschools.net/campus/marvin-e-robinson-school-of-business-and-mgmt-057905033
5814,7358,44,061901106,McNair Elem,Denton ISD,B,8.6,621,https://txschools.net/campus/mcnair-elem-061901106
5814,7358,44,200902001,Miles HS,Miles ISD,A,8.6,215,https://txschools.net/campus/miles-hs-200902001
5814,7358,44,057905285,N W Harllee Early Childhood Center,Dallas ISD,B,8.6,108,https://txschools.net/campus/n-w-harllee-early-childhood-center-057905285
5814,7358,44,008901102,O'Bryant Int,Bellville ISD,D,8.6,309,https://txschools.net/campus/o-bryant-int-008901102
5814,7358,44,046902123,Oak Creek Elem,Comal ISD,B,8.6,739,https://txschools.net/campus/oak-creek-elem-046902123
5814,7358,44,092904105,Parkway Elem,Pine Tree ISD,B,8.6,696,https://txschools.net/campus/parkway-elem-092904105
5814,7358,44,021901105,Rock Prairie Elem,College Station ISD,A,8.6,469,https://txschools.net/campus/rock-prairie-elem-021901105
5814,7358,44,014907041,Rogers MS,Rogers ISD,B,8.6,216,https://txschools.net/campus/rogers-ms-014907041
5814,7358,44,015910056,Tejeda MS,North East ISD,A,8.6,969,https://txschools.net/campus/tejeda-ms-015910056
5814,7358,44,101921108,Tomball Elem,Tomball ISD,B,8.6,628,https://txschools.net/campus/tomball-elem-101921108
5814,7358,44,071902015,Transmountain Early College HS,El Paso ISD,A,8.6,341,https://txschools.net/campus/transmountain-early-college-hs-071902015
5814,7358,44,018904041,Valley Mills JH,Valley Mills ISD,C,8.6,135,https://txschools.net/campus/valley-mills-jh-018904041
5814,7358,44,246906106,Veterans Hill Elem,Hutto ISD,C,8.6,658,https://txschools.net/campus/veterans-hill-elem-246906106
5814,7358,44,243903041,W F George MS,Iowa Park CISD,B,8.6,464,https://txschools.net/campus/w-f-george-ms-243903041
5814,7358,44,229904103,Warren Elem,Warren ISD,D,8.6,382,https://txschools.net/campus/warren-elem-229904103
5814,7358,44,129902041,Warren MS,Forney ISD,B,8.6,725,https://txschools.net/campus/warren-ms-129902041
5814,7358,44,161916042,West MS,West ISD,A,8.6,297,https://txschools.net/campus/west-ms-161916042
5814,7358,44,227909042,West Ridge MS,Eanes ISD,A,8.6,841,https://txschools.net/campus/west-ridge-ms-227909042
5814,7358,44,220916112,Wilshire Elem,Hurst-Euless-Bedford ISD,A,8.6,713,https://txschools.net/campus/wilshire-elem-220916112
5814,7358,44,101910043,Woodland Acres MS,Galena Park ISD,A,8.6,513,https://txschools.net/campus/woodland-acres-ms-101910043
5814,7358,44,081905102,Wortham Elem,Wortham ISD,D,8.6,226,https://txschools.net/campus/wortham-elem-081905102
5814,7358,44,249905104,Young Elem,Decatur ISD,B,8.6,447,https://txschools.net/campus/young-elem-249905104
5859,7358,32,021902117,Alton Bowen Elem,Bryan ISD,C,8.5,412,https://txschools.net/campus/alton-bowen-elem-021902117
5859,7358,32,227901028,Ann Richards School for Young Women Leaders,Austin ISD,A,8.5,921,https://txschools.net/campus/ann-richards-school-for-young-women-leaders-227901028
5859,7358,32,223901005,Brownfield Education Center,Brownfield ISD,A,8.5,39,https://txschools.net/campus/brownfield-education-center-223901005
5859,7358,32,071909104,Campestre Elem,Socorro ISD,A,8.5,473,https://txschools.net/campus/campestre-elem-071909104
5859,7358,32,129905103,Central Elem,Mabank ISD,B,8.5,713,https://txschools.net/campus/central-elem-129905103
5859,7358,32,043905121,Corbell Elem,Frisco ISD,B,8.5,464,https://txschools.net/campus/corbell-elem-043905121
5859,7358,32,123908112,Groves Pri,Port Neches-Groves ISD,C,8.5,621,https://txschools.net/campus/groves-pri-123908112
5859,7358,32,225907101,Harts Bluff Elem,Harts Bluff ISD,C,8.5,455,https://txschools.net/campus/harts-bluff-elem-225907101
5859,7358,32,225907041,Harts Bluff MS,Harts Bluff ISD,C,8.5,206,https://txschools.net/campus/harts-bluff-ms-225907041
5859,7358,32,015910123,Hidden Forest Elem,North East ISD,A,8.5,521,https://txschools.net/campus/hidden-forest-elem-015910123
5859,7358,32,019909001,James Bowie HS,Simms ISD,A,8.5,144,https://txschools.net/campus/james-bowie-hs-019909001
5859,7358,32,043912103,John A Baker Elem,Prosper ISD,B,8.5,546,https://txschools.net/campus/john-a-baker-elem-043912103
5859,7358,32,101914014,Jordan HS,Katy ISD,A,8.5,3449,https://txschools.net/campus/jordan-hs-101914014
5859,7358,32,170902125,Kaufman Elem,Conroe ISD,B,8.5,778,https://txschools.net/campus/kaufman-elem-170902125
5859,7358,32,092902107,Kilgore Int,Kilgore ISD,C,8.5,536,https://txschools.net/campus/kilgore-int-092902107
5859,7358,32,113905101,Latexo Elem,Latexo ISD,C,8.5,306,https://txschools.net/campus/latexo-elem-113905101
5859,7358,32,019914101,Leary Elem,Leary ISD,A,8.5,106,https://txschools.net/campus/leary-elem-019914101
5859,7358,32,168902001,Loraine School,Loraine ISD,C,8.5,133,https://txschools.net/campus/loraine-school-168902001
5859,7358,32,234905001,Martins Mill HS,Martins Mill ISD,A,8.5,234,https://txschools.net/campus/martins-mill-hs-234905001
5859,7358,32,101917134,Matthys Elem,Pasadena ISD,B,8.5,410,https://txschools.net/campus/matthys-elem-101917134
5859,7358,32,170902053,McCullough JH,Conroe ISD,A,8.5,2206,https://txschools.net/campus/mccullough-jh-170902053
5859,7358,32,020901116,Meridiana Elem,Alvin ISD,A,8.5,825,https://txschools.net/campus/meridiana-elem-020901116
5859,7358,32,108908004,Mission Collegiate HS,Mission CISD,A,8.5,409,https://txschools.net/campus/mission-collegiate-hs-108908004
5859,7358,32,043905120,Ogle Elem,Frisco ISD,A,8.5,486,https://txschools.net/campus/ogle-elem-043905120
5859,7358,32,199901111,Ouida Springer,Rockwall ISD,A,8.5,488,https://txschools.net/campus/ouida-springer-199901111
5859,7358,32,246909054,Pearson Ranch MS,Round Rock ISD,A,8.5,1030,https://txschools.net/campus/pearson-ranch-ms-246909054
5859,7358,32,246909133,Redbud Elem,Round Rock ISD,B,8.5,587,https://txschools.net/campus/redbud-elem-246909133
5859,7358,32,043905010,Reedy HS,Frisco ISD,A,8.5,2151,https://txschools.net/campus/reedy-hs-043905010
5859,7358,32,246909051,Ridgeview MS,Round Rock ISD,A,8.5,1231,https://txschools.net/campus/ridgeview-ms-246909051
5859,7358,32,061901113,Ryan Elem,Denton ISD,B,8.5,554,https://txschools.net/campus/ryan-elem-061901113
5859,7358,32,220907130,Sunset Valley Elem,Keller ISD,B,8.5,588,https://txschools.net/campus/sunset-valley-elem-220907130
5859,7358,32,201910102,Tatum Elem,Tatum ISD,B,8.5,295,https://txschools.net/campus/tatum-elem-201910102
5859,7358,32,108909125,Vida N Clover Elem,Pharr-San Juan-Alamo ISD,B,8.5,374,https://txschools.net/campus/vida-n-clover-elem-108909125
5892,7358,34,220905055,Applied Learning Acad,Fort Worth ISD,B,8.4,352,https://txschools.net/campus/applied-learning-acad-220905055
5892,7358,34,057903045,Blalack MS,Carrollton-Farmers Branch ISD,B,8.4,1123,https://txschools.net/campus/blalack-ms-057903045
5892,7358,34,169901043,Bowie Elem,Bowie ISD,C,8.4,352,https://txschools.net/campus/bowie-elem-169901043
5892,7358,34,170902132,Bradley Elem,Conroe ISD,C,8.4,919,https://txschools.net/campus/bradley-elem-170902132
5892,7358,34,249903102,Bridgeport Int,Bridgeport ISD,F,8.4,427,https://txschools.net/campus/bridgeport-int-249903102
5892,7358,34,108902112,Capt D Salinas II STEAM Academy,Donna ISD,A,8.4,410,https://txschools.net/campus/capt-d-salinas-ii-steam-academy-108902112
5892,7358,34,108908112,Carl C Waitz Elem,Mission CISD,C,8.4,336,https://txschools.net/campus/carl-c-waitz-elem-108908112
5892,7358,34,101912297,Davila Elem,Houston ISD,B,8.4,408,https://txschools.net/campus/davila-elem-101912297
5892,7358,34,079901045,Dean Leaman JH,Lamar CISD,A,8.4,2670,https://txschools.net/campus/dean-leaman-jh-079901045
5892,7358,34,101921102,Decker Prairie Elem,Tomball ISD,B,8.4,666,https://txschools.net/campus/decker-prairie-elem-101921102
5892,7358,34,243905111,Fowler Elem,Wichita Falls ISD,A,8.4,532,https://txschools.net/campus/fowler-elem-243905111
5892,7358,34,057912105,Good Elem,Irving ISD,D,8.4,689,https://txschools.net/campus/good-elem-057912105
5892,7358,34,226907101,Grape Creek Int,Grape Creek ISD,D,8.4,298,https://txschools.net/campus/grape-creek-int-226907101
5892,7358,34,230905041,Harmony JH,Harmony ISD,B,8.4,216,https://txschools.net/campus/harmony-jh-230905041
5892,7358,34,086902101,Harper Elem,Harper ISD,B,8.4,215,https://txschools.net/campus/harper-elem-086902101
5892,7358,34,152910101,Idalou Elem,Idalou ISD,B,8.4,433,https://txschools.net/campus/idalou-elem-152910101
5892,7358,34,111901108,John and Lynn Brawner Elem,Granbury ISD,C,8.4,730,https://txschools.net/campus/john-and-lynn-brawner-elem-111901108
5892,7358,34,084910117,Lloyd R Ferguson Elem,Clear Creek ISD,A,8.4,639,https://txschools.net/campus/lloyd-r-ferguson-elem-084910117
5892,7358,34,020901047,Manvel JH,Alvin ISD,B,8.4,689,https://txschools.net/campus/manvel-jh-020901047
5892,7358,34,057916134,Merriman Park Elem,Richardson ISD,B,8.4,463,https://txschools.net/campus/merriman-park-elem-057916134
5892,7358,34,043905124,Mooneyham Elem,Frisco ISD,A,8.4,458,https://txschools.net/campus/mooneyham-elem-043905124
5892,7358,34,227904121,Mott Elem,Pflugerville ISD,A,8.4,638,https://txschools.net/campus/mott-elem-227904121
5892,7358,34,079906102,Needville Elem,Needville ISD,A,8.4,1101,https://txschools.net/campus/needville-elem-079906102
5892,7358,34,112906101,North Hopkins Elem,North Hopkins ISD,C,8.4,283,https://txschools.net/campus/north-hopkins-elem-112906101
5892,7358,34,246913120,Parkside Elem,Leander ISD,B,8.4,800,https://txschools.net/campus/parkside-elem-246913120
5892,7358,34,057903042,Perry MS,Carrollton-Farmers Branch ISD,B,8.4,899,https://txschools.net/campus/perry-ms-057903042
5892,7358,34,071905123,Presa Elem,Ysleta ISD,A,8.4,294,https://txschools.net/campus/presa-elem-071905123
5892,7358,34,188901139,Puckett Elem,Amarillo ISD,B,8.4,341,https://txschools.net/campus/puckett-elem-188901139
5892,7358,34,101914146,Robertson Elem,Katy ISD,A,8.4,883,https://txschools.net/campus/robertson-elem-101914146
5892,7358,34,014907102,Rogers Elem,Rogers ISD,B,8.4,384,https://txschools.net/campus/rogers-elem-014907102
5892,7358,34,092906104,Sabine Int,Sabine ISD,C,8.4,224,https://txschools.net/campus/sabine-int-092906104
5892,7358,34,057905036,School of Health Professions,Dallas ISD,A,8.4,502,https://txschools.net/campus/school-of-health-professions-057905036
5892,7358,34,110906001,Smyer Schools,Smyer ISD,A,8.4,433,https://txschools.net/campus/smyer-schools-110906001
5892,7358,34,049903001,Valley View HS,Valley View ISD,A,8.4,259,https://txschools.net/campus/valley-view-hs-049903001
5892,7358,34,221912108,Wylie East Elem,Wylie ISD,A,8.4,740,https://txschools.net/campus/wylie-east-elem-221912108
5927,7358,35,220901014,Arlington College and Career HS,Arlington ISD,A,8.3,343,https://txschools.net/campus/arlington-college-and-career-hs-220901014
5927,7358,35,170906104,Bear Branch Elem,Magnolia ISD,A,8.3,481,https://txschools.net/campus/bear-branch-elem-170906104
5927,7358,35,220907104,Bear Creek Int,Keller ISD,A,8.3,851,https://txschools.net/campus/bear-creek-int-220907104
5927,7358,35,246906108,Benjamin Doc Kerley Elem,Hutto ISD,C,8.3,799,https://txschools.net/campus/benjamin-doc-kerley-elem-246906108
5927,7358,35,101914141,Bethke Elem,Katy ISD,B,8.3,938,https://txschools.net/campus/bethke-elem-101914141
5927,7358,35,212902101,Bullard Elem,Bullard ISD,A,8.3,434,https://txschools.net/campus/bullard-elem-212902101
5927,7358,35,043910121,Carlisle Elem,Plano ISD,B,8.3,422,https://txschools.net/campus/carlisle-elem-043910121
5927,7358,35,101914107,Cimarron Elem,Katy ISD,C,8.3,468,https://txschools.net/campus/cimarron-elem-101914107
5927,7358,35,212903101,College Street Elem,Lindale ISD,A,8.3,511,https://txschools.net/campus/college-street-elem-212903101
5927,7358,35,009901103,Dillman Elem,Muleshoe ISD,C,8.3,380,https://txschools.net/campus/dillman-elem-009901103
5927,7358,35,057905361,Downtown Montessori at Ida B Wells Academy,Dallas ISD,A,8.3,318,https://txschools.net/campus/downtown-montessori-at-ida-b-wells-academy-057905361
5927,7358,35,079907045,First Colony MS,Fort Bend ISD,A,8.3,1228,https://txschools.net/campus/first-colony-ms-079907045
5927,7358,35,046902102,Garden Ridge Elem,Comal ISD,A,8.3,458,https://txschools.net/campus/garden-ridge-elem-046902102
5927,7358,35,019902102,Hooks Elem,Hooks ISD,B,8.3,323,https://txschools.net/campus/hooks-elem-019902102
5927,7358,35,220907044,Indian Springs MS,Keller ISD,A,8.3,900,https://txschools.net/campus/indian-springs-ms-220907044
5927,7358,35,043904102,James and Mary Hemby Elem,Farmersville ISD,C,8.3,732,https://txschools.net/campus/james-and-mary-hemby-elem-043904102
5927,7358,35,084910104,James H Ross Elem,Clear Creek ISD,B,8.3,503,https://txschools.net/campus/james-h-ross-elem-084910104
5927,7358,35,116901102,Kathryn Griffis Elem,Caddo Mills ISD,A,8.3,468,https://txschools.net/campus/kathryn-griffis-elem-116901102
5927,7358,35,221911101,Lawn Elem,Jim Ned CISD,A,8.3,288,https://txschools.net/campus/lawn-elem-221911101
5927,7358,35,186902040,Lone Star Virtual Academy,Fort Stockton ISD,A,8.3,5498,https://txschools.net/campus/lone-star-virtual-academy-186902040
5927,7358,35,057905152,Margaret B Henderson Elem,Dallas ISD,A,8.3,317,https://txschools.net/campus/margaret-b-henderson-elem-057905152
5927,7358,35,220916106,Oakwood Terrace Elem,Hurst-Euless-Bedford ISD,C,8.3,795,https://txschools.net/campus/oakwood-terrace-elem-220916106
5927,7358,35,184908101,Peaster Elem,Peaster ISD,C,8.3,495,https://txschools.net/campus/peaster-elem-184908101
5927,7358,35,179901001,Perryton HS,Perryton ISD,B,8.3,538,https://txschools.net/campus/perryton-hs-179901001
5927,7358,35,061902109,Peters Colony Elem,Lewisville ISD,C,8.3,626,https://txschools.net/campus/peters-colony-elem-061902109
5927,7358,35,074917001,Rayburn HS,Sam Rayburn ISD,A,8.3,217,https://txschools.net/campus/rayburn-hs-074917001
5927,7358,35,099903102,Reagan Elem,Quanah ISD,B,8.3,183,https://txschools.net/campus/reagan-elem-099903102
5927,7358,35,070911101,Red Oak Elem,Red Oak ISD,C,8.3,472,https://txschools.net/campus/red-oak-elem-070911101
5927,7358,35,043905114,Riddle Elem,Frisco ISD,A,8.3,563,https://txschools.net/campus/riddle-elem-043905114
5927,7358,35,245904101,San Perlita Elem,San Perlita ISD,A,8.3,86,https://txschools.net/campus/san-perlita-elem-245904101
5927,7358,35,084910129,Sandra Mossman Elem,Clear Creek ISD,B,8.3,873,https://txschools.net/campus/sandra-mossman-elem-084910129
5927,7358,35,075903102,Schulenburg Elem,Schulenburg ISD,F,8.3,249,https://txschools.net/campus/schulenburg-elem-075903102
5927,7358,35,199901113,Sharon Shannon Elem,Rockwall ISD,B,8.3,570,https://txschools.net/campus/sharon-shannon-elem-199901113
5927,7358,35,220906104,Timberline Elem,Grapevine-Colleyville ISD,B,8.3,544,https://txschools.net/campus/timberline-elem-220906104
5927,7358,35,241904106,Wharton Elem,Wharton ISD,F,8.3,496,https://txschools.net/campus/wharton-elem-241904106
5927,7358,35,227901146,Zilker Elem,Austin ISD,A,8.3,537,https://txschools.net/campus/zilker-elem-227901146
5963,7358,29,061911126,Alan and andra Perrin Elem,Northwest ISD,C,8.2,628,https://txschools.net/campus/alan-and-andra-perrin-elem-061911126
5963,7358,29,043910142,Boggess Elem,Plano ISD,A,8.2,534,https://txschools.net/campus/boggess-elem-043910142
5963,7358,29,184909041,Brock JH,Brock ISD,B,8.2,534,https://txschools.net/campus/brock-jh-184909041
5963,7358,29,043905043,Clark MS,Frisco ISD,B,8.2,792,https://txschools.net/campus/clark-ms-043905043
5963,7358,29,101921044,Creekside Park JH,Tomball ISD,A,8.2,1233,https://txschools.net/campus/creekside-park-jh-101921044
5963,7358,29,061911048,Cw Worthington MS,Northwest ISD,B,8.2,1288,https://txschools.net/campus/cw-worthington-ms-061911048
5963,7358,29,227901154,Doss Elem,Austin ISD,B,8.2,934,https://txschools.net/campus/doss-elem-227901154
5963,7358,29,071905107,Edgemere International School,Ysleta ISD,A,8.2,605,https://txschools.net/campus/edgemere-international-school-071905107
5963,7358,29,057905270,Eduardo Mata Montessori School,Dallas ISD,B,8.2,704,https://txschools.net/campus/eduardo-mata-montessori-school-057905270
5963,7358,29,094902114,Elaine S Schlather Int,Schertz-Cibolo-U City ISD,C,8.2,745,https://txschools.net/campus/elaine-s-schlather-int-094902114
5963,7358,29,240903058,Elias Herrera MS,United ISD,B,8.2,1128,https://txschools.net/campus/elias-herrera-ms-240903058
5963,7358,29,101925104,Falcon Ridge Elem,Huffman ISD,C,8.2,722,https://txschools.net/campus/falcon-ridge-elem-101925104
5963,7358,29,101915125,Frank Elem,Klein ISD,A,8.2,673,https://txschools.net/campus/frank-elem-101915125
5963,7358,29,240903134,Freedom Elem,United ISD,A,8.2,675,https://txschools.net/campus/freedom-elem-240903134
5963,7358,29,020902109,Frontier Elem,Angleton ISD,B,8.2,397,https://txschools.net/campus/frontier-elem-020902109
5963,7358,29,147902104,H O Whitehurst Elem,Groesbeck ISD,D,8.2,465,https://txschools.net/campus/h-o-whitehurst-elem-147902104
5963,7358,29,086902001,Harper HS,Harper ISD,A,8.2,163,https://txschools.net/campus/harper-hs-086902001
5963,7358,29,043910134,Haun Elem,Plano ISD,A,8.2,448,https://txschools.net/campus/haun-elem-043910134
5963,7358,29,019901041,James L Germany MS,DeKalb ISD,C,8.2,288,https://txschools.net/campus/james-l-germany-ms-019901041
5963,7358,29,043912105,Light Farms Elem,Prosper ISD,B,8.2,1042,https://txschools.net/campus/light-farms-elem-043912105
5963,7358,29,043901118,Lois Lindsey Elem,Allen ISD,A,8.2,780,https://txschools.net/campus/lois-lindsey-elem-043901118
5963,7358,29,101912204,Memorial Elem,Houston ISD,A,8.2,465,https://txschools.net/campus/memorial-elem-101912204
5963,7358,29,178904107,Metro Elem Sch of Design,Corpus Christi ISD,B,8.2,674,https://txschools.net/campus/metro-elem-sch-of-design-178904107
5963,7358,29,101912359,Moreno Elem,Houston ISD,C,8.2,678,https://txschools.net/campus/moreno-elem-101912359
5963,7358,29,043905047,Roach MS,Frisco ISD,A,8.2,870,https://txschools.net/campus/roach-ms-043905047
5963,7358,29,240903129,Rodolfo C Centeno Elem,United ISD,A,8.2,814,https://txschools.net/campus/rodolfo-c-centeno-elem-240903129
5963,7358,29,101917138,South Belt Elem,Pasadena ISD,A,8.2,631,https://txschools.net/campus/south-belt-elem-101917138
5963,7358,29,244903104,Vernon Elem,Vernon ISD,C,8.2,484,https://txschools.net/campus/vernon-elem-244903104
5963,7358,29,170902069,Vogel Int,Conroe ISD,B,8.2,893,https://txschools.net/campus/vogel-int-170902069
5963,7358,29,020902104,Westside Elem,Angleton ISD,B,8.2,1002,https://txschools.net/campus/westside-elem-020902104
5993,7358,31,084910122,Art and Pat Goforth Elem,Clear Creek ISD,B,8.1,734,https://txschools.net/campus/art-and-pat-goforth-elem-084910122
5993,7358,31,227913043,Bee Cave MS,Lake Travis ISD,A,8.1,861,https://txschools.net/campus/bee-cave-ms-227913043
5993,7358,31,234902041,Canton JH,Canton ISD,A,8.1,551,https://txschools.net/campus/canton-jh-234902041
5993,7358,31,014906124,Cedar Valley Elem,Killeen ISD,B,8.1,520,https://txschools.net/campus/cedar-valley-elem-014906124
5993,7358,31,101907130,Copeland Elem,Cypress-Fairbanks ISD,A,8.1,936,https://txschools.net/campus/copeland-elem-101907130
5993,7358,31,018908001,Cranfills Gap School,Cranfills Gap ISD,B,8.1,116,https://txschools.net/campus/cranfills-gap-school-018908001
5993,7358,31,101913043,Creekwood MS,Humble ISD,A,8.1,1135,https://txschools.net/campus/creekwood-ms-101913043
5993,7358,31,130901101,Curington Elem,Boerne ISD,B,8.1,621,https://txschools.net/campus/curington-elem-130901101
5993,7358,31,043901116,David and Lynda Olson Elem,Allen ISD,B,8.1,674,https://txschools.net/campus/david-and-lynda-olson-elem-043901116
5993,7358,31,057903113,Davis Elem,Carrollton-Farmers Branch ISD,C,8.1,474,https://txschools.net/campus/davis-elem-057903113
5993,7358,31,086901102,Fredericksburg Elem,Fredericksburg ISD,B,8.1,722,https://txschools.net/campus/fredericksburg-elem-086901102
5993,7358,31,213901101,Glen Rose Elem,Glen Rose ISD,B,8.1,493,https://txschools.net/campus/glen-rose-elem-213901101
5993,7358,31,133904042,Ingram MS,Ingram ISD,B,8.1,262,https://txschools.net/campus/ingram-ms-133904042
5993,7358,31,126902111,Irene Clinkscale Elem,Burleson ISD,B,8.1,580,https://txschools.net/campus/irene-clinkscale-elem-126902111
5993,7358,31,050909001,Jonesboro School,Jonesboro ISD,C,8.1,317,https://txschools.net/campus/jonesboro-school-050909001
5993,7358,31,061914104,Little Elemm Elem,Little Elm ISD,D,8.1,369,https://txschools.net/campus/little-elemm-elem-061914104
5993,7358,31,043905052,Maus MS,Frisco ISD,A,8.1,766,https://txschools.net/campus/maus-ms-043905052
5993,7358,31,039905001,Midway School,Midway ISD,B,8.1,128,https://txschools.net/campus/midway-school-039905001
5993,7358,31,175910101,Mildred Elem,Mildred ISD,C,8.1,351,https://txschools.net/campus/mildred-elem-175910101
5993,7358,31,220902118,North Ridge Elem,Birdville ISD,B,8.1,522,https://txschools.net/campus/north-ridge-elem-220902118
5993,7358,31,101920121,Nottingham Elem,Spring Branch ISD,A,8.1,719,https://txschools.net/campus/nottingham-elem-101920121
5993,7358,31,095904001,Petersburg School,Petersburg ISD,A,8.1,230,https://txschools.net/campus/petersburg-school-095904001
5993,7358,31,126907101,Rio Vista Elem,Rio Vista ISD,C,8.1,503,https://txschools.net/campus/rio-vista-elem-126907101
5993,7358,31,220915106,Silver Creek Elem,Azle ISD,B,8.1,457,https://txschools.net/campus/silver-creek-elem-220915106
5993,7358,31,098904001,Spearman HS,Spearman ISD,A,8.1,181,https://txschools.net/campus/spearman-hs-098904001
5993,7358,31,092907103,Spring Hill Pri,Spring Hill ISD,A,8.1,425,https://txschools.net/campus/spring-hill-pri-092907103
5993,7358,31,101913120,Summerwood Elem,Humble ISD,B,8.1,676,https://txschools.net/campus/summerwood-elem-101913120
5993,7358,31,187907102,Timber Creek Elem,Livingston ISD,B,8.1,522,https://txschools.net/campus/timber-creek-elem-187907102
5993,7358,31,212904102,Troup Elem,Troup ISD,C,8.1,509,https://txschools.net/campus/troup-elem-212904102
5993,7358,31,061901128,Union Park Elem,Denton ISD,C,8.1,704,https://txschools.net/campus/union-park-elem-061901128
5993,7358,31,221912042,Wylie East JH,Wylie ISD,A,8.1,593,https://txschools.net/campus/wylie-east-jh-221912042
5993,7358,31,084911103,Zue S Bales Int,Friendswood ISD,A,8.1,573,https://txschools.net/campus/zue-s-bales-int-084911103
6025,7358,40,010902101,Alkek Elem,Bandera ISD,D,8,528,https://txschools.net/campus/alkek-elem-010902101
6025,7358,40,057912101,Barton Elem,Irving ISD,F,8,816,https://txschools.net/campus/barton-elem-057912101
6025,7358,40,220916044,Bedford JH,Hurst-Euless-Bedford ISD,A,8,998,https://txschools.net/campus/bedford-jh-220916044
6025,7358,40,184909102,Brock Elem,Brock ISD,B,8,441,https://txschools.net/campus/brock-elem-184909102
6025,7358,40,246909114,Brushy Creek Elem,Round Rock ISD,A,8,450,https://txschools.net/campus/brushy-creek-elem-246909114
6025,7358,40,170902123,Buckalew Elem,Conroe ISD,B,8,648,https://txschools.net/campus/buckalew-elem-170902123
6025,7358,40,106901103,Canadian Elem,Canadian ISD,A,8,152,https://txschools.net/campus/canadian-elem-106901103
6025,7358,40,246913045,Canyon Ridge MS,Leander ISD,A,8,889,https://txschools.net/campus/canyon-ridge-ms-246913045
6025,7358,40,015910101,Castle Hills Elem,North East ISD,B,8,425,https://txschools.net/campus/castle-hills-elem-015910101
6025,7358,40,007901101,Charlotte Elem,Charlotte ISD,A,8,196,https://txschools.net/campus/charlotte-elem-007901101
6025,7358,40,038901041,Childress JH,Childress ISD,B,8,188,https://txschools.net/campus/childress-jh-038901041
6025,7358,40,170902050,Collins Int,Conroe ISD,A,8,749,https://txschools.net/campus/collins-int-170902050
6025,7358,40,071905120,East Point Elem,Ysleta ISD,A,8,522,https://txschools.net/campus/east-point-elem-071905120
6025,7358,40,020908007,Glenda Dawson HS,Pearland ISD,A,8,2580,https://txschools.net/campus/glenda-dawson-hs-020908007
6025,7358,40,199901110,Grace Hartman Elem,Rockwall ISD,B,8,370,https://txschools.net/campus/grace-hartman-elem-199901110
6025,7358,40,079901123,H F McNeill Elem,Lamar CISD,B,8,853,https://txschools.net/campus/h-f-mcneill-elem-079901123
6025,7358,40,015910059,Hill MS,North East ISD,A,8,1089,https://txschools.net/campus/hill-ms-015910059
6025,7358,40,132902001,Jayton Schools,Jayton-Girard ISD,A,8,187,https://txschools.net/campus/jayton-schools-132902001
6025,7358,40,221911110,Jim Ned Int,Jim Ned CISD,B,8,411,https://txschools.net/campus/jim-ned-int-221911110
6025,7358,40,061911047,Leo Adams MS,Northwest ISD,B,8,960,https://txschools.net/campus/leo-adams-ms-061911047
6025,7358,40,043907126,Lizzie Nell Cundiff McClure Elem,McKinney ISD,B,8,781,https://txschools.net/campus/lizzie-nell-cundiff-mcclure-elem-043907126
6025,7358,40,015915236,Los Reyes Elem,Northside ISD,A,8,445,https://txschools.net/campus/los-reyes-elem-015915236
6025,7358,40,161908102,Mart Elem,Mart ISD,C,8,338,https://txschools.net/campus/mart-elem-161908102
6025,7358,40,220908116,Martha Reid Academy,Mansfield ISD,B,8,457,https://txschools.net/campus/martha-reid-academy-220908116
6025,7358,40,174909001,Martinsville School,Martinsville ISD,B,8,315,https://txschools.net/campus/martinsville-school-174909001
6025,7358,40,020901111,Mary Burks Marek Elem,Alvin ISD,A,8,706,https://txschools.net/campus/mary-burks-marek-elem-020901111
6025,7358,40,079907145,Oakland Elem,Fort Bend ISD,B,8,810,https://txschools.net/campus/oakland-elem-079907145
6025,7358,40,212905109,Owens Elem,Tyler ISD,B,8,717,https://txschools.net/campus/owens-elem-212905109
6025,7358,40,246904106,Raye McCoy Elem,Georgetown ISD,B,8,467,https://txschools.net/campus/raye-mccoy-elem-246904106
6025,7358,40,043912042,Reynolds MS,Prosper ISD,A,8,1464,https://txschools.net/campus/reynolds-ms-043912042
6025,7358,40,057909145,Robert B Sewell Elem,Garland ISD,B,8,706,https://txschools.net/campus/robert-b-sewell-elem-057909145
6025,7358,40,043907127,Ruth and Harold Frazier Elem,McKinney ISD,B,8,807,https://txschools.net/campus/ruth-and-harold-frazier-elem-043907127
6025,7358,40,101914010,Seven Lakes HS,Katy ISD,A,8,3714,https://txschools.net/campus/seven-lakes-hs-101914010
6025,7358,40,003903129,Slack Elem,Lufkin ISD,D,8,525,https://txschools.net/campus/slack-elem-003903129
6025,7358,40,220902108,Snow Heights Elem,Birdville ISD,A,8,376,https://txschools.net/campus/snow-heights-elem-220902108
6025,7358,40,101912486,South Early College HS,Houston ISD,A,8,525,https://txschools.net/campus/south-early-college-hs-101912486
6025,7358,40,021901111,Spring Creek Elem,College Station ISD,A,8,661,https://txschools.net/campus/spring-creek-elem-021901111
6025,7358,40,031903111,Stuart Place Elem,Harlingen CISD,B,8,626,https://txschools.net/campus/stuart-place-elem-031903111
6025,7358,40,049903101,Valley View Elem,Valley View ISD,C,8,355,https://txschools.net/campus/valley-view-elem-049903101
6025,7358,40,101913048,Woodcreek MS,Humble ISD,A,8,1099,https://txschools.net/campus/woodcreek-ms-101913048
6025,7358,40,081905041,Wortham MS,Wortham ISD,D,8,121,https://txschools.net/campus/wortham-ms-081905041
6066,7358,31,101907058,Anthony MS,Cypress-Fairbanks ISD,A,7.9,1410,https://txschools.net/campus/anthony-ms-101907058
6066,7358,31,148901001,Booker JH/HS,Booker ISD,B,7.9,166,https://txschools.net/campus/booker-jh-hs-148901001
6066,7358,31,170902121,Bush Elem,Conroe ISD,A,7.9,651,https://txschools.net/campus/bush-elem-170902121
6066,7358,31,116902001,Celeste HS,Celeste ISD,A,7.9,143,https://txschools.net/campus/celeste-hs-116902001
6066,7358,31,191901112,City View Elem,Canyon ISD,B,7.9,642,https://txschools.net/campus/city-view-elem-191901112
6066,7358,31,243906101,City View Elem,City View ISD,B,7.9,537,https://txschools.net/campus/city-view-elem-243906101
6066,7358,31,101910104,Galena Park Elem,Galena Park ISD,B,7.9,577,https://txschools.net/campus/galena-park-elem-101910104
6066,7358,31,113902041,Grapeland JH,Grapeland ISD,C,7.9,115,https://txschools.net/campus/grapeland-jh-113902041
6066,7358,31,104901041,Haskell JH,Haskell CISD,A,7.9,111,https://txschools.net/campus/haskell-jh-104901041
6066,7358,31,057911001,Highland Park HS,Highland Park ISD,A,7.9,2003,https://txschools.net/campus/highland-park-hs-057911001
6066,7358,31,246909052,James Garland Walsh MS,Round Rock ISD,A,7.9,1223,https://txschools.net/campus/james-garland-walsh-ms-246909052
6066,7358,31,138902001,Knox City School,Knox City-O'Brien CISD,A,7.9,183,https://txschools.net/campus/knox-city-school-138902001
6066,7358,31,016901101,Lyndon B Johnson Elem,Johnson City ISD,D,7.9,319,https://txschools.net/campus/lyndon-b-johnson-elem-016901101
6066,7358,31,020908112,Massey Ranch Elem,Pearland ISD,B,7.9,528,https://txschools.net/campus/massey-ranch-elem-020908112
6066,7358,31,046902007,Memorial Early College HS,Comal ISD,A,7.9,290,https://txschools.net/campus/memorial-early-college-hs-046902007
6066,7358,31,021901203,Pecan Trail Int,College Station ISD,B,7.9,795,https://txschools.net/campus/pecan-trail-int-021901203
6066,7358,31,161922103,Robinson Int,Robinson ISD,B,7.9,577,https://txschools.net/campus/robinson-int-161922103
6066,7358,31,071905116,Sageland Elem,Ysleta ISD,B,7.9,582,https://txschools.net/campus/sageland-elem-071905116
6066,7358,31,214902001,San Isidro HS,San Isidro ISD,A,7.9,49,https://txschools.net/campus/san-isidro-hs-214902001
6066,7358,31,043905122,Sem Elem,Frisco ISD,A,7.9,598,https://txschools.net/campus/sem-elem-043905122
6066,7358,31,218901103,Sonora Elem,Sonora ISD,C,7.9,345,https://txschools.net/campus/sonora-elem-218901103
6066,7358,31,229905101,Spurger Elem,Spurger ISD,C,7.9,220,https://txschools.net/campus/spurger-elem-229905101
6066,7358,31,015915161,Steubing Elem,Northside ISD,B,7.9,468,https://txschools.net/campus/steubing-elem-015915161
6066,7358,31,170902130,Stewart Elem,Conroe ISD,A,7.9,944,https://txschools.net/campus/stewart-elem-170902130
6066,7358,31,101915106,Theiss Elem,Klein ISD,B,7.9,601,https://txschools.net/campus/theiss-elem-101915106
6066,7358,31,046901111,Veramendi Elem,New Braunfels ISD,B,7.9,617,https://txschools.net/campus/veramendi-elem-046901111
6066,7358,31,043901042,W E Pete Ford MS,Allen ISD,A,7.9,713,https://txschools.net/campus/w-e-pete-ford-ms-043901042
6066,7358,31,003902102,W H Bonner Elem,Hudson ISD,C,7.9,619,https://txschools.net/campus/w-h-bonner-elem-003902102
6066,7358,31,220902111,West Birdville Elem,Birdville ISD,B,7.9,598,https://txschools.net/campus/west-birdville-elem-220902111
6066,7358,31,201914104,West Rusk Int,West Rusk County Consolidated ISD,F,7.9,219,https://txschools.net/campus/west-rusk-int-201914104
6066,7358,31,043912044,William Rushing MS,Prosper ISD,A,7.9,1094,https://txschools.net/campus/william-rushing-ms-043912044
6066,7358,31,212905119,Woods Elem,Tyler ISD,B,7.9,838,https://txschools.net/campus/woods-elem-212905119
6098,7358,26,111901102,Acton Elem,Granbury ISD,B,7.8,858,https://txschools.net/campus/acton-elem-111901102
6098,7358,26,130901042,Boerne MS South,Boerne ISD,A,7.8,977,https://txschools.net/campus/boerne-ms-south-130901042
6098,7358,26,161923041,Bosqueville MS,Bosqueville ISD,C,7.8,182,https://txschools.net/campus/bosqueville-ms-161923041
6098,7358,26,031901144,Breeden Elem,Brownsville ISD,B,7.8,495,https://txschools.net/campus/breeden-elem-031901144
6098,7358,26,161903107,Castleman Creek Elem,Midway ISD,C,7.8,551,https://txschools.net/campus/castleman-creek-elem-161903107
6098,7358,26,187907104,Cedar Grove Elem,Livingston ISD,C,7.8,516,https://txschools.net/campus/cedar-grove-elem-187907104
6098,7358,26,161920041,China Spring MS,China Spring ISD,B,7.8,510,https://txschools.net/campus/china-spring-ms-161920041
6098,7358,26,226901001,Christoval HS,Christoval ISD,B,7.8,369,https://txschools.net/campus/christoval-hs-226901001
6098,7358,26,079901125,Cora Thomas Elem,Lamar CISD,A,7.8,694,https://txschools.net/campus/cora-thomas-elem-079901125
6098,7358,26,163902001,D'Hanis School,D'Hanis ISD,A,7.8,297,https://txschools.net/campus/d-hanis-school-163902001
6098,7358,26,079907153,Donald Leonetti Elem,Fort Bend ISD,A,7.8,970,https://txschools.net/campus/donald-leonetti-elem-079907153
6098,7358,26,108909119,Edith & Ethel Carman Elem,Pharr-San Juan-Alamo ISD,B,7.8,729,https://txschools.net/campus/edith-ethel-carman-elem-108909119
6098,7358,26,139911042,Frank Stone MS,North Lamar ISD,C,7.8,544,https://txschools.net/campus/frank-stone-ms-139911042
6098,7358,26,227901062,Gorzycki MS,Austin ISD,A,7.8,1307,https://txschools.net/campus/gorzycki-ms-227901062
6098,7358,26,061901048,Harpool MS,Denton ISD,B,7.8,938,https://txschools.net/campus/harpool-ms-061901048
6098,7358,26,021902107,Henderson Elem,Bryan ISD,B,7.8,504,https://txschools.net/campus/henderson-elem-021902107
6098,7358,26,057910010,John A Dubiski Career HS,Grand Prairie ISD,A,7.8,1560,https://txschools.net/campus/john-a-dubiski-career-hs-057910010
6098,7358,26,057903122,Kent Elem,Carrollton-Farmers Branch ISD,A,7.8,501,https://txschools.net/campus/kent-elem-057903122
6098,7358,26,071905133,Lancaster Elem,Ysleta ISD,A,7.8,491,https://txschools.net/campus/lancaster-elem-071905133
6098,7358,26,246913111,Laura Welch Bush Elem,Leander ISD,A,7.8,502,https://txschools.net/campus/laura-welch-bush-elem-246913111
6098,7358,26,101907116,Lowery Elem,Cypress-Fairbanks ISD,A,7.8,653,https://txschools.net/campus/lowery-elem-101907116
6098,7358,26,101914044,Memorial Parkway JH,Katy ISD,A,7.8,793,https://txschools.net/campus/memorial-parkway-jh-101914044
6098,7358,26,061902121,Morningside Elem,Lewisville ISD,B,7.8,393,https://txschools.net/campus/morningside-elem-061902121
6098,7358,26,158905101,Palacios Elem,Palacios ISD,C,7.8,632,https://txschools.net/campus/palacios-elem-158905101
6098,7358,26,070910041,Palmer MS,Palmer ISD,B,7.8,402,https://txschools.net/campus/palmer-ms-070910041
6098,7358,26,043905050,Scoggins MS,Frisco ISD,A,7.8,817,https://txschools.net/campus/scoggins-ms-043905050
6098,7358,26,043910108,Shepard Elem,Plano ISD,B,7.8,394,https://txschools.net/campus/shepard-elem-043910108
6125,7358,39,020908115,Alexander MS,Pearland ISD,A,7.7,780,https://txschools.net/campus/alexander-ms-020908115
6125,7358,39,005901101,Archer City Elem,Archer City ISD,A,7.7,279,https://txschools.net/campus/archer-city-elem-005901101
6125,7358,39,106901101,Baker Elem,Canadian ISD,A,7.7,133,https://txschools.net/campus/baker-elem-106901101
6125,7358,39,130901041,Boerne MS North,Boerne ISD,A,7.7,912,https://txschools.net/campus/boerne-ms-north-130901041
6125,7358,39,116916101,Boles Elem,Boles ISD,C,7.7,201,https://txschools.net/campus/boles-elem-116916101
6125,7358,39,220908043,Brooks Wester MS,Mansfield ISD,A,7.7,980,https://txschools.net/campus/brooks-wester-ms-220908043
6125,7358,39,018901041,Clifton MS,Clifton ISD,B,7.7,202,https://txschools.net/campus/clifton-ms-018901041
6125,7358,39,057916127,Dartmouth Elem,Richardson ISD,C,7.7,400,https://txschools.net/campus/dartmouth-elem-057916127
6125,7358,39,101908105,Deer Park Elem,Deer Park ISD,B,7.7,667,https://txschools.net/campus/deer-park-elem-101908105
6125,7358,39,174911001,Douglass School,Douglass ISD,A,7.7,405,https://txschools.net/campus/douglass-school-174911001
6125,7358,39,068901101,Gale Pond Alamo Elem,Ector County ISD,C,7.7,358,https://txschools.net/campus/gale-pond-alamo-elem-068901101
6125,7358,39,101913128,Groves Elem,Humble ISD,A,7.7,975,https://txschools.net/campus/groves-elem-101913128
6125,7358,39,015910136,Hardy Oak Elem,North East ISD,A,7.7,580,https://txschools.net/campus/hardy-oak-elem-015910136
6125,7358,39,057909142,Herfurth Elem,Garland ISD,A,7.7,612,https://txschools.net/campus/herfurth-elem-057909142
6125,7358,39,208901001,Hermleigh School,Hermleigh ISD,B,7.7,265,https://txschools.net/campus/hermleigh-school-208901001
6125,7358,39,152910041,Idalou MS,Idalou ISD,B,7.7,312,https://txschools.net/campus/idalou-ms-152910041
6125,7358,39,043905009,Independence HS,Frisco ISD,A,7.7,1717,https://txschools.net/campus/independence-hs-043905009
6125,7358,39,133904001,Ingram Tom Moore HS,Ingram ISD,A,7.7,443,https://txschools.net/campus/ingram-tom-moore-hs-133904001
6125,7358,39,208903001,Ira School,Ira ISD,A,7.7,307,https://txschools.net/campus/ira-school-208903001
6125,7358,39,079907148,Jan Schiff Elem,Fort Bend ISD,C,7.7,861,https://txschools.net/campus/jan-schiff-elem-079907148
6125,7358,39,071903103,Johanna Odonnell Int,Fabens ISD,B,7.7,422,https://txschools.net/campus/johanna-odonnell-int-071903103
6125,7358,39,220901163,Jones Fine Arts / Dual Language Academy,Arlington ISD,C,7.7,437,https://txschools.net/campus/jones-fine-arts-dual-language-academy-220901163
6125,7358,39,187906101,Leggett Elem,Leggett ISD,D,7.7,114,https://txschools.net/campus/leggett-elem-187906101
6125,7358,39,079907132,Lexington Creek Elem,Fort Bend ISD,A,7.7,466,https://txschools.net/campus/lexington-creek-elem-079907132
6125,7358,39,241901101,Newgulf Elem,Boling ISD,C,7.7,558,https://txschools.net/campus/newgulf-elem-241901101
6125,7358,39,094902111,Norma J Paschal Elem,Schertz-Cibolo-U City ISD,C,7.7,518,https://txschools.net/campus/norma-j-paschal-elem-094902111
6125,7358,39,158905001,Palacios Junior Senior HS,Palacios ISD,B,7.7,634,https://txschools.net/campus/palacios-junior-senior-hs-158905001
6125,7358,39,057905160,Personalized Learning Prep at Jw Ray Lrng Center,Dallas ISD,C,7.7,437,https://txschools.net/campus/personalized-learning-prep-at-jw-ray-lrng-center-057905160
6125,7358,39,043905133,Phillips Elem,Frisco ISD,A,7.7,551,https://txschools.net/campus/phillips-elem-043905133
6125,7358,39,084910128,Ralph Parr Elem,Clear Creek ISD,B,7.7,691,https://txschools.net/campus/ralph-parr-elem-084910128
6125,7358,39,137902041,Ricardo MS,Ricardo ISD,A,7.7,225,https://txschools.net/campus/ricardo-ms-137902041
6125,7358,39,107905103,Robert Reeve Int,Eustace ISD,B,7.7,383,https://txschools.net/campus/robert-reeve-int-107905103
6125,7358,39,160904001,Rochelle School,Rochelle ISD,A,7.7,166,https://txschools.net/campus/rochelle-school-160904001
6125,7358,39,108911104,Romulo D Martinez Elem,Sharyland ISD,B,7.7,510,https://txschools.net/campus/romulo-d-martinez-elem-108911104
6125,7358,39,246913115,Rutledge Elem,Leander ISD,A,7.7,761,https://txschools.net/campus/rutledge-elem-246913115
6125,7358,39,043905137,Scott Elem,Frisco ISD,B,7.7,515,https://txschools.net/campus/scott-elem-043905137
6125,7358,39,071908044,Tornillo Elem,Tornillo ISD,D,7.7,328,https://txschools.net/campus/tornillo-elem-071908044
6125,7358,39,015910147,Vineyard Ranch Elem,North East ISD,A,7.7,715,https://txschools.net/campus/vineyard-ranch-elem-015910147
6125,7358,39,220901152,West Elem,Arlington ISD,B,7.7,562,https://txschools.net/campus/west-elem-220901152
6125,7358,39,043905045,Wester MS,Frisco ISD,A,7.7,916,https://txschools.net/campus/wester-ms-043905045
6165,7358,31,101912478,Arabic Immersion Magnet School,Houston ISD,A,7.6,676,https://txschools.net/campus/arabic-immersion-magnet-school-101912478
6165,7358,31,161918101,Axtell Elem,Axtell ISD,A,7.6,352,https://txschools.net/campus/axtell-elem-161918101
6165,7358,31,227913103,Bee Cave Elem,Lake Travis ISD,A,7.6,800,https://txschools.net/campus/bee-cave-elem-227913103
6165,7358,31,101907139,Birkes Elem,Cypress-Fairbanks ISD,A,7.6,911,https://txschools.net/campus/birkes-elem-101907139
6165,7358,31,001902103,Cayuga Elem,Cayuga ISD,B,7.6,260,https://txschools.net/campus/cayuga-elem-001902103
6165,7358,31,139905041,Chisum MS,Chisum ISD,A,7.6,284,https://txschools.net/campus/chisum-ms-139905041
6165,7358,31,174902002,Cushing Elem,Cushing ISD,C,7.6,267,https://txschools.net/campus/cushing-elem-174902002
6165,7358,31,043912117,Dan Christie Elem,Prosper ISD,B,7.6,865,https://txschools.net/campus/dan-christie-elem-043912117
6165,7358,31,045903105,Eagle Lake Int,Rice CISD,D,7.6,156,https://txschools.net/campus/eagle-lake-int-045903105
6165,7358,31,001903102,Elkhart Int,Elkhart ISD,C,7.6,240,https://txschools.net/campus/elkhart-int-001903102
6165,7358,31,185903041,Friona JH,Friona ISD,B,7.6,230,https://txschools.net/campus/friona-jh-185903041
6165,7358,31,057912122,Gilbert F M Elem,Irving ISD,B,7.6,722,https://txschools.net/campus/gilbert-f-m-elem-057912122
6165,7358,31,156905001,Grady School,Grady ISD,A,7.6,242,https://txschools.net/campus/grady-school-156905001
6165,7358,31,061902142,Independence Elem,Lewisville ISD,C,7.6,809,https://txschools.net/campus/independence-elem-061902142
6165,7358,31,186903101,Iraan Elem,Iraan-Sheffield Collegiate ISD,D,7.6,338,https://txschools.net/campus/iraan-elem-186903101
6165,7358,31,220907007,Keller Collegiate Academy,Keller ISD,A,7.6,254,https://txschools.net/campus/keller-collegiate-academy-220907007
6165,7358,31,061905041,Krum MS,Krum ISD,C,7.6,577,https://txschools.net/campus/krum-ms-061905041
6165,7358,31,015915191,Kuentz Elem,Northside ISD,C,7.6,523,https://txschools.net/campus/kuentz-elem-015915191
6165,7358,31,061911122,Lance Thompson Elem,Northwest ISD,B,7.6,721,https://txschools.net/campus/lance-thompson-elem-061911122
6165,7358,31,161910041,Moody MS,Moody ISD,B,7.6,221,https://txschools.net/campus/moody-ms-161910041
6165,7358,31,057905156,Nathaniel Hawthorne Elem,Dallas ISD,B,7.6,495,https://txschools.net/campus/nathaniel-hawthorne-elem-057905156
6165,7358,31,199901107,Nebbie Williams Elem,Rockwall ISD,B,7.6,347,https://txschools.net/campus/nebbie-williams-elem-199901107
6165,7358,31,070910101,Palmer Elem,Palmer ISD,C,7.6,572,https://txschools.net/campus/palmer-elem-070910101
6165,7358,31,184908102,Peaster Int,Peaster ISD,B,7.6,419,https://txschools.net/campus/peaster-int-184908102
6165,7358,31,021901107,Pebble Creek Elem,College Station ISD,B,7.6,589,https://txschools.net/campus/pebble-creek-elem-021901107
6165,7358,31,091913101,Pottsboro Elem,Pottsboro ISD,A,7.6,488,https://txschools.net/campus/pottsboro-elem-091913101
6165,7358,31,166904103,Rockdale Int,Rockdale ISD,B,7.6,314,https://txschools.net/campus/rockdale-int-166904103
6165,7358,31,108911105,Ruben Hinojosa Elem,Sharyland ISD,B,7.6,462,https://txschools.net/campus/ruben-hinojosa-elem-108911105
6165,7358,31,037907100,Rusk Int,Rusk ISD,C,7.6,320,https://txschools.net/campus/rusk-int-037907100
6165,7358,31,071909127,Sgt Roberto Ituarte,Socorro ISD,A,7.6,583,https://txschools.net/campus/sgt-roberto-ituarte-071909127
6165,7358,31,086901103,Stonewall Elem,Fredericksburg ISD,A,7.6,96,https://txschools.net/campus/stonewall-elem-086901103
6165,7358,31,072901072,Three Way Elem,Three Way ISD,D,7.6,134,https://txschools.net/campus/three-way-elem-072901072
6197,7358,32,095901101,Abernathy Elem,Abernathy ISD,B,7.5,375,https://txschools.net/campus/abernathy-elem-095901101
6197,7358,32,220906106,Bear Creek Elem,Grapevine-Colleyville ISD,C,7.5,489,https://txschools.net/campus/bear-creek-elem-220906106
6197,7358,32,043901110,Bolin Elem,Allen ISD,B,7.5,542,https://txschools.net/campus/bolin-elem-043901110
6197,7358,32,008903102,Brazos Elem,Brazos ISD,B,7.5,326,https://txschools.net/campus/brazos-elem-008903102
6197,7358,32,246909047,Cedar Valley MS,Round Rock ISD,A,7.5,1228,https://txschools.net/campus/cedar-valley-ms-246909047
6197,7358,32,020904041,Danbury MS,Danbury ISD,A,7.5,145,https://txschools.net/campus/danbury-ms-020904041
6197,7358,32,246904040,Douglas Benold MS,Georgetown ISD,B,7.5,785,https://txschools.net/campus/douglas-benold-ms-246904040
6197,7358,32,071905106,Eastwood Knolls International,Ysleta ISD,A,7.5,825,https://txschools.net/campus/eastwood-knolls-international-071905106
6197,7358,32,079901120,Frost Elem,Lamar CISD,B,7.5,804,https://txschools.net/campus/frost-elem-079901120
6197,7358,32,088902104,Goliad Elem,Goliad ISD,B,7.5,516,https://txschools.net/campus/goliad-elem-088902104
6197,7358,32,227904123,Hidden Lake Elem,Pflugerville ISD,C,7.5,629,https://txschools.net/campus/hidden-lake-elem-227904123
6197,7358,32,123905103,Hillcrest Elem,Nederland ISD,A,7.5,761,https://txschools.net/campus/hillcrest-elem-123905103
6197,7358,32,227904046,Kelly Lane MS,Pflugerville ISD,A,7.5,934,https://txschools.net/campus/kelly-lane-ms-227904046
6197,7358,32,101916106,Lomax Elem,La Porte ISD,B,7.5,484,https://txschools.net/campus/lomax-elem-101916106
6197,7358,32,161907101,Lorena Elem,Lorena ISD,A,7.5,393,https://txschools.net/campus/lorena-elem-161907101
6197,7358,32,101912199,Lovett Elem,Houston ISD,A,7.5,649,https://txschools.net/campus/lovett-elem-101912199
6197,7358,32,057911105,McCulloch Int,Highland Park ISD,A,7.5,876,https://txschools.net/campus/mcculloch-int-057911105
6197,7358,32,220908126,Nancy Neal Elem,Mansfield ISD,A,7.5,438,https://txschools.net/campus/nancy-neal-elem-220908126
6197,7358,32,059901104,Northwest Elem,Hereford ISD,F,7.5,470,https://txschools.net/campus/northwest-elem-059901104
6197,7358,32,145907002,Oakwood HS,Oakwood ISD,B,7.5,81,https://txschools.net/campus/oakwood-hs-145907002
6197,7358,32,249906050,Paradise Int,Paradise ISD,C,7.5,251,https://txschools.net/campus/paradise-int-249906050
6197,7358,32,071902159,Polk Elem,El Paso ISD,B,7.5,665,https://txschools.net/campus/polk-elem-071902159
6197,7358,32,170902122,Powell Elem,Conroe ISD,A,7.5,727,https://txschools.net/campus/powell-elem-170902122
6197,7358,32,043905131,Purefoy Elem,Frisco ISD,A,7.5,615,https://txschools.net/campus/purefoy-elem-043905131
6197,7358,32,230906102,Robert F Hunt Elem,New Diana ISD,B,7.5,536,https://txschools.net/campus/robert-f-hunt-elem-230906102
6197,7358,32,214903108,Roel A & Celia R Saenz Elem,Roma ISD,A,7.5,517,https://txschools.net/campus/roel-a-celia-r-saenz-elem-214903108
6197,7358,32,152901189,Roscoe Wilson Elem,Lubbock ISD,A,7.5,554,https://txschools.net/campus/roscoe-wilson-elem-152901189
6197,7358,32,045903102,Sheridan Elem,Rice CISD,B,7.5,86,https://txschools.net/campus/sheridan-elem-045903102
6197,7358,32,220902046,Smithfield MS,Birdville ISD,A,7.5,784,https://txschools.net/campus/smithfield-ms-220902046
6197,7358,32,043905130,Sonntag Elem,Frisco ISD,B,7.5,416,https://txschools.net/campus/sonntag-elem-043905130
6197,7358,32,043908107,Willow Wood Elem,Melissa ISD,A,7.5,836,https://txschools.net/campus/willow-wood-elem-043908107
6197,7358,32,043905090,Wortham Int,Frisco ISD,B,7.5,758,https://txschools.net/campus/wortham-int-043905090
6197,7358,32,071905119,Ysleta Elem,Ysleta ISD,B,7.5,330,https://txschools.net/campus/ysleta-elem-071905119
6230,7358,24,196901102,Austwell-Tivoli Elem,Austwell-Tivoli ISD,B,7.4,63,https://txschools.net/campus/austwell-tivoli-elem-196901102
6230,7358,24,133901041,Center Point MS,Center Point ISD,C,7.4,93,https://txschools.net/campus/center-point-ms-133901041
6230,7358,24,047901101,Comanche Elem,Comanche ISD,C,7.4,696,https://txschools.net/campus/comanche-elem-047901101
6230,7358,24,147901001,Coolidge HS,Coolidge ISD,B,7.4,162,https://txschools.net/campus/coolidge-hs-147901001
6230,7358,24,001903041,Elkhart MS,Elkhart ISD,C,7.4,279,https://txschools.net/campus/elkhart-ms-001903041
6230,7358,24,043901044,Ereckson MS,Allen ISD,A,7.4,1201,https://txschools.net/campus/ereckson-ms-043901044
6230,7358,24,030906101,Eula Elem,Eula ISD,B,7.4,274,https://txschools.net/campus/eula-elem-030906101
6230,7358,24,084910124,Falcon Pass Elem,Clear Creek ISD,B,7.4,532,https://txschools.net/campus/falcon-pass-elem-084910124
6230,7358,24,102905101,Harleton Elem,Harleton ISD,C,7.4,334,https://txschools.net/campus/harleton-elem-102905101
6230,7358,24,061911010,James M Steele Early College HS,Northwest ISD,A,7.4,341,https://txschools.net/campus/james-m-steele-early-college-hs-061911010
6230,7358,24,105906120,Jim Cullen Elem,Hays CISD,A,7.4,495,https://txschools.net/campus/jim-cullen-elem-105906120
6230,7358,24,161907001,Lorena High,Lorena ISD,A,7.4,539,https://txschools.net/campus/lorena-high-161907001
6230,7358,24,235902117,Mission Valley Elem,Victoria ISD,A,7.4,259,https://txschools.net/campus/mission-valley-elem-235902117
6230,7358,24,169902101,Nocona Elem,Nocona ISD,B,7.4,350,https://txschools.net/campus/nocona-elem-169902101
6230,7358,24,043914103,P M Akin Elem,Wylie ISD,A,7.4,547,https://txschools.net/campus/p-m-akin-elem-043914103
6230,7358,24,101907140,Robison Elem,Cypress-Fairbanks ISD,A,7.4,1086,https://txschools.net/campus/robison-elem-101907140
6230,7358,24,020908105,Sam Jamison MS,Pearland ISD,B,7.4,673,https://txschools.net/campus/sam-jamison-ms-020908105
6230,7358,24,108911008,Sharyland Advanced Academic Academy,Sharyland ISD,A,7.4,491,https://txschools.net/campus/sharyland-advanced-academic-academy-108911008
6230,7358,24,081904102,Teague Elem,Teague ISD,A,7.4,464,https://txschools.net/campus/teague-elem-081904102
6230,7358,24,019907117,Waggoner Creek Elem,Texarkana ISD,C,7.4,333,https://txschools.net/campus/waggoner-creek-elem-019907117
6230,7358,24,045905041,Weimar JH,Weimar ISD,A,7.4,223,https://txschools.net/campus/weimar-jh-045905041
6230,7358,24,101921118,West Elem,Tomball ISD,A,7.4,814,https://txschools.net/campus/west-elem-101921118
6230,7358,24,117904101,West Texas Elem,Plemons-Stinnett-Phillips CISD,B,7.4,193,https://txschools.net/campus/west-texas-elem-117904101
6230,7358,24,091910101,Whitewright Elem,Whitewright ISD,B,7.4,394,https://txschools.net/campus/whitewright-elem-091910101
6230,7358,24,165901007,Young Women's Leadership Academy,Midland ISD,A,7.4,436,https://txschools.net/campus/young-women-s-leadership-academy-165901007
6255,7358,26,020901120,Bel Nafegar Sanchez Elem,Alvin ISD,B,7.3,770,https://txschools.net/campus/bel-nafegar-sanchez-elem-020901120
6255,7358,26,139912101,Blossom Elem,Prairiland ISD,C,7.3,402,https://txschools.net/campus/blossom-elem-139912101
6255,7358,26,101912275,Bush Elem,Houston ISD,A,7.3,680,https://txschools.net/campus/bush-elem-101912275
6255,7358,26,220908044,Danny Jones MS,Mansfield ISD,A,7.3,802,https://txschools.net/campus/danny-jones-ms-220908044
6255,7358,26,101912137,De Chaumes Elem,Houston ISD,B,7.3,623,https://txschools.net/campus/de-chaumes-elem-101912137
6255,7358,26,071905136,Desertaire Elem,Ysleta ISD,B,7.3,505,https://txschools.net/campus/desertaire-elem-071905136
6255,7358,26,074904001,Dodd City School,Dodd City ISD,A,7.3,319,https://txschools.net/campus/dodd-city-school-074904001
6255,7358,26,043901107,Flossie Floyd Green Elem,Allen ISD,A,7.3,508,https://txschools.net/campus/flossie-floyd-green-elem-043901107
6255,7358,26,220916045,Harwood JH,Hurst-Euless-Bedford ISD,A,7.3,1062,https://txschools.net/campus/harwood-jh-220916045
6255,7358,26,043910143,Hickey Elem,Plano ISD,B,7.3,462,https://txschools.net/campus/hickey-elem-043910143
6255,7358,26,084910120,I W and Eleanor Hyde Elem,Clear Creek ISD,A,7.3,599,https://txschools.net/campus/i-w-and-eleanor-hyde-elem-084910120
6255,7358,26,057905176,Jack Lowe Sr Elem,Dallas ISD,B,7.3,511,https://txschools.net/campus/jack-lowe-sr-elem-057905176
6255,7358,26,043901112,James and Margie Marion Elem,Allen ISD,B,7.3,651,https://txschools.net/campus/james-and-margie-marion-elem-043901112
6255,7358,26,043912102,Judy Rucker Elem,Prosper ISD,C,7.3,294,https://txschools.net/campus/judy-rucker-elem-043912102
6255,7358,26,061911114,Kay Granger Elem,Northwest ISD,B,7.3,617,https://txschools.net/campus/kay-granger-elem-061911114
6255,7358,26,101914144,Leonard Elem,Katy ISD,C,7.3,1006,https://txschools.net/campus/leonard-elem-101914144
6255,7358,26,157901101,Mason Elem,Mason ISD,B,7.3,268,https://txschools.net/campus/mason-elem-157901101
6255,7358,26,249906001,Paradise HS,Paradise ISD,A,7.3,383,https://txschools.net/campus/paradise-hs-249906001
6255,7358,26,237904109,Richard T Mcreavy Elem,Waller ISD,A,7.3,591,https://txschools.net/campus/richard-t-mcreavy-elem-237904109
6255,7358,26,061911107,Roanoke Elem,Northwest ISD,B,7.3,652,https://txschools.net/campus/roanoke-elem-061911107
6255,7358,26,220906110,Silver Lake Elem,Grapevine-Colleyville ISD,B,7.3,404,https://txschools.net/campus/silver-lake-elem-220906110
6255,7358,26,061911112,Sonny & Allegra Nance Elem,Northwest ISD,C,7.3,587,https://txschools.net/campus/sonny-allegra-nance-elem-061911112
6255,7358,26,212906114,Stanton-Smith Elem,Whitehouse ISD,A,7.3,535,https://txschools.net/campus/stanton-smith-elem-212906114
6255,7358,26,240903110,Trautmann Elem,United ISD,A,7.3,694,https://txschools.net/campus/trautmann-elem-240903110
6255,7358,26,071905128,Vista Hills Elem,Ysleta ISD,A,7.3,410,https://txschools.net/campus/vista-hills-elem-071905128
6255,7358,26,045905002,Weimar HS,Weimar ISD,A,7.3,214,https://txschools.net/campus/weimar-hs-045905002
6255,7358,26,101920014,Westchester Academy for International Studies,Spring Branch ISD,A,7.3,864,https://txschools.net/campus/westchester-academy-for-international-studies-101920014
6282,7358,29,043910008,Academy HS,Plano ISD,A,7.2,230,https://txschools.net/campus/academy-hs-043910008
6282,7358,29,101921111,Canyon Pointe Elem,Tomball ISD,A,7.2,828,https://txschools.net/campus/canyon-pointe-elem-101921111
6282,7358,29,043914104,Dodd Elem,Wylie ISD,A,7.2,536,https://txschools.net/campus/dodd-elem-043914104
6282,7358,29,105904101,Dripping Springs Elem,Dripping Springs ISD,B,7.2,715,https://txschools.net/campus/dripping-springs-elem-105904101
6282,7358,29,220908114,Elizabeth Smith Elem,Mansfield ISD,B,7.2,629,https://txschools.net/campus/elizabeth-smith-elem-220908114
6282,7358,29,105906107,Elm Grove Elem,Hays CISD,B,7.2,646,https://txschools.net/campus/elm-grove-elem-105906107
6282,7358,29,246909139,Elsa England Elem,Round Rock ISD,A,7.2,1020,https://txschools.net/campus/elsa-england-elem-246909139
6282,7358,29,071909102,H D Hilley Elem,Socorro ISD,B,7.2,470,https://txschools.net/campus/h-d-hilley-elem-071909102
6282,7358,29,014903108,Lakewood Elem,Belton ISD,A,7.2,591,https://txschools.net/campus/lakewood-elem-014903108
6282,7358,29,077902001,Lockney HS,Lockney ISD,B,7.2,124,https://txschools.net/campus/lockney-hs-077902001
6282,7358,29,101910107,MacArthur Elem,Galena Park ISD,A,7.2,522,https://txschools.net/campus/macarthur-elem-101910107
6282,7358,29,061902002,Marcus HS,Lewisville ISD,A,7.2,3004,https://txschools.net/campus/marcus-hs-061902002
6282,7358,29,101914145,McElwain Elem,Katy ISD,C,7.2,1206,https://txschools.net/campus/mcelwain-elem-101914145
6282,7358,29,161909101,McGregor Elem,McGregor ISD,D,7.2,436,https://txschools.net/campus/mcgregor-elem-161909101
6282,7358,29,220916122,Meadow Creek Elem,Hurst-Euless-Bedford ISD,A,7.2,622,https://txschools.net/campus/meadow-creek-elem-220916122
6282,7358,29,199902106,Miss May Vernon Elem,Royse City ISD,C,7.2,760,https://txschools.net/campus/miss-may-vernon-elem-199902106
6282,7358,29,021902119,Mitchell Elem,Bryan ISD,B,7.2,428,https://txschools.net/campus/mitchell-elem-021902119
6282,7358,29,209901101,Nancy Smith Elem,Albany ISD,B,7.2,246,https://txschools.net/campus/nancy-smith-elem-209901101
6282,7358,29,071909103,O'Shea Keleher Whole Child Academy,Socorro ISD,B,7.2,715,https://txschools.net/campus/o-shea-keleher-whole-child-academy-071909103
6282,7358,29,127906101,Oliver Elem,Stamford ISD,C,7.2,270,https://txschools.net/campus/oliver-elem-127906101
6282,7358,29,220907109,Park Glen Elem,Keller ISD,A,7.2,483,https://txschools.net/campus/park-glen-elem-220907109
6282,7358,29,123908042,Port Neches MS,Port Neches-Groves ISD,B,7.2,630,https://txschools.net/campus/port-neches-ms-123908042
6282,7358,29,123908113,Port Neches Pri,Port Neches-Groves ISD,B,7.2,550,https://txschools.net/campus/port-neches-pri-123908113
6282,7358,29,110905001,Ropes School,Ropes ISD,A,7.2,670,https://txschools.net/campus/ropes-school-110905001
6282,7358,29,079907137,Sienna Crossing Elem,Fort Bend ISD,A,7.2,997,https://txschools.net/campus/sienna-crossing-elem-079907137
6282,7358,29,061902042,STEM Academy at Hedrick MS,Lewisville ISD,D,7.2,842,https://txschools.net/campus/stem-academy-at-hedrick-ms-061902042
6282,7358,29,079901148,Terrell Elem,Lamar CISD,B,7.2,694,https://txschools.net/campus/terrell-elem-079901148
6282,7358,29,161916102,West Elem,West ISD,B,7.2,654,https://txschools.net/campus/west-elem-161916102
6282,7358,29,246913121,Westside Elem,Leander ISD,B,7.2,457,https://txschools.net/campus/westside-elem-246913121
6282,7358,29,220905084,World Languages Institute,Fort Worth ISD,A,7.2,503,https://txschools.net/campus/world-languages-institute-220905084
6312,7358,21,093901101,Anderson-Shiro Elem,Anderson-Shiro CISD,B,7.1,437,https://txschools.net/campus/anderson-shiro-elem-093901101
6312,7358,21,036902045,Barbers Hill Int South,Barbers Hill ISD,A,7.1,968,https://txschools.net/campus/barbers-hill-int-south-036902045
6312,7358,21,043905115,Boals Elem,Frisco ISD,B,7.1,555,https://txschools.net/campus/boals-elem-043905115
6312,7358,21,015910140,Canyon Ridge Elem,North East ISD,B,7.1,425,https://txschools.net/campus/canyon-ridge-elem-015910140
6312,7358,21,043901114,Carlena Chandler Elem,Allen ISD,B,7.1,685,https://txschools.net/campus/carlena-chandler-elem-043901114
6312,7358,21,170906106,Cedric C Smith,Magnolia ISD,A,7.1,722,https://txschools.net/campus/cedric-c-smith-170906106
6312,7358,21,078901001,Crowell School,Crowell ISD,B,7.1,172,https://txschools.net/campus/crowell-school-078901001
6312,7358,21,097902041,Hamilton JH,Hamilton ISD,B,7.1,187,https://txschools.net/campus/hamilton-jh-097902041
6312,7358,21,108906106,Houston Elem,McAllen ISD,A,7.1,380,https://txschools.net/campus/houston-elem-108906106
6312,7358,21,105905101,Jacob's Well Elem,Wimberley ISD,B,7.1,581,https://txschools.net/campus/jacob-s-well-elem-105905101
6312,7358,21,092903123,Johnston-McQueen Elem,Longview ISD,B,7.1,444,https://txschools.net/campus/johnston-mcqueen-elem-092903123
6312,7358,21,067904101,Maxfield Elem,Gorman ISD,C,7.1,102,https://txschools.net/campus/maxfield-elem-067904101
6312,7358,21,101917129,Moore Elem,Pasadena ISD,B,7.1,331,https://txschools.net/campus/moore-elem-101917129
6312,7358,21,138903101,Munday Elem,Munday CISD,A,7.1,175,https://txschools.net/campus/munday-elem-138903101
6312,7358,21,079906041,Needville MS,Needville ISD,B,7.1,848,https://txschools.net/campus/needville-ms-079906041
6312,7358,21,091913041,Pottsboro MS,Pottsboro ISD,B,7.1,454,https://txschools.net/campus/pottsboro-ms-091913041
6312,7358,21,043905104,Smith Elem,Frisco ISD,B,7.1,579,https://txschools.net/campus/smith-elem-043905104
6312,7358,21,220916110,Stonegate Elem,Hurst-Euless-Bedford ISD,B,7.1,481,https://txschools.net/campus/stonegate-elem-220916110
6312,7358,21,043914102,T F Birmingham Elem,Wylie ISD,A,7.1,495,https://txschools.net/campus/t-f-birmingham-elem-043914102
6312,7358,21,220915103,Walnut Creek Elem,Azle ISD,C,7.1,399,https://txschools.net/campus/walnut-creek-elem-220915103
6312,7358,21,250907103,Winnsboro Elem,Winnsboro ISD,C,7.1,345,https://txschools.net/campus/winnsboro-elem-250907103
6312,7358,21,220905081,Young Women's Leadership Academy,Fort Worth ISD,A,7.1,387,https://txschools.net/campus/young-women-s-leadership-academy-220905081
6334,7358,31,043905129,Allen Elem,Frisco ISD,A,7,622,https://txschools.net/campus/allen-elem-043905129
6334,7358,31,183901001,Beckville Jr-Sr High School,Beckville ISD,A,7,350,https://txschools.net/campus/beckville-jr-sr-high-school-183901001
6334,7358,31,021902103,Bonham Elem,Bryan ISD,C,7,549,https://txschools.net/campus/bonham-elem-021902103
6334,7358,31,071909133,Cactus Trails,Socorro ISD,A,7,1029,https://txschools.net/campus/cactus-trails-071909133
6334,7358,31,234902102,Canton Int,Canton ISD,C,7,525,https://txschools.net/campus/canton-int-234902102
6334,7358,31,227904122,Carpenter Elem,Pflugerville ISD,B,7,610,https://txschools.net/campus/carpenter-elem-227904122
6334,7358,31,043907120,Dean and Mildred Bennett Elem,McKinney ISD,B,7,403,https://txschools.net/campus/dean-and-mildred-bennett-elem-043907120
6334,7358,31,061905103,Dixie Hansel Elem,Krum ISD,C,7,522,https://txschools.net/campus/dixie-hansel-elem-061905103
6334,7358,31,234903042,Edgewood Int,Edgewood ISD,C,7,231,https://txschools.net/campus/edgewood-int-234903042
6334,7358,31,179901103,Edwin F Williams Int,Perryton ISD,C,7,291,https://txschools.net/campus/edwin-f-williams-int-179901103
6334,7358,31,121906001,Evadale HS,Evadale ISD,A,7,118,https://txschools.net/campus/evadale-hs-121906001
6334,7358,31,121906041,Evadale JH,Evadale ISD,B,7,109,https://txschools.net/campus/evadale-jh-121906041
6334,7358,31,114904101,Forsan Elem,Forsan ISD,C,7,309,https://txschools.net/campus/forsan-elem-114904101
6334,7358,31,031903008,Harlingen School of Health Professions,Harlingen CISD,A,7,485,https://txschools.net/campus/harlingen-school-of-health-professions-031903008
6334,7358,31,230905101,Harmony Elem,Harmony ISD,C,7,250,https://txschools.net/campus/harmony-elem-230905101
6334,7358,31,123905101,Helena Park Elem,Nederland ISD,B,7,714,https://txschools.net/campus/helena-park-elem-123905101
6334,7358,31,071909105,Horizon Heights Elem,Socorro ISD,A,7,921,https://txschools.net/campus/horizon-heights-elem-071909105
6334,7358,31,220908125,Judy Miller Elem,Mansfield ISD,C,7,425,https://txschools.net/campus/judy-miller-elem-220908125
6334,7358,31,057916107,Lake Highlands Elem,Richardson ISD,A,7,690,https://txschools.net/campus/lake-highlands-elem-057916107
6334,7358,31,227913104,Lake Pointe Elem,Lake Travis ISD,A,7,711,https://txschools.net/campus/lake-pointe-elem-227913104
6334,7358,31,178906001,London HS,London ISD,A,7,587,https://txschools.net/campus/london-hs-178906001
6334,7358,31,184907042,Mcanally MS,Aledo ISD,A,7,886,https://txschools.net/campus/mcanally-ms-184907042
6334,7358,31,043905145,Minett Elem,Frisco ISD,A,7,644,https://txschools.net/campus/minett-elem-043905145
6334,7358,31,020908042,Pearland JH West,Pearland ISD,A,7,932,https://txschools.net/campus/pearland-jh-west-020908042
6334,7358,31,043914045,Raymond B Cooper JH,Wylie ISD,A,7,992,https://txschools.net/campus/raymond-b-cooper-jh-043914045
6334,7358,31,227904118,Riojas Elem,Pflugerville ISD,B,7,734,https://txschools.net/campus/riojas-elem-227904118
6334,7358,31,057905204,Rosemont Pri - Chris V Semos Building,Dallas ISD,A,7,531,https://txschools.net/campus/rosemont-pri-chris-v-semos-building-057905204
6334,7358,31,091914101,S and S Cons Elem,S and S CISD,D,7,340,https://txschools.net/campus/s-and-s-cons-elem-091914101
6334,7358,31,015911111,Salado Elem,East Central ISD,B,7,616,https://txschools.net/campus/salado-elem-015911111
6334,7358,31,137904001,Santa Gertrudis Academy HS,Santa Gertrudis ISD,A,7,386,https://txschools.net/campus/santa-gertrudis-academy-hs-137904001
6334,7358,31,057919001,Sunnyvale HS,Sunnyvale ISD,A,7,745,https://txschools.net/campus/sunnyvale-hs-057919001
6334,7358,31,201914105,West Rusk Elem,West Rusk County Consolidated ISD,F,7,221,https://txschools.net/campus/west-rusk-elem-201914105
6366,7358,28,043914042,Ab Harrison Int,Wylie ISD,B,6.9,1098,https://txschools.net/campus/ab-harrison-int-043914042
6366,7358,28,057914132,Achziger Elem,Mesquite ISD,D,6.9,545,https://txschools.net/campus/achziger-elem-057914132
6366,7358,28,108909136,Berta S Palacios Elem,Pharr-San Juan-Alamo ISD,A,6.9,465,https://txschools.net/campus/berta-s-palacios-elem-108909136
6366,7358,28,220907118,Bette Perot Elem,Keller ISD,A,6.9,478,https://txschools.net/campus/bette-perot-elem-220907118
6366,7358,28,110902104,Capitol Elem,Levelland ISD,C,6.9,263,https://txschools.net/campus/capitol-elem-110902104
6366,7358,28,043912111,Chuck and Cindy Stuber Elem,Prosper ISD,A,6.9,946,https://txschools.net/campus/chuck-and-cindy-stuber-elem-043912111
6366,7358,28,067902004,Cisco Learning Center,Cisco ISD,A,6.9,16,https://txschools.net/campus/cisco-learning-center-067902004
6366,7358,28,246913113,Deer Creek Elem,Leander ISD,A,6.9,643,https://txschools.net/campus/deer-creek-elem-246913113
6366,7358,28,015910129,Encino Park Elem,North East ISD,B,6.9,620,https://txschools.net/campus/encino-park-elem-015910129
6366,7358,28,057911041,Highland Park MS,Highland Park ISD,A,6.9,911,https://txschools.net/campus/highland-park-ms-057911041
6366,7358,28,070908110,Jean Coleman Elem,Midlothian ISD,A,6.9,662,https://txschools.net/campus/jean-coleman-elem-070908110
6366,7358,28,043901111,Kerr Elem,Allen ISD,A,6.9,612,https://txschools.net/campus/kerr-elem-043901111
6366,7358,28,057914115,Lawrence Elem,Mesquite ISD,C,6.9,269,https://txschools.net/campus/lawrence-elem-057914115
6366,7358,28,061902138,Marjory Vickery Elem,Lewisville ISD,D,6.9,641,https://txschools.net/campus/marjory-vickery-elem-061902138
6366,7358,28,250903041,Mineola MS,Mineola ISD,B,6.9,406,https://txschools.net/campus/mineola-ms-250903041
6366,7358,28,043912114,Mrs Jerry Bryant Elem,Prosper ISD,A,6.9,971,https://txschools.net/campus/mrs-jerry-bryant-elem-043912114
6366,7358,28,015915170,Nichols Elem,Northside ISD,C,6.9,280,https://txschools.net/campus/nichols-elem-015915170
6366,7358,28,101921109,Northpointe Int,Tomball ISD,A,6.9,858,https://txschools.net/campus/northpointe-int-101921109
6366,7358,28,220901154,Pearcy STEM Academy,Arlington ISD,B,6.9,515,https://txschools.net/campus/pearcy-stem-academy-220901154
6366,7358,28,070912116,Ray Elem,Waxahachie ISD,B,6.9,416,https://txschools.net/campus/ray-elem-070912116
6366,7358,28,020908107,Rustic Oak Elem,Pearland ISD,A,6.9,644,https://txschools.net/campus/rustic-oak-elem-020908107
6366,7358,28,043905111,Spears Elem,Frisco ISD,A,6.9,653,https://txschools.net/campus/spears-elem-043905111
6366,7358,28,061902145,STEM Academy at Memorial Elem,Lewisville ISD,A,6.9,807,https://txschools.net/campus/stem-academy-at-memorial-elem-061902145
6366,7358,28,240901125,T Sanchez Elem / H Ochoa Elem,Laredo ISD,B,6.9,490,https://txschools.net/campus/t-sanchez-elem-h-ochoa-elem-240901125
6366,7358,28,015915231,Tomlinson Elem,Northside ISD,C,6.9,953,https://txschools.net/campus/tomlinson-elem-015915231
6366,7358,28,107906104,Tool Elem,Malakoff ISD,A,6.9,214,https://txschools.net/campus/tool-elem-107906104
6366,7358,28,070912004,Waxahachie Global HS,Waxahachie ISD,A,6.9,363,https://txschools.net/campus/waxahachie-global-hs-070912004
6366,7358,28,045905102,Weimar Elem,Weimar ISD,B,6.9,298,https://txschools.net/campus/weimar-elem-045905102
6366,7358,28,221912109,Wylie East Int,Wylie ISD,C,6.9,366,https://txschools.net/campus/wylie-east-int-221912109
6395,7358,34,184907041,Aledo MS,Aledo ISD,A,6.8,1098,https://txschools.net/campus/aledo-ms-184907041
6395,7358,34,199901106,Amy Parks-Heath Elem,Rockwall ISD,B,6.8,566,https://txschools.net/campus/amy-parks-heath-elem-199901106
6395,7358,34,021902115,Anson Jones Elem,Bryan ISD,C,6.8,628,https://txschools.net/campus/anson-jones-elem-021902115
6395,7358,34,228905101,Apple Springs Elem,Apple Springs ISD,D,6.8,75,https://txschools.net/campus/apple-springs-elem-228905101
6395,7358,34,227901182,Baranoff Elem,Austin ISD,A,6.8,764,https://txschools.net/campus/baranoff-elem-227901182
6395,7358,34,246908103,Bill Burden Elem,Liberty Hill ISD,B,6.8,762,https://txschools.net/campus/bill-burden-elem-246908103
6395,7358,34,170902129,Birnham Woods Elem,Conroe ISD,B,6.8,795,https://txschools.net/campus/birnham-woods-elem-170902129
6395,7358,34,178902102,Bishop Pri,Bishop CISD,B,6.8,246,https://txschools.net/campus/bishop-pri-178902102
6395,7358,34,239903001,Burton HS,Burton ISD,A,6.8,256,https://txschools.net/campus/burton-hs-239903001
6395,7358,34,161901001,Crawford HS,Crawford ISD,B,6.8,307,https://txschools.net/campus/crawford-hs-161901001
6395,7358,34,121906101,Evadale Elem,Evadale ISD,A,6.8,223,https://txschools.net/campus/evadale-elem-121906101
6395,7358,34,246909126,Forest Creek Elem,Round Rock ISD,A,6.8,682,https://txschools.net/campus/forest-creek-elem-246909126
6395,7358,34,226903111,Ft Concho Elem,San Angelo ISD,A,6.8,472,https://txschools.net/campus/ft-concho-elem-226903111
6395,7358,34,057905174,Geneva Heights Elem,Dallas ISD,B,6.8,462,https://txschools.net/campus/geneva-heights-elem-057905174
6395,7358,34,246909128,Great Oaks Elem,Round Rock ISD,A,6.8,832,https://txschools.net/campus/great-oaks-elem-246909128
6395,7358,34,143901101,Hallettsville Elem,Hallettsville ISD,B,6.8,441,https://txschools.net/campus/hallettsville-elem-143901101
6395,7358,34,240901008,Hector J Garcia Early College HS,Laredo ISD,A,6.8,392,https://txschools.net/campus/hector-j-garcia-early-college-hs-240901008
6395,7358,34,057905234,Henry B Gonzalez Personalized Learning Academy,Dallas ISD,C,6.8,462,https://txschools.net/campus/henry-b-gonzalez-personalized-learning-academy-057905234
6395,7358,34,005902041,Holliday MS,Holliday ISD,B,6.8,273,https://txschools.net/campus/holliday-ms-005902041
6395,7358,34,079901139,John Arredondo Elem,Lamar CISD,B,6.8,719,https://txschools.net/campus/john-arredondo-elem-079901139
6395,7358,34,079907156,Malala Yousafzai,Fort Bend ISD,A,6.8,1079,https://txschools.net/campus/malala-yousafzai-079907156
6395,7358,34,101920108,Meadow Wood Elem,Spring Branch ISD,B,6.8,635,https://txschools.net/campus/meadow-wood-elem-101920108
6395,7358,34,062906101,Meyersville Elem,Meyersville ISD,B,6.8,167,https://txschools.net/campus/meyersville-elem-062906101
6395,7358,34,043908105,North Creek Elem,Melissa ISD,B,6.8,787,https://txschools.net/campus/north-creek-elem-043908105
6395,7358,34,057914117,Porter Elem,Mesquite ISD,C,6.8,466,https://txschools.net/campus/porter-elem-057914117
6395,7358,34,246909113,Purple Sage Elem,Round Rock ISD,B,6.8,499,https://txschools.net/campus/purple-sage-elem-246909113
6395,7358,34,020901113,Savannah Lakes Elem,Alvin ISD,C,6.8,754,https://txschools.net/campus/savannah-lakes-elem-020901113
6395,7358,34,071909132,Sgt Jose F Carrasco Elem,Socorro ISD,B,6.8,1004,https://txschools.net/campus/sgt-jose-f-carrasco-elem-071909132
6395,7358,34,070912115,Simpson Elem,Waxahachie ISD,B,6.8,568,https://txschools.net/campus/simpson-elem-070912115
6395,7358,34,247906101,Stockdale Elem,Stockdale ISD,C,6.8,418,https://txschools.net/campus/stockdale-elem-247906101
6395,7358,34,220905171,Tanglewood Elem,Fort Worth ISD,A,6.8,541,https://txschools.net/campus/tanglewood-elem-220905171
6395,7358,34,018904101,Valley Mills Elem,Valley Mills ISD,D,6.8,322,https://txschools.net/campus/valley-mills-elem-018904101
6395,7358,34,049903041,Valley View MS,Valley View ISD,C,6.8,261,https://txschools.net/campus/valley-view-ms-049903041
6395,7358,34,084911104,Windsong Elem,Friendswood ISD,A,6.8,604,https://txschools.net/campus/windsong-elem-084911104
6395,7358,34,221912103,Wylie West Int,Wylie ISD,A,6.8,454,https://txschools.net/campus/wylie-west-int-221912103
6430,7358,20,015915181,Blattman Elem,Northside ISD,A,6.7,450,https://txschools.net/campus/blattman-elem-015915181
6430,7358,20,017901001,Borden County School,Borden County ISD,A,6.7,238,https://txschools.net/campus/borden-county-school-017901001
6430,7358,20,227901107,Brentwood Elem,Austin ISD,A,6.7,694,https://txschools.net/campus/brentwood-elem-227901107
6430,7358,20,171901101,Cactus Elem,Dumas ISD,D,6.7,472,https://txschools.net/campus/cactus-elem-171901101
6430,7358,20,105906115,Carpenter Hill Elem,Hays CISD,B,6.7,518,https://txschools.net/campus/carpenter-hill-elem-105906115
6430,7358,20,220919041,Carroll MS,Carroll ISD,A,6.7,695,https://txschools.net/campus/carroll-ms-220919041
6430,7358,20,030902101,Clyde Elem,Clyde CISD,B,6.7,332,https://txschools.net/campus/clyde-elem-030902101
6430,7358,20,043912045,Daniel L Jones MS,Prosper ISD,A,6.7,1472,https://txschools.net/campus/daniel-l-jones-ms-043912045
6430,7358,20,015914101,Ft Sam Houston Elem,Ft Sam Houston ISD,B,6.7,775,https://txschools.net/campus/ft-sam-houston-elem-015914101
6430,7358,20,043905046,Griffin MS,Frisco ISD,A,6.7,655,https://txschools.net/campus/griffin-ms-043905046
6430,7358,20,227909041,Hill Country MS,Eanes ISD,A,6.7,944,https://txschools.net/campus/hill-country-ms-227909041
6430,7358,20,240903126,Julia Bird Jones Muller Elem,United ISD,B,6.7,760,https://txschools.net/campus/julia-bird-jones-muller-elem-240903126
6430,7358,20,246909110,Kathy Caraway Elem,Round Rock ISD,A,6.7,500,https://txschools.net/campus/kathy-caraway-elem-246909110
6430,7358,20,101921103,Lakewood Elem,Tomball ISD,A,6.7,721,https://txschools.net/campus/lakewood-elem-101921103
6430,7358,20,015915230,McAndrew Elem,Northside ISD,B,6.7,300,https://txschools.net/campus/mcandrew-elem-015915230
6430,7358,20,153905001,New Home Secondary School,New Home ISD,A,6.7,343,https://txschools.net/campus/new-home-secondary-school-153905001
6430,7358,20,119903001,Perrin School,Perrin-Whitt CISD,A,6.7,306,https://txschools.net/campus/perrin-school-119903001
6430,7358,20,039903101,Petrolia Elem,Petrolia CISD,B,6.7,271,https://txschools.net/campus/petrolia-elem-039903101
6430,7358,20,247904001,Poth HS,Poth ISD,A,6.7,288,https://txschools.net/campus/poth-hs-247904001
6430,7358,20,043914101,R F Hartman Elem,Wylie ISD,A,6.7,460,https://txschools.net/campus/r-f-hartman-elem-043914101
6430,7358,20,021902112,Sam Houston Elem,Bryan ISD,A,6.7,480,https://txschools.net/campus/sam-houston-elem-021902112
6451,7358,26,036902105,Barbers Hill Elem South,Barbers Hill ISD,A,6.6,945,https://txschools.net/campus/barbers-hill-elem-south-036902105
6451,7358,26,043910132,Barksdale Elem,Plano ISD,A,6.6,563,https://txschools.net/campus/barksdale-elem-043910132
6451,7358,26,188904101,Bushland Elem,Bushland ISD,C,6.6,268,https://txschools.net/campus/bushland-elem-188904101
6451,7358,26,108904008,Edinburg Collegiate HS,Edinburg CISD,A,6.6,534,https://txschools.net/campus/edinburg-collegiate-hs-108904008
6451,7358,26,120901042,Edna JH,Edna ISD,B,6.6,318,https://txschools.net/campus/edna-jh-120901042
6451,7358,26,101912157,Garden Oaks Montessori,Houston ISD,A,6.6,747,https://txschools.net/campus/garden-oaks-montessori-101912157
6451,7358,26,043910129,Gulledge Elem,Plano ISD,A,6.6,621,https://txschools.net/campus/gulledge-elem-043910129
6451,7358,26,101915120,Hassler Elem,Klein ISD,A,6.6,668,https://txschools.net/campus/hassler-elem-101915120
6451,7358,26,127904101,Hawley Elem,Hawley ISD,C,6.6,354,https://txschools.net/campus/hawley-elem-127904101
6451,7358,26,057909125,Hillside Acad for Excel,Garland ISD,A,6.6,444,https://txschools.net/campus/hillside-acad-for-excel-057909125
6451,7358,26,191901113,Hillside Elem,Canyon ISD,B,6.6,350,https://txschools.net/campus/hillside-elem-191901113
6451,7358,26,133902101,Hunt School,Hunt ISD,A,6.6,211,https://txschools.net/campus/hunt-school-133902101
6451,7358,26,152910001,Idalou HS,Idalou ISD,A,6.6,291,https://txschools.net/campus/idalou-hs-152910001
6451,7358,26,043903041,Jerry & Linda Moore MS,Celina ISD,B,6.6,1456,https://txschools.net/campus/jerry-linda-moore-ms-043903041
6451,7358,26,057905385,Montessori Academy at Onesimo Hernandez Elem,Dallas ISD,C,6.6,376,https://txschools.net/campus/montessori-academy-at-onesimo-hernandez-elem-057905385
6451,7358,26,070908106,Mt Peak Elem,Midlothian ISD,C,6.6,512,https://txschools.net/campus/mt-peak-elem-070908106
6451,7358,26,139911104,North Lamar Int,North Lamar ISD,B,6.6,555,https://txschools.net/campus/north-lamar-int-139911104
6451,7358,26,061906041,Ponder JH,Ponder ISD,B,6.6,432,https://txschools.net/campus/ponder-jh-061906041
6451,7358,26,246908104,Rancho Sienna Elem,Liberty Hill ISD,A,6.6,756,https://txschools.net/campus/rancho-sienna-elem-246908104
6451,7358,26,126907041,Rio Vista MS,Rio Vista ISD,C,6.6,248,https://txschools.net/campus/rio-vista-ms-126907041
6451,7358,26,101907057,Salyards MS,Cypress-Fairbanks ISD,A,6.6,1372,https://txschools.net/campus/salyards-ms-101907057
6451,7358,26,227913105,Serene Hills Elem,Lake Travis ISD,A,6.6,704,https://txschools.net/campus/serene-hills-elem-227913105
6451,7358,26,061912105,Shady Shores Elem,Lake Dallas ISD,B,6.6,627,https://txschools.net/campus/shady-shores-elem-061912105
6451,7358,26,043905049,Stafford MS,Frisco ISD,B,6.6,896,https://txschools.net/campus/stafford-ms-043905049
6451,7358,26,105904042,Sycamore Springs MS,Dripping Springs ISD,A,6.6,1085,https://txschools.net/campus/sycamore-springs-ms-105904042
6451,7358,26,015913001,Virginia Allred Stacey Jr/Sr HS,Lackland ISD,A,6.6,377,https://txschools.net/campus/virginia-allred-stacey-jr-sr-hs-015913001
6451,7358,26,143904101,Vysehrad Elem,Vysehrad ISD,D,6.6,46,https://txschools.net/campus/vysehrad-elem-143904101
6478,7358,28,109901001,Abbott School,Abbott ISD,A,6.5,285,https://txschools.net/campus/abbott-school-109901001
6478,7358,28,220908208,Alma Martinez Int,Mansfield ISD,A,6.5,843,https://txschools.net/campus/alma-martinez-int-220908208
6478,7358,28,057914125,Austin Elem,Mesquite ISD,B,6.5,279,https://txschools.net/campus/austin-elem-057914125
6478,7358,28,043910128,Bethany Elem,Plano ISD,A,6.5,250,https://txschools.net/campus/bethany-elem-043910128
6478,7358,28,071907104,Bill Childress Elem,Canutillo ISD,B,6.5,404,https://txschools.net/campus/bill-childress-elem-071907104
6478,7358,28,234902101,Canton Elem,Canton ISD,C,6.5,526,https://txschools.net/campus/canton-elem-234902101
6478,7358,28,246909044,Canyon Vista MS,Round Rock ISD,A,6.5,1336,https://txschools.net/campus/canyon-vista-ms-246909044
6478,7358,28,084910010,Clear Horizons Early College HS,Clear Creek ISD,A,6.5,496,https://txschools.net/campus/clear-horizons-early-college-hs-084910010
6478,7358,28,220915102,Eagle Heights Elem,Azle ISD,B,6.5,472,https://txschools.net/campus/eagle-heights-elem-220915102
6478,7358,28,101912468,Energy Institute HS,Houston ISD,A,6.5,698,https://txschools.net/campus/energy-institute-hs-101912468
6478,7358,28,043914043,Frank McMillan JH,Wylie ISD,A,6.5,1107,https://txschools.net/campus/frank-mcmillan-jh-043914043
6478,7358,28,084911041,Friendswood JH,Friendswood ISD,A,6.5,1578,https://txschools.net/campus/friendswood-jh-084911041
6478,7358,28,129906110,Global Leadership Academy,Terrell ISD,A,6.5,211,https://txschools.net/campus/global-leadership-academy-129906110
6478,7358,28,130901107,Herff Elem,Boerne ISD,A,6.5,571,https://txschools.net/campus/herff-elem-130901107
6478,7358,28,079901111,Manford Williams Elem,Lamar CISD,A,6.5,696,https://txschools.net/campus/manford-williams-elem-079901111
6478,7358,28,220908206,Mary Lillard I S,Mansfield ISD,A,6.5,697,https://txschools.net/campus/mary-lillard-i-s-220908206
6478,7358,28,161903041,Midway MS,Midway ISD,B,6.5,1098,https://txschools.net/campus/midway-ms-161903041
6478,7358,28,061911124,Molly Livengood Carter Elem,Northwest ISD,C,6.5,789,https://txschools.net/campus/molly-livengood-carter-elem-061911124
6478,7358,28,001906002,Neches HS,Neches ISD,A,6.5,133,https://txschools.net/campus/neches-hs-001906002
6478,7358,28,171901002,North Plains Opportunity Center,Dumas ISD,A,6.5,38,https://txschools.net/campus/north-plains-opportunity-center-171901002
6478,7358,28,032902103,Pittsburg Elem,Pittsburg ISD,B,6.5,468,https://txschools.net/campus/pittsburg-elem-032902103
6478,7358,28,046902041,Smithson Valley MS,Comal ISD,A,6.5,928,https://txschools.net/campus/smithson-valley-ms-046902041
6478,7358,28,101907054,Spillane MS,Cypress-Fairbanks ISD,A,6.5,1436,https://txschools.net/campus/spillane-ms-101907054
6478,7358,28,171902041,Sunray MS,Sunray Collegiate ISD,B,6.5,117,https://txschools.net/campus/sunray-ms-171902041
6478,7358,28,201910041,Tatum MS,Tatum ISD,B,6.5,309,https://txschools.net/campus/tatum-ms-201910041
6478,7358,28,084911101,Westwood Elem,Friendswood ISD,A,6.5,452,https://txschools.net/campus/westwood-elem-084911101
6478,7358,28,043912106,Windsong Ranch Elem,Prosper ISD,B,6.5,744,https://txschools.net/campus/windsong-ranch-elem-043912106
6478,7358,28,015916124,Wortham Oaks Elem,Judson ISD,B,6.5,716,https://txschools.net/campus/wortham-oaks-elem-015916124
6478,7358,28,101912463,Young Women's College Prep Academy,Houston ISD,A,6.5,444,https://txschools.net/campus/young-women-s-college-prep-academy-101912463
6507,7358,17,091901001,Bells HS,Bells ISD,A,6.4,316,https://txschools.net/campus/bells-hs-091901001
6507,7358,17,099902001,Chillicothe School,Chillicothe ISD,B,6.4,172,https://txschools.net/campus/chillicothe-school-099902001
6507,7358,17,220901104,Duff Elem,Arlington ISD,B,6.4,643,https://txschools.net/campus/duff-elem-220901104
6507,7358,17,246913048,Florence W Stiles MS,Leander ISD,A,6.4,1550,https://txschools.net/campus/florence-w-stiles-ms-246913048
6507,7358,17,031903005,Harlingen Collegiate HS,Harlingen CISD,A,6.4,330,https://txschools.net/campus/harlingen-collegiate-hs-031903005
6507,7358,17,043912110,Jack and June Furr Elem,Prosper ISD,B,6.4,733,https://txschools.net/campus/jack-and-june-furr-elem-043912110
6507,7358,17,079901127,Judge James C Adolphus Elem,Lamar CISD,A,6.4,1031,https://txschools.net/campus/judge-james-c-adolphus-elem-079901127
6507,7358,17,057909111,Kimberlin Acad for Excel,Garland ISD,A,6.4,447,https://txschools.net/campus/kimberlin-acad-for-excel-057909111
6507,7358,17,043912116,Lilyana Elem,Prosper ISD,A,6.4,865,https://txschools.net/campus/lilyana-elem-043912116
6507,7358,17,158902102,Markham Elem,Tidehaven ISD,A,6.4,243,https://txschools.net/campus/markham-elem-158902102
6507,7358,17,170902067,Mitchell Int,Conroe ISD,A,6.4,1139,https://txschools.net/campus/mitchell-int-170902067
6507,7358,17,043910054,Murphy MS,Plano ISD,A,6.4,997,https://txschools.net/campus/murphy-ms-043910054
6507,7358,17,145907102,Oakwood Elem,Oakwood ISD,D,6.4,124,https://txschools.net/campus/oakwood-elem-145907102
6507,7358,17,161903042,River Valley MS,Midway ISD,A,6.4,929,https://txschools.net/campus/river-valley-ms-161903042
6507,7358,17,043907115,Roy Lee Walker Elem,McKinney ISD,A,6.4,387,https://txschools.net/campus/roy-lee-walker-elem-043907115
6507,7358,17,070912107,Shackelford Elem,Waxahachie ISD,B,6.4,403,https://txschools.net/campus/shackelford-elem-070912107
6507,7358,17,014910101,Troy Elem,Troy ISD,B,6.4,365,https://txschools.net/campus/troy-elem-014910101
6507,7358,17,101907157,Woodard Elem,Cypress-Fairbanks ISD,A,6.4,955,https://txschools.net/campus/woodard-elem-101907157
6525,7358,24,220908124,Annette Perry Elem,Mansfield ISD,A,6.3,585,https://txschools.net/campus/annette-perry-elem-220908124
6525,7358,24,084910125,Arlyne & Alan Weber Elem,Clear Creek ISD,A,6.3,701,https://txschools.net/campus/arlyne-alan-weber-elem-084910125
6525,7358,24,057905381,Barack Obama Male Leadership Acad at A Maceo Smith,Dallas ISD,A,6.3,497,https://txschools.net/campus/barack-obama-male-leadership-acad-at-a-maceo-smith-057905381
6525,7358,24,220916102,Bellaire Elem,Hurst-Euless-Bedford ISD,B,6.3,660,https://txschools.net/campus/bellaire-elem-220916102
6525,7358,24,079901140,Bentley Elem,Lamar CISD,A,6.3,645,https://txschools.net/campus/bentley-elem-079901140
6525,7358,24,249902110,Boyd Int,Boyd ISD,C,6.3,228,https://txschools.net/campus/boyd-int-249902110
6525,7358,24,229906001,Chester HS,Chester ISD,B,6.3,110,https://txschools.net/campus/chester-hs-229906001
6525,7358,24,084910127,Darwin L Gilmore Elem,Clear Creek ISD,A,6.3,679,https://txschools.net/campus/darwin-l-gilmore-elem-084910127
6525,7358,24,241902101,East Bernard Elem,East Bernard ISD,C,6.3,386,https://txschools.net/campus/east-bernard-elem-241902101
6525,7358,24,220919108,Eubanks Int,Carroll ISD,A,6.3,551,https://txschools.net/campus/eubanks-int-220919108
6525,7358,24,187903101,Goodrich Elem,Goodrich ISD,D,6.3,145,https://txschools.net/campus/goodrich-elem-187903101
6525,7358,24,187903041,Goodrich MS,Goodrich ISD,A,6.3,58,https://txschools.net/campus/goodrich-ms-187903041
6525,7358,24,046901105,Lamar Elem,New Braunfels ISD,A,6.3,515,https://txschools.net/campus/lamar-elem-046901105
6525,7358,24,070908108,Larue Miller Elem,Midlothian ISD,B,6.3,499,https://txschools.net/campus/larue-miller-elem-070908108
6525,7358,24,178906101,London Elem,London ISD,A,6.3,538,https://txschools.net/campus/london-elem-178906101
6525,7358,24,001906102,Neches Elem,Neches ISD,C,6.3,205,https://txschools.net/campus/neches-elem-001906102
6525,7358,24,020901045,Nolan Ryan JH,Alvin ISD,A,6.3,734,https://txschools.net/campus/nolan-ryan-jh-020901045
6525,7358,24,043910053,Rice MS,Plano ISD,A,6.3,872,https://txschools.net/campus/rice-ms-043910053
6525,7358,24,198903101,Roland Reynolds Elem,Franklin ISD,A,6.3,587,https://txschools.net/campus/roland-reynolds-elem-198903101
6525,7358,24,220916121,Spring Garden Elem,Hurst-Euless-Bedford ISD,B,6.3,589,https://txschools.net/campus/spring-garden-elem-220916121
6525,7358,24,161903104,Spring Valley Elem,Midway ISD,B,6.3,484,https://txschools.net/campus/spring-valley-elem-161903104
6525,7358,24,061902134,Tom Hicks Elem,Lewisville ISD,B,6.3,531,https://txschools.net/campus/tom-hicks-elem-061902134
6525,7358,24,057909115,Watson Technology Center,Garland ISD,A,6.3,560,https://txschools.net/campus/watson-technology-center-057909115
6525,7358,24,092908102,White Oak Pri,White Oak ISD,B,6.3,366,https://txschools.net/campus/white-oak-pri-092908102
6525,7358,24,101910110,Woodland Acres Elem,Galena Park ISD,A,6.3,420,https://txschools.net/campus/woodland-acres-elem-101910110
6550,7358,17,015915180,Beard Elem,Northside ISD,A,6.2,458,https://txschools.net/campus/beard-elem-015915180
6550,7358,17,116915101,Bland Elem,Bland ISD,B,6.2,390,https://txschools.net/campus/bland-elem-116915101
6550,7358,17,106901041,Canadian MS,Canadian ISD,A,6.2,142,https://txschools.net/campus/canadian-ms-106901041
6550,7358,17,165901126,Carver Center,Midland ISD,A,6.2,606,https://txschools.net/campus/carver-center-165901126
6550,7358,17,101912259,Ella J Baker Montessori School,Houston ISD,B,6.2,642,https://txschools.net/campus/ella-j-baker-montessori-school-101912259
6550,7358,17,043912115,Joyce Hall Elem,Prosper ISD,A,6.2,714,https://txschools.net/campus/joyce-hall-elem-043912115
6550,7358,17,220916118,Lakewood Elem,Hurst-Euless-Bedford ISD,B,6.2,560,https://txschools.net/campus/lakewood-elem-220916118
6550,7358,17,101917137,Laura Welch Bush Elem,Pasadena ISD,B,6.2,529,https://txschools.net/campus/laura-welch-bush-elem-101917137
6550,7358,17,178906041,London MS,London ISD,A,6.2,311,https://txschools.net/campus/london-ms-178906041
6550,7358,17,184904101,Millsap Elem,Millsap ISD,C,6.2,518,https://txschools.net/campus/millsap-elem-184904101
6550,7358,17,057922003,New Tech HS at Coppell,Coppell ISD,A,6.2,257,https://txschools.net/campus/new-tech-hs-at-coppell-057922003
6550,7358,17,057916125,Prestonwood Elem,Richardson ISD,B,6.2,459,https://txschools.net/campus/prestonwood-elem-057916125
6550,7358,17,175911101,Rice Elem,Rice ISD,C,6.2,443,https://txschools.net/campus/rice-elem-175911101
6550,7358,17,061902118,STEM Academy at Hebron Valley Elem,Lewisville ISD,C,6.2,721,https://txschools.net/campus/stem-academy-at-hebron-valley-elem-061902118
6550,7358,17,130901108,Viola Wilson Elem,Boerne ISD,A,6.2,491,https://txschools.net/campus/viola-wilson-elem-130901108
6550,7358,17,079907130,Walker Station Elem,Fort Bend ISD,A,6.2,753,https://txschools.net/campus/walker-station-elem-079907130
6550,7358,17,033904102,White Deer Elem,White Deer ISD,C,6.2,153,https://txschools.net/campus/white-deer-elem-033904102
6550,7358,17,057905229,Winnetka Elem,Dallas ISD,B,6.2,686,https://txschools.net/campus/winnetka-elem-057905229
6568,7358,22,227901187,Baldwin Elem,Austin ISD,A,6.1,507,https://txschools.net/campus/baldwin-elem-227901187
6568,7358,22,036902104,Barbers Hill Elem North,Barbers Hill ISD,A,6.1,866,https://txschools.net/campus/barbers-hill-elem-north-036902104
6568,7358,22,057905197,Bishop Arts STEAM Academy,Dallas ISD,D,6.1,328,https://txschools.net/campus/bishop-arts-steam-academy-057905197
6568,7358,22,043907113,C T Eddins Elem,McKinney ISD,A,6.1,382,https://txschools.net/campus/c-t-eddins-elem-043907113
6568,7358,22,220908121,Cora Spencer Elem,Mansfield ISD,A,6.1,613,https://txschools.net/campus/cora-spencer-elem-220908121
6568,7358,22,170902077,Cox Int,Conroe ISD,A,6.1,1035,https://txschools.net/campus/cox-int-170902077
6568,7358,22,043912104,Cynthia A Cockrell Elem,Prosper ISD,A,6.1,752,https://txschools.net/campus/cynthia-a-cockrell-elem-043912104
6568,7358,22,101912364,Energized for Excellence Academy Elem,Houston ISD,C,6.1,771,https://txschools.net/campus/energized-for-excellence-academy-elem-101912364
6568,7358,22,061914105,Hackberry Elem,Little Elm ISD,D,6.1,499,https://txschools.net/campus/hackberry-elem-061914105
6568,7358,22,199901102,Howard Dobbs Elem,Rockwall ISD,B,6.1,449,https://txschools.net/campus/howard-dobbs-elem-199901102
6568,7358,22,079901110,Huggins Elem,Lamar CISD,B,6.1,650,https://txschools.net/campus/huggins-elem-079901110
6568,7358,22,061911125,Johnie R Daniel Elem,Northwest ISD,B,6.1,702,https://txschools.net/campus/johnie-r-daniel-elem-061911125
6568,7358,22,227901018,Lasa HS,Austin ISD,A,6.1,1592,https://txschools.net/campus/lasa-hs-227901018
6568,7358,22,152906103,Lubbock-Cooper North Elem,Lubbock-Cooper ISD,B,6.1,839,https://txschools.net/campus/lubbock-cooper-north-elem-152906103
6568,7358,22,049902001,Muenster HS,Muenster ISD,A,6.1,264,https://txschools.net/campus/muenster-hs-049902001
6568,7358,22,231902001,Rankin School,Rankin ISD,A,6.1,300,https://txschools.net/campus/rankin-school-231902001
6568,7358,22,043914108,Rita Smith Elem,Wylie ISD,A,6.1,500,https://txschools.net/campus/rita-smith-elem-043914108
6568,7358,22,161922102,Robinson Elem,Robinson ISD,A,6.1,323,https://txschools.net/campus/robinson-elem-161922102
6568,7358,22,104903001,Rule School,Rule ISD,B,6.1,143,https://txschools.net/campus/rule-school-104903001
6568,7358,22,031916041,South Texas ISD Preparatory Academy,South Texas ISD,A,6.1,813,https://txschools.net/campus/south-texas-isd-preparatory-academy-031916041
6568,7358,22,092907101,Spring Hill Int,Spring Hill ISD,A,6.1,473,https://txschools.net/campus/spring-hill-int-092907101
6568,7358,22,101907149,Warner Elem,Cypress-Fairbanks ISD,A,6.1,1117,https://txschools.net/campus/warner-elem-101907149
6568,7358,22,220908110,Willie Brown Academy,Mansfield ISD,A,6.1,602,https://txschools.net/campus/willie-brown-academy-220908110
6591,7358,23,220908120,Anna May Daulton Elem,Mansfield ISD,B,6,666,https://txschools.net/campus/anna-may-daulton-elem-220908120
6591,7358,23,079901119,Bess Campbell Elem,Lamar CISD,A,6,578,https://txschools.net/campus/bess-campbell-elem-079901119
6591,7358,23,061901122,Blanton Elem,Denton ISD,A,6,439,https://txschools.net/campus/blanton-elem-061901122
6591,7358,23,136901041,Brackett JH,Brackett ISD,C,6,112,https://txschools.net/campus/brackett-jh-136901041
6591,7358,23,101912292,Carrillo Elem,Houston ISD,B,6,302,https://txschools.net/campus/carrillo-elem-101912292
6591,7358,23,174908101,Central Heights Elem,Central Heights ISD,B,6,491,https://txschools.net/campus/central-heights-elem-174908101
6591,7358,23,057905360,D A Hulcy STEAM MS,Dallas ISD,A,6,364,https://txschools.net/campus/d-a-hulcy-steam-ms-057905360
6591,7358,23,070908109,Dolores McClatchey Elem,Midlothian ISD,A,6,565,https://txschools.net/campus/dolores-mcclatchey-elem-070908109
6591,7358,23,043907116,Earl & Lottie Wolford Elem,McKinney ISD,A,6,419,https://txschools.net/campus/earl-lottie-wolford-elem-043907116
6591,7358,23,036903101,East Chambers Elem,East Chambers ISD,B,6,312,https://txschools.net/campus/east-chambers-elem-036903101
6591,7358,23,057910121,Garner Fine Arts Academy,Grand Prairie ISD,B,6,783,https://txschools.net/campus/garner-fine-arts-academy-057910121
6591,7358,23,061911101,Haslet Elem,Northwest ISD,B,6,731,https://txschools.net/campus/haslet-elem-061911101
6591,7358,23,191901115,Heritage Hills Elem,Canyon ISD,A,6,474,https://txschools.net/campus/heritage-hills-elem-191901115
6591,7358,23,046902125,Indian Springs Elem,Comal ISD,B,6,809,https://txschools.net/campus/indian-springs-elem-046902125
6591,7358,23,021902108,Johnson Elem,Bryan ISD,A,6,404,https://txschools.net/campus/johnson-elem-021902108
6591,7358,23,043905141,Miller Elem,Frisco ISD,B,6,566,https://txschools.net/campus/miller-elem-043905141
6591,7358,23,043905136,Newman Elem,Frisco ISD,A,6,638,https://txschools.net/campus/newman-elem-043905136
6591,7358,23,071905131,Pebble Hills Elem,Ysleta ISD,A,6,485,https://txschools.net/campus/pebble-hills-elem-071905131
6591,7358,23,043912101,R Steve Folsom Elem,Prosper ISD,A,6,874,https://txschools.net/campus/r-steve-folsom-elem-043912101
6591,7358,23,222901001,Sanderson Schools,Terrell County ISD,B,6,108,https://txschools.net/campus/sanderson-schools-222901001
6591,7358,23,057905306,Solar Preparatory School for Girls at Bonham,Dallas ISD,A,6,687,https://txschools.net/campus/solar-preparatory-school-for-girls-at-bonham-057905306
6591,7358,23,068901009,The STEM Academy,Ector County ISD,A,6,762,https://txschools.net/campus/the-stem-academy-068901009
6591,7358,23,178904139,Windsor Park G/T,Corpus Christi ISD,A,6,607,https://txschools.net/campus/windsor-park-g-t-178904139
6591,7358,23,062904041,Yorktown JH,Yorktown ISD,C,6,135,https://txschools.net/campus/yorktown-jh-062904041
6615,7358,20,057911101,Armstrong Elem,Highland Park ISD,A,5.9,420,https://txschools.net/campus/armstrong-elem-057911101
6615,7358,20,043901117,Beverly Cheatham Elem,Allen ISD,A,5.9,696,https://txschools.net/campus/beverly-cheatham-elem-043901117
6615,7358,20,170902127,Broadway Elem,Conroe ISD,A,5.9,847,https://txschools.net/campus/broadway-elem-170902127
6615,7358,20,020904101,Danbury Elem,Danbury ISD,B,5.9,291,https://txschools.net/campus/danbury-elem-020904101
6615,7358,20,071909126,Dr Sue A Shook School,Socorro ISD,B,5.9,1277,https://txschools.net/campus/dr-sue-a-shook-school-071909126
6615,7358,20,081902043,Fairfield Int,Fairfield ISD,D,5.9,344,https://txschools.net/campus/fairfield-int-081902043
6615,7358,20,240901105,Farias Elem,Laredo ISD,A,5.9,566,https://txschools.net/campus/farias-elem-240901105
6615,7358,20,061901118,Hawk Elem,Denton ISD,A,5.9,609,https://txschools.net/campus/hawk-elem-061901118
6615,7358,20,227901155,Hill Elem,Austin ISD,A,5.9,796,https://txschools.net/campus/hill-elem-227901155
6615,7358,20,241901041,Iago JH,Boling ISD,C,5.9,249,https://txschools.net/campus/iago-jh-241901041
6615,7358,20,018906001,Iredell School,Iredell ISD,A,5.9,137,https://txschools.net/campus/iredell-school-018906001
6615,7358,20,079901126,Joe Hubenak Elem,Lamar CISD,A,5.9,741,https://txschools.net/campus/joe-hubenak-elem-079901126
6615,7358,20,227901180,Kiker Elem,Austin ISD,A,5.9,715,https://txschools.net/campus/kiker-elem-227901180
6615,7358,20,185904001,Lazbuddie School,Lazbuddie ISD,A,5.9,127,https://txschools.net/campus/lazbuddie-school-185904001
6615,7358,20,019912102,Margaret Fischer Davis Elem,Pleasant Grove ISD,A,5.9,465,https://txschools.net/campus/margaret-fischer-davis-elem-019912102
6615,7358,20,166903001,Milano Secondary,Milano ISD,A,5.9,121,https://txschools.net/campus/milano-secondary-166903001
6615,7358,20,109914001,Penelope School,Penelope ISD,A,5.9,215,https://txschools.net/campus/penelope-school-109914001
6615,7358,20,057905212,Shirley Isom-Newsome Montessori Academy at Harry S,Dallas ISD,B,5.9,523,https://txschools.net/campus/shirley-isom-newsome-montessori-academy-at-harry-s-057905212
6615,7358,20,161903103,Speegleville Elem,Midway ISD,C,5.9,217,https://txschools.net/campus/speegleville-elem-161903103
6615,7358,20,191901116,Spring Canyon Elem,Canyon ISD,B,5.9,451,https://txschools.net/campus/spring-canyon-elem-191901116
6615,7358,20,057905088,Trinidad Garza Early College at Mt View,Dallas ISD,A,5.9,492,https://txschools.net/campus/trinidad-garza-early-college-at-mt-view-057905088
6636,7358,33,101907133,Ault Elem,Cypress-Fairbanks ISD,B,5.8,912,https://txschools.net/campus/ault-elem-101907133
6636,7358,33,079907126,Austin Parkway Elem,Fort Bend ISD,B,5.8,533,https://txschools.net/campus/austin-parkway-elem-079907126
6636,7358,33,061911119,Carl E Schluter Elem,Northwest ISD,B,5.8,753,https://txschools.net/campus/carl-e-schluter-elem-061911119
6636,7358,33,057904110,Cedar Hill Collegiate Prep,Cedar Hill ISD,B,5.8,517,https://txschools.net/campus/cedar-hill-collegiate-prep-057904110
6636,7358,33,240903120,Charles Borchers Elem,United ISD,B,5.8,506,https://txschools.net/campus/charles-borchers-elem-240903120
6636,7358,33,091902200,Collinsville Elem,Collinsville ISD,B,5.8,327,https://txschools.net/campus/collinsville-elem-091902200
6636,7358,33,071907106,Congressman Silvestre & Carolina School,Canutillo ISD,A,5.8,582,https://txschools.net/campus/congressman-silvestre-carolina-school-071907106
6636,7358,33,246914101,Coupland Elem,Coupland ISD,C,5.8,315,https://txschools.net/campus/coupland-elem-246914101
6636,7358,33,170902118,David Elem,Conroe ISD,A,5.8,569,https://txschools.net/campus/david-elem-170902118
6636,7358,33,101913112,Deerwood Elem,Humble ISD,A,5.8,630,https://txschools.net/campus/deerwood-elem-101913112
6636,7358,33,102906101,Elysian Fields Elem,Elysian Fields ISD,C,5.8,352,https://txschools.net/campus/elysian-fields-elem-102906101
6636,7358,33,061901115,EP Rayzor Elem,Denton ISD,B,5.8,533,https://txschools.net/campus/ep-rayzor-elem-061901115
6636,7358,33,246909123,Fern Bluff Elem,Round Rock ISD,A,5.8,605,https://txschools.net/campus/fern-bluff-elem-246909123
6636,7358,33,126904041,Grandview JH,Grandview ISD,C,5.8,323,https://txschools.net/campus/grandview-jh-126904041
6636,7358,33,230905102,Harmony Int,Harmony ISD,B,5.8,131,https://txschools.net/campus/harmony-int-230905102
6636,7358,33,161914109,Hillcrest PDS Magnet,Waco ISD,C,5.8,436,https://txschools.net/campus/hillcrest-pds-magnet-161914109
6636,7358,33,043905139,Hosp Elem,Frisco ISD,A,5.8,572,https://txschools.net/campus/hosp-elem-043905139
6636,7358,33,043905116,Isbell Elem,Frisco ISD,A,5.8,563,https://txschools.net/campus/isbell-elem-043905116
6636,7358,33,108909101,John McKeever Elem,Pharr-San Juan-Alamo ISD,B,5.8,655,https://txschools.net/campus/john-mckeever-elem-108909101
6636,7358,33,057905085,Kathlyn Joy Gilliam Collegiate Academy,Dallas ISD,A,5.8,346,https://txschools.net/campus/kathlyn-joy-gilliam-collegiate-academy-057905085
6636,7358,33,061902104,Lakeland Elem,Lewisville ISD,C,5.8,696,https://txschools.net/campus/lakeland-elem-061902104
6636,7358,33,250903102,Mineola Int,Mineola ISD,C,5.8,255,https://txschools.net/campus/mineola-int-250903102
6636,7358,33,173901001,Motley County School,Motley County ISD,A,5.8,188,https://txschools.net/campus/motley-county-school-173901001
6636,7358,33,125903103,Orange Grove Elem,Orange Grove ISD,B,5.8,367,https://txschools.net/campus/orange-grove-elem-125903103
6636,7358,33,039903001,Petrolia Junior High/High School,Petrolia CISD,B,5.8,214,https://txschools.net/campus/petrolia-junior-high-high-school-039903001
6636,7358,33,249905101,Rann Elem,Decatur ISD,C,5.8,464,https://txschools.net/campus/rann-elem-249905101
6636,7358,33,137902101,Ricardo Elem,Ricardo ISD,B,5.8,442,https://txschools.net/campus/ricardo-elem-137902101
6636,7358,33,020908103,Shadycrest Elem,Pearland ISD,A,5.8,481,https://txschools.net/campus/shadycrest-elem-020908103
6636,7358,33,211902041,Stratford JH,Stratford ISD,B,5.8,131,https://txschools.net/campus/stratford-jh-211902041
6636,7358,33,220902121,Walker Creek Elem,Birdville ISD,B,5.8,525,https://txschools.net/campus/walker-creek-elem-220902121
6636,7358,33,220919103,Walnut Grove Elem,Carroll ISD,A,5.8,604,https://txschools.net/campus/walnut-grove-elem-220919103
6636,7358,33,084910115,Walter Hall Elem,Clear Creek ISD,B,5.8,564,https://txschools.net/campus/walter-hall-elem-084910115
6636,7358,33,126902107,William Stribling Elem,Burleson ISD,C,5.8,484,https://txschools.net/campus/william-stribling-elem-126902107
6636,7358,33,248902101,Wink Elem,Wink-Loving ISD,B,5.8,233,https://txschools.net/campus/wink-elem-248902101
6670,7358,22,043905105,Anderson Elem,Frisco ISD,A,5.7,682,https://txschools.net/campus/anderson-elem-043905105
6670,7358,22,043905109,Borchardt Elem,Frisco ISD,A,5.7,591,https://txschools.net/campus/borchardt-elem-043905109
6670,7358,22,101912344,Briarmeadow Charter,Houston ISD,A,5.7,621,https://txschools.net/campus/briarmeadow-charter-101912344
6670,7358,22,101920102,Bunker Hill Elem,Spring Branch ISD,A,5.7,778,https://txschools.net/campus/bunker-hill-elem-101920102
6670,7358,22,220901129,Butler Elem,Arlington ISD,A,5.7,578,https://txschools.net/campus/butler-elem-220901129
6670,7358,22,084910112,C D Landolt Elem,Clear Creek ISD,B,5.7,740,https://txschools.net/campus/c-d-landolt-elem-084910112
6670,7358,22,046901103,Carl Schurz Elem,New Braunfels ISD,B,5.7,336,https://txschools.net/campus/carl-schurz-elem-046901103
6670,7358,22,227901112,Casis Elem,Austin ISD,A,5.7,642,https://txschools.net/campus/casis-elem-227901112
6670,7358,22,170902080,Clark Int,Conroe ISD,A,5.7,972,https://txschools.net/campus/clark-int-170902080
6670,7358,22,220919106,Don T Durham Int,Carroll ISD,A,5.7,667,https://txschools.net/campus/don-t-durham-int-220919106
6670,7358,22,072902102,Dublin Int,Dublin ISD,B,5.7,233,https://txschools.net/campus/dublin-int-072902102
6670,7358,22,075901102,Flatonia Elem,Flatonia ISD,A,5.7,356,https://txschools.net/campus/flatonia-elem-075901102
6670,7358,22,087901101,Garden City Elem,Glasscock County ISD,A,5.7,137,https://txschools.net/campus/garden-city-elem-087901101
6670,7358,22,113902002,Grapeland HS,Grapeland ISD,A,5.7,163,https://txschools.net/campus/grapeland-hs-113902002
6670,7358,22,101912348,Houston Academy for International Studies,Houston ISD,A,5.7,471,https://txschools.net/campus/houston-academy-for-international-studies-101912348
6670,7358,22,015907163,Mark Twain Dual Language Academy,San Antonio ISD,A,5.7,709,https://txschools.net/campus/mark-twain-dual-language-academy-015907163
6670,7358,22,057905162,Mockingbird Elem,Dallas ISD,B,5.7,571,https://txschools.net/campus/mockingbird-elem-057905162
6670,7358,22,178902103,Petronila Elem,Bishop CISD,A,5.7,86,https://txschools.net/campus/petronila-elem-178902103
6670,7358,22,101913045,Riverwood MS,Humble ISD,A,5.7,1133,https://txschools.net/campus/riverwood-ms-101913045
6670,7358,22,227913107,Rough Hollow Elem,Lake Travis ISD,A,5.7,752,https://txschools.net/campus/rough-hollow-elem-227913107
6670,7358,22,043910115,Saigling Elem,Plano ISD,B,5.7,350,https://txschools.net/campus/saigling-elem-043910115
6670,7358,22,101921005,Tomball Star Academy,Tomball ISD,A,5.7,414,https://txschools.net/campus/tomball-star-academy-101921005
6670,7358,22,057922108,Town Center Elem,Coppell ISD,A,5.7,452,https://txschools.net/campus/town-center-elem-057922108
6693,7358,20,043905119,Ashley Elem,Frisco ISD,B,5.6,485,https://txschools.net/campus/ashley-elem-043905119
6693,7358,20,057904003,Cedar Hill Collegiate HS,Cedar Hill ISD,A,5.6,323,https://txschools.net/campus/cedar-hill-collegiate-hs-057904003
6693,7358,20,147901101,Coolidge Elem,Coolidge ISD,B,5.6,149,https://txschools.net/campus/coolidge-elem-147901101
6693,7358,20,220905194,Daggett Montessori,Fort Worth ISD,C,5.6,549,https://txschools.net/campus/daggett-montessori-220905194
6693,7358,20,021901108,Forest Ridge,College Station ISD,A,5.6,481,https://txschools.net/campus/forest-ridge-021901108
6693,7358,20,227901117,Gullett Elem,Austin ISD,A,5.6,540,https://txschools.net/campus/gullett-elem-227901117
6693,7358,20,043910125,Hedgcoxe Elem,Plano ISD,A,5.6,358,https://txschools.net/campus/hedgcoxe-elem-043910125
6693,7358,20,072903104,Hook Elem,Stephenville ISD,A,5.6,471,https://txschools.net/campus/hook-elem-072903104
6693,7358,20,057909155,John W Armstrong Elem,Garland ISD,B,5.6,744,https://txschools.net/campus/john-w-armstrong-elem-057909155
6693,7358,20,187907004,Livingston HS Academy,Livingston ISD,C,5.6,10,https://txschools.net/campus/livingston-hs-academy-187907004
6693,7358,20,153903001,O'Donnell School,O'Donnell ISD,B,5.6,235,https://txschools.net/campus/o-donnell-school-153903001
6693,7358,20,061902126,Prairie Trail Elem,Lewisville ISD,B,5.6,646,https://txschools.net/campus/prairie-trail-elem-061902126
6693,7358,20,246908105,Santa Rita Elem,Liberty Hill ISD,B,5.6,696,https://txschools.net/campus/santa-rita-elem-246908105
6693,7358,20,108913003,South Palm Gardens HS,Weslaco ISD,A,5.6,65,https://txschools.net/campus/south-palm-gardens-hs-108913003
6693,7358,20,043905112,Sparks Elem,Frisco ISD,A,5.6,487,https://txschools.net/campus/sparks-elem-043905112
6693,7358,20,061902054,STEM Academy at Creek Valley MS,Lewisville ISD,C,5.6,601,https://txschools.net/campus/stem-academy-at-creek-valley-ms-061902054
6693,7358,20,043914107,Tibbals Elem,Wylie ISD,A,5.6,633,https://txschools.net/campus/tibbals-elem-043914107
6693,7358,20,226908101,Veribest Elem,Veribest ISD,C,5.6,115,https://txschools.net/campus/veribest-elem-226908101
6693,7358,20,214901044,Veterans MS,Rio Grande City Grulla ISD,B,5.6,708,https://txschools.net/campus/veterans-ms-214901044
6693,7358,20,070908044,Walnut Grove MS,Midlothian ISD,A,5.6,1030,https://txschools.net/campus/walnut-grove-ms-070908044
6693,7358,20,061911120,Wayne A Cox Elem,Northwest ISD,B,5.6,671,https://txschools.net/campus/wayne-a-cox-elem-061911120
6714,7358,29,249901101,Alvord Elem,Alvord ISD,C,5.5,454,https://txschools.net/campus/alvord-elem-249901101
6714,7358,29,020908113,Barbara Cockrell Elem,Pearland ISD,A,5.5,754,https://txschools.net/campus/barbara-cockrell-elem-020908113
6714,7358,29,043903105,Bobby Ray & Afton Martin Elem,Celina ISD,C,5.5,578,https://txschools.net/campus/bobby-ray-afton-martin-elem-043903105
6714,7358,29,008903001,Brazos HS,Brazos ISD,A,5.5,300,https://txschools.net/campus/brazos-hs-008903001
6714,7358,29,057916128,Brentfield Elem,Richardson ISD,A,5.5,816,https://txschools.net/campus/brentfield-elem-057916128
6714,7358,29,246909132,Cactus Ranch Elem,Round Rock ISD,A,5.5,684,https://txschools.net/campus/cactus-ranch-elem-246909132
6714,7358,29,043905132,Comstock Elem,Frisco ISD,A,5.5,633,https://txschools.net/campus/comstock-elem-043905132
6714,7358,29,220906044,Cross Timbers MS,Grapevine-Colleyville ISD,A,5.5,810,https://txschools.net/campus/cross-timbers-ms-220906044
6714,7358,29,043914044,Davis Int,Wylie ISD,A,5.5,963,https://txschools.net/campus/davis-int-043914044
6714,7358,29,101914114,Edna Mae Fielder Elem,Katy ISD,A,5.5,955,https://txschools.net/campus/edna-mae-fielder-elem-101914114
6714,7358,29,068901011,George H W Bush New Tech Odessa,Ector County ISD,A,5.5,427,https://txschools.net/campus/george-h-w-bush-new-tech-odessa-068901011
6714,7358,29,071905129,Glen Cove Elem,Ysleta ISD,A,5.5,524,https://txschools.net/campus/glen-cove-elem-071905129
6714,7358,29,043908102,Harry McKillop Elem,Melissa ISD,A,5.5,815,https://txschools.net/campus/harry-mckillop-elem-043908102
6714,7358,29,152901166,Honey Elem,Lubbock ISD,A,5.5,434,https://txschools.net/campus/honey-elem-152901166
6714,7358,29,043910145,Hunt Elem,Plano ISD,A,5.5,433,https://txschools.net/campus/hunt-elem-043910145
6714,7358,29,043907122,J B Wilmeth Elem,McKinney ISD,B,5.5,440,https://txschools.net/campus/j-b-wilmeth-elem-043907122
6714,7358,29,043912107,Jim and Betty Hughes Elem,Prosper ISD,B,5.5,754,https://txschools.net/campus/jim-and-betty-hughes-elem-043912107
6714,7358,29,057905136,L O Donald Elem,Dallas ISD,B,5.5,289,https://txschools.net/campus/l-o-donald-elem-057905136
6714,7358,29,072909001,Lingleville School,Lingleville ISD,B,5.5,264,https://txschools.net/campus/lingleville-school-072909001
6714,7358,29,043910135,McCall Elem,Plano ISD,A,5.5,482,https://txschools.net/campus/mccall-elem-043910135
6714,7358,29,153905102,New Home Elem,New Home ISD,B,5.5,342,https://txschools.net/campus/new-home-elem-153905102
6714,7358,29,071907003,Northwest Early College HS (Nwechs),Canutillo ISD,A,5.5,381,https://txschools.net/campus/northwest-early-college-hs-nwechs-071907003
6714,7358,29,046902047,Pieper Ranch MS,Comal ISD,A,5.5,979,https://txschools.net/campus/pieper-ranch-ms-046902047
6714,7358,29,032902105,Pittsburg Int,Pittsburg ISD,A,5.5,348,https://txschools.net/campus/pittsburg-int-032902105
6714,7358,29,037907102,Rusk Elem,Rusk ISD,B,5.5,274,https://txschools.net/campus/rusk-elem-037907102
6714,7358,29,043912112,Sam Johnson Elem,Prosper ISD,B,5.5,823,https://txschools.net/campus/sam-johnson-elem-043912112
6714,7358,29,001909101,Slocum PK - 8,Slocum ISD,B,5.5,238,https://txschools.net/campus/slocum-pk-8-001909101
6714,7358,29,098904041,Spearman JH,Spearman ISD,B,5.5,149,https://txschools.net/campus/spearman-jh-098904041
6714,7358,29,043903106,Tommie Dobie Bothwell Elem,Celina ISD,B,5.5,627,https://txschools.net/campus/tommie-dobie-bothwell-elem-043903106
6714,7358,29,071905017,Valle Verde Early College HS,Ysleta ISD,A,5.5,229,https://txschools.net/campus/valle-verde-early-college-hs-071905017
6744,7358,14,039904001,Bellevue School,Bellevue ISD,A,5.4,242,https://txschools.net/campus/bellevue-school-039904001
6744,7358,14,246909130,Blackland Prairie Elem,Round Rock ISD,B,5.4,767,https://txschools.net/campus/blackland-prairie-elem-246909130
6744,7358,14,057910123,Colin Powell Elem,Grand Prairie ISD,A,5.4,629,https://txschools.net/campus/colin-powell-elem-057910123
6744,7358,14,191901107,Crestview Elem,Canyon ISD,A,5.4,401,https://txschools.net/campus/crestview-elem-191901107
6744,7358,14,214903103,Florence J Scott Elem,Roma ISD,A,5.4,516,https://txschools.net/campus/florence-j-scott-elem-214903103
6744,7358,14,185903101,Friona Elem,Friona ISD,F,5.4,265,https://txschools.net/campus/friona-elem-185903101
6744,7358,14,244901001,Harrold School,Harrold ISD,B,5.4,159,https://txschools.net/campus/harrold-school-244901001
6744,7358,14,220916115,Hurst Hills Elem,Hurst-Euless-Bedford ISD,B,5.4,469,https://txschools.net/campus/hurst-hills-elem-220916115
6744,7358,14,061911042,Medlin MS,Northwest ISD,A,5.4,1133,https://txschools.net/campus/medlin-ms-061911042
6744,7358,14,249906041,Paradise MS,Paradise ISD,C,5.4,319,https://txschools.net/campus/paradise-ms-249906041
6744,7358,14,101903113,Rees Elem,Alief ISD,A,5.4,518,https://txschools.net/campus/rees-elem-101903113
6744,7358,14,227904115,Rowe Lane Elem,Pflugerville ISD,B,5.4,707,https://txschools.net/campus/rowe-lane-elem-227904115
6744,7358,14,129910101,Scurry-Rosser Elem,Scurry-Rosser ISD,B,5.4,317,https://txschools.net/campus/scurry-rosser-elem-129910101
6744,7358,14,246909105,Spicewood Elem,Round Rock ISD,A,5.4,663,https://txschools.net/campus/spicewood-elem-246909105
6744,7358,14,062904102,Yorktown Elem,Yorktown ISD,A,5.4,249,https://txschools.net/campus/yorktown-elem-062904102
6759,7358,16,061902047,Arbor Creek MS,Lewisville ISD,A,5.3,941,https://txschools.net/campus/arbor-creek-ms-061902047
6759,7358,16,161920102,China Spring Elem,China Spring ISD,B,5.3,604,https://txschools.net/campus/china-spring-elem-161920102
6759,7358,16,057922109,Cottonwood Creek Elem,Coppell ISD,B,5.3,349,https://txschools.net/campus/cottonwood-creek-elem-057922109
6759,7358,16,120905001,Industrial HS,Industrial ISD,A,5.3,343,https://txschools.net/campus/industrial-hs-120905001
6759,7358,16,015910057,Lopez MS,North East ISD,A,5.3,1325,https://txschools.net/campus/lopez-ms-015910057
6759,7358,16,043912041,Lorene Rogers MS,Prosper ISD,A,5.3,1591,https://txschools.net/campus/lorene-rogers-ms-043912041
6759,7358,16,043910122,Mathews Elem,Plano ISD,A,5.3,433,https://txschools.net/campus/mathews-elem-043910122
6759,7358,16,161909102,McGregor Pri,McGregor ISD,D,5.3,241,https://txschools.net/campus/mcgregor-pri-161909102
6759,7358,16,126905104,North Joshua Elem,Joshua ISD,A,5.3,737,https://txschools.net/campus/north-joshua-elem-126905104
6759,7358,16,098903101,Pringle-Morse Schools,Pringle-Morse CISD,C,5.3,126,https://txschools.net/campus/pringle-morse-schools-098903101
6759,7358,16,101912071,Project Chrysalis MS,Houston ISD,A,5.3,258,https://txschools.net/campus/project-chrysalis-ms-101912071
6759,7358,16,079907050,Sartartia MS,Fort Bend ISD,A,5.3,1286,https://txschools.net/campus/sartartia-ms-079907050
6759,7358,16,126902043,STEAM MS,Burleson ISD,A,5.3,579,https://txschools.net/campus/steam-ms-126902043
6759,7358,16,108912010,Thelma Rosa Salinas STEM Early College HS,La Joya ISD,A,5.3,206,https://txschools.net/campus/thelma-rosa-salinas-stem-early-college-hs-108912010
6759,7358,16,043905055,Trent MS,Frisco ISD,A,5.3,714,https://txschools.net/campus/trent-ms-043905055
6759,7358,16,062905101,Westhoff Elem,Westhoff ISD,B,5.3,92,https://txschools.net/campus/westhoff-elem-062905101
6759,7358,16,250907041,Winnsboro JH,Winnsboro ISD,B,5.3,336,https://txschools.net/campus/winnsboro-jh-250907041
6776,7358,23,043910140,Andrews Elem,Plano ISD,A,5.2,374,https://txschools.net/campus/andrews-elem-043910140
6776,7358,23,184907106,Annetta Elem,Aledo ISD,A,5.2,668,https://txschools.net/campus/annetta-elem-184907106
6776,7358,23,061910041,Argyle MS,Argyle ISD,A,5.2,1045,https://txschools.net/campus/argyle-ms-061910041
6776,7358,23,043912118,Betty Jackson Elem,Prosper ISD,B,5.2,548,https://txschools.net/campus/betty-jackson-elem-043912118
6776,7358,23,046902107,Bill Brown Elem,Comal ISD,A,5.2,803,https://txschools.net/campus/bill-brown-elem-046902107
6776,7358,23,057909129,Classical Center at Vial Elem,Garland ISD,A,5.2,591,https://txschools.net/campus/classical-center-at-vial-elem-057909129
6776,7358,23,057922042,Coppell MS East,Coppell ISD,A,5.2,1070,https://txschools.net/campus/coppell-ms-east-057922042
6776,7358,23,101921115,Creekview Elem,Tomball ISD,A,5.2,908,https://txschools.net/campus/creekview-elem-101921115
6776,7358,23,101912345,East Early College HS,Houston ISD,A,5.2,463,https://txschools.net/campus/east-early-college-hs-101912345
6776,7358,23,061902010,Flower Mound HS,Lewisville ISD,A,5.2,3394,https://txschools.net/campus/flower-mound-hs-061902010
6776,7358,23,227901119,Highland Park Elem,Austin ISD,A,5.2,648,https://txschools.net/campus/highland-park-elem-227901119
6776,7358,23,101920107,Hunters Creek Elem,Spring Branch ISD,A,5.2,537,https://txschools.net/campus/hunters-creek-elem-101920107
6776,7358,23,165901131,James Bowie Fine Arts Academy,Midland ISD,B,5.2,532,https://txschools.net/campus/james-bowie-fine-arts-academy-165901131
6776,7358,23,243903103,Kidwell Elem,Iowa Park CISD,B,5.2,512,https://txschools.net/campus/kidwell-elem-243903103
6776,7358,23,101912189,Kolter Elem,Houston ISD,A,5.2,773,https://txschools.net/campus/kolter-elem-101912189
6776,7358,23,020901112,Laura Ingalls Wilder Elem,Alvin ISD,A,5.2,640,https://txschools.net/campus/laura-ingalls-wilder-elem-020901112
6776,7358,23,043901106,Max O Vaughan Elem,Allen ISD,B,5.2,642,https://txschools.net/campus/max-o-vaughan-elem-043901106
6776,7358,23,043905138,McSpedden Elem,Frisco ISD,A,5.2,709,https://txschools.net/campus/mcspedden-elem-043905138
6776,7358,23,043912113,Mike and Janie Reeves Elem,Prosper ISD,A,5.2,818,https://txschools.net/campus/mike-and-janie-reeves-elem-043912113
6776,7358,23,166903102,Milano Elem,Milano ISD,B,5.2,197,https://txschools.net/campus/milano-elem-166903102
6776,7358,23,043903104,O'Dell Elem,Celina ISD,C,5.2,693,https://txschools.net/campus/o-dell-elem-043903104
6776,7358,23,123908123,Port Neches Int,Port Neches-Groves ISD,B,5.2,578,https://txschools.net/campus/port-neches-int-123908123
6776,7358,23,059902101,Walcott Elem,Walcott ISD,B,5.2,138,https://txschools.net/campus/walcott-elem-059902101
6776,7358,23,070911102,Wooden Elem,Red Oak ISD,B,5.2,484,https://txschools.net/campus/wooden-elem-070911102
6800,7358,17,036902044,Barbers Hill Int North,Barbers Hill ISD,A,5.1,995,https://txschools.net/campus/barbers-hill-int-north-036902044
6800,7358,17,184909101,Brock Int,Brock ISD,B,5.1,547,https://txschools.net/campus/brock-int-184909101
6800,7358,17,021902003,Bryan Collegiate HS,Bryan ISD,A,5.1,471,https://txschools.net/campus/bryan-collegiate-hs-021902003
6800,7358,17,220908047,Charlene McKinzey MS,Mansfield ISD,A,5.1,952,https://txschools.net/campus/charlene-mckinzey-ms-220908047
6800,7358,17,101914048,Cinco Ranch JH,Katy ISD,A,5.1,1343,https://txschools.net/campus/cinco-ranch-jh-101914048
6800,7358,17,220916113,Donna Park,Hurst-Euless-Bedford ISD,B,5.1,417,https://txschools.net/campus/donna-park-220916113
6800,7358,17,057905090,Dr Wright L Lassiter Jr Early College HS,Dallas ISD,A,5.1,287,https://txschools.net/campus/dr-wright-l-lassiter-jr-early-college-hs-057905090
6800,7358,17,220907102,Florence Elem,Keller ISD,A,5.1,451,https://txschools.net/campus/florence-elem-220907102
6800,7358,17,108906124,Gonzalez Elem,McAllen ISD,A,5.1,854,https://txschools.net/campus/gonzalez-elem-108906124
6800,7358,17,043905113,Gunstream Elem,Frisco ISD,A,5.1,693,https://txschools.net/campus/gunstream-elem-043905113
6800,7358,17,101914102,Katy Elem,Katy ISD,B,5.1,649,https://txschools.net/campus/katy-elem-101914102
6800,7358,17,116906041,Lone Oak MS,Lone Oak ISD,B,5.1,240,https://txschools.net/campus/lone-oak-ms-116906041
6800,7358,17,062902001,Nordheim School,Nordheim ISD,B,5.1,111,https://txschools.net/campus/nordheim-school-062902001
6800,7358,17,240903135,San Isidro Elem,United ISD,A,5.1,764,https://txschools.net/campus/san-isidro-elem-240903135
6800,7358,17,220907108,Shady Grove Elem,Keller ISD,A,5.1,393,https://txschools.net/campus/shady-grove-elem-220907108
6800,7358,17,043910139,Stinson Elem,Plano ISD,C,5.1,556,https://txschools.net/campus/stinson-elem-043910139
6800,7358,17,110907101,Sundown Elem,Sundown ISD,A,5.1,379,https://txschools.net/campus/sundown-elem-110907101
6800,7358,17,057909122,Walnut Glen Acad for Excel,Garland ISD,A,5.1,357,https://txschools.net/campus/walnut-glen-acad-for-excel-057909122
6818,7358,15,139911102,Aaron Parker Elem,North Lamar ISD,B,5,242,https://txschools.net/campus/aaron-parker-elem-139911102
6818,7358,15,108906011,Achieve Early College HS,McAllen ISD,A,5,414,https://txschools.net/campus/achieve-early-college-hs-108906011
6818,7358,15,101907162,Byrd Elem,Cypress-Fairbanks ISD,A,5,1287,https://txschools.net/campus/byrd-elem-101907162
6818,7358,15,226901101,Christoval Elem,Christoval ISD,B,5,258,https://txschools.net/campus/christoval-elem-226901101
6818,7358,15,152907104,Crestview Elem,Frenship ISD,A,5,649,https://txschools.net/campus/crestview-elem-152907104
6818,7358,15,049906001,Era School,Era ISD,A,5,517,https://txschools.net/campus/era-school-049906001
6818,7358,15,101907126,Hamilton Elem,Cypress-Fairbanks ISD,A,5,972,https://txschools.net/campus/hamilton-elem-101907126
6818,7358,15,220907112,Hidden Lakes Elem,Keller ISD,A,5,384,https://txschools.net/campus/hidden-lakes-elem-220907112
6818,7358,15,236901102,New Waverly Elem,New Waverly ISD,C,5,319,https://txschools.net/campus/new-waverly-elem-236901102
6818,7358,15,101912215,Parker Elem,Houston ISD,B,5,897,https://txschools.net/campus/parker-elem-101912215
6818,7358,15,246909134,Patsy Sommer Elem,Round Rock ISD,A,5,841,https://txschools.net/campus/patsy-sommer-elem-246909134
6818,7358,15,043905125,Robertson Elem,Frisco ISD,A,5,564,https://txschools.net/campus/robertson-elem-043905125
6818,7358,15,101914117,Roosevelt Alexander Elem,Katy ISD,A,5,860,https://txschools.net/campus/roosevelt-alexander-elem-101914117
6818,7358,15,101907063,Sprague MS,Cypress-Fairbanks ISD,A,5,1662,https://txschools.net/campus/sprague-ms-101907063
6818,7358,15,057916118,Spring Creek Elem,Richardson ISD,A,5,440,https://txschools.net/campus/spring-creek-elem-057916118
6818,7358,15,101912251,Twain Elem,Houston ISD,A,5,860,https://txschools.net/campus/twain-elem-101912251
6834,7358,17,101903012,Alief Early College HS,Alief ISD,A,4.9,398,https://txschools.net/campus/alief-early-college-hs-101903012
6834,7358,17,071909134,Ben Narbuth Elem,Socorro ISD,B,4.9,1099,https://txschools.net/campus/ben-narbuth-elem-071909134
6834,7358,17,220908128,Brenda Norwood Elem,Mansfield ISD,A,4.9,830,https://txschools.net/campus/brenda-norwood-elem-220908128
6834,7358,17,246909135,Chandler Oaks Elem,Round Rock ISD,A,4.9,548,https://txschools.net/campus/chandler-oaks-elem-246909135
6834,7358,17,001903101,Elkhart Elem,Elkhart ISD,C,4.9,341,https://txschools.net/campus/elkhart-elem-001903101
6834,7358,17,101912342,Energized for Excellence Academy Inc MS,Houston ISD,A,4.9,530,https://txschools.net/campus/energized-for-excellence-academy-inc-ms-101912342
6834,7358,17,101914118,James E Williams Elem,Katy ISD,A,4.9,842,https://txschools.net/campus/james-e-williams-elem-101914118
6834,7358,17,246904109,Jo Ann Ford Elem,Georgetown ISD,B,4.9,515,https://txschools.net/campus/jo-ann-ford-elem-246904109
6834,7358,17,247904041,Poth JH,Poth ISD,A,4.9,239,https://txschools.net/campus/poth-jh-247904041
6834,7358,17,043912108,Ralph and Mary Lynn Boyer Elem,Prosper ISD,A,4.9,836,https://txschools.net/campus/ralph-and-mary-lynn-boyer-elem-043912108
6834,7358,17,220916123,River Trails Elem,Hurst-Euless-Bedford ISD,B,4.9,630,https://txschools.net/campus/river-trails-elem-220916123
6834,7358,17,079907142,Scanlan Oaks Elem,Fort Bend ISD,A,4.9,647,https://txschools.net/campus/scanlan-oaks-elem-079907142
6834,7358,17,043905143,Talley Elem,Frisco ISD,A,4.9,569,https://txschools.net/campus/talley-elem-043905143
6834,7358,17,212905006,Tyler ISD Early College HS,Tyler ISD,A,4.9,465,https://txschools.net/campus/tyler-isd-early-college-hs-212905006
6834,7358,17,079901150,Viola Gilmore Randle Elem,Lamar CISD,B,4.9,916,https://txschools.net/campus/viola-gilmore-randle-elem-079901150
6834,7358,17,084910049,Westbrook Int,Clear Creek ISD,A,4.9,1169,https://txschools.net/campus/westbrook-int-084910049
6834,7358,17,043905059,Wilkinson MS,Frisco ISD,A,4.9,699,https://txschools.net/campus/wilkinson-ms-043905059
6834,7358,17,161903101,Woodway Elem,Midway ISD,A,4.9,529,https://txschools.net/campus/woodway-elem-161903101
6852,7358,27,126902101,Academy at Nola Dunn,Burleson ISD,B,4.8,676,https://txschools.net/campus/academy-at-nola-dunn-126902101
6852,7358,27,092904104,Birch Elem,Pine Tree ISD,B,4.8,633,https://txschools.net/campus/birch-elem-092904104
6852,7358,27,227909106,Bridge Point Elem,Eanes ISD,A,4.8,574,https://txschools.net/campus/bridge-point-elem-227909106
6852,7358,27,243901041,Burkburnett MS,Burkburnett ISD,B,4.8,738,https://txschools.net/campus/burkburnett-ms-243901041
6852,7358,27,084910130,Campbell Elem,Clear Creek ISD,A,4.8,797,https://txschools.net/campus/campbell-elem-084910130
6852,7358,27,057903112,Country Place Elem,Carrollton-Farmers Branch ISD,B,4.8,390,https://txschools.net/campus/country-place-elem-057903112
6852,7358,27,170902074,Deretchin Elem,Conroe ISD,A,4.8,1071,https://txschools.net/campus/deretchin-elem-170902074
6852,7358,27,071905124,Eastwood Heights Elem,Ysleta ISD,A,4.8,513,https://txschools.net/campus/eastwood-heights-elem-071905124
6852,7358,27,207901041,Eldorado MS,Schleicher ISD,B,4.8,107,https://txschools.net/campus/eldorado-ms-207901041
6852,7358,27,075901001,Flatonia Secondary,Flatonia ISD,A,4.8,319,https://txschools.net/campus/flatonia-secondary-075901001
6852,7358,27,015915104,Helotes Elem,Northside ISD,A,4.8,308,https://txschools.net/campus/helotes-elem-015915104
6852,7358,27,177905001,Highland School,Highland ISD,A,4.8,211,https://txschools.net/campus/highland-school-177905001
6852,7358,27,061910101,Hilltop Elem,Argyle ISD,A,4.8,741,https://txschools.net/campus/hilltop-elem-061910101
6852,7358,27,246906107,Howard Norman Elem,Hutto ISD,D,4.8,714,https://txschools.net/campus/howard-norman-elem-246906107
6852,7358,27,219905101,Kress Elem,Kress ISD,C,4.8,151,https://txschools.net/campus/kress-elem-219905101
6852,7358,27,101907160,Mcgown Elem,Cypress-Fairbanks ISD,A,4.8,1387,https://txschools.net/campus/mcgown-elem-101907160
6852,7358,27,061902123,Old Settlers Elem,Lewisville ISD,A,4.8,499,https://txschools.net/campus/old-settlers-elem-061902123
6852,7358,27,161903109,Park Hill Elem,Midway ISD,A,4.8,706,https://txschools.net/campus/park-hill-elem-161903109
6852,7358,27,061902124,Parkway Elem,Lewisville ISD,D,4.8,590,https://txschools.net/campus/parkway-elem-061902124
6852,7358,27,043905056,Pearson MS,Frisco ISD,A,4.8,995,https://txschools.net/campus/pearson-ms-043905056
6852,7358,27,101912337,Pin Oak MS,Houston ISD,A,4.8,1280,https://txschools.net/campus/pin-oak-ms-101912337
6852,7358,27,101914123,Roberta Wright Rylander Elem,Katy ISD,A,4.8,945,https://txschools.net/campus/roberta-wright-rylander-elem-101914123
6852,7358,27,143903001,Shiner HS,Shiner ISD,A,4.8,315,https://txschools.net/campus/shiner-hs-143903001
6852,7358,27,079901115,Susanna Dickinson Elem,Lamar CISD,A,4.8,629,https://txschools.net/campus/susanna-dickinson-elem-079901115
6852,7358,27,071905132,Tierra Del Sol Elem,Ysleta ISD,A,4.8,464,https://txschools.net/campus/tierra-del-sol-elem-071905132
6852,7358,27,223904001,Wellman-Union School,Wellman-Union CISD,A,4.8,245,https://txschools.net/campus/wellman-union-school-223904001
6852,7358,27,015910143,Wilderness Oak Elem,North East ISD,A,4.8,547,https://txschools.net/campus/wilderness-oak-elem-015910143
6852,7358,27,101921107,Willow Creek Elem,Tomball ISD,A,4.8,615,https://txschools.net/campus/willow-creek-elem-101921107
6880,7358,16,057911102,Bradfield Elem,Highland Park ISD,A,4.7,596,https://txschools.net/campus/bradfield-elem-057911102
6880,7358,16,008903041,Brazos MS,Brazos ISD,A,4.7,198,https://txschools.net/campus/brazos-ms-008903041
6880,7358,16,178908041,Brundrett MS,Port Aransas ISD,B,4.7,135,https://txschools.net/campus/brundrett-ms-178908041
6880,7358,16,161920104,China Spring Int,China Spring ISD,B,4.7,487,https://txschools.net/campus/china-spring-int-161920104
6880,7358,16,101919050,Edward Roberson MS,Spring ISD,A,4.7,854,https://txschools.net/campus/edward-roberson-ms-101919050
6880,7358,16,020901114,Glenn York Elem,Alvin ISD,A,4.7,708,https://txschools.net/campus/glenn-york-elem-020901114
6880,7358,16,220902120,Green Valley Elem,Birdville ISD,A,4.7,399,https://txschools.net/campus/green-valley-elem-220902120
6880,7358,16,240901120,J C Martin Jr Elem,Laredo ISD,A,4.7,429,https://txschools.net/campus/j-c-martin-jr-elem-240901120
6880,7358,16,043901119,Jenny Preston Elem,Allen ISD,A,4.7,647,https://txschools.net/campus/jenny-preston-elem-043901119
6880,7358,16,247903104,La Vernia Int,La Vernia ISD,B,4.7,815,https://txschools.net/campus/la-vernia-int-247903104
6880,7358,16,113903102,Lovelady Elem,Lovelady ISD,C,4.7,270,https://txschools.net/campus/lovelady-elem-113903102
6880,7358,16,234905101,Martins Mill Elem,Martins Mill ISD,C,4.7,213,https://txschools.net/campus/martins-mill-elem-234905101
6880,7358,16,230906041,New Diana MS,New Diana ISD,B,4.7,275,https://txschools.net/campus/new-diana-ms-230906041
6880,7358,16,101921116,Oakcrest Int,Tomball ISD,A,4.7,674,https://txschools.net/campus/oakcrest-int-101921116
6880,7358,16,101912229,Roberts Elem,Houston ISD,A,4.7,737,https://txschools.net/campus/roberts-elem-101912229
6880,7358,16,057905186,Trinity Heights Gifted and Talented School,Dallas ISD,A,4.7,384,https://txschools.net/campus/trinity-heights-gifted-and-talented-school-057905186
6880,7358,16,057922110,Valley Ranch Elem,Coppell ISD,A,4.7,598,https://txschools.net/campus/valley-ranch-elem-057922110
6897,7358,28,057922103,Austin Elem,Coppell ISD,B,4.6,517,https://txschools.net/campus/austin-elem-057922103
6897,7358,28,061905102,Blanche Dodd Elem,Krum ISD,C,4.6,336,https://txschools.net/campus/blanche-dodd-elem-061905102
6897,7358,28,057912116,Brandenburg Elem,Irving ISD,B,4.6,892,https://txschools.net/campus/brandenburg-elem-057912116
6897,7358,28,188904102,Bushland Int,Bushland ISD,C,4.6,330,https://txschools.net/campus/bushland-int-188904102
6897,7358,28,079907151,Carolyn and Vernon Madden Elem,Fort Bend ISD,A,4.6,886,https://txschools.net/campus/carolyn-and-vernon-madden-elem-079907151
6897,7358,28,108913114,Cleckler/Heald Elem,Weslaco ISD,B,4.6,889,https://txschools.net/campus/cleckler-heald-elem-108913114
6897,7358,28,240903122,Col Santos Benavides Elem,United ISD,B,4.6,786,https://txschools.net/campus/col-santos-benavides-elem-240903122
6897,7358,28,240901123,Dovalina Elem,Laredo ISD,A,4.6,382,https://txschools.net/campus/dovalina-elem-240901123
6897,7358,28,101914047,Garland McMeans JH,Katy ISD,A,4.6,1099,https://txschools.net/campus/garland-mcmeans-jh-101914047
6897,7358,28,043914111,George W Bush Elem,Wylie ISD,A,4.6,845,https://txschools.net/campus/george-w-bush-elem-043914111
6897,7358,28,043907109,Glen Oaks Elem,McKinney ISD,B,4.6,472,https://txschools.net/campus/glen-oaks-elem-043907109
6897,7358,28,057905035,Irma Rangel Young Women's Leadership School,Dallas ISD,A,4.6,617,https://txschools.net/campus/irma-rangel-young-women-s-leadership-school-057905035
6897,7358,28,061902059,Killian MS,Lewisville ISD,B,4.6,933,https://txschools.net/campus/killian-ms-061902059
6897,7358,28,140904102,Littlefield Elem,Littlefield ISD,B,4.6,238,https://txschools.net/campus/littlefield-elem-140904102
6897,7358,28,184907104,McCall Elem,Aledo ISD,B,4.6,485,https://txschools.net/campus/mccall-elem-184907104
6897,7358,28,057916132,Moss Haven Elem,Richardson ISD,B,4.6,469,https://txschools.net/campus/moss-haven-elem-057916132
6897,7358,28,249906101,Paradise Elem,Paradise ISD,B,4.6,419,https://txschools.net/campus/paradise-elem-249906101
6897,7358,28,019911041,Red Lick MS,Red Lick ISD,A,4.6,230,https://txschools.net/campus/red-lick-ms-019911041
6897,7358,28,101914046,Rodger & Ellen Beck JH,Katy ISD,A,4.6,1222,https://txschools.net/campus/rodger-ellen-beck-jh-101914046
6897,7358,28,240901112,Ryan Elem,Laredo ISD,A,4.6,802,https://txschools.net/campus/ryan-elem-240901112
6897,7358,28,102902107,Sam Houston Elem,Marshall ISD,B,4.6,485,https://txschools.net/campus/sam-houston-elem-102902107
6897,7358,28,249905106,STEM Academy at Enis Elem,Decatur ISD,C,4.6,387,https://txschools.net/campus/stem-academy-at-enis-elem-249905106
6897,7358,28,166905101,Thorndale Elem,Thorndale ISD,B,4.6,265,https://txschools.net/campus/thorndale-elem-166905101
6897,7358,28,130901106,Van Raub Elem,Boerne ISD,A,4.6,760,https://txschools.net/campus/van-raub-elem-130901106
6897,7358,28,043905054,Vandeventer MS,Frisco ISD,A,4.6,826,https://txschools.net/campus/vandeventer-ms-043905054
6897,7358,28,101920118,Wilchester Elem,Spring Branch ISD,A,4.6,827,https://txschools.net/campus/wilchester-elem-101920118
6897,7358,28,057922106,Wilson Elem,Coppell ISD,A,4.6,513,https://txschools.net/campus/wilson-elem-057922106
6897,7358,28,101914052,Woodcreek JH,Katy ISD,A,4.6,1674,https://txschools.net/campus/woodcreek-jh-101914052
6897,7358,28,071905018,Young Women's Leadership Academy,Ysleta ISD,A,4.6,325,https://txschools.net/campus/young-women-s-leadership-academy-071905018
6926,7358,22,061910104,Argyle South Elem,Argyle ISD,A,4.5,781,https://txschools.net/campus/argyle-south-elem-061910104
6926,7358,22,101914131,Bonnie Holland Elem,Katy ISD,A,4.5,678,https://txschools.net/campus/bonnie-holland-elem-101914131
6926,7358,22,030902103,Clyde Int,Clyde CISD,B,4.5,320,https://txschools.net/campus/clyde-int-030902103
6926,7358,22,161901101,Crawford Elem,Crawford ISD,A,4.5,278,https://txschools.net/campus/crawford-elem-161901101
6926,7358,22,043901108,Frances E Norton Elem,Allen ISD,A,4.5,592,https://txschools.net/campus/frances-e-norton-elem-043901108
6926,7358,22,057910011,Grand Prairie Collegiate Institute,Grand Prairie ISD,A,4.5,448,https://txschools.net/campus/grand-prairie-collegiate-institute-057910011
6926,7358,22,005902101,Holliday Elem,Holliday ISD,B,4.5,491,https://txschools.net/campus/holliday-elem-005902101
6926,7358,22,057906112,Katherine Johnson Technology Magnet Academy,Desoto ISD,A,4.5,626,https://txschools.net/campus/katherine-johnson-technology-magnet-academy-057906112
6926,7358,22,161914127,Lake Air Montessori School,Waco ISD,C,4.5,705,https://txschools.net/campus/lake-air-montessori-school-161914127
6926,7358,22,246909116,Laurel Mountain Elem,Round Rock ISD,A,4.5,839,https://txschools.net/campus/laurel-mountain-elem-246909116
6926,7358,22,061902135,Liberty Elem,Lewisville ISD,A,4.5,550,https://txschools.net/campus/liberty-elem-061902135
6926,7358,22,111902102,Lipan Elem,Lipan ISD,B,4.5,237,https://txschools.net/campus/lipan-elem-111902102
6926,7358,22,070908105,Longbranch Elem,Midlothian ISD,B,4.5,732,https://txschools.net/campus/longbranch-elem-070908105
6926,7358,22,161907102,Lorena Pri,Lorena ISD,A,4.5,367,https://txschools.net/campus/lorena-pri-161907102
6926,7358,22,152906104,Lubbock-Cooper West Elem,Lubbock-Cooper ISD,A,4.5,584,https://txschools.net/campus/lubbock-cooper-west-elem-152906104
6926,7358,22,211902102,Mary Allen Elem,Stratford ISD,A,4.5,216,https://txschools.net/campus/mary-allen-elem-211902102
6926,7358,22,057914106,McWhorter Elem,Mesquite ISD,C,4.5,484,https://txschools.net/campus/mcwhorter-elem-057914106
6926,7358,22,057905359,Rosemont School,Dallas ISD,A,4.5,512,https://txschools.net/campus/rosemont-school-057905359
6926,7358,22,101907056,Smith MS,Cypress-Fairbanks ISD,A,4.5,1267,https://txschools.net/campus/smith-ms-101907056
6926,7358,22,057905386,Solar Prep for Boys at John F Kennedy,Dallas ISD,A,4.5,423,https://txschools.net/campus/solar-prep-for-boys-at-john-f-kennedy-057905386
6926,7358,22,105904104,Sycamore Springs Elem,Dripping Springs ISD,B,4.5,679,https://txschools.net/campus/sycamore-springs-elem-105904104
6926,7358,22,170902071,Tough Elem,Conroe ISD,A,4.5,965,https://txschools.net/campus/tough-elem-170902071
6926,7358,22,226906041,Wall MS,Wall ISD,B,4.5,457,https://txschools.net/campus/wall-ms-226906041
6949,7358,21,043912043,Bill Hays MS,Prosper ISD,A,4.4,1145,https://txschools.net/campus/bill-hays-ms-043912043
6949,7358,21,084910118,Brookwood Elem,Clear Creek ISD,A,4.4,783,https://txschools.net/campus/brookwood-elem-084910118
6949,7358,21,227901184,Clayton Elem,Austin ISD,A,4.4,633,https://txschools.net/campus/clayton-elem-227901184
6949,7358,21,178904160,Creekside Elem,Corpus Christi ISD,A,4.4,497,https://txschools.net/campus/creekside-elem-178904160
6949,7358,21,107904041,Cross Roads JH,Cross Roads ISD,A,4.4,112,https://txschools.net/campus/cross-roads-jh-107904041
6949,7358,21,043901113,Dr E T Boon Elem,Allen ISD,A,4.4,764,https://txschools.net/campus/dr-e-t-boon-elem-043901113
6949,7358,21,165901006,Early College HS at Midland College,Midland ISD,A,4.4,384,https://txschools.net/campus/early-college-hs-at-midland-college-165901006
6949,7358,21,185902041,Farwell JH,Farwell ISD,B,4.4,123,https://txschools.net/campus/farwell-jh-185902041
6949,7358,21,242906001,Fort Elliott School,Fort Elliott CISD,B,4.4,133,https://txschools.net/campus/fort-elliott-school-242906001
6949,7358,21,043905048,Fowler MS,Frisco ISD,A,4.4,862,https://txschools.net/campus/fowler-ms-043905048
6949,7358,21,174903101,Garrison Elem,Garrison ISD,A,4.4,342,https://txschools.net/campus/garrison-elem-174903101
6949,7358,21,057905073,Henry W Longfellow Career Exploration Academy,Dallas ISD,A,4.4,525,https://txschools.net/campus/henry-w-longfellow-career-exploration-academy-057905073
6949,7358,21,109905101,Hubbard Elem,Hubbard ISD,D,4.4,194,https://txschools.net/campus/hubbard-elem-109905101
6949,7358,21,109907101,Itasca Elem,Itasca ISD,D,4.4,311,https://txschools.net/campus/itasca-elem-109907101
6949,7358,21,043912109,Jim Spradley Elem,Prosper ISD,A,4.4,752,https://txschools.net/campus/jim-spradley-elem-043912109
6949,7358,21,043919102,Joe V Hart Elem,Lovejoy ISD,A,4.4,538,https://txschools.net/campus/joe-v-hart-elem-043919102
6949,7358,21,020908108,Leon H Sablatura MS,Pearland ISD,A,4.4,844,https://txschools.net/campus/leon-h-sablatura-ms-020908108
6949,7358,21,043903101,Marcy B Lykins Elem,Celina ISD,C,4.4,664,https://txschools.net/campus/marcy-b-lykins-elem-043903101
6949,7358,21,057916108,Mohawk Elem,Richardson ISD,A,4.4,495,https://txschools.net/campus/mohawk-elem-057916108
6949,7358,21,043905044,Pioneer Heritage MS,Frisco ISD,A,4.4,995,https://txschools.net/campus/pioneer-heritage-ms-043905044
6949,7358,21,043910133,Skaggs Elem,Plano ISD,A,4.4,335,https://txschools.net/campus/skaggs-elem-043910133
6949,7358,21,101914119,Sue Creech Elem,Katy ISD,A,4.4,777,https://txschools.net/campus/sue-creech-elem-101914119
6971,7358,21,057909041,Austin Acad for Excell,Garland ISD,A,4.3,978,https://txschools.net/campus/austin-acad-for-excell-057909041
6971,7358,21,068901102,Austin Montessori Magnet,Ector County ISD,B,4.3,553,https://txschools.net/campus/austin-montessori-magnet-068901102
6971,7358,21,220906101,Cannon Elem,Grapevine-Colleyville ISD,B,4.3,459,https://txschools.net/campus/cannon-elem-220906101
6971,7358,21,139911101,Cecil Everett Elem,North Lamar ISD,B,4.3,318,https://txschools.net/campus/cecil-everett-elem-139911101
6971,7358,21,161920105,China Spring Pri,China Spring ISD,B,4.3,448,https://txschools.net/campus/china-spring-pri-161920105
6971,7358,21,114902101,Coahoma Elem,Coahoma ISD,D,4.3,608,https://txschools.net/campus/coahoma-elem-114902101
6971,7358,21,043905103,Curtsinger Elem,Frisco ISD,A,4.3,561,https://txschools.net/campus/curtsinger-elem-043905103
6971,7358,21,185902101,Farwell Elem,Farwell ISD,B,4.3,259,https://txschools.net/campus/farwell-elem-185902101
6971,7358,21,037907103,GW Bradford Pri,Rusk ISD,B,4.3,362,https://txschools.net/campus/gw-bradford-pri-037907103
6971,7358,21,101914112,Hazel S Pattison Elem,Katy ISD,A,4.3,1241,https://txschools.net/campus/hazel-s-pattison-elem-101914112
6971,7358,21,005902001,Holliday HS,Holliday ISD,A,4.3,363,https://txschools.net/campus/holliday-hs-005902001
6971,7358,21,101912178,Horn Elem,Houston ISD,A,4.3,752,https://txschools.net/campus/horn-elem-101912178
6971,7358,21,061902045,Lamar MS,Lewisville ISD,B,4.3,669,https://txschools.net/campus/lamar-ms-061902045
6971,7358,21,116906101,Lone Oak Elem,Lone Oak ISD,C,4.3,525,https://txschools.net/campus/lone-oak-elem-116906101
6971,7358,21,019910101,Malta Elem,Malta ISD,B,4.3,208,https://txschools.net/campus/malta-elem-019910101
6971,7358,21,227904112,Murchison Elem,Pflugerville ISD,A,4.3,616,https://txschools.net/campus/murchison-elem-227904112
6971,7358,21,152901177,Ramirez Elem,Lubbock ISD,B,4.3,495,https://txschools.net/campus/ramirez-elem-152901177
6971,7358,21,206901101,San Saba Elem,San Saba ISD,D,4.3,292,https://txschools.net/campus/san-saba-elem-206901101
6971,7358,21,001909001,Slocum HS,Slocum ISD,A,4.3,92,https://txschools.net/campus/slocum-hs-001909001
6971,7358,21,040902001,Whiteface School,Whiteface CISD,B,4.3,294,https://txschools.net/campus/whiteface-school-040902001
6971,7358,21,101913113,Willow Creek Elem,Humble ISD,A,4.3,578,https://txschools.net/campus/willow-creek-elem-101913113
6971,7358,21,129902114,Wilson Elem,Forney ISD,C,4.3,895,https://txschools.net/campus/wilson-elem-129902114
6993,7358,21,191901106,Arden Road Elem,Canyon ISD,A,4.2,362,https://txschools.net/campus/arden-road-elem-191901106
6993,7358,21,057909101,Beaver Technology Center,Garland ISD,A,4.2,545,https://txschools.net/campus/beaver-technology-center-057909101
6993,7358,21,043914109,Don Whitt Elem,Wylie ISD,A,4.2,645,https://txschools.net/campus/don-whitt-elem-043914109
6993,7358,21,128904001,Falls City HS,Falls City ISD,B,4.2,198,https://txschools.net/campus/falls-city-hs-128904001
6993,7358,21,043910114,Hughston Elem,Plano ISD,B,4.2,443,https://txschools.net/campus/hughston-elem-043910114
6993,7358,21,043905144,Liscano Elem,Frisco ISD,A,4.2,582,https://txschools.net/campus/liscano-elem-043905144
6993,7358,21,161907041,Lorena MS,Lorena ISD,B,4.2,441,https://txschools.net/campus/lorena-ms-161907041
6993,7358,21,057916142,Math/Science/Tech Magnet,Richardson ISD,A,4.2,669,https://txschools.net/campus/math-science-tech-magnet-057916142
6993,7358,21,043905140,Norris Elem,Frisco ISD,A,4.2,528,https://txschools.net/campus/norris-elem-043905140
6993,7358,21,071909009,Options HS,Socorro ISD,B,4.2,132,https://txschools.net/campus/options-hs-071909009
6993,7358,21,220905229,Overton Park Elem,Fort Worth ISD,A,4.2,533,https://txschools.net/campus/overton-park-elem-220905229
6993,7358,21,091901041,Pritchard JH,Bells ISD,B,4.2,236,https://txschools.net/campus/pritchard-jh-091901041
6993,7358,21,101912080,Rice Sch /La Escuela Rice,Houston ISD,B,4.2,1059,https://txschools.net/campus/rice-sch-la-escuela-rice-101912080
6993,7358,21,246904112,San Gabriel Elem,Georgetown ISD,A,4.2,350,https://txschools.net/campus/san-gabriel-elem-246904112
6993,7358,21,057905026,School of Science and Engineering,Dallas ISD,A,4.2,501,https://txschools.net/campus/school-of-science-and-engineering-057905026
6993,7358,21,188901140,Sleepy Hollow Elem,Amarillo ISD,B,4.2,508,https://txschools.net/campus/sleepy-hollow-elem-188901140
6993,7358,21,249908001,Slidell Schools,Slidell ISD,B,4.2,515,https://txschools.net/campus/slidell-schools-249908001
6993,7358,21,101921113,Timber Creek Elem,Tomball ISD,A,4.2,948,https://txschools.net/campus/timber-creek-elem-101921113
6993,7358,21,043905142,Vaughn Elem,Frisco ISD,B,4.2,563,https://txschools.net/campus/vaughn-elem-043905142
6993,7358,21,079901151,Willie Melton Sr Elem,Lamar CISD,A,4.2,718,https://txschools.net/campus/willie-melton-sr-elem-079901151
6993,7358,21,015901104,Woodridge Elem,Alamo Heights ISD,B,4.2,810,https://txschools.net/campus/woodridge-elem-015901104
6993,7358,21,101902016,Young Womens Leadership Academy,Aldine ISD,A,4.2,400,https://txschools.net/campus/young-womens-leadership-academy-101902016
7015,7358,21,220905101,Alice Carlson Applied Lrn Ctr,Fort Worth ISD,A,4.1,382,https://txschools.net/campus/alice-carlson-applied-lrn-ctr-220905101
7015,7358,21,020908044,Berry Miller JH,Pearland ISD,A,4.1,810,https://txschools.net/campus/berry-miller-jh-020908044
7015,7358,21,161923101,Bosqueville Elem,Bosqueville ISD,C,4.1,315,https://txschools.net/campus/bosqueville-elem-161923101
7015,7358,21,161903110,Chapel Park Elem,Midway ISD,A,4.1,510,https://txschools.net/campus/chapel-park-elem-161903110
7015,7358,21,152901070,Commander William C McCool Academy,Lubbock ISD,A,4.1,452,https://txschools.net/campus/commander-william-c-mccool-academy-152901070
7015,7358,21,057922044,Coppell MS North,Coppell ISD,A,4.1,983,https://txschools.net/campus/coppell-ms-north-057922044
7015,7358,21,101912290,Crespo Elem,Houston ISD,A,4.1,507,https://txschools.net/campus/crespo-elem-101912290
7015,7358,21,075906001,Fayetteville Schools,Fayetteville ISD,A,4.1,308,https://txschools.net/campus/fayetteville-schools-075906001
7015,7358,21,061902112,Flower Mound Elem,Lewisville ISD,A,4.1,489,https://txschools.net/campus/flower-mound-elem-061902112
7015,7358,21,098904101,Gus Birdwell Elem,Spearman ISD,B,4.1,322,https://txschools.net/campus/gus-birdwell-elem-098904101
7015,7358,21,057905230,Harry C Withers Elem,Dallas ISD,A,4.1,451,https://txschools.net/campus/harry-c-withers-elem-057905230
7015,7358,21,133904101,Ingram Elem,Ingram ISD,A,4.1,660,https://txschools.net/campus/ingram-elem-133904101
7015,7358,21,101914113,Loraine T Golbow Elem,Katy ISD,B,4.1,584,https://txschools.net/campus/loraine-t-golbow-elem-101914113
7015,7358,21,127905101,Lueders-Avoca Elem/JH,Lueders-Avoca ISD,D,4.1,72,https://txschools.net/campus/lueders-avoca-elem-jh-127905101
7015,7358,21,057905220,Mark Twain School for the Talented and Gifted,Dallas ISD,B,4.1,256,https://txschools.net/campus/mark-twain-school-for-the-talented-and-gifted-057905220
7015,7358,21,157901041,Mason JH,Mason ISD,A,4.1,213,https://txschools.net/campus/mason-jh-157901041
7015,7358,21,043905117,Pink Elem,Frisco ISD,A,4.1,570,https://txschools.net/campus/pink-elem-043905117
7015,7358,21,101914134,Ray and Jamie Wolman Elem,Katy ISD,A,4.1,1065,https://txschools.net/campus/ray-and-jamie-wolman-elem-101914134
7015,7358,21,074917101,Sam Rayburn Elem,Sam Rayburn ISD,B,4.1,260,https://txschools.net/campus/sam-rayburn-elem-074917101
7015,7358,21,046902114,Timberwood Park Elem,Comal ISD,A,4.1,689,https://txschools.net/campus/timberwood-park-elem-046902114
7015,7358,21,101912249,Travis Elem,Houston ISD,A,4.1,780,https://txschools.net/campus/travis-elem-101912249
7015,7358,21,188901141,Windsor Elem,Amarillo ISD,B,4.1,444,https://txschools.net/campus/windsor-elem-188901141
7037,7358,11,101912322,Carnegie Vanguard HS,Houston ISD,A,4,874,https://txschools.net/campus/carnegie-vanguard-hs-101912322
7037,7358,11,043914106,Cheri Cox Elem,Wylie ISD,A,4,669,https://txschools.net/campus/cheri-cox-elem-043914106
7037,7358,11,220906042,Colleyville MS,Grapevine-Colleyville ISD,A,4,621,https://txschools.net/campus/colleyville-ms-220906042
7037,7358,11,184907009,Don R Daniel Ninth Grade Campus,Aledo ISD,A,4,674,https://txschools.net/campus/don-r-daniel-ninth-grade-campus-184907009
7037,7358,11,120902101,Ganado Elem,Ganado ISD,B,4,332,https://txschools.net/campus/ganado-elem-120902101
7037,7358,11,101907143,Keith Elem,Cypress-Fairbanks ISD,A,4,1020,https://txschools.net/campus/keith-elem-101907143
7037,7358,11,101912025,Kinder HS for Performing and Visual Arts,Houston ISD,A,4,798,https://txschools.net/campus/kinder-hs-for-performing-and-visual-arts-101912025
7037,7358,11,101912057,Lanier MS,Houston ISD,A,4,1484,https://txschools.net/campus/lanier-ms-101912057
7037,7358,11,169911101,Saint Jo Elem,Saint Jo ISD,D,4,169,https://txschools.net/campus/saint-jo-elem-169911101
7037,7358,11,226906101,Wall Elem,Wall ISD,B,4,477,https://txschools.net/campus/wall-elem-226906101
7037,7358,11,092908103,White Oak Int,White Oak ISD,B,4,287,https://txschools.net/campus/white-oak-int-092908103
7037,7358,11,220907110,Willis Lane Elem,Keller ISD,A,4,527,https://txschools.net/campus/willis-lane-elem-220907110
7049,7358,15,180903001,Adrian School,Adrian ISD,A,3.9,136,https://txschools.net/campus/adrian-school-180903001
7049,7358,15,015901041,Alamo Heights JH,Alamo Heights ISD,B,3.9,1100,https://txschools.net/campus/alamo-heights-jh-015901041
7049,7358,15,227901195,Bear Creek Elem,Austin ISD,A,3.9,522,https://txschools.net/campus/bear-creek-elem-227901195
7049,7358,15,227909102,Cedar Creek Elem,Eanes ISD,B,3.9,521,https://txschools.net/campus/cedar-creek-elem-227909102
7049,7358,15,061901126,Dorothy P Adkins Elem,Denton ISD,B,3.9,413,https://txschools.net/campus/dorothy-p-adkins-elem-061901126
7049,7358,15,021901110,Greens Prairie Elem,College Station ISD,A,3.9,506,https://txschools.net/campus/greens-prairie-elem-021901110
7049,7358,15,084910123,Henry Bauerschlag Elem,Clear Creek ISD,B,3.9,714,https://txschools.net/campus/henry-bauerschlag-elem-084910123
7049,7358,15,220907120,Liberty Elem,Keller ISD,A,3.9,367,https://txschools.net/campus/liberty-elem-220907120
7049,7358,15,240901111,Pierce Elem,Laredo ISD,A,3.9,625,https://txschools.net/campus/pierce-elem-240901111
7049,7358,15,020901118,Pomona Elem,Alvin ISD,A,3.9,706,https://txschools.net/campus/pomona-elem-020901118
7049,7358,15,061911109,Samuel Beck Elem,Northwest ISD,A,3.9,609,https://txschools.net/campus/samuel-beck-elem-061911109
7049,7358,15,220916107,Shady Oaks Elem,Hurst-Euless-Bedford ISD,B,3.9,563,https://txschools.net/campus/shady-oaks-elem-220916107
7049,7358,15,170902131,Snyder Elem,Conroe ISD,B,3.9,794,https://txschools.net/campus/snyder-elem-170902131
7049,7358,15,101907158,Wells Elem,Cypress-Fairbanks ISD,A,3.9,1142,https://txschools.net/campus/wells-elem-101907158
7049,7358,15,101921114,Wildwood Elem,Tomball ISD,A,3.9,822,https://txschools.net/campus/wildwood-elem-101921114
7049,7358,15,043919041,Willow Springs MS,Lovejoy ISD,A,3.9,694,https://txschools.net/campus/willow-springs-ms-043919041
7065,7358,18,061902133,Bluebonnet Elem,Lewisville ISD,A,3.8,620,https://txschools.net/campus/bluebonnet-elem-061902133
7065,7358,18,015901101,Cambridge Elem,Alamo Heights ISD,B,3.8,785,https://txschools.net/campus/cambridge-elem-015901101
7065,7358,18,174908041,Central Heights MS,Central Heights ISD,A,3.8,281,https://txschools.net/campus/central-heights-ms-174908041
7065,7358,18,108909123,Cesar Chavez Elem,Pharr-San Juan-Alamo ISD,A,3.8,408,https://txschools.net/campus/cesar-chavez-elem-108909123
7065,7358,18,020901048,Dr Ronald E McNair JH,Alvin ISD,A,3.8,1015,https://txschools.net/campus/dr-ronald-e-mcnair-jh-020901048
7065,7358,18,130901102,Fabra Elem,Boerne ISD,B,3.8,689,https://txschools.net/campus/fabra-elem-130901102
7065,7358,18,061902128,Forest Vista Elem,Lewisville ISD,A,3.8,718,https://txschools.net/campus/forest-vista-elem-061902128
7065,7358,18,161924101,Hallsburg School,Hallsburg ISD,F,3.8,106,https://txschools.net/campus/hallsburg-school-161924101
7065,7358,18,046902008,Hill Country College Prep HS,Comal ISD,A,3.8,264,https://txschools.net/campus/hill-country-college-prep-hs-046902008
7065,7358,18,061902132,Homestead Elem,Lewisville ISD,B,3.8,535,https://txschools.net/campus/homestead-elem-061902132
7065,7358,18,108905102,JC Kelly Elem,Hidalgo ISD,A,3.8,271,https://txschools.net/campus/jc-kelly-elem-108905102
7065,7358,18,247903103,La Vernia Pri,La Vernia ISD,B,3.8,802,https://txschools.net/campus/la-vernia-pri-247903103
7065,7358,18,084910045,League City Int,Clear Creek ISD,A,3.8,1016,https://txschools.net/campus/league-city-int-084910045
7065,7358,18,057909139,Luna Elem,Garland ISD,A,3.8,536,https://txschools.net/campus/luna-elem-057909139
7065,7358,18,247904101,Poth Elem,Poth ISD,B,3.8,440,https://txschools.net/campus/poth-elem-247904101
7065,7358,18,061914109,Prestwick Elem,Little Elm ISD,A,3.8,430,https://txschools.net/campus/prestwick-elem-061914109
7065,7358,18,019911101,Red Lick Elem,Red Lick ISD,B,3.8,285,https://txschools.net/campus/red-lick-elem-019911101
7065,7358,18,220902115,W A Porter Elem,Birdville ISD,B,3.8,528,https://txschools.net/campus/w-a-porter-elem-220902115
7065,7358,18,043914110,Wally Watkins Elem,Wylie ISD,A,3.8,868,https://txschools.net/campus/wally-watkins-elem-043914110
7084,7358,12,057922111,Denton Creek Elem,Coppell ISD,B,3.7,604,https://txschools.net/campus/denton-creek-elem-057922111
7084,7358,12,068901116,El Magnet at Milam Elem,Ector County ISD,C,3.7,604,https://txschools.net/campus/el-magnet-at-milam-elem-068901116
7084,7358,12,015915006,Health Careers HS,Northside ISD,A,3.7,869,https://txschools.net/campus/health-careers-hs-015915006
7084,7358,12,101914140,Jenks Elem,Katy ISD,A,3.7,1220,https://txschools.net/campus/jenks-elem-101914140
7084,7358,12,101903006,Kerr HS,Alief ISD,A,3.7,810,https://txschools.net/campus/kerr-hs-101903006
7084,7358,12,061911106,Lakeview Elem,Northwest ISD,A,3.7,456,https://txschools.net/campus/lakeview-elem-061911106
7084,7358,12,101907156,Pope Elem,Cypress-Fairbanks ISD,A,3.7,998,https://txschools.net/campus/pope-elem-101907156
7084,7358,12,214903105,RT Barrera Elem,Roma ISD,A,3.7,410,https://txschools.net/campus/rt-barrera-elem-214903105
7084,7358,12,057914121,Shaw Elem,Mesquite ISD,C,3.7,485,https://txschools.net/campus/shaw-elem-057914121
7084,7358,12,043919042,Sloan Creek Int,Lovejoy ISD,A,3.7,558,https://txschools.net/campus/sloan-creek-int-043919042
7084,7358,12,057919041,Sunnyvale MS,Sunnyvale ISD,A,3.7,568,https://txschools.net/campus/sunnyvale-ms-057919041
7084,7358,12,101912039,T H Rogers School,Houston ISD,A,3.7,1108,https://txschools.net/campus/t-h-rogers-school-101912039
7084,7358,12,184907101,Vandagriff Elem,Aledo ISD,A,3.7,622,https://txschools.net/campus/vandagriff-elem-184907101
7097,7358,15,061910042,Argyle 6th Grade Center,Argyle ISD,B,3.6,565,https://txschools.net/campus/argyle-6th-grade-center-061910042
7097,7358,15,227901103,Barton Hills Elem,Austin ISD,A,3.6,271,https://txschools.net/campus/barton-hills-elem-227901103
7097,7358,15,246909125,Canyon Creek Elem,Round Rock ISD,A,3.6,356,https://txschools.net/campus/canyon-creek-elem-246909125
7097,7358,15,101912130,Condit Elem,Houston ISD,B,3.6,724,https://txschools.net/campus/condit-elem-101912130
7097,7358,15,142901104,Encinal Elem,Cotulla ISD,D,3.6,71,https://txschools.net/campus/encinal-elem-142901104
7097,7358,15,001904102,Frankston Elem,Frankston ISD,B,3.6,372,https://txschools.net/campus/frankston-elem-001904102
7097,7358,15,219901101,Happy Elem,Happy ISD,B,3.6,121,https://txschools.net/campus/happy-elem-219901101
7097,7358,15,046902112,Hoffmann Lane Elem,Comal ISD,A,3.6,712,https://txschools.net/campus/hoffmann-lane-elem-046902112
7097,7358,15,243901103,John G Tower Elem,Burkburnett ISD,B,3.6,453,https://txschools.net/campus/john-g-tower-elem-243901103
7097,7358,15,057922107,Lakeside Elem,Coppell ISD,A,3.6,365,https://txschools.net/campus/lakeside-elem-057922107
7097,7358,15,101920109,Memorial Drive Elem,Spring Branch ISD,A,3.6,412,https://txschools.net/campus/memorial-drive-elem-101920109
7097,7358,15,227901181,Mills Elem,Austin ISD,A,3.6,701,https://txschools.net/campus/mills-elem-227901181
7097,7358,15,244905001,Northside School,Northside ISD,B,3.6,246,https://txschools.net/campus/northside-school-244905001
7097,7358,15,108908114,Raquel Cavazos Elem,Mission CISD,A,3.6,497,https://txschools.net/campus/raquel-cavazos-elem-108908114
7097,7358,15,101907138,Sampson Elem,Cypress-Fairbanks ISD,A,3.6,929,https://txschools.net/campus/sampson-elem-101907138
7097,7358,15,043905123,Taylor Elem,Frisco ISD,A,3.6,630,https://txschools.net/campus/taylor-elem-043905123
7113,7358,15,101914050,Beckendorff JH,Katy ISD,A,3.5,1615,https://txschools.net/campus/beckendorff-jh-101914050
7113,7358,15,079907128,Colony Meadows Elem,Fort Bend ISD,A,3.5,632,https://txschools.net/campus/colony-meadows-elem-079907128
7113,7358,15,057922043,Coppell MS West,Coppell ISD,A,3.5,1281,https://txschools.net/campus/coppell-ms-west-057922043
7113,7358,15,043914046,Dr Al Draper Intermed,Wylie ISD,A,3.5,913,https://txschools.net/campus/dr-al-draper-intermed-043914046
7113,7358,15,214903106,Emma Vera Elem,Roma ISD,A,3.5,473,https://txschools.net/campus/emma-vera-elem-214903106
7113,7358,15,220919043,George Dawson MS,Carroll ISD,A,3.5,577,https://txschools.net/campus/george-dawson-ms-220919043
7113,7358,15,220906043,Heritage MS,Grapevine-Colleyville ISD,A,3.5,684,https://txschools.net/campus/heritage-ms-220906043
7113,7358,15,014905101,Holland Elem,Holland ISD,B,3.5,326,https://txschools.net/campus/holland-elem-014905101
7113,7358,15,101914115,Jeanette Hayes Elem,Katy ISD,A,3.5,498,https://txschools.net/campus/jeanette-hayes-elem-101914115
7113,7358,15,170903105,Lone Star Elem,Montgomery ISD,B,3.5,658,https://txschools.net/campus/lone-star-elem-170903105
7113,7358,15,162904001,McMullen County School,McMullen County ISD,A,3.5,286,https://txschools.net/campus/mcmullen-county-school-162904001
7113,7358,15,057922105,Mockingbird Elem,Coppell ISD,A,3.5,435,https://txschools.net/campus/mockingbird-elem-057922105
7113,7358,15,043905134,Nichols Elem,Frisco ISD,A,3.5,564,https://txschools.net/campus/nichols-elem-043905134
7113,7358,15,105904103,Rooster Springs Elem,Dripping Springs ISD,A,3.5,757,https://txschools.net/campus/rooster-springs-elem-105904103
7113,7358,15,110908001,Whitharral School,Whitharral ISD,A,3.5,223,https://txschools.net/campus/whitharral-school-110908001
7113,7358,15,015907023,Young Women's Leadership Academy,San Antonio ISD,A,3.5,532,https://txschools.net/campus/young-women-s-leadership-academy-015907023
7129,7358,16,158902101,Blessing Elem,Tidehaven ISD,A,3.4,260,https://txschools.net/campus/blessing-elem-158902101
7129,7358,16,227901110,Bryker Woods Elem,Austin ISD,B,3.4,273,https://txschools.net/campus/bryker-woods-elem-227901110
7129,7358,16,220919102,Carroll Elem,Carroll ISD,A,3.4,564,https://txschools.net/campus/carroll-elem-220919102
7129,7358,16,108905103,Dr Alejo Salinas Jr Elem,Hidalgo ISD,B,3.4,319,https://txschools.net/campus/dr-alejo-salinas-jr-elem-108905103
7129,7358,16,061905101,Dyer Elem,Krum ISD,C,3.4,342,https://txschools.net/campus/dyer-elem-061905101
7129,7358,16,241902041,East Bernard JH,East Bernard ISD,B,3.4,303,https://txschools.net/campus/east-bernard-jh-241902041
7129,7358,16,126904102,Grandview Elem,Grandview ISD,C,3.4,669,https://txschools.net/campus/grandview-elem-126904102
7129,7358,16,120905101,Industrial Elem West,Industrial ISD,B,3.4,284,https://txschools.net/campus/industrial-elem-west-120905101
7129,7358,16,166903041,Milano JH,Milano ISD,B,3.4,76,https://txschools.net/campus/milano-jh-166903041
7129,7358,16,108909045,R Yzaguirre MS,Pharr-San Juan-Alamo ISD,B,3.4,735,https://txschools.net/campus/r-yzaguirre-ms-108909045
7129,7358,16,015906001,Randolph HS,Randolph Field ISD,A,3.4,440,https://txschools.net/campus/randolph-hs-015906001
7129,7358,16,015906041,Randolph MS,Randolph Field ISD,A,3.4,337,https://txschools.net/campus/randolph-ms-015906041
7129,7358,16,137904101,Santa Gertrudis School,Santa Gertrudis ISD,A,3.4,427,https://txschools.net/campus/santa-gertrudis-school-137904101
7129,7358,16,020908109,Silverlake Elem,Pearland ISD,A,3.4,685,https://txschools.net/campus/silverlake-elem-020908109
7129,7358,16,079907160,Sonal S Bhuchar Elem,Fort Bend ISD,A,3.4,655,https://txschools.net/campus/sonal-s-bhuchar-elem-079907160
7129,7358,16,061902129,STEM Academy at Bridlewood Elem,Lewisville ISD,A,3.4,558,https://txschools.net/campus/stem-academy-at-bridlewood-elem-061902129
7129,7358,16,211901101,Texhoma Elem,Texhoma ISD,A,3.4,96,https://txschools.net/campus/texhoma-elem-211901101
7146,7358,17,061902049,Briarhill MS,Lewisville ISD,A,3.3,827,https://txschools.net/campus/briarhill-ms-061902049
7146,7358,17,057922113,Canyon Ranch Elem,Coppell ISD,A,3.3,673,https://txschools.net/campus/canyon-ranch-elem-057922113
7146,7358,17,105904105,Cypress Springs Elem,Dripping Springs ISD,B,3.3,722,https://txschools.net/campus/cypress-springs-elem-105904105
7146,7358,17,178905041,Driscoll Elem & MS,Driscoll ISD,B,3.3,278,https://txschools.net/campus/driscoll-elem-ms-178905041
7146,7358,17,227909101,Eanes Elem,Eanes ISD,A,3.3,510,https://txschools.net/campus/eanes-elem-227909101
7146,7358,17,101914137,Fred and Patti Shafer Elem,Katy ISD,A,3.3,828,https://txschools.net/campus/fred-and-patti-shafer-elem-101914137
7146,7358,17,170902120,Galatas Elem,Conroe ISD,A,3.3,670,https://txschools.net/campus/galatas-elem-170902120
7146,7358,17,220908105,J L Boren Elem,Mansfield ISD,B,3.3,607,https://txschools.net/campus/j-l-boren-elem-220908105
7146,7358,17,101914139,James E Randolph Elem,Katy ISD,A,3.3,864,https://txschools.net/campus/james-e-randolph-elem-101914139
7146,7358,17,061910105,Jane Ruestmann Elem,Argyle ISD,A,3.3,842,https://txschools.net/campus/jane-ruestmann-elem-061910105
7146,7358,17,101914138,Keiko Davidson Elem,Katy ISD,A,3.3,799,https://txschools.net/campus/keiko-davidson-elem-101914138
7146,7358,17,043901115,Mary Evans Elem,Allen ISD,A,3.3,560,https://txschools.net/campus/mary-evans-elem-043901115
7146,7358,17,101912308,North Houston Early College HS,Houston ISD,A,3.3,486,https://txschools.net/campus/north-houston-early-college-hs-101912308
7146,7358,17,220919104,Robert H Rockenbaugh Elem,Carroll ISD,A,3.3,460,https://txschools.net/campus/robert-h-rockenbaugh-elem-220919104
7146,7358,17,182904101,Santo Elem,Santo ISD,B,3.3,273,https://txschools.net/campus/santo-elem-182904101
7146,7358,17,226906001,Wall HS,Wall ISD,A,3.3,364,https://txschools.net/campus/wall-hs-226906001
7146,7358,17,184907105,Walsh Elem,Aledo ISD,B,3.3,625,https://txschools.net/campus/walsh-elem-184907105
7146,7358,17,101912256,Wharton K-8 Dual Language Academy,Houston ISD,A,3.3,733,https://txschools.net/campus/wharton-k-8-dual-language-academy-101912256
7164,7358,12,079907162,Alyssa Ferguson Elem,Fort Bend ISD,A,3.2,746,https://txschools.net/campus/alyssa-ferguson-elem-079907162
7164,7358,12,079907147,Cornerstone Elem,Fort Bend ISD,A,3.2,701,https://txschools.net/campus/cornerstone-elem-079907147
7164,7358,12,101912169,Harvard Elem,Houston ISD,A,3.2,663,https://txschools.net/campus/harvard-elem-101912169
7164,7358,12,109904041,Hillsboro JH,Hillsboro ISD,A,3.2,301,https://txschools.net/campus/hillsboro-jh-109904041
7164,7358,12,184907108,McKinney Elem,Aledo ISD,A,3.2,580,https://txschools.net/campus/mckinney-elem-184907108
7164,7358,12,101920042,Memorial MS,Spring Branch ISD,A,3.2,1341,https://txschools.net/campus/memorial-ms-101920042
7164,7358,12,057911106,Michael M Boone Elem,Highland Park ISD,A,3.2,460,https://txschools.net/campus/michael-m-boone-elem-057911106
7164,7358,12,015906101,Randolph Elem,Randolph Field ISD,A,3.2,625,https://txschools.net/campus/randolph-elem-015906101
7164,7358,12,043919104,Robert L Puster Elem,Lovejoy ISD,A,3.2,506,https://txschools.net/campus/robert-l-puster-elem-043919104
7164,7358,12,020908111,Rogers MS,Pearland ISD,A,3.2,747,https://txschools.net/campus/rogers-ms-020908111
7164,7358,12,243905123,Sheppard AFB Elem,Wichita Falls ISD,A,3.2,296,https://txschools.net/campus/sheppard-afb-elem-243905123
7164,7358,12,220908009,TCCSE Early College HS at Timberview,Mansfield ISD,A,3.2,304,https://txschools.net/campus/tccse-early-college-hs-at-timberview-220908009
7164,7358,12,005904101,Windthorst Elem,Windthorst ISD,A,3.2,234,https://txschools.net/campus/windthorst-elem-005904101
7177,7358,8,135001001,Guthrie School,Guthrie CSD,A,3.1,99,https://txschools.net/campus/guthrie-school-135001001
7177,7358,8,057911103,Hyer Elem,Highland Park ISD,A,3.1,479,https://txschools.net/campus/hyer-elem-057911103
7177,7358,8,220919101,Jack D Johnson Elem,Carroll ISD,A,3.1,606,https://txschools.net/campus/jack-d-johnson-elem-220919101
7177,7358,8,068901015,Odessa Collegiate Academy Early College HS,Ector County ISD,A,3.1,482,https://txschools.net/campus/odessa-collegiate-academy-early-college-hs-068901015
7177,7358,8,101907155,Rennell Elem,Cypress-Fairbanks ISD,A,3.1,1203,https://txschools.net/campus/rennell-elem-101907155
7177,7358,8,015909006,Shirleen Zacharias Early Clge Leadership Academy,Somerset ISD,A,3.1,140,https://txschools.net/campus/shirleen-zacharias-early-clge-leadership-academy-015909006
7177,7358,8,184907103,Stuard Elem,Aledo ISD,A,3.1,525,https://txschools.net/campus/stuard-elem-184907103
7177,7358,8,101914054,Tays JH,Katy ISD,A,3.1,1467,https://txschools.net/campus/tays-jh-101914054
7177,7358,8,180902101,Vega Elem,Vega ISD,C,3.1,121,https://txschools.net/campus/vega-elem-180902101
7186,7358,11,243903101,Bradford Elem,Iowa Park CISD,B,3,445,https://txschools.net/campus/bradford-elem-243903101
7186,7358,11,084911102,C W Cline Elem,Friendswood ISD,A,3,902,https://txschools.net/campus/c-w-cline-elem-084911102
7186,7358,11,043910141,Centennial Elem,Plano ISD,A,3,438,https://txschools.net/campus/centennial-elem-043910141
7186,7358,11,020908106,Challenger Elem,Pearland ISD,A,3,613,https://txschools.net/campus/challenger-elem-020908106
7186,7358,11,130901105,Cibolo Creek Elem,Boerne ISD,A,3,441,https://txschools.net/campus/cibolo-creek-elem-130901105
7186,7358,11,043905107,Fisher Elem,Frisco ISD,A,3,613,https://txschools.net/campus/fisher-elem-043905107
7186,7358,11,240903117,Kazen Elem,United ISD,A,3,351,https://txschools.net/campus/kazen-elem-240903117
7186,7358,11,113903002,Lovelady JH HS,Lovelady ISD,A,3,256,https://txschools.net/campus/lovelady-jh-hs-113903002
7186,7358,11,057903118,Rosemeade Elem,Carrollton-Farmers Branch ISD,B,3,384,https://txschools.net/campus/rosemeade-elem-057903118
7186,7358,11,101914053,Seven Lakes JH,Katy ISD,A,3,1520,https://txschools.net/campus/seven-lakes-jh-101914053
7186,7358,11,143903101,Shiner Elem,Shiner ISD,B,3,385,https://txschools.net/campus/shiner-elem-143903101
7186,7358,11,057905224,Walnut Hill International Leadership Academy,Dallas ISD,A,3,574,https://txschools.net/campus/walnut-hill-international-leadership-academy-057905224
7198,7358,11,043905118,Bledsoe Elem,Frisco ISD,A,2.9,606,https://txschools.net/campus/bledsoe-elem-043905118
7198,7358,11,109913001,Blum ISD,Blum ISD,A,2.9,335,https://txschools.net/campus/blum-isd-109913001
7198,7358,11,068901105,Cameron Dual Language Magnet,Ector County ISD,C,2.9,625,https://txschools.net/campus/cameron-dual-language-magnet-068901105
7198,7358,11,101914143,Campbell Elem,Katy ISD,A,2.9,1136,https://txschools.net/campus/campbell-elem-101914143
7198,7358,11,184907102,Coder Elem,Aledo ISD,A,2.9,556,https://txschools.net/campus/coder-elem-184907102
7198,7358,11,220906102,Colleyville Elem,Grapevine-Colleyville ISD,A,2.9,376,https://txschools.net/campus/colleyville-elem-220906102
7198,7358,11,220901137,Corey Fine Arts / Dual Language Academy,Arlington ISD,A,2.9,496,https://txschools.net/campus/corey-fine-arts-dual-language-academy-220901137
7198,7358,11,146903101,Devers Elem,Devers ISD,A,2.9,148,https://txschools.net/campus/devers-elem-146903101
7198,7358,11,101912301,Eastwood Academy,Houston ISD,A,2.9,396,https://txschools.net/campus/eastwood-academy-101912301
7198,7358,11,118902001,Irion HS,Irion County ISD,A,2.9,125,https://txschools.net/campus/irion-hs-118902001
7198,7358,11,049907001,Lindsay HS,Lindsay ISD,B,2.9,237,https://txschools.net/campus/lindsay-hs-049907001
7198,7358,11,057919201,Sunnyvale Int,Sunnyvale ISD,A,2.9,498,https://txschools.net/campus/sunnyvale-int-057919201
7210,7358,18,036901101,Anahuac Elem,Anahuac ISD,C,2.8,338,https://txschools.net/campus/anahuac-elem-036901101
7210,7358,18,079907152,Anne McCormick Sullivan Elem,Fort Bend ISD,A,2.8,1029,https://txschools.net/campus/anne-mccormick-sullivan-elem-079907152
7210,7358,18,043910136,Beverly Elem,Plano ISD,A,2.8,332,https://txschools.net/campus/beverly-elem-043910136
7210,7358,18,221911102,Buffalo Gap Elem,Jim Ned CISD,A,2.8,201,https://txschools.net/campus/buffalo-gap-elem-221911102
7210,7358,18,130901103,Fair Oaks Ranch Elem,Boerne ISD,A,2.8,786,https://txschools.net/campus/fair-oaks-ranch-elem-130901103
7210,7358,18,101912152,Field Elem,Houston ISD,A,2.8,559,https://txschools.net/campus/field-elem-101912152
7210,7358,18,015916009,Judson Early College Academy,Judson ISD,A,2.8,472,https://txschools.net/campus/judson-early-college-academy-015916009
7210,7358,18,169908101,Montague Elem,Montague ISD,A,2.8,170,https://txschools.net/campus/montague-elem-169908101
7210,7358,18,057914107,Motley Elem,Mesquite ISD,B,2.8,233,https://txschools.net/campus/motley-elem-057914107
7210,7358,18,220919107,Old Union Elem,Carroll ISD,A,2.8,455,https://txschools.net/campus/old-union-elem-220919107
7210,7358,18,131001103,Sarita Elem,Kenedy County Wide CSD,B,2.8,123,https://txschools.net/campus/sarita-elem-131001103
7210,7358,18,061902058,Shadow Ridge MS,Lewisville ISD,A,2.8,645,https://txschools.net/campus/shadow-ridge-ms-061902058
7210,7358,18,020901117,Shirley Dill Brothers Elem,Alvin ISD,A,2.8,627,https://txschools.net/campus/shirley-dill-brothers-elem-020901117
7210,7358,18,057911104,University Park Elem,Highland Park ISD,A,2.8,470,https://txschools.net/campus/university-park-elem-057911104
7210,7358,18,220916125,Viridian Elem,Hurst-Euless-Bedford ISD,A,2.8,891,https://txschools.net/campus/viridian-elem-220916125
7210,7358,18,061902130,Wellington Elem,Lewisville ISD,A,2.8,716,https://txschools.net/campus/wellington-elem-061902130
7210,7358,18,073904101,Westphalia Elem,Westphalia ISD,A,2.8,148,https://txschools.net/campus/westphalia-elem-073904101
7210,7358,18,005904041,Windthorst JH,Windthorst ISD,B,2.8,111,https://txschools.net/campus/windthorst-jh-005904041
7210,7358,18,101914129,Woodcreek Elem,Katy ISD,A,2.8,1203,https://txschools.net/campus/woodcreek-elem-101914129
7229,7358,9,220901011,Arlington Collegiate HS,Arlington ISD,A,2.7,380,https://txschools.net/campus/arlington-collegiate-hs-220901011
7229,7358,9,199901112,Celia Hays Elem,Rockwall ISD,A,2.7,540,https://txschools.net/campus/celia-hays-elem-199901112
7229,7358,9,101912323,Challenge Early College HS,Houston ISD,A,2.7,485,https://txschools.net/campus/challenge-early-college-hs-101912323
7229,7358,9,079907135,Commonwealth Elem,Fort Bend ISD,A,2.7,675,https://txschools.net/campus/commonwealth-elem-079907135
7229,7358,9,170902136,Hines Elem,Conroe ISD,A,2.7,896,https://txschools.net/campus/hines-elem-170902136
7229,7358,9,220908008,Mansfield Frontier STEM Academy,Mansfield ISD,A,2.7,351,https://txschools.net/campus/mansfield-frontier-stem-academy-220908008
7229,7358,9,101912228,River Oaks Elem,Houston ISD,A,2.7,732,https://txschools.net/campus/river-oaks-elem-101912228
7229,7358,9,199901116,Sherry and Paul Hamm Elem,Rockwall ISD,A,2.7,621,https://txschools.net/campus/sherry-and-paul-hamm-elem-199901116
7229,7358,9,161903105,South Bosque Elem,Midway ISD,A,2.7,532,https://txschools.net/campus/south-bosque-elem-161903105
7229,7358,9,101907153,Swenke Elem,Cypress-Fairbanks ISD,A,2.7,867,https://txschools.net/campus/swenke-elem-101907153
7239,7358,15,101914056,Adams JH,Katy ISD,A,2.6,2015,https://txschools.net/campus/adams-jh-101914056
7239,7358,15,220916119,Bedford Heights Elem,Hurst-Euless-Bedford ISD,A,2.6,635,https://txschools.net/campus/bedford-heights-elem-220916119
7239,7358,15,091901101,Bells Elem,Bells ISD,B,2.6,459,https://txschools.net/campus/bells-elem-091901101
7239,7358,15,057916122,Bowie Elem,Richardson ISD,A,2.6,655,https://txschools.net/campus/bowie-elem-057916122
7239,7358,15,057916102,Canyon Creek Elem,Richardson ISD,A,2.6,401,https://txschools.net/campus/canyon-creek-elem-057916102
7239,7358,15,057904043,Cedar Hill Collegiate Academy,Cedar Hill ISD,B,2.6,338,https://txschools.net/campus/cedar-hill-collegiate-academy-057904043
7239,7358,15,103901001,Channing School,Channing ISD,B,2.6,118,https://txschools.net/campus/channing-school-103901001
7239,7358,15,220912116,Crowley Montessori Academy,Crowley ISD,D,2.6,361,https://txschools.net/campus/crowley-montessori-academy-220912116
7239,7358,15,101912026,Debakey HS for Health Prof,Houston ISD,A,2.6,931,https://txschools.net/campus/debakey-hs-for-health-prof-101912026
7239,7358,15,057905135,Everette Lee Degolyer Elem,Dallas ISD,B,2.6,455,https://txschools.net/campus/everette-lee-degolyer-elem-057905135
7239,7358,15,092903117,Hudson Elem,Longview ISD,A,2.6,430,https://txschools.net/campus/hudson-elem-092903117
7239,7358,15,046902122,Kinder Ranch Elem,Comal ISD,B,2.6,663,https://txschools.net/campus/kinder-ranch-elem-046902122
7239,7358,15,157901001,Mason HS,Mason ISD,A,2.6,194,https://txschools.net/campus/mason-hs-157901001
7239,7358,15,043905057,Nelson MS,Frisco ISD,A,2.6,1044,https://txschools.net/campus/nelson-ms-043905057
7239,7358,15,182906101,Palo Pinto Elem,Palo Pinto ISD,A,2.6,92,https://txschools.net/campus/palo-pinto-elem-182906101
7239,7358,15,110907001,Sundown HS,Sundown ISD,A,2.6,188,https://txschools.net/campus/sundown-hs-110907001
7255,7358,6,071905138,Alicia R Chacon International,Ysleta ISD,A,2.5,868,https://txschools.net/campus/alicia-r-chacon-international-071905138
7255,7358,6,061910103,Argyle West,Argyle ISD,A,2.5,841,https://txschools.net/campus/argyle-west-061910103
7255,7358,6,057905134,George B Dealey Montessori Academy,Dallas ISD,A,2.5,652,https://txschools.net/campus/george-b-dealey-montessori-academy-057905134
7255,7358,6,108905104,Hidalgo Park Elem,Hidalgo ISD,A,2.5,216,https://txschools.net/campus/hidalgo-park-elem-108905104
7255,7358,6,049902101,Muenster Elem,Muenster ISD,B,2.5,287,https://txschools.net/campus/muenster-elem-049902101
7255,7358,6,101914133,Tom Wilson Elem,Katy ISD,A,2.5,962,https://txschools.net/campus/tom-wilson-elem-101914133
7255,7358,6,070912114,Wilemon STEAM Academy,Waxahachie ISD,B,2.5,634,https://txschools.net/campus/wilemon-steam-academy-070912114
7262,7358,4,068901118,El Magnet at Reagan Elem,Ector County ISD,A,2.4,669,https://txschools.net/campus/el-magnet-at-reagan-elem-068901118
7262,7358,4,090905101,Grandview-Hopkins Elem,Grandview-Hopkins ISD,C,2.4,44,https://txschools.net/campus/grandview-hopkins-elem-090905101
7262,7358,4,220906107,Heritage Elem,Grapevine-Colleyville ISD,A,2.4,592,https://txschools.net/campus/heritage-elem-220906107
7262,7358,4,101914124,Joella Exley Elem,Katy ISD,A,2.4,817,https://txschools.net/campus/joella-exley-elem-101914124
7262,7358,4,057905171,Lakewood Elem,Dallas ISD,A,2.4,1075,https://txschools.net/campus/lakewood-elem-057905171
7267,7358,7,212905110,Caldwell Arts Academy,Tyler ISD,A,2.3,627,https://txschools.net/campus/caldwell-arts-academy-212905110
7267,7358,7,068901112,El Magnet at Hays,Ector County ISD,B,2.3,465,https://txschools.net/campus/el-magnet-at-hays-068901112
7267,7358,7,079907051,Fort Settlement MS,Fort Bend ISD,A,2.3,1472,https://txschools.net/campus/fort-settlement-ms-079907051
7267,7358,7,220906111,Glenhope Elem,Grapevine-Colleyville ISD,A,2.3,540,https://txschools.net/campus/glenhope-elem-220906111
7267,7358,7,061902122,Heritage Elem,Lewisville ISD,B,2.3,639,https://txschools.net/campus/heritage-elem-061902122
7267,7358,7,043905058,Lawler MS,Frisco ISD,A,2.3,927,https://txschools.net/campus/lawler-ms-043905058
7267,7358,7,035903001,Nazareth School,Nazareth ISD,A,2.3,239,https://txschools.net/campus/nazareth-school-035903001
7267,7358,7,044902101,Wellington Elem,Wellington ISD,B,2.3,229,https://txschools.net/campus/wellington-elem-044902101
7275,7358,5,227909105,Barton Creek Elem,Eanes ISD,A,2.2,677,https://txschools.net/campus/barton-creek-elem-227909105
7275,7358,5,049907101,Lindsay Elem,Lindsay ISD,B,2.2,267,https://txschools.net/campus/lindsay-elem-049907101
7275,7358,5,061902053,McKamy MS,Lewisville ISD,A,2.2,734,https://txschools.net/campus/mckamy-ms-061902053
7275,7358,5,101914132,Stanley C Stanley Elem,Katy ISD,A,2.2,761,https://txschools.net/campus/stanley-c-stanley-elem-101914132
7275,7358,5,061902055,STEM Academy at Clayton Downing MS,Lewisville ISD,A,2.2,606,https://txschools.net/campus/stem-academy-at-clayton-downing-ms-061902055
7275,7358,5,061902048,STEM Academy at Forestwood MS,Lewisville ISD,A,2.2,899,https://txschools.net/campus/stem-academy-at-forestwood-ms-061902048
7281,7358,4,057916101,Arapaho Classical Magnet,Richardson ISD,B,2.1,600,https://txschools.net/campus/arapaho-classical-magnet-057916101
7281,7358,4,212905103,Birdwell School,Tyler ISD,A,2.1,614,https://txschools.net/campus/birdwell-school-212905103
7281,7358,4,220906109,Grapevine Elem,Grapevine-Colleyville ISD,B,2.1,531,https://txschools.net/campus/grapevine-elem-220906109
7281,7358,4,101914122,Odessa Kilpatrick Elem,Katy ISD,A,2.1,931,https://txschools.net/campus/odessa-kilpatrick-elem-101914122
7281,7358,4,061902117,STEM Academy at Donald Elem,Lewisville ISD,B,2.1,604,https://txschools.net/campus/stem-academy-at-donald-elem-061902117
7286,7358,5,101921112,Creekside Forest Elem,Tomball ISD,A,2,631,https://txschools.net/campus/creekside-forest-elem-101921112
7286,7358,5,118902101,Irion Elem,Irion County ISD,B,2,182,https://txschools.net/campus/irion-elem-118902101
7286,7358,5,101912460,Mandarin Immersion Magnet School,Houston ISD,A,2,840,https://txschools.net/campus/mandarin-immersion-magnet-school-101912460
7286,7358,5,049909101,Sivells Bend Elem,Sivells Bend ISD,B,2,56,https://txschools.net/campus/sivells-bend-elem-049909101
7286,7358,5,101920115,Valley Oaks Elem,Spring Branch ISD,A,2,898,https://txschools.net/campus/valley-oaks-elem-101920115
7286,7358,5,043910144,Wyatt Elem,Plano ISD,A,2,280,https://txschools.net/campus/wyatt-elem-043910144
7292,7358,4,031901008,Brownsville Early College HS,Brownsville ISD,A,1.9,284,https://txschools.net/campus/brownsville-early-college-hs-031901008
7292,7358,4,123910013,Dr Martin Luther King Collegiate Academy,Beaumont ISD,A,1.9,334,https://txschools.net/campus/dr-martin-luther-king-collegiate-academy-123910013
7292,7358,4,098901101,Gruver Elem,Gruver ISD,B,1.9,166,https://txschools.net/campus/gruver-elem-098901101
7292,7358,4,246906006,Hutto Virtual Academy,Hutto ISD,C,1.9,55,https://txschools.net/campus/hutto-virtual-academy-246906006
7292,7358,4,057922112,Richard J Lee Elem,Coppell ISD,A,1.9,710,https://txschools.net/campus/richard-j-lee-elem-057922112
7297,7358,4,057905071,Dallas Environmental Science Academy,Dallas ISD,A,1.8,425,https://txschools.net/campus/dallas-environmental-science-academy-057905071
7297,7358,4,101914127,Griffin Elem,Katy ISD,A,1.8,726,https://txschools.net/campus/griffin-elem-101914127
7297,7358,4,057905363,School for the Talented & Gifted In Pleasant Grove,Dallas ISD,A,1.8,372,https://txschools.net/campus/school-for-the-talented-gifted-in-pleasant-grove-057905363
7297,7358,4,057905039,School for the Talented and Gifted,Dallas ISD,A,1.8,553,https://txschools.net/campus/school-for-the-talented-and-gifted-057905039
7297,7358,4,180902001,Vega HS,Vega ISD,A,1.8,112,https://txschools.net/campus/vega-hs-180902001
7302,7358,8,101914142,Bryant Elem,Katy ISD,A,1.7,1149,https://txschools.net/campus/bryant-elem-101914142
7302,7358,8,239903101,Burton Elem,Burton ISD,B,1.7,394,https://txschools.net/campus/burton-elem-239903101
7302,7358,8,186902698,Eschool Prep Academy,Fort Stockton ISD,F,1.7,4112,https://txschools.net/campus/eschool-prep-academy-186902698
7302,7358,8,019907116,Martha & Josh Morriss Math & Engineering Elem,Texarkana ISD,A,1.7,328,https://txschools.net/campus/martha-josh-morriss-math-engineering-elem-019907116
7302,7358,8,198906001,Mumford HS,Mumford ISD,A,1.7,241,https://txschools.net/campus/mumford-hs-198906001
7302,7358,8,101912211,Oak Forest Elem,Houston ISD,A,1.7,992,https://txschools.net/campus/oak-forest-elem-101912211
7302,7358,8,057916123,Prairie Creek Elem,Richardson ISD,A,1.7,331,https://txschools.net/campus/prairie-creek-elem-057916123
7302,7358,8,075908001,Round Top-Carmine HS,Round Top-Carmine ISD,B,1.7,118,https://txschools.net/campus/round-top-carmine-hs-075908001
7302,7358,8,101920112,Rummel Creek Elem,Spring Branch ISD,A,1.7,803,https://txschools.net/campus/rummel-creek-elem-101920112
7311,7358,3,101920048,Cornerstone Academy,Spring Branch ISD,A,1.6,438,https://txschools.net/campus/cornerstone-academy-101920048
7311,7358,3,009901101,Mary Deshazo Elem,Muleshoe ISD,C,1.6,300,https://txschools.net/campus/mary-deshazo-elem-009901101
7311,7358,3,061902114,McAuliffe Elem,Lewisville ISD,B,1.6,648,https://txschools.net/campus/mcauliffe-elem-061902114
7311,7358,3,057919101,Sunnyvale Elem,Sunnyvale ISD,A,1.6,502,https://txschools.net/campus/sunnyvale-elem-057919101
7315,7358,2,128904101,Falls City Elem,Falls City ISD,A,1.5,254,https://txschools.net/campus/falls-city-elem-128904101
7315,7358,2,101920104,Frostwood Elem,Spring Branch ISD,A,1.5,733,https://txschools.net/campus/frostwood-elem-101920104
7315,7358,2,101912255,West University Elem,Houston ISD,A,1.5,1192,https://txschools.net/campus/west-university-elem-101912255
7318,7358,0,005904001,Windthorst HS,Windthorst ISD,A,1.4,146,https://txschools.net/campus/windthorst-hs-005904001
7319,7358,3,061902136,Castle Hills Elem,Lewisville ISD,A,1.3,625,https://txschools.net/campus/castle-hills-elem-061902136
7319,7358,3,227909104,Forest Trail Elem,Eanes ISD,A,1.3,564,https://txschools.net/campus/forest-trail-elem-227909104
7319,7358,3,123908122,Groves Int,Port Neches-Groves ISD,C,1.3,618,https://txschools.net/campus/groves-int-123908122
7319,7358,3,057905384,Sudie L Williams Talented and Gifted Academy,Dallas ISD,A,1.3,452,https://txschools.net/campus/sudie-l-williams-talented-and-gifted-academy-057905384
7323,7358,2,186902007,Butz Preparatory Academy,Fort Stockton ISD,B,1.2,16,https://txschools.net/campus/butz-preparatory-academy-186902007
7323,7358,2,198906101,Mumford Elem,Mumford ISD,B,1.2,359,https://txschools.net/campus/mumford-elem-198906101
7323,7358,2,061902108,Timber Creek Elem,Lewisville ISD,B,1.2,405,https://txschools.net/campus/timber-creek-elem-061902108
7326,7358,2,214902101,San Isidro Elem,San Isidro ISD,C,1.1,102,https://txschools.net/campus/san-isidro-elem-214902101
7326,7358,2,020908110,Silvercrest Elem,Pearland ISD,A,1.1,685,https://txschools.net/campus/silvercrest-elem-020908110
7326,7358,2,101920018,Spring Branch Academic Institute,Spring Branch ISD,A,1.1,185,https://txschools.net/campus/spring-branch-academic-institute-101920018
7329,7358,0,057905217,William B Travis Vanguard Acad of Academically Tag,Dallas ISD,A,1,536,https://txschools.net/campus/william-b-travis-vanguard-acad-of-academically-tag-057905217
7330,7358,1,200902101,Miles Elem,Miles ISD,A,0.9,281,https://txschools.net/campus/miles-elem-200902101
7330,7358,1,075908101,Round Top-Carmine Elem,Round Top-Carmine ISD,A,0.9,119,https://txschools.net/campus/round-top-carmine-elem-075908101
7332,7358,2,098901041,Gruver JH,Gruver ISD,A,0.8,114,https://txschools.net/campus/gruver-jh-098901041
7332,7358,2,220906105,Taylor Elem,Grapevine-Colleyville ISD,A,0.8,472,https://txschools.net/campus/taylor-elem-220906105
7332,7358,2,044902041,Wellington JH,Wellington ISD,A,0.8,119,https://txschools.net/campus/wellington-jh-044902041
7335,7358,1,057910135,School for the Highly Gifted,Grand Prairie ISD,A,0.7,158,https://txschools.net/campus/school-for-the-highly-gifted-057910135
7335,7358,1,110907041,Sundown JH,Sundown ISD,A,0.7,129,https://txschools.net/campus/sundown-jh-110907041
7337,7358,21,170902220,Conroe Virtual School,Conroe ISD,D,0,245,https://txschools.net/campus/conroe-virtual-school-170902220
7337,7358,21,163901005,Devine Learning Academy,Devine ISD,D,0,35,https://txschools.net/campus/devine-learning-academy-163901005
7337,7358,21,019907006,Digital Academy of Texas,Texarkana ISD,B,0,859,https://txschools.net/campus/digital-academy-of-texas-019907006
7337,7358,21,133905101,Divide Elem,Divide ISD,B,0,41,https://txschools.net/campus/divide-elem-133905101
7337,7358,21,101908109,Early Childhood Center,Deer Park ISD,B,0,230,https://txschools.net/campus/early-childhood-center-101908109
7337,7358,21,129902005,Forney Virtual Academy,Forney ISD,B,0,276,https://txschools.net/campus/forney-virtual-academy-129902005
7337,7358,21,101911040,Gccisd Virtual Academy,Goose Creek CISD,C,0,75,https://txschools.net/campus/gccisd-virtual-academy-101911040
7337,7358,21,098901001,Gruver HS,Gruver ISD,A,0,139,https://txschools.net/campus/gruver-hs-098901001
7337,7358,21,220906007,iUniversity Prep,Grapevine-Colleyville ISD,A,0,1606,https://txschools.net/campus/iuniversity-prep-220906007
7337,7358,21,019909041,James Bowie MS,Simms ISD,C,0,101,https://txschools.net/campus/james-bowie-ms-019909041
7337,7358,21,177901104,Lone Star Online Academy,Roscoe Collegiate ISD,F,0,14329,https://txschools.net/campus/lone-star-online-academy-177901104
7337,7358,21,109908101,Malone Elem,Malone ISD,F,0,64,https://txschools.net/campus/malone-elem-109908101
7337,7358,21,114901111,Moss Elem,Big Spring ISD,B,0,366,https://txschools.net/campus/moss-elem-114901111
7337,7358,21,079910003,Stafford STEM Magnet Academy,Stafford MSD,A,0,400,https://txschools.net/campus/stafford-stem-magnet-academy-079910003
7337,7358,21,101912100,Texas Connections Academy at Houston,Houston ISD,C,0,11316,https://txschools.net/campus/texas-connections-academy-at-houston-101912100
7337,7358,21,236902008,Texas Online Preparatory HS,Huntsville ISD,B,0,2751,https://txschools.net/campus/texas-online-preparatory-hs-236902008
7337,7358,21,236902048,Texas Online Preparatory MS,Huntsville ISD,D,0,2085,https://txschools.net/campus/texas-online-preparatory-ms-236902048
7337,7358,21,152504001,Texas Tech University K-12,Texas Tech University K-12,B,0,829,https://txschools.net/campus/texas-tech-university-k-12-152504001
7337,7358,21,102904010,Texas Virtual Academy at Hallsville,Hallsville ISD,C,0,22085,https://txschools.net/campus/texas-virtual-academy-at-hallsville-102904010
7337,7358,21,246911107,TH Johnson Elem,Taylor ISD,C,0,359,https://txschools.net/campus/th-johnson-elem-246911107
7337,7358,21,227506001,University of Texas at Austin HS,University of Texas at Austin HS,C,0,1211,https://txschools.net/campus/university-of-texas-at-austin-hs-227506001
7337,7358,21,180902041,Vega JH,Vega ISD,A,0,121,https://txschools.net/campus/vega-jh-180902041
