# txschools.net — unofficial. Not operated by, endorsed by, or affiliated with the Texas Education Agency.
# source: Texas Education Agency, published publicly at https://txschools.gov
# snapshot: 15 August 2026 — the date this site fetched TEA's data. TEA may have revised it since.
# dataset: ranking board
# page: https://txschools.net/rankings/texas-campuses/closing-the-gaps-lowest
# rows: 7185 (excluding this header and the column row)
# ranking: Texas campuses with the lowest Closing the Gaps in 2025-26
# population: 7,185 campuses of 8,066 campuses are ranked here.
# population: 420 were not rated by TEA for 2025-26 and are not ranked.
# population: 461 reported no figure for this measure and are not ranked.
# rank_of is how many rows were actually ranked (can be smaller than the population above); two rows on the same value share a rank ("tied"), and the next rank is skipped.
# empty cell = TEA did not publish that figure. It does not mean zero.
# numbers are unformatted: no thousands separators, no currency symbols, no percent signs.
# lines starting with # are comments — pandas: read_csv(path, comment='#')
rank,rank_of,tied,entity_id,name,district,rating,value,enrollment,url
1,7185,32,071904104,Alfonso Borrego Sr Elem,San Elizario ISD,F,30,521,https://txschools.net/campus/alfonso-borrego-sr-elem-071904104
1,7185,32,227901101,Allison Elem,Austin ISD,F,30,290,https://txschools.net/campus/allison-elem-227901101
1,7185,32,127901101,Anson Elem,Anson ISD,F,30,371,https://txschools.net/campus/anson-elem-127901101
1,7185,32,095905005,Ash HS,Plainview ISD,D,30,67,https://txschools.net/campus/ash-hs-095905005
1,7185,32,232903108,Batesville School,Uvalde CISD,F,30,106,https://txschools.net/campus/batesville-school-232903108
1,7185,32,166901101,Cameron Elem,Cameron ISD,F,30,288,https://txschools.net/campus/cameron-elem-166901101
1,7185,32,064903103,Carrizo Springs Int,Carrizo Springs CISD,F,30,420,https://txschools.net/campus/carrizo-springs-int-064903103
1,7185,32,210901101,Center Elem,Center ISD,F,30,481,https://txschools.net/campus/center-elem-210901101
1,7185,32,015907116,Collins Garden Elem,San Antonio ISD,F,30,430,https://txschools.net/campus/collins-garden-elem-015907116
1,7185,32,170902106,Creighton Elem,Conroe ISD,F,30,616,https://txschools.net/campus/creighton-elem-170902106
1,7185,32,123910129,Dr Mae E Jones-Clark Elem,Beaumont ISD,F,30,504,https://txschools.net/campus/dr-mae-e-jones-clark-elem-123910129
1,7185,32,015904116,E H Gilbert Elem,Harlandale ISD,F,30,577,https://txschools.net/campus/e-h-gilbert-elem-015904116
1,7185,32,057905216,Edward Titche Elem,Dallas ISD,F,30,679,https://txschools.net/campus/edward-titche-elem-057905216
1,7185,32,108903005,Ee College and Career Center,Edcouch-Elsa ISD,D,30,34,https://txschools.net/campus/ee-college-and-career-center-108903005
1,7185,32,220910101,Effie Morris STEAM Academy,Lake Worth ISD,F,30,429,https://txschools.net/campus/effie-morris-steam-academy-220910101
1,7185,32,011901101,Emile Elem,Bastrop ISD,F,30,578,https://txschools.net/campus/emile-elem-011901101
1,7185,32,123910123,Homer Dr Elem,Beaumont ISD,F,30,427,https://txschools.net/campus/homer-dr-elem-123910123
1,7185,32,071904101,L G Alarcon Elem,San Elizario ISD,F,30,297,https://txschools.net/campus/l-g-alarcon-elem-071904101
1,7185,32,057904108,Lakeridge Elem,Cedar Hill ISD,F,30,418,https://txschools.net/campus/lakeridge-elem-057904108
1,7185,32,232903114,Legacy Elem,Uvalde CISD,F,30,626,https://txschools.net/campus/legacy-elem-232903114
1,7185,32,077902101,Lockney Elem,Lockney ISD,F,30,176,https://txschools.net/campus/lockney-elem-077902101
1,7185,32,109908101,Malone Elem,Malone ISD,F,30,64,https://txschools.net/campus/malone-elem-109908101
1,7185,32,201908101,Overton Elem,Overton ISD,F,30,266,https://txschools.net/campus/overton-elem-201908101
1,7185,32,028906002,Prairie Lea HS,Prairie Lea ISD,F,30,139,https://txschools.net/campus/prairie-lea-hs-028906002
1,7185,32,233901111,Ruben Chavira Elem,San Felipe-Del Rio CISD,F,30,704,https://txschools.net/campus/ruben-chavira-elem-233901111
1,7185,32,020905101,S F Austin Elem,Brazosport ISD,F,30,146,https://txschools.net/campus/s-f-austin-elem-020905101
1,7185,32,178909101,San Pedro Fine Arts Academy,Robstown ISD,F,30,270,https://txschools.net/campus/san-pedro-fine-arts-academy-178909101
1,7185,32,235902111,Shields Elem,Victoria ISD,F,30,373,https://txschools.net/campus/shields-elem-235902111
1,7185,32,105906118,Uhland Elem,Hays CISD,F,30,776,https://txschools.net/campus/uhland-elem-105906118
1,7185,32,015915113,Valley Hi Elem,Northside ISD,F,30,306,https://txschools.net/campus/valley-hi-elem-015915113
1,7185,32,161914129,West Avenue Elem,Waco ISD,F,30,268,https://txschools.net/campus/west-avenue-elem-161914129
1,7185,32,241904106,Wharton Elem,Wharton ISD,F,30,496,https://txschools.net/campus/wharton-elem-241904106
1,7185,32,196902102,Woodsboro Elem,Woodsboro ISD,F,30,159,https://txschools.net/campus/woodsboro-elem-196902102
34,7185,0,123910042,Smith MS,Beaumont ISD,F,32,501,https://txschools.net/campus/smith-ms-123910042
35,7185,3,074903102,Evans Elem,Bonham ISD,F,33,421,https://txschools.net/campus/evans-elem-074903102
35,7185,3,073903103,Marlin Elem,Marlin ISD,F,33,459,https://txschools.net/campus/marlin-elem-073903103
35,7185,3,042903101,Santa Anna Elem,Santa Anna ISD,F,33,144,https://txschools.net/campus/santa-anna-elem-042903101
35,7185,3,201914104,West Rusk Int,West Rusk County Consolidated ISD,F,33,219,https://txschools.net/campus/west-rusk-int-201914104
39,7185,1,161919041,Bruceville-Eddy JH,Bruceville-Eddy ISD,F,34,106,https://txschools.net/campus/bruceville-eddy-jh-161919041
39,7185,1,059901042,Hereford JH,Hereford ISD,F,34,542,https://txschools.net/campus/hereford-jh-059901042
41,7185,2,037904102,East Side Elem,Jacksonville ISD,F,35,615,https://txschools.net/campus/east-side-elem-037904102
41,7185,2,101924104,L E Monahan Elem,Sheldon ISD,F,35,604,https://txschools.net/campus/l-e-monahan-elem-101924104
41,7185,2,107910101,Lapoynor Elem,Lapoynor ISD,F,35,215,https://txschools.net/campus/lapoynor-elem-107910101
44,7185,3,036901041,Anahuac MS,Anahuac ISD,F,36,351,https://txschools.net/campus/anahuac-ms-036901041
44,7185,3,152901061,Atkins MS,Lubbock ISD,F,36,670,https://txschools.net/campus/atkins-ms-152901061
44,7185,3,101917141,Earnesteen Milstead MS,Pasadena ISD,F,36,637,https://txschools.net/campus/earnesteen-milstead-ms-101917141
44,7185,3,067907041,Ranger MS,Ranger ISD,F,36,62,https://txschools.net/campus/ranger-ms-067907041
48,7185,13,079901101,Beasley Elem,Lamar CISD,D,38,484,https://txschools.net/campus/beasley-elem-079901101
48,7185,13,185901041,Bovina MS,Bovina ISD,D,38,79,https://txschools.net/campus/bovina-ms-185901041
48,7185,13,015907118,David Crockett Academy,San Antonio ISD,F,38,744,https://txschools.net/campus/david-crockett-academy-015907118
48,7185,13,174904102,Emeline Carpenter Elem,Nacogdoches ISD,F,38,312,https://txschools.net/campus/emeline-carpenter-elem-174904102
48,7185,13,024901101,Falfurrias Elem,Brooks County ISD,F,38,218,https://txschools.net/campus/falfurrias-elem-024901101
48,7185,13,123910131,Fehl-Price Elem,Beaumont ISD,F,38,318,https://txschools.net/campus/fehl-price-elem-123910131
48,7185,13,037904103,Fred Douglass,Jacksonville ISD,F,38,534,https://txschools.net/campus/fred-douglass-037904103
48,7185,13,229904101,Fred Elem,Warren ISD,F,38,189,https://txschools.net/campus/fred-elem-229904101
48,7185,13,250902101,Hawkins Elem,Hawkins ISD,F,38,367,https://txschools.net/campus/hawkins-elem-250902101
48,7185,13,227910042,John P Ojeda MS,Del Valle ISD,F,38,714,https://txschools.net/campus/john-p-ojeda-ms-227910042
48,7185,13,116905106,Lamar Elem,Greenville ISD,D,38,515,https://txschools.net/campus/lamar-elem-116905106
48,7185,13,170902105,Milam Elem,Conroe ISD,F,38,667,https://txschools.net/campus/milam-elem-170902105
48,7185,13,008902102,Selman Elem,Sealy ISD,F,38,736,https://txschools.net/campus/selman-elem-008902102
48,7185,13,043902103,Sue Evelyn Rattan Elem,Anna ISD,D,38,703,https://txschools.net/campus/sue-evelyn-rattan-elem-043902103
62,7185,2,116903043,Commerce MS,Commerce ISD,F,40,340,https://txschools.net/campus/commerce-ms-116903043
62,7185,2,072910101,Morgan Mill School,Morgan Mill ISD,F,40,132,https://txschools.net/campus/morgan-mill-school-072910101
62,7185,2,227901061,Paredes MS,Austin ISD,F,40,593,https://txschools.net/campus/paredes-ms-227901061
65,7185,13,115901101,Benito Martinez Elem,Ft Hancock ISD,F,41,227,https://txschools.net/campus/benito-martinez-elem-115901101
65,7185,13,220905111,Carter Park Elem,Fort Worth ISD,F,41,488,https://txschools.net/campus/carter-park-elem-220905111
65,7185,13,091906104,Crutchfield Elem,Sherman ISD,F,41,592,https://txschools.net/campus/crutchfield-elem-091906104
65,7185,13,220912108,Dallas Park Elem,Crowley ISD,F,41,573,https://txschools.net/campus/dallas-park-elem-220912108
65,7185,13,108902116,Daniel Singleterry Sr,Donna ISD,F,41,555,https://txschools.net/campus/daniel-singleterry-sr-108902116
65,7185,13,233901112,Dr Fermin Calderon Elem,San Felipe-Del Rio CISD,F,41,604,https://txschools.net/campus/dr-fermin-calderon-elem-233901112
65,7185,13,057905120,F P Caillet Elem,Dallas ISD,D,41,540,https://txschools.net/campus/f-p-caillet-elem-057905120
65,7185,13,101902144,Hill Elem,Aldine ISD,F,41,616,https://txschools.net/campus/hill-elem-101902144
65,7185,13,019913101,Hubbard ISD,Hubbard ISD,F,41,54,https://txschools.net/campus/hubbard-isd-019913101
65,7185,13,175903102,Jose Antonio Navarro Elem,Corsicana ISD,F,41,535,https://txschools.net/campus/jose-antonio-navarro-elem-175903102
65,7185,13,174904112,Mike Moses Elem,Nacogdoches ISD,F,41,484,https://txschools.net/campus/mike-moses-elem-174904112
65,7185,13,018904101,Valley Mills Elem,Valley Mills ISD,D,41,322,https://txschools.net/campus/valley-mills-elem-018904101
65,7185,13,212910101,Winona Elem,Winona ISD,F,41,558,https://txschools.net/campus/winona-elem-212910101
65,7185,13,220905216,Woodway Elem,Fort Worth ISD,F,41,481,https://txschools.net/campus/woodway-elem-220905216
79,7185,7,024901001,Falfurrias HS,Brooks County ISD,D,42,343,https://txschools.net/campus/falfurrias-hs-024901001
79,7185,7,101925041,Huffman MS,Huffman ISD,D,42,916,https://txschools.net/campus/huffman-ms-101925041
79,7185,7,015916047,Kirby STEM Academy,Judson ISD,F,42,447,https://txschools.net/campus/kirby-stem-academy-015916047
79,7185,7,232903044,Morales JH,Uvalde CISD,F,42,654,https://txschools.net/campus/morales-jh-232903044
79,7185,7,083903041,Seminole JH,Seminole ISD,D,42,697,https://txschools.net/campus/seminole-jh-083903041
79,7185,7,108907041,Sgt Manuel Chacon MS,Mercedes ISD,F,42,860,https://txschools.net/campus/sgt-manuel-chacon-ms-108907041
79,7185,7,181907104,Vidor MS,Vidor ISD,D,42,647,https://txschools.net/campus/vidor-ms-181907104
79,7185,7,178915041,West Oso JH,West Oso ISD,F,42,391,https://txschools.net/campus/west-oso-jh-178915041
87,7185,18,108904126,Anne L Magee Elem,Edinburg CISD,D,43,448,https://txschools.net/campus/anne-l-magee-elem-108904126
87,7185,18,101912295,Benavidez Elem,Houston ISD,F,43,689,https://txschools.net/campus/benavidez-elem-101912295
87,7185,18,226903105,Bowie Elem,San Angelo ISD,F,43,358,https://txschools.net/campus/bowie-elem-226903105
87,7185,18,003903122,Brookhollow Elem STEM Academy,Lufkin ISD,F,43,262,https://txschools.net/campus/brookhollow-elem-stem-academy-003903122
87,7185,18,220918110,Comanche Springs Elem,Eagle Mt-Saginaw ISD,F,43,605,https://txschools.net/campus/comanche-springs-elem-220918110
87,7185,18,101912013,Community Services-Sec,Houston ISD,F,43,109,https://txschools.net/campus/community-services-sec-101912013
87,7185,18,175903103,Fannin Elem,Corsicana ISD,F,43,383,https://txschools.net/campus/fannin-elem-175903103
87,7185,18,101912174,Highland Hts Elem,Houston ISD,F,43,422,https://txschools.net/campus/highland-hts-elem-101912174
87,7185,18,057904105,Highlands Elem,Cedar Hill ISD,F,43,384,https://txschools.net/campus/highlands-elem-057904105
87,7185,18,014903122,Hubbard Branch Elem,Belton ISD,F,43,503,https://txschools.net/campus/hubbard-branch-elem-014903122
87,7185,18,019908103,Liberty-Eylau Elem,Liberty-Eylau ISD,F,43,471,https://txschools.net/campus/liberty-eylau-elem-019908103
87,7185,18,123910128,Martin Elem,Beaumont ISD,F,43,530,https://txschools.net/campus/martin-elem-123910128
87,7185,18,105902108,Mendez Elem,San Marcos CISD,D,43,585,https://txschools.net/campus/mendez-elem-105902108
87,7185,18,221904102,Merkel Elem,Merkel ISD,D,43,585,https://txschools.net/campus/merkel-elem-221904102
87,7185,18,015915118,Oak Hills Terrace Elem,Northside ISD,F,43,437,https://txschools.net/campus/oak-hills-terrace-elem-015915118
87,7185,18,015908106,Palo Alto Elem,South San Antonio ISD,F,43,441,https://txschools.net/campus/palo-alto-elem-015908106
87,7185,18,057913101,Pleasant Run Elem,Lancaster ISD,F,43,541,https://txschools.net/campus/pleasant-run-elem-057913101
87,7185,18,102902116,Price T Young Elem,Marshall ISD,F,43,540,https://txschools.net/campus/price-t-young-elem-102902116
87,7185,18,212905101,T J Austin Elem,Tyler ISD,F,43,328,https://txschools.net/campus/t-j-austin-elem-212905101
106,7185,3,227907042,Decker MS,Manor ISD,F,44,609,https://txschools.net/campus/decker-ms-227907042
106,7185,3,248901041,Kermit JH,Kermit ISD,F,44,277,https://txschools.net/campus/kermit-jh-248901041
106,7185,3,091914041,S and S Cons MS,S and S CISD,D,44,260,https://txschools.net/campus/s-and-s-cons-ms-091914041
106,7185,3,146901042,Santa Fe MS,Cleveland ISD,F,44,1256,https://txschools.net/campus/santa-fe-ms-146901042
110,7185,5,027903041,Burnet MS,Burnet CISD,F,45,747,https://txschools.net/campus/burnet-ms-027903041
110,7185,5,129901042,Central MS,Crandall ISD,F,45,627,https://txschools.net/campus/central-ms-129901042
110,7185,5,057903046,Polk MS,Carrollton-Farmers Branch ISD,F,45,1096,https://txschools.net/campus/polk-ms-057903046
110,7185,5,004901041,Rockport-Fulton MS,Rockport-Fulton ISD,D,45,652,https://txschools.net/campus/rockport-fulton-ms-004901041
110,7185,5,241904042,Wharton JH,Wharton ISD,F,45,339,https://txschools.net/campus/wharton-jh-241904042
110,7185,5,057907042,William H Byrd MS,Duncanville ISD,F,45,563,https://txschools.net/campus/william-h-byrd-ms-057907042
116,7185,13,015915123,Adams Hill Elem,Northside ISD,F,46,416,https://txschools.net/campus/adams-hill-elem-015915123
116,7185,13,093904107,Brule Elem,Navasota ISD,D,46,357,https://txschools.net/campus/brule-elem-093904107
116,7185,13,011901103,Cedar Creek Elem,Bastrop ISD,F,46,816,https://txschools.net/campus/cedar-creek-elem-011901103
116,7185,13,220907122,Friendship Elem,Keller ISD,D,46,442,https://txschools.net/campus/friendship-elem-220907122
116,7185,13,043902101,Joe K Bryant Elem,Anna ISD,F,46,557,https://txschools.net/campus/joe-k-bryant-elem-043902101
116,7185,13,161914116,Mountainview Elem,Waco ISD,F,46,334,https://txschools.net/campus/mountainview-elem-161914116
116,7185,13,095905123,North Elem,Plainview ISD,F,46,359,https://txschools.net/campus/north-elem-095905123
116,7185,13,007905103,Pleasanton Elem,Pleasanton ISD,D,46,751,https://txschools.net/campus/pleasanton-elem-007905103
116,7185,13,057914109,Rugel Elem,Mesquite ISD,D,46,260,https://txschools.net/campus/rugel-elem-057914109
116,7185,13,083903102,Seminole Pri,Seminole ISD,D,46,441,https://txschools.net/campus/seminole-pri-083903102
116,7185,13,149902101,Three Rivers Elem,Three Rivers ISD,F,46,311,https://txschools.net/campus/three-rivers-elem-149902101
116,7185,13,015904113,Vestal Elem,Harlandale ISD,F,46,521,https://txschools.net/campus/vestal-elem-015904113
116,7185,13,143904101,Vysehrad Elem,Vysehrad ISD,D,46,46,https://txschools.net/campus/vysehrad-elem-143904101
116,7185,13,037904104,West Side Elem,Jacksonville ISD,D,46,369,https://txschools.net/campus/west-side-elem-037904104
130,7185,1,101917143,Bobby Shaw MS,Pasadena ISD,D,47,620,https://txschools.net/campus/bobby-shaw-ms-101917143
130,7185,1,227910043,Dailey MS,Del Valle ISD,F,47,727,https://txschools.net/campus/dailey-ms-227910043
132,7185,16,227910111,Creedmoor Elem,Del Valle ISD,D,48,606,https://txschools.net/campus/creedmoor-elem-227910111
132,7185,16,113901102,Crockett Elem,Crockett ISD,F,48,351,https://txschools.net/campus/crockett-elem-113901102
132,7185,16,123910126,Dishman Elem,Beaumont ISD,F,48,508,https://txschools.net/campus/dishman-elem-123910126
132,7185,16,068901107,Dowling Elem,Ector County ISD,F,48,570,https://txschools.net/campus/dowling-elem-068901107
132,7185,16,014903117,High Point Elem,Belton ISD,F,48,557,https://txschools.net/campus/high-point-elem-014903117
132,7185,16,188903101,Highland Park Elem,Highland Park ISD,D,48,317,https://txschools.net/campus/highland-park-elem-188903101
132,7185,16,057912109,Keyes Elem,Irving ISD,D,48,663,https://txschools.net/campus/keyes-elem-057912109
132,7185,16,014906143,Killeen Elem,Killeen ISD,F,48,1008,https://txschools.net/campus/killeen-elem-014906143
132,7185,16,220901135,Miller Elem,Arlington ISD,F,48,524,https://txschools.net/campus/miller-elem-220901135
132,7185,16,057916109,Northrich Elem,Richardson ISD,D,48,465,https://txschools.net/campus/northrich-elem-057916109
132,7185,16,008901102,O'Bryant Int,Bellville ISD,D,48,309,https://txschools.net/campus/o-bryant-int-008901102
132,7185,16,169911101,Saint Jo Elem,Saint Jo ISD,D,48,169,https://txschools.net/campus/saint-jo-elem-169911101
132,7185,16,188901126,San Jacinto Elem,Amarillo ISD,D,48,333,https://txschools.net/campus/san-jacinto-elem-188901126
132,7185,16,057916126,Skyview Elem,Richardson ISD,F,48,716,https://txschools.net/campus/skyview-elem-057916126
132,7185,16,161914130,South Waco Elem,Waco ISD,F,48,609,https://txschools.net/campus/south-waco-elem-161914130
132,7185,16,084908103,Stewart Elem,Hitchcock ISD,F,48,360,https://txschools.net/campus/stewart-elem-084908103
132,7185,16,202905102,West Sabine Elem,West Sabine ISD,F,48,363,https://txschools.net/campus/west-sabine-elem-202905102
149,7185,5,212909042,Chapel Hill JH,Chapel Hill ISD,D,49,491,https://txschools.net/campus/chapel-hill-jh-212909042
149,7185,5,111901041,Granbury MS,Granbury ISD,D,49,922,https://txschools.net/campus/granbury-ms-111901041
149,7185,5,188901050,Johnny N Allen-6th Grade Campus,Amarillo ISD,D,49,231,https://txschools.net/campus/johnny-n-allen-6th-grade-campus-188901050
149,7185,5,126903041,Lowell Smith Jr Int,Cleburne ISD,D,49,985,https://txschools.net/campus/lowell-smith-jr-int-126903041
149,7185,5,057914045,New MS,Mesquite ISD,D,49,688,https://txschools.net/campus/new-ms-057914045
149,7185,5,081905041,Wortham MS,Wortham ISD,D,49,121,https://txschools.net/campus/wortham-ms-081905041
155,7185,29,170902101,Anderson Elem,Conroe ISD,D,51,634,https://txschools.net/campus/anderson-elem-170902101
155,7185,29,057905108,Bayles Elem,Dallas ISD,D,51,444,https://txschools.net/campus/bayles-elem-057905108
155,7185,29,227907102,Bluebonnet Trail Elem,Manor ISD,F,51,582,https://txschools.net/campus/bluebonnet-trail-elem-227907102
155,7185,29,170902078,Bozman Int,Conroe ISD,C,51,1200,https://txschools.net/campus/bozman-int-170902078
155,7185,29,186901001,Buena Vista School,Buena Vista ISD,D,51,235,https://txschools.net/campus/buena-vista-school-186901001
155,7185,29,092903124,Clarence W Bailey Elem,Longview ISD,D,51,256,https://txschools.net/campus/clarence-w-bailey-elem-092903124
155,7185,29,129906109,Dr Bruce Wood Elem,Terrell ISD,F,51,709,https://txschools.net/campus/dr-bruce-wood-elem-129906109
155,7185,29,188901170,George Washington Carver Elem Academy,Amarillo ISD,F,51,337,https://txschools.net/campus/george-washington-carver-elem-academy-188901170
155,7185,29,220901153,Hale Elem,Arlington ISD,D,51,282,https://txschools.net/campus/hale-elem-220901153
155,7185,29,146904102,Hardin Elem,Hardin ISD,F,51,506,https://txschools.net/campus/hardin-elem-146904102
155,7185,29,126903104,Irving Elem,Cleburne ISD,F,51,411,https://txschools.net/campus/irving-elem-126903104
155,7185,29,129906107,J W Long Elem,Terrell ISD,F,51,664,https://txschools.net/campus/j-w-long-elem-129906107
155,7185,29,220912105,Jackie Carden Elem,Crowley ISD,F,51,458,https://txschools.net/campus/jackie-carden-elem-220912105
155,7185,29,071902009,Jefferson HS,El Paso ISD,D,51,880,https://txschools.net/campus/jefferson-hs-071902009
155,7185,29,101917144,Keller MS,Pasadena ISD,D,51,539,https://txschools.net/campus/keller-ms-101917144
155,7185,29,129904103,Kemp Int West,Kemp ISD,D,51,315,https://txschools.net/campus/kemp-int-west-129904103
155,7185,29,248901101,Kermit Elem,Kermit ISD,F,51,593,https://txschools.net/campus/kermit-elem-248901101
155,7185,29,015905112,Loma Park Elem,Edgewood ISD,F,51,611,https://txschools.net/campus/loma-park-elem-015905112
155,7185,29,227901156,Odom Elem,Austin ISD,F,51,271,https://txschools.net/campus/odom-elem-227901156
155,7185,29,108912114,Patricio Perez Elem,La Joya ISD,D,51,385,https://txschools.net/campus/patricio-perez-elem-108912114
155,7185,29,227901164,Pickle Elem,Austin ISD,F,51,349,https://txschools.net/campus/pickle-elem-227901164
155,7185,29,007906102,Poteet Int,Poteet ISD,F,51,450,https://txschools.net/campus/poteet-int-007906102
155,7185,29,011901104,Riverside MS,Bastrop ISD,D,51,717,https://txschools.net/campus/riverside-ms-011901104
155,7185,29,220905056,Riverside MS,Fort Worth ISD,D,51,698,https://txschools.net/campus/riverside-ms-220905056
155,7185,29,237905107,Royal Prairie Elem,Royal ISD,F,51,641,https://txschools.net/campus/royal-prairie-elem-237905107
155,7185,29,001907107,Southside Elem,Palestine ISD,F,51,425,https://txschools.net/campus/southside-elem-001907107
155,7185,29,220901113,Swift Elem,Arlington ISD,F,51,471,https://txschools.net/campus/swift-elem-220901113
155,7185,29,146907041,Tarkington MS,Tarkington ISD,D,51,450,https://txschools.net/campus/tarkington-ms-146907041
155,7185,29,043907104,Webb Elem,McKinney ISD,F,51,522,https://txschools.net/campus/webb-elem-043907104
155,7185,29,243905131,Zundelowitz Elem,Wichita Falls ISD,F,51,507,https://txschools.net/campus/zundelowitz-elem-243905131
185,7185,3,196901001,Austwell-Tivoli HS,Austwell-Tivoli ISD,D,52,59,https://txschools.net/campus/austwell-tivoli-hs-196901001
185,7185,3,170902220,Conroe Virtual School,Conroe ISD,D,52,245,https://txschools.net/campus/conroe-virtual-school-170902220
185,7185,3,018907001,Kopperl School,Kopperl ISD,D,52,163,https://txschools.net/campus/kopperl-school-018907001
185,7185,3,246909011,Success HS,Round Rock ISD,C,52,201,https://txschools.net/campus/success-hs-246909011
189,7185,4,228904001,Centerville HS,Centerville ISD,D,53,143,https://txschools.net/campus/centerville-hs-228904001
189,7185,4,175903042,Collins Int,Corsicana ISD,D,53,882,https://txschools.net/campus/collins-int-175903042
189,7185,4,067904042,Gorman MS,Gorman ISD,F,53,42,https://txschools.net/campus/gorman-ms-067904042
189,7185,4,227901051,Martin MS,Austin ISD,F,53,308,https://txschools.net/campus/martin-ms-227901051
189,7185,4,161914044,Tennyson MS,Waco ISD,D,53,999,https://txschools.net/campus/tennyson-ms-161914044
194,7185,20,010902101,Alkek Elem,Bandera ISD,D,54,528,https://txschools.net/campus/alkek-elem-010902101
194,7185,20,057912101,Barton Elem,Irving ISD,F,54,816,https://txschools.net/campus/barton-elem-057912101
194,7185,20,152901198,Carmona-Harrison Elem,Lubbock ISD,F,54,606,https://txschools.net/campus/carmona-harrison-elem-152901198
194,7185,20,060902101,Cooper Elem,Cooper ISD,D,54,469,https://txschools.net/campus/cooper-elem-060902101
194,7185,20,060914001,Fannindel HS,Fannindel ISD,D,54,60,https://txschools.net/campus/fannindel-hs-060914001
194,7185,20,183904001,Gary School,Gary ISD,D,54,478,https://txschools.net/campus/gary-school-183904001
194,7185,20,227901116,Govalle Elem,Austin ISD,F,54,372,https://txschools.net/campus/govalle-elem-227901116
194,7185,20,198905002,Hearne JH/HS,Hearne ISD,D,54,331,https://txschools.net/campus/hearne-jh-hs-198905002
194,7185,20,057904104,High Pointe Elem,Cedar Hill ISD,F,54,353,https://txschools.net/campus/high-pointe-elem-057904104
194,7185,20,015915003,Marshall HS,Northside ISD,D,54,2501,https://txschools.net/campus/marshall-hs-015915003
194,7185,20,181908102,Mauriceville Elem,Little Cypress-Mauriceville CISD,D,54,500,https://txschools.net/campus/mauriceville-elem-181908102
194,7185,20,227901150,Norman-Sims Elem,Austin ISD,F,54,260,https://txschools.net/campus/norman-sims-elem-227901150
194,7185,20,170908113,Oakley Elem,New Caney ISD,D,54,779,https://txschools.net/campus/oakley-elem-170908113
194,7185,20,220901164,Peach Elem,Arlington ISD,F,54,809,https://txschools.net/campus/peach-elem-220901164
194,7185,20,015908113,Roy Benavidez Elem,South San Antonio ISD,D,54,711,https://txschools.net/campus/roy-benavidez-elem-015908113
194,7185,20,159901115,Sam Houston Elem,Eagle Pass ISD,D,54,391,https://txschools.net/campus/sam-houston-elem-159901115
194,7185,20,146901107,Santa Fe Elem,Cleveland ISD,F,54,1135,https://txschools.net/campus/santa-fe-elem-146901107
194,7185,20,075903102,Schulenburg Elem,Schulenburg ISD,F,54,249,https://txschools.net/campus/schulenburg-elem-075903102
194,7185,20,101902119,Stephens Elem,Aldine ISD,D,54,584,https://txschools.net/campus/stephens-elem-101902119
194,7185,20,220905169,Sunrise - McMillan Elem,Fort Worth ISD,F,54,378,https://txschools.net/campus/sunrise-mcmillan-elem-220905169
194,7185,20,129901101,W A Martin Elem,Crandall ISD,F,54,666,https://txschools.net/campus/w-a-martin-elem-129901101
215,7185,11,223901041,Brownfield MS,Brownfield ISD,D,55,334,https://txschools.net/campus/brownfield-ms-223901041
215,7185,11,171901106,Dumas Int,Dumas ISD,C,55,653,https://txschools.net/campus/dumas-int-171901106
215,7185,11,146905041,Hull-Daisetta JH,Hull-Daisetta ISD,F,55,69,https://txschools.net/campus/hull-daisetta-jh-146905041
215,7185,11,057907041,J Herman Reed MS,Duncanville ISD,D,55,739,https://txschools.net/campus/j-herman-reed-ms-057907041
215,7185,11,015916045,Judson MS,Judson ISD,F,55,749,https://txschools.net/campus/judson-ms-015916045
215,7185,11,014906049,Liberty Hill MS,Killeen ISD,D,55,677,https://txschools.net/campus/liberty-hill-ms-014906049
215,7185,11,220905054,Morningside MS,Fort Worth ISD,F,55,388,https://txschools.net/campus/morningside-ms-220905054
215,7185,11,123910047,Odom MS,Beaumont ISD,D,55,828,https://txschools.net/campus/odom-ms-123910047
215,7185,11,192901041,Reagan County MS,Reagan County ISD,D,55,196,https://txschools.net/campus/reagan-county-ms-192901041
215,7185,11,101917142,Rick Schneider MS,Pasadena ISD,D,55,480,https://txschools.net/campus/rick-schneider-ms-101917142
215,7185,11,076904001,Rotan K-12,Rotan ISD,C,55,265,https://txschools.net/campus/rotan-k-12-076904001
215,7185,11,101919047,Stelle Claughton MS,Spring ISD,D,55,801,https://txschools.net/campus/stelle-claughton-ms-101919047
227,7185,25,220901161,Adams Elem,Arlington ISD,D,56,680,https://txschools.net/campus/adams-elem-220901161
227,7185,25,249903102,Bridgeport Int,Bridgeport ISD,F,56,427,https://txschools.net/campus/bridgeport-int-249903102
227,7185,25,235902123,C O Chandler Elem,Victoria ISD,F,56,416,https://txschools.net/campus/c-o-chandler-elem-235902123
227,7185,25,011901112,Camino Real Elem,Bastrop ISD,F,56,954,https://txschools.net/campus/camino-real-elem-011901112
227,7185,25,003907102,Central Elem,Central ISD,F,56,624,https://txschools.net/campus/central-elem-003907102
227,7185,25,220901103,Crow Leadership Academy,Arlington ISD,D,56,452,https://txschools.net/campus/crow-leadership-academy-220901103
227,7185,25,045903105,Eagle Lake Int,Rice CISD,D,56,156,https://txschools.net/campus/eagle-lake-int-045903105
227,7185,25,170904106,Edward B Cannan Elem,Willis ISD,D,56,665,https://txschools.net/campus/edward-b-cannan-elem-170904106
227,7185,25,068901127,El Magnet at Blackshear,Ector County ISD,F,56,629,https://txschools.net/campus/el-magnet-at-blackshear-068901127
227,7185,25,165901108,Henderson Elem,Midland ISD,F,56,788,https://txschools.net/campus/henderson-elem-165901108
227,7185,25,241903102,Hutchins Elem,El Campo ISD,D,56,688,https://txschools.net/campus/hutchins-elem-241903102
227,7185,25,108911103,Jessie L Jensen Elem,Sharyland ISD,C,56,603,https://txschools.net/campus/jessie-l-jensen-elem-108911103
227,7185,25,015916008,Karen Wagner HS,Judson ISD,C,56,2206,https://txschools.net/campus/karen-wagner-hs-015916008
227,7185,25,220920101,Liberty Elem,White Settlement ISD,F,56,601,https://txschools.net/campus/liberty-elem-220920101
227,7185,25,011901110,Lost Pines Elem,Bastrop ISD,F,56,741,https://txschools.net/campus/lost-pines-elem-011901110
227,7185,25,028903001,Luling HS,Luling ISD,C,56,391,https://txschools.net/campus/luling-hs-028903001
227,7185,25,016901101,Lyndon B Johnson Elem,Johnson City ISD,D,56,319,https://txschools.net/campus/lyndon-b-johnson-elem-016901101
227,7185,25,007904101,Lytle Elem,Lytle ISD,F,56,503,https://txschools.net/campus/lytle-elem-007904101
227,7185,25,101917117,Mae Smythe Elem,Pasadena ISD,D,56,677,https://txschools.net/campus/mae-smythe-elem-101917117
227,7185,25,101914111,Mayde Creek Elem,Katy ISD,D,56,841,https://txschools.net/campus/mayde-creek-elem-101914111
227,7185,25,018902001,Meridian HS,Meridian ISD,C,56,197,https://txschools.net/campus/meridian-hs-018902001
227,7185,25,107908101,Murchison Elem,Murchison ISD,D,56,187,https://txschools.net/campus/murchison-elem-107908101
227,7185,25,150901102,Packsaddle Elem,Llano ISD,D,56,619,https://txschools.net/campus/packsaddle-elem-150901102
227,7185,25,246913112,Patricia Knowles Elem,Leander ISD,D,56,627,https://txschools.net/campus/patricia-knowles-elem-246913112
227,7185,25,057906106,The Meadows Elem,Desoto ISD,F,56,343,https://txschools.net/campus/the-meadows-elem-057906106
227,7185,25,129902112,Willett Elem,Forney ISD,D,56,854,https://txschools.net/campus/willett-elem-129902112
253,7185,18,015908042,Alan B Shepard MS,South San Antonio ISD,D,57,444,https://txschools.net/campus/alan-b-shepard-ms-015908042
253,7185,18,126901041,Alvarado JH,Alvarado ISD,D,57,838,https://txschools.net/campus/alvarado-jh-126901041
253,7185,18,071907041,Canutillo MS,Canutillo ISD,C,57,653,https://txschools.net/campus/canutillo-ms-071907041
253,7185,18,057904001,Cedar Hill HS,Cedar Hill ISD,C,57,1802,https://txschools.net/campus/cedar-hill-hs-057904001
253,7185,18,161921041,Connally JH,Connally ISD,F,57,485,https://txschools.net/campus/connally-jh-161921041
253,7185,18,011901108,Creekside MS,Bastrop ISD,F,57,696,https://txschools.net/campus/creekside-ms-011901108
253,7185,18,139909112,Crockett Int,Paris ISD,D,57,561,https://txschools.net/campus/crockett-int-139909112
253,7185,18,084908042,Crosby MS,Hitchcock ISD,F,57,375,https://txschools.net/campus/crosby-ms-084908042
253,7185,18,062901041,Cuero JH,Cuero ISD,D,57,434,https://txschools.net/campus/cuero-jh-062901041
253,7185,18,101903001,Hastings HS,Alief ISD,C,57,3492,https://txschools.net/campus/hastings-hs-101903001
253,7185,18,101911044,Highlands JH,Goose Creek CISD,D,57,748,https://txschools.net/campus/highlands-jh-101911044
253,7185,18,015916001,Judson HS,Judson ISD,C,57,2392,https://txschools.net/campus/judson-hs-015916001
253,7185,18,254902001,La Pryor Secondary,La Pryor ISD,D,57,248,https://txschools.net/campus/la-pryor-secondary-254902001
253,7185,18,027904041,Marble Falls MS,Marble Falls ISD,C,57,903,https://txschools.net/campus/marble-falls-ms-027904041
253,7185,18,220905052,Meadowbrook MS,Fort Worth ISD,D,57,730,https://txschools.net/campus/meadowbrook-ms-220905052
253,7185,18,220905053,Monnig MS,Fort Worth ISD,D,57,439,https://txschools.net/campus/monnig-ms-220905053
253,7185,18,237905041,Royal JH,Royal ISD,F,57,665,https://txschools.net/campus/royal-jh-237905041
253,7185,18,112901041,Sulphur Springs MS,Sulphur Springs ISD,C,57,912,https://txschools.net/campus/sulphur-springs-ms-112901041
253,7185,18,116905107,Travis Int,Greenville ISD,F,57,748,https://txschools.net/campus/travis-int-116905107
272,7185,2,022004001,Big Bend HS,Terlingua CSD,D,58,140,https://txschools.net/campus/big-bend-hs-022004001
272,7185,2,189901001,Marfa Schools,Marfa ISD,D,58,339,https://txschools.net/campus/marfa-schools-189901001
272,7185,2,229903001,Woodville HS,Woodville ISD,C,58,364,https://txschools.net/campus/woodville-hs-229903001
275,7185,30,183902101,Baker-Koonce Int,Carthage ISD,C,59,571,https://txschools.net/campus/baker-koonce-int-183902101
275,7185,30,071902003,Bowie HS,El Paso ISD,C,59,881,https://txschools.net/campus/bowie-hs-071902003
275,7185,30,221901104,Bowie STEM Academy,Abilene ISD,F,59,582,https://txschools.net/campus/bowie-stem-academy-221901104
275,7185,30,049905101,Callisburg Elem,Callisburg ISD,D,59,546,https://txschools.net/campus/callisburg-elem-049905101
275,7185,30,065901041,Clarendon JH,Clarendon ISD,D,59,82,https://txschools.net/campus/clarendon-jh-065901041
275,7185,30,114902101,Coahoma Elem,Coahoma ISD,D,59,608,https://txschools.net/campus/coahoma-elem-114902101
275,7185,30,148905101,Darrouzett Schools,Darrouzett ISD,D,59,97,https://txschools.net/campus/darrouzett-schools-148905101
275,7185,30,227910001,Del Valle HS,Del Valle ISD,C,59,3589,https://txschools.net/campus/del-valle-hs-227910001
275,7185,30,220901125,Dunn Elem,Arlington ISD,D,59,467,https://txschools.net/campus/dunn-elem-220901125
275,7185,30,142901104,Encinal Elem,Cotulla ISD,D,59,71,https://txschools.net/campus/encinal-elem-142901104
275,7185,30,186902041,Fort Stockton MS,Fort Stockton ISD,D,59,503,https://txschools.net/campus/fort-stockton-ms-186902041
275,7185,30,071907105,Gonzalo and Sofia Garcia Elem,Canutillo ISD,D,59,424,https://txschools.net/campus/gonzalo-and-sofia-garcia-elem-071907105
275,7185,30,057905115,Harrell Budd Elem,Dallas ISD,F,59,382,https://txschools.net/campus/harrell-budd-elem-057905115
275,7185,30,124901041,Hebbronville JH,Jim Hogg County ISD,D,59,226,https://txschools.net/campus/hebbronville-jh-124901041
275,7185,30,057912046,Houston MS,Irving ISD,D,59,753,https://txschools.net/campus/houston-ms-057912046
275,7185,30,228903103,Lansberry Elem,Trinity ISD,F,59,553,https://txschools.net/campus/lansberry-elem-228903103
275,7185,30,193902001,Leakey School,Leakey ISD,C,59,308,https://txschools.net/campus/leakey-school-193902001
275,7185,30,057905278,Leonides Gonzalez Cigarroa MD Elem,Dallas ISD,D,59,479,https://txschools.net/campus/leonides-gonzalez-cigarroa-md-elem-057905278
275,7185,30,126901103,Lillian Elem,Alvarado ISD,F,59,504,https://txschools.net/campus/lillian-elem-126901103
275,7185,30,028902038,Lockhart Pride HS,Lockhart ISD,C,59,71,https://txschools.net/campus/lockhart-pride-hs-028902038
275,7185,30,227907043,Manor New Technology MS,Manor ISD,D,59,759,https://txschools.net/campus/manor-new-technology-ms-227907043
275,7185,30,025905001,May HS,May ISD,C,59,119,https://txschools.net/campus/may-hs-025905001
275,7185,30,220905143,McRae Elem,Fort Worth ISD,D,59,695,https://txschools.net/campus/mcrae-elem-220905143
275,7185,30,220901131,Morton Elem,Arlington ISD,F,59,436,https://txschools.net/campus/morton-elem-220901131
275,7185,30,220901109,Rankin Elem,Arlington ISD,D,59,536,https://txschools.net/campus/rankin-elem-220901109
275,7185,30,057916130,Richland Elem,Richardson ISD,D,59,607,https://txschools.net/campus/richland-elem-057916130
275,7185,30,057912114,Schulze Elem,Irving ISD,F,59,803,https://txschools.net/campus/schulze-elem-057912114
275,7185,30,061911046,Truett Wilson MS,Northwest ISD,D,59,1023,https://txschools.net/campus/truett-wilson-ms-061911046
275,7185,30,015904106,V M Adams Elem,Harlandale ISD,D,59,716,https://txschools.net/campus/v-m-adams-elem-015904106
275,7185,30,116909101,Wolfe City Elem,Wolfe City ISD,D,59,315,https://txschools.net/campus/wolfe-city-elem-116909101
275,7185,30,015904114,Wright Elem,Harlandale ISD,F,59,439,https://txschools.net/campus/wright-elem-015904114
306,7185,54,070903044,Alamo MS,Ennis ISD,C,60,505,https://txschools.net/campus/alamo-ms-070903044
306,7185,54,116903104,Albert C Williams Elem,Commerce ISD,F,60,344,https://txschools.net/campus/albert-c-williams-elem-116903104
306,7185,54,228905101,Apple Springs Elem,Apple Springs ISD,D,60,75,https://txschools.net/campus/apple-springs-elem-228905101
306,7185,54,101911113,Ashbel Smith Elem,Goose Creek CISD,F,60,678,https://txschools.net/campus/ashbel-smith-elem-101911113
306,7185,54,165901132,Barbara Yarbrough Elem,Midland ISD,D,60,689,https://txschools.net/campus/barbara-yarbrough-elem-165901132
306,7185,54,227910108,Baty Elem,Del Valle ISD,F,60,584,https://txschools.net/campus/baty-elem-227910108
306,7185,54,227907105,Blake Manor Elem,Manor ISD,F,60,568,https://txschools.net/campus/blake-manor-elem-227907105
306,7185,54,220920104,Blue Haze Elem,White Settlement ISD,D,60,586,https://txschools.net/campus/blue-haze-elem-220920104
306,7185,54,021902103,Bonham Elem,Bryan ISD,C,60,549,https://txschools.net/campus/bonham-elem-021902103
306,7185,54,161919042,Bruceville-Eddy Int,Bruceville-Eddy ISD,F,60,105,https://txschools.net/campus/bruceville-eddy-int-161919042
306,7185,54,050910005,Central Texas Innovation Academy,Copperas Cove ISD,B,60,114,https://txschools.net/campus/central-texas-innovation-academy-050910005
306,7185,54,227901161,Cook Elem,Austin ISD,F,60,384,https://txschools.net/campus/cook-elem-227901161
306,7185,54,102902103,Crockett Elem,Marshall ISD,F,60,527,https://txschools.net/campus/crockett-elem-102902103
306,7185,54,101905102,De Zavala Elem,Channelview ISD,D,60,681,https://txschools.net/campus/de-zavala-elem-101905102
306,7185,54,161914107,Dean Highland Elem,Waco ISD,F,60,573,https://txschools.net/campus/dean-highland-elem-161914107
306,7185,54,227910110,Del Valle Elem,Del Valle ISD,D,60,710,https://txschools.net/campus/del-valle-elem-227910110
306,7185,54,227910041,Del Valle MS,Del Valle ISD,D,60,910,https://txschools.net/campus/del-valle-ms-227910041
306,7185,54,105902103,Dezavala Elem,San Marcos CISD,D,60,573,https://txschools.net/campus/dezavala-elem-105902103
306,7185,54,082902101,Dilley Elem,Dilley ISD,F,60,422,https://txschools.net/campus/dilley-elem-082902101
306,7185,54,220905126,East Handley Elem,Fort Worth ISD,D,60,369,https://txschools.net/campus/east-handley-elem-220905126
306,7185,54,057905283,Esperanza Medrano Elem,Dallas ISD,D,60,371,https://txschools.net/campus/esperanza-medrano-elem-057905283
306,7185,54,015907123,Fenwick Academy,San Antonio ISD,D,60,579,https://txschools.net/campus/fenwick-academy-015907123
306,7185,54,101912154,Foster Elem,Houston ISD,F,60,247,https://txschools.net/campus/foster-elem-101912154
306,7185,54,043911109,Green Elem,Princeton ISD,D,60,723,https://txschools.net/campus/green-elem-043911109
306,7185,54,225907041,Harts Bluff MS,Harts Bluff ISD,C,60,206,https://txschools.net/campus/harts-bluff-ms-225907041
306,7185,54,079907008,Hightower HS,Fort Bend ISD,D,60,2205,https://txschools.net/campus/hightower-hs-079907008
306,7185,54,015907137,Hirsch Elem,San Antonio ISD,F,60,540,https://txschools.net/campus/hirsch-elem-015907137
306,7185,54,057912123,Jackie Mae Townsell Elem,Irving ISD,D,60,756,https://txschools.net/campus/jackie-mae-townsell-elem-057912123
306,7185,54,220901121,Johns Elem,Arlington ISD,D,60,499,https://txschools.net/campus/johns-elem-220901121
306,7185,54,057912108,Johnston Elem,Irving ISD,D,60,686,https://txschools.net/campus/johnston-elem-057912108
306,7185,54,161914101,Kendrick Elem,Waco ISD,D,60,804,https://txschools.net/campus/kendrick-elem-161914101
306,7185,54,079907115,Lantern Lane Elem,Fort Bend ISD,D,60,444,https://txschools.net/campus/lantern-lane-elem-079907115
306,7185,54,181908103,Little Cypress Int,Little Cypress-Mauriceville CISD,D,60,524,https://txschools.net/campus/little-cypress-int-181908103
306,7185,54,043911106,Lowe Elem,Princeton ISD,D,60,718,https://txschools.net/campus/lowe-elem-043911106
306,7185,54,220918046,Marine Creek MS,Eagle Mt-Saginaw ISD,D,60,907,https://txschools.net/campus/marine-creek-ms-220918046
306,7185,54,015915157,May Elem,Northside ISD,D,60,391,https://txschools.net/campus/may-elem-015915157
306,7185,54,037904043,Nichols Int,Jacksonville ISD,D,60,690,https://txschools.net/campus/nichols-int-037904043
306,7185,54,101902146,Ogden Elem,Aldine ISD,F,60,540,https://txschools.net/campus/ogden-elem-101902146
306,7185,54,061902124,Parkway Elem,Lewisville ISD,D,60,590,https://txschools.net/campus/parkway-elem-061902124
306,7185,54,227910101,Popham Elem,Del Valle ISD,F,60,731,https://txschools.net/campus/popham-elem-227910101
306,7185,54,227907106,Presidential Meadows Elem,Manor ISD,F,60,593,https://txschools.net/campus/presidential-meadows-elem-227907106
306,7185,54,013901101,R A Hall Elem,Beeville ISD,D,60,446,https://txschools.net/campus/r-a-hall-elem-013901101
306,7185,54,190903051,Rains Int,Rains ISD,F,60,357,https://txschools.net/campus/rains-int-190903051
306,7185,54,091914101,S and S Cons Elem,S and S CISD,D,60,340,https://txschools.net/campus/s-and-s-cons-elem-091914101
306,7185,54,188901125,Sanborn Elem,Amarillo ISD,D,60,385,https://txschools.net/campus/sanborn-elem-188901125
306,7185,54,117903041,Sanford-Fritch JH,Sanford-Fritch ISD,D,60,171,https://txschools.net/campus/sanford-fritch-jh-117903041
306,7185,54,199902111,Sara Moss Elem,Royse City ISD,F,60,326,https://txschools.net/campus/sara-moss-elem-199902111
306,7185,54,026902101,Somerville Elem,Somerville ISD,D,60,177,https://txschools.net/campus/somerville-elem-026902101
306,7185,54,247906101,Stockdale Elem,Stockdale ISD,C,60,418,https://txschools.net/campus/stockdale-elem-247906101
306,7185,54,146907102,Tarkington Elem,Tarkington ISD,D,60,695,https://txschools.net/campus/tarkington-elem-146907102
306,7185,54,071908044,Tornillo Elem,Tornillo ISD,D,60,328,https://txschools.net/campus/tornillo-elem-071908044
306,7185,54,108907103,Travis Elem,Mercedes ISD,D,60,617,https://txschools.net/campus/travis-elem-108907103
306,7185,54,015907168,Unity Prep at Stewart,San Antonio ISD,D,60,643,https://txschools.net/campus/unity-prep-at-stewart-015907168
306,7185,54,015915116,Villarreal Elem,Northside ISD,D,60,546,https://txschools.net/campus/villarreal-elem-015915116
306,7185,54,212909103,W L Kissam Int,Chapel Hill ISD,D,60,677,https://txschools.net/campus/w-l-kissam-int-212909103
361,7185,79,221901112,Alcorta Elem,Abilene ISD,D,61,429,https://txschools.net/campus/alcorta-elem-221901112
361,7185,79,037901101,Alto Elem,Alto ISD,C,61,210,https://txschools.net/campus/alto-elem-037901101
361,7185,79,123910101,Amelia Elem,Beaumont ISD,D,61,645,https://txschools.net/campus/amelia-elem-123910101
361,7185,79,091903045,B McDaniel Int,Denison ISD,D,61,741,https://txschools.net/campus/b-mcdaniel-int-091903045
361,7185,79,246913109,Bagdad Elem,Leander ISD,F,61,688,https://txschools.net/campus/bagdad-elem-246913109
361,7185,79,030903101,Baird Elem,Baird ISD,D,61,204,https://txschools.net/campus/baird-elem-030903101
361,7185,79,101919046,Bammel MS,Spring ISD,F,61,773,https://txschools.net/campus/bammel-ms-101919046
361,7185,79,220901141,Bebensee Elem,Arlington ISD,D,61,666,https://txschools.net/campus/bebensee-elem-220901141
361,7185,79,235901101,Bloomington Elem,Bloomington ISD,F,61,205,https://txschools.net/campus/bloomington-elem-235901101
361,7185,79,185901101,Bovina Elem,Bovina ISD,F,61,175,https://txschools.net/campus/bovina-elem-185901101
361,7185,79,136901001,Brackett HS,Brackett ISD,C,61,154,https://txschools.net/campus/brackett-hs-136901001
361,7185,79,170904103,C C Hardy Elem,Willis ISD,F,61,814,https://txschools.net/campus/c-c-hardy-elem-170904103
361,7185,79,031901101,Canales Elem,Brownsville ISD,D,61,582,https://txschools.net/campus/canales-elem-031901101
361,7185,79,071905127,Capistrano Elem,Ysleta ISD,D,61,370,https://txschools.net/campus/capistrano-elem-071905127
361,7185,79,161914043,Cesar Chavez MS,Waco ISD,F,61,836,https://txschools.net/campus/cesar-chavez-ms-161914043
361,7185,79,057905119,Chapel Hill Preparatory-A Personalized Lrning Sch,Dallas ISD,C,61,380,https://txschools.net/campus/chapel-hill-preparatory-a-personalized-lrning-sch-057905119
361,7185,79,194904103,Cheatham Elem,Clarksville ISD,F,61,236,https://txschools.net/campus/cheatham-elem-194904103
361,7185,79,146901001,Cleveland HS,Cleveland ISD,C,61,3650,https://txschools.net/campus/cleveland-hs-146901001
361,7185,79,170907061,Coleman 6th Grade Campus,Splendora ISD,D,61,455,https://txschools.net/campus/coleman-6th-grade-campus-170907061
361,7185,79,229901001,Colmesneil JH/HS,Colmesneil ISD,C,61,180,https://txschools.net/campus/colmesneil-jh-hs-229901001
361,7185,79,161921104,Connally Elem,Connally ISD,F,61,269,https://txschools.net/campus/connally-elem-161921104
361,7185,79,117901105,Crockett Elem,Borger ISD,D,61,327,https://txschools.net/campus/crockett-elem-117901105
361,7185,79,233901113,Dr Lonnie Green Jr Elem,San Felipe-Del Rio CISD,D,61,721,https://txschools.net/campus/dr-lonnie-green-jr-elem-233901113
361,7185,79,108912127,Dr Maria Palmira Mendiola Elem,La Joya ISD,D,61,597,https://txschools.net/campus/dr-maria-palmira-mendiola-elem-108912127
361,7185,79,152901011,Dupre Academy HS,Lubbock ISD,C,61,116,https://txschools.net/campus/dupre-academy-hs-152901011
361,7185,79,220905006,Eastern Hills HS,Fort Worth ISD,C,61,1171,https://txschools.net/campus/eastern-hills-hs-220905006
361,7185,79,243902101,Electra Elem,Electra ISD,D,61,209,https://txschools.net/campus/electra-elem-243902101
361,7185,79,057906108,Frank D Moates Elem,Desoto ISD,F,61,459,https://txschools.net/campus/frank-d-moates-elem-057906108
361,7185,79,146901004,Frederick A Douglass Learning Academy,Cleveland ISD,C,61,144,https://txschools.net/campus/frederick-a-douglass-learning-academy-146901004
361,7185,79,084906101,Fry Int,Texas City ISD,C,61,789,https://txschools.net/campus/fry-int-084906101
361,7185,79,057910122,Global Leadership Academy at Barbara Bush Elem,Grand Prairie ISD,D,61,559,https://txschools.net/campus/global-leadership-academy-at-barbara-bush-elem-057910122
361,7185,79,246905001,Granger School,Granger ISD,C,61,573,https://txschools.net/campus/granger-school-246905001
361,7185,79,003903004,Hackney Learning Center,Lufkin ISD,D,61,106,https://txschools.net/campus/hackney-learning-center-003903004
361,7185,79,057912106,Haley J Elem,Irving ISD,D,61,746,https://txschools.net/campus/haley-j-elem-057912106
361,7185,79,137901105,Harvey Elem,Kingsville ISD,F,61,406,https://txschools.net/campus/harvey-elem-137901105
361,7185,79,129902104,Henderson Elem,Forney ISD,D,61,594,https://txschools.net/campus/henderson-elem-129902104
361,7185,79,220918106,High Country Elem,Eagle Mt-Saginaw ISD,F,61,517,https://txschools.net/campus/high-country-elem-220918106
361,7185,79,220915110,Hilltop Elem,Azle ISD,D,61,542,https://txschools.net/campus/hilltop-elem-220915110
361,7185,79,061902052,Huffines MS,Lewisville ISD,D,61,565,https://txschools.net/campus/huffines-ms-061902052
361,7185,79,003904102,Huntington Int,Huntington ISD,D,61,193,https://txschools.net/campus/huntington-int-003904102
361,7185,79,109907101,Itasca Elem,Itasca ISD,D,61,311,https://txschools.net/campus/itasca-elem-109907101
361,7185,79,108902109,J W Caceres Discovery Int Academy,Donna ISD,D,61,331,https://txschools.net/campus/j-w-caceres-discovery-int-academy-108902109
361,7185,79,101917109,Jessup Elem,Pasadena ISD,D,61,357,https://txschools.net/campus/jessup-elem-101917109
361,7185,79,134901041,Junction MS,Junction ISD,D,61,127,https://txschools.net/campus/junction-ms-134901041
361,7185,79,101917110,Kruse Elem,Pasadena ISD,D,61,373,https://txschools.net/campus/kruse-elem-101917110
361,7185,79,125906101,La Gloria Elem,La Gloria ISD,D,61,126,https://txschools.net/campus/la-gloria-elem-125906101
361,7185,79,108912001,La Joya HS,La Joya ISD,C,61,2069,https://txschools.net/campus/la-joya-hs-108912001
361,7185,79,061912041,Lake Dallas MS,Lake Dallas ISD,C,61,833,https://txschools.net/campus/lake-dallas-ms-061912041
361,7185,79,233901106,Lamar Elem,San Felipe-Del Rio CISD,D,61,627,https://txschools.net/campus/lamar-elem-233901106
361,7185,79,070912112,Marvin Biomedical Academy,Waxahachie ISD,D,61,481,https://txschools.net/campus/marvin-biomedical-academy-070912112
361,7185,79,043911108,Mayfield Elem,Princeton ISD,D,61,711,https://txschools.net/campus/mayfield-elem-043911108
361,7185,79,220905069,McLean 6th Grade,Fort Worth ISD,C,61,381,https://txschools.net/campus/mclean-6th-grade-220905069
361,7185,79,227901058,Mendez MS,Austin ISD,D,61,283,https://txschools.net/campus/mendez-ms-227901058
361,7185,79,165901002,Midland Lee HS,Midland ISD,C,61,2719,https://txschools.net/campus/midland-lee-hs-165901002
361,7185,79,015916111,Miller's Point Elem,Judson ISD,D,61,491,https://txschools.net/campus/miller-s-point-elem-015916111
361,7185,79,176902041,Newton MS,Newton ISD,C,61,232,https://txschools.net/campus/newton-ms-176902041
361,7185,79,227901129,Pecan Springs Elem,Austin ISD,F,61,240,https://txschools.net/campus/pecan-springs-elem-227901129
361,7185,79,061907104,Pete and Myra West Elem,Aubrey ISD,D,61,771,https://txschools.net/campus/pete-and-myra-west-elem-061907104
361,7185,79,057914123,Pirrung Elem,Mesquite ISD,F,61,376,https://txschools.net/campus/pirrung-elem-057914123
361,7185,79,057914108,Range Elem,Mesquite ISD,D,61,567,https://txschools.net/campus/range-elem-057914108
361,7185,79,031911102,Rio Hondo Elem,Rio Hondo ISD,D,61,458,https://txschools.net/campus/rio-hondo-elem-031911102
361,7185,79,031912109,Roberts Elem,San Benito CISD,F,61,224,https://txschools.net/campus/roberts-elem-031912109
361,7185,79,015915048,Rudder MS,Northside ISD,D,61,898,https://txschools.net/campus/rudder-ms-015915048
361,7185,79,074911101,Savoy Elem,Savoy ISD,D,61,187,https://txschools.net/campus/savoy-elem-074911101
361,7185,79,236902104,Scott Johnson Elem,Huntsville ISD,F,61,889,https://txschools.net/campus/scott-johnson-elem-236902104
361,7185,79,129902109,Smith Int,Forney ISD,C,61,598,https://txschools.net/campus/smith-int-129902109
361,7185,79,208902109,Snyder Pri,Snyder ISD,D,61,693,https://txschools.net/campus/snyder-pri-208902109
361,7185,79,254901042,Sterling H Fly Jr HS,Crystal City ISD,D,61,371,https://txschools.net/campus/sterling-h-fly-jr-hs-254901042
361,7185,79,001907110,Story Int,Palestine ISD,D,61,671,https://txschools.net/campus/story-int-001907110
361,7185,79,015915149,Thornton Elem,Northside ISD,D,61,572,https://txschools.net/campus/thornton-elem-015915149
361,7185,79,021902001,Travis B Bryan HS,Bryan ISD,C,61,2231,https://txschools.net/campus/travis-b-bryan-hs-021902001
361,7185,79,105902105,Travis Elem,San Marcos CISD,D,61,402,https://txschools.net/campus/travis-elem-105902105
361,7185,79,123907108,Travis Elem,Port Arthur ISD,F,61,545,https://txschools.net/campus/travis-elem-123907108
361,7185,79,228903041,Trinity MS,Trinity ISD,D,61,229,https://txschools.net/campus/trinity-ms-228903041
361,7185,79,244903001,Vernon HS,Vernon ISD,C,61,487,https://txschools.net/campus/vernon-hs-244903001
361,7185,79,123910048,Vincent MS,Beaumont ISD,F,61,581,https://txschools.net/campus/vincent-ms-123910048
361,7185,79,227901053,Webb MS,Austin ISD,F,61,429,https://txschools.net/campus/webb-ms-227901053
361,7185,79,234907041,Wills Point MS,Wills Point ISD,C,61,427,https://txschools.net/campus/wills-point-ms-234907041
361,7185,79,015916048,Woodlake Hills College Prep,Judson ISD,D,61,564,https://txschools.net/campus/woodlake-hills-college-prep-015916048
361,7185,79,227901145,Zavala Elem,Austin ISD,D,61,202,https://txschools.net/campus/zavala-elem-227901145
441,7185,80,015915106,Allen Elem,Northside ISD,D,62,400,https://txschools.net/campus/allen-elem-015915106
441,7185,80,107901104,Bel Air Elem,Athens ISD,C,62,469,https://txschools.net/campus/bel-air-elem-107901104
441,7185,80,161914103,Bell's Hill Elem,Waco ISD,D,62,719,https://txschools.net/campus/bell-s-hill-elem-161914103
441,7185,80,123910127,Blanchette Elem,Beaumont ISD,F,62,426,https://txschools.net/campus/blanchette-elem-123910127
441,7185,80,015905041,Brentwood MS,Edgewood ISD,F,62,576,https://txschools.net/campus/brentwood-ms-015905041
441,7185,80,094901042,Briesemeister MS,Seguin ISD,D,62,847,https://txschools.net/campus/briesemeister-ms-094901042
441,7185,80,057912102,Brown Elem,Irving ISD,F,62,829,https://txschools.net/campus/brown-elem-057912102
441,7185,80,057909042,Bussey MS,Garland ISD,D,62,749,https://txschools.net/campus/bussey-ms-057909042
441,7185,80,026901042,Caldwell Int,Caldwell ISD,C,62,427,https://txschools.net/campus/caldwell-int-026901042
441,7185,80,043902042,Clemons Creek MS,Anna ISD,C,62,742,https://txschools.net/campus/clemons-creek-ms-043902042
441,7185,80,161921101,Connally Pri,Connally ISD,F,62,442,https://txschools.net/campus/connally-pri-161921101
441,7185,80,184903105,Curtis Elem,Weatherford ISD,C,62,611,https://txschools.net/campus/curtis-elem-184903105
441,7185,80,061902050,Delay MS,Lewisville ISD,F,62,627,https://txschools.net/campus/delay-ms-061902050
441,7185,80,212905107,Dixie Elem,Tyler ISD,D,62,610,https://txschools.net/campus/dixie-elem-212905107
441,7185,80,246907103,Double Creek Elem,Jarrell ISD,D,62,909,https://txschools.net/campus/double-creek-elem-246907103
441,7185,80,212905108,Douglas Elem,Tyler ISD,D,62,598,https://txschools.net/campus/douglas-elem-212905108
441,7185,80,207901101,Eldorado Elem,Schleicher ISD,D,62,142,https://txschools.net/campus/eldorado-elem-207901101
441,7185,80,011902041,Elgin MS,Elgin ISD,D,62,880,https://txschools.net/campus/elgin-ms-011902041
441,7185,80,220901142,Ellis Elem,Arlington ISD,D,62,701,https://txschools.net/campus/ellis-elem-220901142
441,7185,80,061907043,Evalois Owens MS,Aubrey ISD,C,62,561,https://txschools.net/campus/evalois-owens-ms-061907043
441,7185,80,061901112,Evers Park Elem,Denton ISD,D,62,791,https://txschools.net/campus/evers-park-elem-061901112
441,7185,80,091906105,Fairview Elem,Sherman ISD,D,62,616,https://txschools.net/campus/fairview-elem-091906105
441,7185,80,101917102,Fisher Elem,Pasadena ISD,C,62,494,https://txschools.net/campus/fisher-elem-101917102
441,7185,80,148902001,Follett School,Follett ISD,C,62,170,https://txschools.net/campus/follett-school-148902001
441,7185,80,004901101,Fulton Elem,Rockport-Fulton ISD,D,62,599,https://txschools.net/campus/fulton-elem-004901101
441,7185,80,031909102,Garriga Elem,Point Isabel ISD,C,62,328,https://txschools.net/campus/garriga-elem-031909102
441,7185,80,105902041,Goodnight MS,San Marcos CISD,D,62,891,https://txschools.net/campus/goodnight-ms-105902041
441,7185,80,187903101,Goodrich Elem,Goodrich ISD,D,62,145,https://txschools.net/campus/goodrich-elem-187903101
441,7185,80,091917041,Gunter MS,Gunter ISD,C,62,278,https://txschools.net/campus/gunter-ms-091917041
441,7185,80,057916105,Hamilton Park Pacesetter Magnet,Richardson ISD,D,62,582,https://txschools.net/campus/hamilton-park-pacesetter-magnet-057916105
441,7185,80,127903102,Hamlin Collegiate Elem,Hamlin Collegiate ISD,D,62,201,https://txschools.net/campus/hamlin-collegiate-elem-127903102
441,7185,80,101911107,Harlem Elem,Goose Creek CISD,D,62,742,https://txschools.net/campus/harlem-elem-101911107
441,7185,80,102905101,Harleton Elem,Harleton ISD,C,62,334,https://txschools.net/campus/harleton-elem-102905101
441,7185,80,015912106,Hidden Cove STEAM Academy,Southwest ISD,D,62,428,https://txschools.net/campus/hidden-cove-steam-academy-015912106
441,7185,80,093904106,High Point Elem,Navasota ISD,F,62,496,https://txschools.net/campus/high-point-elem-093904106
441,7185,80,015915105,Hull Elem,Northside ISD,D,62,420,https://txschools.net/campus/hull-elem-015915105
441,7185,80,236902002,Huntsville HS,Huntsville ISD,C,62,1850,https://txschools.net/campus/huntsville-hs-236902002
441,7185,80,025901101,J B Stephens Elem,Bangs ISD,D,62,370,https://txschools.net/campus/j-b-stephens-elem-025901101
441,7185,80,043910101,Jackson Elem,Plano ISD,D,62,586,https://txschools.net/campus/jackson-elem-043910101
441,7185,80,061907102,James A Monaco,Aubrey ISD,D,62,569,https://txschools.net/campus/james-a-monaco-061907102
441,7185,80,057910051,James Fannin MS,Grand Prairie ISD,D,62,457,https://txschools.net/campus/james-fannin-ms-057910051
441,7185,80,161914110,JH Hines Elem,Waco ISD,F,62,359,https://txschools.net/campus/jh-hines-elem-161914110
441,7185,80,108902118,Julian S Adame Arts Academy,Donna ISD,C,62,860,https://txschools.net/campus/julian-s-adame-arts-academy-108902118
441,7185,80,057912050,Lady Bird Johnson MS,Irving ISD,C,62,782,https://txschools.net/campus/lady-bird-johnson-ms-057912050
441,7185,80,090904115,Lamar Elem,Pampa ISD,D,62,366,https://txschools.net/campus/lamar-elem-090904115
441,7185,80,014909041,Lamar MS,Temple ISD,D,62,558,https://txschools.net/campus/lamar-ms-014909041
441,7185,80,187906101,Leggett Elem,Leggett ISD,D,62,114,https://txschools.net/campus/leggett-elem-187906101
441,7185,80,019908001,Liberty-Eylau HS,Liberty-Eylau ISD,D,62,517,https://txschools.net/campus/liberty-eylau-hs-019908001
441,7185,80,071902128,Logan Elem,El Paso ISD,F,62,619,https://txschools.net/campus/logan-elem-071902128
441,7185,80,165901112,Long Elem,Midland ISD,D,62,551,https://txschools.net/campus/long-elem-165901112
441,7185,80,220910042,Lucyle Collins MS,Lake Worth ISD,D,62,768,https://txschools.net/campus/lucyle-collins-ms-220910042
441,7185,80,101902003,MacArthur HS,Aldine ISD,C,62,3256,https://txschools.net/campus/macarthur-hs-101902003
441,7185,80,152901067,MacKenzie MS,Lubbock ISD,D,62,382,https://txschools.net/campus/mackenzie-ms-152901067
441,7185,80,043910105,Memorial Elem,Plano ISD,D,62,485,https://txschools.net/campus/memorial-elem-043910105
441,7185,80,250903101,Mineola Pri,Mineola ISD,C,62,646,https://txschools.net/campus/mineola-pri-250903101
441,7185,80,167902001,Mullin Main,Mullin ISD,C,62,118,https://txschools.net/campus/mullin-main-167902001
441,7185,80,163903001,Natalia HS,Natalia ISD,C,62,364,https://txschools.net/campus/natalia-hs-163903001
441,7185,80,061901107,Newton Rayzor Elem,Denton ISD,D,62,662,https://txschools.net/campus/newton-rayzor-elem-061901107
441,7185,80,059901104,Northwest Elem,Hereford ISD,F,62,470,https://txschools.net/campus/northwest-elem-059901104
441,7185,80,181907103,Oak Forest Elem,Vidor ISD,D,62,671,https://txschools.net/campus/oak-forest-elem-181907103
441,7185,80,021901201,Oakwood Int,College Station ISD,C,62,744,https://txschools.net/campus/oakwood-int-021901201
441,7185,80,101903140,Owens Int,Alief ISD,D,62,800,https://txschools.net/campus/owens-int-101903140
441,7185,80,159901117,Pete Gallego Elem,Eagle Pass ISD,C,62,311,https://txschools.net/campus/pete-gallego-elem-159901117
441,7185,80,014910041,Raymond Mays MS,Troy ISD,C,62,427,https://txschools.net/campus/raymond-mays-ms-014910041
441,7185,80,061901108,Rivera Elem,Denton ISD,D,62,728,https://txschools.net/campus/rivera-elem-061901108
441,7185,80,027903104,RJ Richey Elem,Burnet CISD,D,62,514,https://txschools.net/campus/rj-richey-elem-027903104
441,7185,80,057905354,Royce West Leadership School,Dallas ISD,D,62,545,https://txschools.net/campus/royce-west-leadership-school-057905354
441,7185,80,232902101,Sabinal Elem,Sabinal ISD,C,62,230,https://txschools.net/campus/sabinal-elem-232902101
441,7185,80,014909119,Sampson-Howard Elem,Temple ISD,D,62,655,https://txschools.net/campus/sampson-howard-elem-014909119
441,7185,80,091906043,Sherman MS,Sherman ISD,C,62,947,https://txschools.net/campus/sherman-ms-091906043
441,7185,80,057914129,Smith Elem,Mesquite ISD,D,62,529,https://txschools.net/campus/smith-elem-057914129
441,7185,80,015905144,Stafford Elem Visual and Performing Arts,Edgewood ISD,D,62,629,https://txschools.net/campus/stafford-elem-visual-and-performing-arts-015905144
441,7185,80,220901140,Starrett Elem,Arlington ISD,D,62,457,https://txschools.net/campus/starrett-elem-220901140
441,7185,80,091903114,Terrell Elem,Denison ISD,F,62,444,https://txschools.net/campus/terrell-elem-091903114
441,7185,80,091918041,Tom Bean MS,Tom Bean ISD,C,62,185,https://txschools.net/campus/tom-bean-ms-091918041
441,7185,80,227901007,Travis Early College HS,Austin ISD,D,62,917,https://txschools.net/campus/travis-early-college-hs-227901007
441,7185,80,178912002,Tuloso-Midway Academic Career Center,Tuloso-Midway ISD,C,62,33,https://txschools.net/campus/tuloso-midway-academic-career-center-178912002
441,7185,80,031905041,W B Green MS,La Feria ISD,D,62,575,https://txschools.net/campus/w-b-green-ms-031905041
441,7185,80,220905133,W M Green Elem,Fort Worth ISD,F,62,526,https://txschools.net/campus/w-m-green-elem-220905133
441,7185,80,161914002,Waco HS,Waco ISD,C,62,1703,https://txschools.net/campus/waco-hs-161914002
441,7185,80,015916107,Woodlake Elem,Judson ISD,D,62,570,https://txschools.net/campus/woodlake-elem-015916107
522,7185,103,057916135,Aikin Elem,Richardson ISD,D,63,443,https://txschools.net/campus/aikin-elem-057916135
522,7185,103,022901041,Alpine MS,Alpine ISD,C,63,248,https://txschools.net/campus/alpine-ms-022901041
522,7185,103,101902101,Anderson Academy,Aldine ISD,D,63,551,https://txschools.net/campus/anderson-academy-101902101
522,7185,103,097902102,Ann Whitney Elem,Hamilton ISD,C,63,359,https://txschools.net/campus/ann-whitney-elem-097902102
522,7185,103,110901001,Anton School,Anton ISD,C,63,171,https://txschools.net/campus/anton-school-110901001
522,7185,103,170902102,Austin Elem,Conroe ISD,D,63,970,https://txschools.net/campus/austin-elem-170902102
522,7185,103,057913109,Belt Line Elem,Lancaster ISD,D,63,496,https://txschools.net/campus/belt-line-elem-057913109
522,7185,103,220907116,Bluebonnet Elem,Keller ISD,C,63,517,https://txschools.net/campus/bluebonnet-elem-220907116
522,7185,103,188901052,Bowie 6th Grade Campus,Amarillo ISD,B,63,346,https://txschools.net/campus/bowie-6th-grade-campus-188901052
522,7185,103,226903106,Bradford Elem,San Angelo ISD,F,63,450,https://txschools.net/campus/bradford-elem-226903106
522,7185,103,220918104,Bryson Elem,Eagle Mt-Saginaw ISD,D,63,638,https://txschools.net/campus/bryson-elem-220918104
522,7185,103,101903145,Budewig Int,Alief ISD,D,63,1053,https://txschools.net/campus/budewig-int-101903145
522,7185,103,057903047,Bush MS,Carrollton-Farmers Branch ISD,C,63,638,https://txschools.net/campus/bush-ms-057903047
522,7185,103,123910104,Caldwood Elem,Beaumont ISD,D,63,564,https://txschools.net/campus/caldwood-elem-123910104
522,7185,103,116910001,Campbell HS,Campbell ISD,D,63,147,https://txschools.net/campus/campbell-hs-116910001
522,7185,103,015916112,Candlewood Elem,Judson ISD,D,63,206,https://txschools.net/campus/candlewood-elem-015916112
522,7185,103,108903043,Carlos F Truan MS,Edcouch-Elsa ISD,D,63,815,https://txschools.net/campus/carlos-f-truan-ms-108903043
522,7185,103,220905110,Carroll Peak Elem,Fort Worth ISD,D,63,472,https://txschools.net/campus/carroll-peak-elem-220905110
522,7185,103,220904041,Charles Baxter JH,Everman ISD,F,63,672,https://txschools.net/campus/charles-baxter-jh-220904041
522,7185,103,094902115,Cibolo Valley Elem,Schertz-Cibolo-U City ISD,D,63,553,https://txschools.net/campus/cibolo-valley-elem-094902115
522,7185,103,070912111,Clift Elem,Waxahachie ISD,F,63,457,https://txschools.net/campus/clift-elem-070912111
522,7185,103,015910103,Colonial Hills Elem,North East ISD,D,63,405,https://txschools.net/campus/colonial-hills-elem-015910103
522,7185,103,175903041,Corsicana MS,Corsicana ISD,D,63,843,https://txschools.net/campus/corsicana-ms-175903041
522,7185,103,123910105,Curtis Elem,Beaumont ISD,D,63,490,https://txschools.net/campus/curtis-elem-123910105
522,7185,103,220905186,David K Sellars Elem,Fort Worth ISD,D,63,393,https://txschools.net/campus/david-k-sellars-elem-220905186
522,7185,103,227901114,Dawson Elem,Austin ISD,F,63,152,https://txschools.net/campus/dawson-elem-227901114
522,7185,103,163901102,Devine Intermediate School,Devine ISD,F,63,439,https://txschools.net/campus/devine-intermediate-school-163901102
522,7185,103,221901108,Dyess Elem,Abilene ISD,D,63,634,https://txschools.net/campus/dyess-elem-221901108
522,7185,103,220904102,E Ray Elem,Everman ISD,D,63,328,https://txschools.net/campus/e-ray-elem-220904102
522,7185,103,057905312,Eddie Bernice Johnson STEM Academy,Dallas ISD,D,63,580,https://txschools.net/campus/eddie-bernice-johnson-stem-academy-057905312
522,7185,103,241903041,El Campo MS,El Campo ISD,C,63,690,https://txschools.net/campus/el-campo-ms-241903041
522,7185,103,220918105,Elkins Elem,Eagle Mt-Saginaw ISD,D,63,676,https://txschools.net/campus/elkins-elem-220918105
522,7185,103,015916113,Elolf STEAM Academy,Judson ISD,D,63,651,https://txschools.net/campus/elolf-steam-academy-015916113
522,7185,103,081902043,Fairfield Int,Fairfield ISD,D,63,344,https://txschools.net/campus/fairfield-int-081902043
522,7185,103,185903101,Friona Elem,Friona ISD,F,63,265,https://txschools.net/campus/friona-elem-185903101
522,7185,103,161914050,G W Carver MS,Waco ISD,F,63,625,https://txschools.net/campus/g-w-carver-ms-161914050
522,7185,103,049901104,Gainesville Int,Gainesville ISD,D,63,457,https://txschools.net/campus/gainesville-int-049901104
522,7185,103,101917104,Gardens Elem,Pasadena ISD,D,63,344,https://txschools.net/campus/gardens-elem-101917104
522,7185,103,227901063,General Marshall MS,Austin ISD,D,63,638,https://txschools.net/campus/general-marshall-ms-227901063
522,7185,103,129906108,Gilbert Willie Sr Elem,Terrell ISD,D,63,620,https://txschools.net/campus/gilbert-willie-sr-elem-129906108
522,7185,103,057912105,Good Elem,Irving ISD,D,63,689,https://txschools.net/campus/good-elem-057912105
522,7185,103,252901041,Graham JH,Graham ISD,C,63,491,https://txschools.net/campus/graham-jh-252901041
522,7185,103,113902102,Grapeland Elem,Grapeland ISD,D,63,300,https://txschools.net/campus/grapeland-elem-113902102
522,7185,103,165902103,Greenwood Int,Greenwood ISD,D,63,860,https://txschools.net/campus/greenwood-int-165902103
522,7185,103,043910130,Haggar Elem,Plano ISD,C,63,479,https://txschools.net/campus/haggar-elem-043910130
522,7185,103,184903041,Hall MS,Weatherford ISD,C,63,978,https://txschools.net/campus/hall-ms-184903041
522,7185,103,101902043,Hambrick MS,Aldine ISD,D,63,877,https://txschools.net/campus/hambrick-ms-101902043
522,7185,103,057910124,Hector P Garcia Elem,Grand Prairie ISD,F,63,458,https://txschools.net/campus/hector-p-garcia-elem-057910124
522,7185,103,101919127,Helen Major Elem,Spring ISD,D,63,623,https://txschools.net/campus/helen-major-elem-101919127
522,7185,103,027904103,Highland Lakes Elem,Marble Falls ISD,F,63,470,https://txschools.net/campus/highland-lakes-elem-027904103
522,7185,103,109905101,Hubbard Elem,Hubbard ISD,D,63,194,https://txschools.net/campus/hubbard-elem-109905101
522,7185,103,220908112,Imogene Gideon Elem,Mansfield ISD,D,63,316,https://txschools.net/campus/imogene-gideon-elem-220908112
522,7185,103,070903105,Jack Lummus Int,Ennis ISD,D,63,516,https://txschools.net/campus/jack-lummus-int-070903105
522,7185,103,079907102,Lakeview Elem,Fort Bend ISD,C,63,321,https://txschools.net/campus/lakeview-elem-079907102
522,7185,103,201904101,Leveretts Chapel Elem,Leveretts Chapel ISD,D,63,115,https://txschools.net/campus/leveretts-chapel-elem-201904101
522,7185,103,201904001,Leveretts Chapel HS,Leveretts Chapel ISD,C,63,64,https://txschools.net/campus/leveretts-chapel-hs-201904001
522,7185,103,144902101,Lexington Elem,Lexington ISD,C,63,464,https://txschools.net/campus/lexington-elem-144902101
522,7185,103,221901152,Martinez Elem,Abilene ISD,D,63,667,https://txschools.net/campus/martinez-elem-221901152
522,7185,103,011905101,McDade Elem,McDade ISD,D,63,204,https://txschools.net/campus/mcdade-elem-011905101
522,7185,103,161909101,McGregor Elem,McGregor ISD,D,63,436,https://txschools.net/campus/mcgregor-elem-161909101
522,7185,103,018903001,Morgan School,Morgan ISD,C,63,138,https://txschools.net/campus/morgan-school-018903001
522,7185,103,011902103,Neidig Elem,Elgin ISD,F,63,693,https://txschools.net/campus/neidig-elem-011902103
522,7185,103,241901101,Newgulf Elem,Boling ISD,C,63,558,https://txschools.net/campus/newgulf-elem-241901101
522,7185,103,094904102,Norma Krueger Elem/Bert Karrer Campus,Marion ISD,D,63,381,https://txschools.net/campus/norma-krueger-elem-bert-karrer-campus-094904102
522,7185,103,057916121,Northlake Elem,Richardson ISD,C,63,452,https://txschools.net/campus/northlake-elem-057916121
522,7185,103,220905016,O D Wyatt HS,Fort Worth ISD,D,63,1380,https://txschools.net/campus/o-d-wyatt-hs-220905016
522,7185,103,015916105,Park Village Blended Learning Academy,Judson ISD,F,63,343,https://txschools.net/campus/park-village-blended-learning-academy-015916105
522,7185,103,061901116,Pecan Creek Elem,Denton ISD,C,63,660,https://txschools.net/campus/pecan-creek-elem-061901116
522,7185,103,212905115,Peete Elem,Tyler ISD,D,63,411,https://txschools.net/campus/peete-elem-212905115
522,7185,103,221901113,Purcell STEM Academy,Abilene ISD,D,63,691,https://txschools.net/campus/purcell-stem-academy-221901113
522,7185,103,101919126,Ralph Eickenroht Elem,Spring ISD,D,63,589,https://txschools.net/campus/ralph-eickenroht-elem-101919126
522,7185,103,101917114,Red Bluff Elem,Pasadena ISD,D,63,451,https://txschools.net/campus/red-bluff-elem-101917114
522,7185,103,212905117,Rice Elem,Tyler ISD,D,63,601,https://txschools.net/campus/rice-elem-212905117
522,7185,103,057909137,Rowlett Elem,Garland ISD,D,63,442,https://txschools.net/campus/rowlett-elem-057909137
522,7185,103,101924102,Royalwood Elem,Sheldon ISD,C,63,629,https://txschools.net/campus/royalwood-elem-101924102
522,7185,103,108903104,Ruben C Rodriguez STEM Academy,Edcouch-Elsa ISD,D,63,430,https://txschools.net/campus/ruben-c-rodriguez-stem-academy-108903104
522,7185,103,014908042,Salado MS,Salado ISD,C,63,592,https://txschools.net/campus/salado-ms-014908042
522,7185,103,206901101,San Saba Elem,San Saba ISD,D,63,292,https://txschools.net/campus/san-saba-elem-206901101
522,7185,103,094902103,Schertz Elem,Schertz-Cibolo-U City ISD,D,63,619,https://txschools.net/campus/schertz-elem-094902103
522,7185,103,094901001,Seguin HS,Seguin ISD,C,63,1903,https://txschools.net/campus/seguin-hs-094901001
522,7185,103,067903101,Siebert Elem,Eastland ISD,C,63,486,https://txschools.net/campus/siebert-elem-067903101
522,7185,103,003903129,Slack Elem,Lufkin ISD,D,63,525,https://txschools.net/campus/slack-elem-003903129
522,7185,103,043902041,Slayter Creek MS,Anna ISD,D,63,695,https://txschools.net/campus/slayter-creek-ms-043902041
522,7185,103,208902110,Snyder Int,Snyder ISD,D,63,348,https://txschools.net/campus/snyder-int-208902110
522,7185,103,215901103,South Elem,Breckenridge ISD,D,63,301,https://txschools.net/campus/south-elem-215901103
522,7185,103,021902110,Sul Ross Elem,Bryan ISD,C,63,474,https://txschools.net/campus/sul-ross-elem-021902110
522,7185,103,020906104,Sweeny Elem,Sweeny ISD,C,63,740,https://txschools.net/campus/sweeny-elem-020906104
522,7185,103,221901121,Taylor Elem,Abilene ISD,D,63,792,https://txschools.net/campus/taylor-elem-221901121
522,7185,103,014909111,Thornton Elem,Temple ISD,D,63,689,https://txschools.net/campus/thornton-elem-014909111
522,7185,103,057914112,Tisinger Elem,Mesquite ISD,D,63,730,https://txschools.net/campus/tisinger-elem-057914112
522,7185,103,074912101,Trenton Elem,Trenton ISD,C,63,282,https://txschools.net/campus/trenton-elem-074912101
522,7185,103,014906127,Trimmier Elem,Killeen ISD,D,63,638,https://txschools.net/campus/trimmier-elem-014906127
522,7185,103,234906104,Van MS,Van ISD,D,63,828,https://txschools.net/campus/van-ms-234906104
522,7185,103,057914042,Vanston MS,Mesquite ISD,C,63,702,https://txschools.net/campus/vanston-ms-057914042
522,7185,103,180902101,Vega Elem,Vega ISD,C,63,121,https://txschools.net/campus/vega-elem-180902101
522,7185,103,094901110,Vogel Elem,Seguin ISD,C,63,477,https://txschools.net/campus/vogel-elem-094901110
522,7185,103,018905003,Walnut Springs School,Walnut Springs ISD,C,63,152,https://txschools.net/campus/walnut-springs-school-018905003
522,7185,103,079907134,Walter Moses Burton Elem,Fort Bend ISD,D,63,603,https://txschools.net/campus/walter-moses-burton-elem-079907134
522,7185,103,084910119,Wedgewood Elem,Clear Creek ISD,C,63,603,https://txschools.net/campus/wedgewood-elem-084910119
522,7185,103,020907102,West Columbia Elem,Columbia-Brazoria ISD,D,63,681,https://txschools.net/campus/west-columbia-elem-020907102
522,7185,103,220905015,Western Hills HS,Fort Worth ISD,C,63,777,https://txschools.net/campus/western-hills-hs-220905015
522,7185,103,188901132,Whittier Elem,Amarillo ISD,D,63,436,https://txschools.net/campus/whittier-elem-188901132
522,7185,103,229903102,Woodville Elem,Woodville ISD,D,63,548,https://txschools.net/campus/woodville-elem-229903102
522,7185,103,108904110,Zavala Elem,Edinburg CISD,D,63,553,https://txschools.net/campus/zavala-elem-108904110
626,7185,103,095903102,Akin Elem,Hale Center ISD,D,64,218,https://txschools.net/campus/akin-elem-095903102
626,7185,103,057905118,Albert C Black Jr STEAM Academy,Dallas ISD,D,64,832,https://txschools.net/campus/albert-c-black-jr-steam-academy-057905118
626,7185,103,020902044,Angleton JH School,Angleton ISD,C,64,889,https://txschools.net/campus/angleton-jh-school-020902044
626,7185,103,107901041,Athens MS,Athens ISD,D,64,653,https://txschools.net/campus/athens-ms-107901041
626,7185,103,043910149,Barron Elem,Plano ISD,D,64,342,https://txschools.net/campus/barron-elem-043910149
626,7185,103,152901206,Bean Elem,Lubbock ISD,F,64,401,https://txschools.net/campus/bean-elem-152901206
626,7185,103,057910056,Bill Arnold MS,Grand Prairie ISD,F,64,1188,https://txschools.net/campus/bill-arnold-ms-057910056
626,7185,103,057914101,Black Elem,Mesquite ISD,D,64,570,https://txschools.net/campus/black-elem-057914101
626,7185,103,068901042,Bonham MS,Ector County ISD,D,64,828,https://txschools.net/campus/bonham-ms-068901042
626,7185,103,070903103,Bowie Elem,Ennis ISD,D,64,508,https://txschools.net/campus/bowie-elem-070903103
626,7185,103,161914104,Brook Avenue Elem,Waco ISD,D,64,360,https://txschools.net/campus/brook-avenue-elem-161914104
626,7185,103,174904101,Brooks-Quinn-Jones Elem,Nacogdoches ISD,F,64,606,https://txschools.net/campus/brooks-quinn-jones-elem-174904101
626,7185,103,227901046,Burnet MS,Austin ISD,F,64,688,https://txschools.net/campus/burnet-ms-227901046
626,7185,103,101917139,Carter Lomax MS,Pasadena ISD,C,64,515,https://txschools.net/campus/carter-lomax-ms-101917139
626,7185,103,015907241,Carvajal Elem,San Antonio ISD,F,64,315,https://txschools.net/campus/carvajal-elem-015907241
626,7185,103,015907067,CAST Imagine MS,San Antonio ISD,D,64,161,https://txschools.net/campus/cast-imagine-ms-015907067
626,7185,103,123910130,Charlton-Pollard Elem,Beaumont ISD,F,64,417,https://txschools.net/campus/charlton-pollard-elem-123910130
626,7185,103,146901041,Cleveland MS,Cleveland ISD,F,64,1458,https://txschools.net/campus/cleveland-ms-146901041
626,7185,103,071902112,Crockett Elem,El Paso ISD,D,64,549,https://txschools.net/campus/crockett-elem-071902112
626,7185,103,061901125,Cross Oaks Elem,Denton ISD,D,64,547,https://txschools.net/campus/cross-oaks-elem-061901125
626,7185,103,220912116,Crowley Montessori Academy,Crowley ISD,D,64,361,https://txschools.net/campus/crowley-montessori-academy-220912116
626,7185,103,227907104,Decker Elem,Manor ISD,F,64,328,https://txschools.net/campus/decker-elem-227907104
626,7185,103,178904047,Driscoll MS,Corpus Christi ISD,D,64,479,https://txschools.net/campus/driscoll-ms-178904047
626,7185,103,011902042,Elgin Int,Elgin ISD,F,64,455,https://txschools.net/campus/elgin-int-011902042
626,7185,103,147902101,Enge-Washington Int,Groesbeck ISD,D,64,294,https://txschools.net/campus/enge-washington-int-147902101
626,7185,103,101902105,Francis Elem,Aldine ISD,D,64,691,https://txschools.net/campus/francis-elem-101902105
626,7185,103,101917127,Frazier Elem,Pasadena ISD,C,64,416,https://txschools.net/campus/frazier-elem-101917127
626,7185,103,101917147,Fred Roberts MS,Pasadena ISD,C,64,481,https://txschools.net/campus/fred-roberts-ms-101917147
626,7185,103,175905101,Frost Elem,Frost ISD,C,64,252,https://txschools.net/campus/frost-elem-175905101
626,7185,103,101924111,Garrett Elem,Sheldon ISD,D,64,568,https://txschools.net/campus/garrett-elem-101924111
626,7185,103,137901041,Gillett MS,Kingsville ISD,F,64,477,https://txschools.net/campus/gillett-ms-137901041
626,7185,103,043911103,Godwin Elem,Princeton ISD,D,64,497,https://txschools.net/campus/godwin-elem-043911103
626,7185,103,226907101,Grape Creek Int,Grape Creek ISD,D,64,298,https://txschools.net/campus/grape-creek-int-226907101
626,7185,103,137901001,H M King HS,Kingsville ISD,C,64,814,https://txschools.net/campus/h-m-king-hs-137901001
626,7185,103,161924101,Hallsburg School,Hallsburg ISD,F,64,106,https://txschools.net/campus/hallsburg-school-161924101
626,7185,103,057912119,Hanes Elem,Irving ISD,D,64,634,https://txschools.net/campus/hanes-elem-057912119
626,7185,103,108912115,Henry B Gonzalez Elem,La Joya ISD,C,64,346,https://txschools.net/campus/henry-b-gonzalez-elem-108912115
626,7185,103,015916044,Henry Metzger MS,Judson ISD,F,64,815,https://txschools.net/campus/henry-metzger-ms-015916044
626,7185,103,101911108,Highlands Elem,Goose Creek CISD,D,64,591,https://txschools.net/campus/highlands-elem-101911108
626,7185,103,015907005,Highlands HS,San Antonio ISD,C,64,1416,https://txschools.net/campus/highlands-hs-015907005
626,7185,103,061901105,Hodge Elem,Denton ISD,D,64,719,https://txschools.net/campus/hodge-elem-061901105
626,7185,103,246906107,Howard Norman Elem,Hutto ISD,D,64,714,https://txschools.net/campus/howard-norman-elem-246906107
626,7185,103,146905101,Hull-Daisetta Elem,Hull-Daisetta ISD,F,64,253,https://txschools.net/campus/hull-daisetta-elem-146905101
626,7185,103,146905001,Hull-Daisetta HS,Hull-Daisetta ISD,C,64,103,https://txschools.net/campus/hull-daisetta-hs-146905001
626,7185,103,241901041,Iago JH,Boling ISD,C,64,249,https://txschools.net/campus/iago-jh-241901041
626,7185,103,186903101,Iraan Elem,Iraan-Sheffield Collegiate ISD,D,64,338,https://txschools.net/campus/iraan-elem-186903101
626,7185,103,071902008,Irvin HS,El Paso ISD,C,64,826,https://txschools.net/campus/irvin-hs-071902008
626,7185,103,165902041,James R Brooks MS,Greenwood ISD,C,64,900,https://txschools.net/campus/james-r-brooks-ms-165902041
626,7185,103,057905279,Jerry R Junkins Elem,Dallas ISD,C,64,731,https://txschools.net/campus/jerry-r-junkins-elem-057905279
626,7185,103,094902113,John A Sippel Elem,Schertz-Cibolo-U City ISD,D,64,677,https://txschools.net/campus/john-a-sippel-elem-094902113
626,7185,103,108904121,John F Kennedy Elem,Edinburg CISD,C,64,506,https://txschools.net/campus/john-f-kennedy-elem-108904121
626,7185,103,015905002,John F Kennedy HS,Edgewood ISD,C,64,944,https://txschools.net/campus/john-f-kennedy-hs-015905002
626,7185,103,043907119,Jose De Jesus and Maria Luisa Vega Elem,McKinney ISD,D,64,467,https://txschools.net/campus/jose-de-jesus-and-maria-luisa-vega-elem-043907119
626,7185,103,057905137,Julius Dorsey Leadership Academy,Dallas ISD,C,64,450,https://txschools.net/campus/julius-dorsey-leadership-academy-057905137
626,7185,103,057914122,Kimball Elem,Mesquite ISD,C,64,195,https://txschools.net/campus/kimball-elem-057914122
626,7185,103,246906109,Lee Martinez Elem,Hutto ISD,C,64,578,https://txschools.net/campus/lee-martinez-elem-246906109
626,7185,103,101903109,Liestman Elem,Alief ISD,D,64,480,https://txschools.net/campus/liestman-elem-101903109
626,7185,103,077902041,Lockney JH,Lockney ISD,D,64,86,https://txschools.net/campus/lockney-jh-077902041
626,7185,103,246913106,Lois F Giddens Elem,Leander ISD,D,64,439,https://txschools.net/campus/lois-f-giddens-elem-246913106
626,7185,103,177901104,Lone Star Online Academy,Roscoe Collegiate ISD,F,64,14329,https://txschools.net/campus/lone-star-online-academy-177901104
626,7185,103,178909103,Lotspeich Leadership Academy,Robstown ISD,F,64,344,https://txschools.net/campus/lotspeich-leadership-academy-178909103
626,7185,103,027904101,Marble Falls Elem,Marble Falls ISD,D,64,604,https://txschools.net/campus/marble-falls-elem-027904101
626,7185,103,101912483,Mark White Elem,Houston ISD,D,64,399,https://txschools.net/campus/mark-white-elem-101912483
626,7185,103,123910046,Marshall MS,Beaumont ISD,D,64,766,https://txschools.net/campus/marshall-ms-123910046
626,7185,103,178904050,Martin MS,Corpus Christi ISD,D,64,388,https://txschools.net/campus/martin-ms-178904050
626,7185,103,220905160,Maudrie Walton Elem,Fort Worth ISD,D,64,275,https://txschools.net/campus/maudrie-walton-elem-220905160
626,7185,103,220901165,McNutt Elem,Arlington ISD,C,64,575,https://txschools.net/campus/mcnutt-elem-220901165
626,7185,103,011901102,Mina Elem,Bastrop ISD,D,64,684,https://txschools.net/campus/mina-elem-011901102
626,7185,103,079907042,Missouri City MS,Fort Bend ISD,D,64,860,https://txschools.net/campus/missouri-city-ms-079907042
626,7185,103,071902185,Moreno Montessori,El Paso ISD,D,64,162,https://txschools.net/campus/moreno-montessori-071902185
626,7185,103,015907157,Ogden Elem,San Antonio ISD,F,64,322,https://txschools.net/campus/ogden-elem-015907157
626,7185,103,101903042,Olle MS,Alief ISD,D,64,978,https://txschools.net/campus/olle-ms-101903042
626,7185,103,187910101,Onalaska Elem,Onalaska ISD,C,64,717,https://txschools.net/campus/onalaska-elem-187910101
626,7185,103,227901189,Overton Elem,Austin ISD,F,64,418,https://txschools.net/campus/overton-elem-227901189
626,7185,103,090904042,Pampa JH,Pampa ISD,C,64,701,https://txschools.net/campus/pampa-jh-090904042
626,7185,103,220912106,Parkway Elem,Crowley ISD,D,64,424,https://txschools.net/campus/parkway-elem-220912106
626,7185,103,101917108,Pearl Hall Elem,Pasadena ISD,D,64,492,https://txschools.net/campus/pearl-hall-elem-101917108
626,7185,103,007906001,Poteet HS,Poteet ISD,C,64,494,https://txschools.net/campus/poteet-hs-007906001
626,7185,103,220918044,Prairie Vista,Eagle Mt-Saginaw ISD,D,64,1002,https://txschools.net/campus/prairie-vista-220918044
626,7185,103,015915169,Rhodes Elem,Northside ISD,D,64,543,https://txschools.net/campus/rhodes-elem-015915169
626,7185,103,101920111,Ridgecrest Elem,Spring Branch ISD,C,64,735,https://txschools.net/campus/ridgecrest-elem-101920111
626,7185,103,057916137,Risd Acad,Richardson ISD,F,64,770,https://txschools.net/campus/risd-acad-057916137
626,7185,103,057910125,Sallye R Moore College & Career Preparatory,Grand Prairie ISD,C,64,635,https://txschools.net/campus/sallye-r-moore-college-career-preparatory-057910125
626,7185,103,101919117,Salyers Elem,Spring ISD,F,64,448,https://txschools.net/campus/salyers-elem-101919117
626,7185,103,031905101,Sam Houston Elem,La Feria ISD,C,64,516,https://txschools.net/campus/sam-houston-elem-031905101
626,7185,103,083903101,Seminole Elem,Seminole ISD,C,64,513,https://txschools.net/campus/seminole-elem-083903101
626,7185,103,204904102,Shepherd Int,Shepherd ISD,C,64,423,https://txschools.net/campus/shepherd-int-204904102
626,7185,103,015911104,Sinclair Elem,East Central ISD,D,64,707,https://txschools.net/campus/sinclair-elem-015911104
626,7185,103,014903044,South Belton MS,Belton ISD,D,64,682,https://txschools.net/campus/south-belton-ms-014903044
626,7185,103,165901117,South Elem,Midland ISD,D,64,549,https://txschools.net/campus/south-elem-165901117
626,7185,103,101917047,Southmore Int,Pasadena ISD,D,64,642,https://txschools.net/campus/southmore-int-101917047
626,7185,103,070907101,Stafford Elem,Italy ISD,D,64,316,https://txschools.net/campus/stafford-elem-070907101
626,7185,103,015907166,Steele Montessori Academy,San Antonio ISD,D,64,397,https://txschools.net/campus/steele-montessori-academy-015907166
626,7185,103,057910120,Suzanna Dickinson Montessori Academy,Grand Prairie ISD,D,64,431,https://txschools.net/campus/suzanna-dickinson-montessori-academy-057910120
626,7185,103,021902017,The Mary Catherine Harris School-School of Choice,Bryan ISD,D,64,295,https://txschools.net/campus/the-mary-catherine-harris-school-school-of-choice-021902017
626,7185,103,170902070,Travis Int,Conroe ISD,D,64,514,https://txschools.net/campus/travis-int-170902070
626,7185,103,002901104,Underwood Elem,Andrews ISD,D,64,681,https://txschools.net/campus/underwood-elem-002901104
626,7185,103,220915103,Walnut Creek Elem,Azle ISD,C,64,399,https://txschools.net/campus/walnut-creek-elem-220915103
626,7185,103,057904107,Waterford Oaks Elem,Cedar Hill ISD,D,64,500,https://txschools.net/campus/waterford-oaks-elem-057904107
626,7185,103,009901041,Watson JH,Muleshoe ISD,C,64,278,https://txschools.net/campus/watson-jh-009901041
626,7185,103,020907042,West Brazos JH,Columbia-Brazoria ISD,C,64,686,https://txschools.net/campus/west-brazos-jh-020907042
626,7185,103,178915104,West Oso Elem,West Oso ISD,D,64,561,https://txschools.net/campus/west-oso-elem-178915104
626,7185,103,229903041,Woodville MS,Woodville ISD,D,64,257,https://txschools.net/campus/woodville-ms-229903041
626,7185,103,101914105,Zelma Hutsell Elem,Katy ISD,C,64,724,https://txschools.net/campus/zelma-hutsell-elem-101914105
730,7185,136,043901105,Alvis C Story Elem,Allen ISD,C,65,485,https://txschools.net/campus/alvis-c-story-elem-043901105
730,7185,136,220901160,Anderson Elem,Arlington ISD,F,65,454,https://txschools.net/campus/anderson-elem-220901160
730,7185,136,170902107,Armstrong Elem,Conroe ISD,D,65,562,https://txschools.net/campus/armstrong-elem-170902107
730,7185,136,070901001,Avalon School,Avalon ISD,B,65,316,https://txschools.net/campus/avalon-school-070901001
730,7185,136,227901149,Barrington Elem,Austin ISD,F,65,307,https://txschools.net/campus/barrington-elem-227901149
730,7185,136,020907107,Barrow Elem,Columbia-Brazoria ISD,C,65,360,https://txschools.net/campus/barrow-elem-020907107
730,7185,136,158901041,Bay City JH,Bay City ISD,C,65,773,https://txschools.net/campus/bay-city-jh-158901041
730,7185,136,014903046,Belton MS,Belton ISD,C,65,680,https://txschools.net/campus/belton-ms-014903046
730,7185,136,057905062,Billy Earl Dade MS,Dallas ISD,D,65,564,https://txschools.net/campus/billy-earl-dade-ms-057905062
730,7185,136,057905197,Bishop Arts STEAM Academy,Dallas ISD,D,65,328,https://txschools.net/campus/bishop-arts-steam-academy-057905197
730,7185,136,101902126,Black Elem,Aldine ISD,C,65,431,https://txschools.net/campus/black-elem-101902126
730,7185,136,091908102,Bob and Lola Sanford Elem,Van Alstyne ISD,C,65,615,https://txschools.net/campus/bob-and-lola-sanford-elem-091908102
730,7185,136,116905102,Bowie Elem,Greenville ISD,C,65,574,https://txschools.net/campus/bowie-elem-116905102
730,7185,136,181901103,Bridge City Int,Bridge City ISD,C,65,693,https://txschools.net/campus/bridge-city-int-181901103
730,7185,136,176901001,Burkeville School,Burkeville ISD,C,65,245,https://txschools.net/campus/burkeville-school-176901001
730,7185,136,068901104,Burnet Elem,Ector County ISD,D,65,272,https://txschools.net/campus/burnet-elem-068901104
730,7185,136,126905106,Caddo Grove Elem,Joshua ISD,D,65,569,https://txschools.net/campus/caddo-grove-elem-126905106
730,7185,136,198902101,Calvert School,Calvert ISD,D,65,143,https://txschools.net/campus/calvert-school-198902101
730,7185,136,015915128,Carlos Coon Elem,Northside ISD,D,65,558,https://txschools.net/campus/carlos-coon-elem-015915128
730,7185,136,220905001,Carter-Riverside HS,Fort Worth ISD,C,65,958,https://txschools.net/campus/carter-riverside-hs-220905001
730,7185,136,079907046,Christa McAuliffe MS,Fort Bend ISD,D,65,781,https://txschools.net/campus/christa-mcauliffe-ms-079907046
730,7185,136,246913125,Christine Camacho Elem,Leander ISD,F,65,598,https://txschools.net/campus/christine-camacho-elem-246913125
730,7185,136,233903001,Comstock School,Comstock ISD,C,65,166,https://txschools.net/campus/comstock-school-233903001
730,7185,136,052901101,Crane Elem,Crane ISD,D,65,607,https://txschools.net/campus/crane-elem-052901101
730,7185,136,113901041,Crockett JH,Crockett ISD,D,65,240,https://txschools.net/campus/crockett-jh-113901041
730,7185,136,220908202,Cross Timbers Int,Mansfield ISD,D,65,698,https://txschools.net/campus/cross-timbers-int-220908202
730,7185,136,057912121,Davis Elem,Irving ISD,D,65,834,https://txschools.net/campus/davis-elem-057912121
730,7185,136,015907121,De Zavala Elem,San Antonio ISD,D,65,361,https://txschools.net/campus/de-zavala-elem-015907121
730,7185,136,101917136,De Zavala MS,Pasadena ISD,D,65,466,https://txschools.net/campus/de-zavala-ms-101917136
730,7185,136,071905145,Del Valle Elem,Ysleta ISD,C,65,376,https://txschools.net/campus/del-valle-elem-071905145
730,7185,136,129902113,Dewberry Elem,Forney ISD,F,65,715,https://txschools.net/campus/dewberry-elem-129902113
730,7185,136,057916103,Dover Elem,Richardson ISD,D,65,663,https://txschools.net/campus/dover-elem-057916103
730,7185,136,108912122,Dr Americo Paredes Elem,La Joya ISD,D,65,431,https://txschools.net/campus/dr-americo-paredes-elem-108912122
730,7185,136,220905209,Edward Briscoe Elem,Fort Worth ISD,F,65,311,https://txschools.net/campus/edward-briscoe-elem-220905209
730,7185,136,186902698,Eschool Prep Academy,Fort Stockton ISD,F,65,4112,https://txschools.net/campus/eschool-prep-academy-186902698
730,7185,136,220901143,Farrell Elem,Arlington ISD,C,65,574,https://txschools.net/campus/farrell-elem-220901143
730,7185,136,057914102,Florence Elem,Mesquite ISD,D,65,486,https://txschools.net/campus/florence-elem-057914102
730,7185,136,114904101,Forsan Elem,Forsan ISD,C,65,309,https://txschools.net/campus/forsan-elem-114904101
730,7185,136,152907001,Frenship HS,Frenship ISD,C,65,2421,https://txschools.net/campus/frenship-hs-152907001
730,7185,136,049901001,Gainesville HS,Gainesville ISD,C,65,882,https://txschools.net/campus/gainesville-hs-049901001
730,7185,136,071902129,General Douglas MacArthur PK-8,El Paso ISD,D,65,862,https://txschools.net/campus/general-douglas-macarthur-pk-8-071902129
730,7185,136,178904116,Gibson Elem,Corpus Christi ISD,D,65,398,https://txschools.net/campus/gibson-elem-178904116
730,7185,136,090905101,Grandview-Hopkins Elem,Grandview-Hopkins ISD,C,65,44,https://txschools.net/campus/grandview-hopkins-elem-090905101
730,7185,136,228901102,Groveton Elem,Groveton ISD,D,65,365,https://txschools.net/campus/groveton-elem-228901102
730,7185,136,020908104,H C Carleston Elem,Pearland ISD,C,65,697,https://txschools.net/campus/h-c-carleston-elem-020908104
730,7185,136,003905103,H G Temple Int,Diboll ISD,D,65,294,https://txschools.net/campus/h-g-temple-int-003905103
730,7185,136,147902104,H O Whitehurst Elem,Groesbeck ISD,D,65,465,https://txschools.net/campus/h-o-whitehurst-elem-147902104
730,7185,136,015907179,Hawthorne PK-8 Academy,San Antonio ISD,D,65,708,https://txschools.net/campus/hawthorne-pk-8-academy-015907179
730,7185,136,084906110,Hayley Elem,Texas City ISD,D,65,488,https://txschools.net/campus/hayley-elem-084906110
730,7185,136,071902121,Hillside Elem,El Paso ISD,C,65,327,https://txschools.net/campus/hillside-elem-071902121
730,7185,136,101925103,Huffman Elem,Huffman ISD,D,65,889,https://txschools.net/campus/huffman-elem-101925103
730,7185,136,062901042,Hunt Elem,Cuero ISD,C,65,465,https://txschools.net/campus/hunt-elem-062901042
730,7185,136,091903104,Hyde Park Elem,Denison ISD,C,65,385,https://txschools.net/campus/hyde-park-elem-091903104
730,7185,136,014906130,Ira Cross Jr Elem,Killeen ISD,D,65,609,https://txschools.net/campus/ira-cross-jr-elem-014906130
730,7185,136,015907110,J T Brackenridge Elem,San Antonio ISD,D,65,572,https://txschools.net/campus/j-t-brackenridge-elem-015907110
730,7185,136,021902045,Jane Long,Bryan ISD,D,65,842,https://txschools.net/campus/jane-long-021902045
730,7185,136,220908119,Janet Brockett Elem,Mansfield ISD,D,65,387,https://txschools.net/campus/janet-brockett-elem-220908119
730,7185,136,094901103,Jefferson Ave Elem,Seguin ISD,D,65,386,https://txschools.net/campus/jefferson-ave-elem-094901103
730,7185,136,129904102,Kemp Int,Kemp ISD,D,65,290,https://txschools.net/campus/kemp-int-129904102
730,7185,136,129904041,Kemp JH,Kemp ISD,D,65,448,https://txschools.net/campus/kemp-jh-129904041
730,7185,136,121905103,Kirbyville Elem,Kirbyville CISD,D,65,704,https://txschools.net/campus/kirbyville-elem-121905103
730,7185,136,100903042,Kountze Int,Kountze ISD,C,65,284,https://txschools.net/campus/kountze-int-100903042
730,7185,136,227912001,Lago Vista HS,Lago Vista ISD,C,65,645,https://txschools.net/campus/lago-vista-hs-227912001
730,7185,136,165901111,Lamar Elem,Midland ISD,D,65,585,https://txschools.net/campus/lamar-elem-165901111
730,7185,136,015907008,Lanier HS,San Antonio ISD,C,65,1556,https://txschools.net/campus/lanier-hs-015907008
730,7185,136,227901014,LBJ Early College HS,Austin ISD,C,65,728,https://txschools.net/campus/lbj-early-college-hs-227901014
730,7185,136,146906103,Liberty Elem,Liberty ISD,D,65,705,https://txschools.net/campus/liberty-elem-146906103
730,7185,136,189902041,Lucy Rede Franco MS,Presidio ISD,D,65,254,https://txschools.net/campus/lucy-rede-franco-ms-189902041
730,7185,136,015907142,M L King Academy,San Antonio ISD,F,65,500,https://txschools.net/campus/m-l-king-academy-015907142
730,7185,136,015910002,MacArthur HS,North East ISD,C,65,2002,https://txschools.net/campus/macarthur-hs-015910002
730,7185,136,111901107,Mambrino School,Granbury ISD,C,65,800,https://txschools.net/campus/mambrino-school-111901107
730,7185,136,227907001,Manor HS,Manor ISD,C,65,2210,https://txschools.net/campus/manor-hs-227907001
730,7185,136,101917145,Marshall Kendrick MS,Pasadena ISD,C,65,660,https://txschools.net/campus/marshall-kendrick-ms-101917145
730,7185,136,161908102,Mart Elem,Mart ISD,C,65,338,https://txschools.net/campus/mart-elem-161908102
730,7185,136,057907004,Mary E Smithey Pace HS,Duncanville ISD,C,65,96,https://txschools.net/campus/mary-e-smithey-pace-hs-057907004
730,7185,136,231901001,McCamey HS,McCamey ISD,C,65,145,https://txschools.net/campus/mccamey-hs-231901001
730,7185,136,227901147,Menchaca Elem,Austin ISD,D,65,621,https://txschools.net/campus/menchaca-elem-227901147
730,7185,136,165901044,Midland Freshman HS,Midland ISD,C,65,869,https://txschools.net/campus/midland-freshman-hs-165901044
730,7185,136,043910126,Mitchell Elem,Plano ISD,D,65,707,https://txschools.net/campus/mitchell-elem-043910126
730,7185,136,057905385,Montessori Academy at Onesimo Hernandez Elem,Dallas ISD,C,65,376,https://txschools.net/campus/montessori-academy-at-onesimo-hernandez-elem-057905385
730,7185,136,209902001,Moran School,Moran ISD,C,65,86,https://txschools.net/campus/moran-school-209902001
730,7185,136,246906121,Nadine Johnson Elem,Hutto ISD,C,65,554,https://txschools.net/campus/nadine-johnson-elem-246906121
730,7185,136,043907124,Naomi Press Elem,McKinney ISD,D,65,733,https://txschools.net/campus/naomi-press-elem-043907124
730,7185,136,015910044,Nimitz MS,North East ISD,C,65,992,https://txschools.net/campus/nimitz-ms-015910044
730,7185,136,089903101,Nixon Smiley Elem,Nixon-Smiley CISD,C,65,427,https://txschools.net/campus/nixon-smiley-elem-089903101
730,7185,136,129903041,Norman JH,Kaufman ISD,C,65,1003,https://txschools.net/campus/norman-jh-129903041
730,7185,136,220905149,North Hi Mount Elem,Fort Worth ISD,C,65,361,https://txschools.net/campus/north-hi-mount-elem-220905149
730,7185,136,015915136,Northwest Crossing Elem,Northside ISD,D,65,373,https://txschools.net/campus/northwest-crossing-elem-015915136
730,7185,136,220916106,Oakwood Terrace Elem,Hurst-Euless-Bedford ISD,C,65,795,https://txschools.net/campus/oakwood-terrace-elem-220916106
730,7185,136,212905114,Orr Elem,Tyler ISD,D,65,320,https://txschools.net/campus/orr-elem-212905114
730,7185,136,082903001,Pearsall HS,Pearsall ISD,C,65,564,https://txschools.net/campus/pearsall-hs-082903001
730,7185,136,015915046,Pease MS,Northside ISD,D,65,636,https://txschools.net/campus/pease-ms-015915046
730,7185,136,137901110,Perez Elem,Kingsville ISD,F,65,381,https://txschools.net/campus/perez-elem-137901110
730,7185,136,057905160,Personalized Learning Prep at Jw Ray Lrng Center,Dallas ISD,C,65,437,https://txschools.net/campus/personalized-learning-prep-at-jw-ray-lrng-center-057905160
730,7185,136,227901151,Pillow Elem,Austin ISD,F,65,275,https://txschools.net/campus/pillow-elem-227901151
730,7185,136,170908045,Pine Valley MS,New Caney ISD,D,65,764,https://txschools.net/campus/pine-valley-ms-170908045
730,7185,136,085902101,Post Elem,Post ISD,D,65,305,https://txschools.net/campus/post-elem-085902101
730,7185,136,057916125,Prestonwood Elem,Richardson ISD,B,65,459,https://txschools.net/campus/prestonwood-elem-057916125
730,7185,136,190903041,Rains JH,Rains ISD,C,65,399,https://txschools.net/campus/rains-jh-190903041
730,7185,136,020905115,Rasco MS,Brazosport ISD,C,65,703,https://txschools.net/campus/rasco-ms-020905115
730,7185,136,175911101,Rice Elem,Rice ISD,C,65,443,https://txschools.net/campus/rice-elem-175911101
730,7185,136,170908106,Robert Crippen Elem,New Caney ISD,C,65,659,https://txschools.net/campus/robert-crippen-elem-170908106
730,7185,136,101914120,Robert King Elem,Katy ISD,D,65,929,https://txschools.net/campus/robert-king-elem-101914120
730,7185,136,015907045,Rogers College Prep MS,San Antonio ISD,D,65,312,https://txschools.net/campus/rogers-college-prep-ms-015907045
730,7185,136,152908101,Roosevelt Elem,Roosevelt ISD,D,65,530,https://txschools.net/campus/roosevelt-elem-152908101
730,7185,136,079907146,Rosa Parks Elem,Fort Bend ISD,D,65,644,https://txschools.net/campus/rosa-parks-elem-079907146
730,7185,136,015910138,Royal Ridge Elem,North East ISD,D,65,525,https://txschools.net/campus/royal-ridge-elem-015910138
730,7185,136,057909003,S Garland HS,Garland ISD,C,65,1877,https://txschools.net/campus/s-garland-hs-057909003
730,7185,136,220901002,Sam Houston HS,Arlington ISD,C,65,2914,https://txschools.net/campus/sam-houston-hs-220901002
730,7185,136,170902115,San Jacinto Elem,Conroe ISD,C,65,650,https://txschools.net/campus/san-jacinto-elem-170902115
730,7185,136,015907144,Sarah S King Elem,San Antonio ISD,D,65,582,https://txschools.net/campus/sarah-s-king-elem-015907144
730,7185,136,237904043,Schultz JH,Waller ISD,C,65,1271,https://txschools.net/campus/schultz-jh-237904043
730,7185,136,015915143,Scobee Elem,Northside ISD,C,65,435,https://txschools.net/campus/scobee-elem-015915143
730,7185,136,101912479,Shadydale Elem,Houston ISD,D,65,564,https://txschools.net/campus/shadydale-elem-101912479
730,7185,136,242902001,Shamrock ISD,Shamrock ISD,C,65,350,https://txschools.net/campus/shamrock-isd-242902001
730,7185,136,013905101,Skidmore-Tynan Elem,Skidmore-Tynan ISD,C,65,345,https://txschools.net/campus/skidmore-tynan-elem-013905101
730,7185,136,208902001,Snyder HS,Snyder ISD,B,65,704,https://txschools.net/campus/snyder-hs-208902001
730,7185,136,061911112,Sonny & Allegra Nance Elem,Northwest ISD,C,65,587,https://txschools.net/campus/sonny-allegra-nance-elem-061911112
730,7185,136,107901102,South Athens Elem,Athens ISD,C,65,434,https://txschools.net/campus/south-athens-elem-107901102
730,7185,136,220905003,South Hills HS,Fort Worth ISD,C,65,1744,https://txschools.net/campus/south-hills-hs-220905003
730,7185,136,101917119,South Shaver Elem,Pasadena ISD,C,65,484,https://txschools.net/campus/south-shaver-elem-101917119
730,7185,136,014903104,Southwest Elem,Belton ISD,D,65,363,https://txschools.net/campus/southwest-elem-014903104
730,7185,136,221901116,Stafford Elem,Abilene ISD,C,65,559,https://txschools.net/campus/stafford-elem-221901116
730,7185,136,101911102,Stephen F Austin Elem,Goose Creek CISD,C,65,763,https://txschools.net/campus/stephen-f-austin-elem-101911102
730,7185,136,101912279,Tijerina Elem,Houston ISD,C,65,282,https://txschools.net/campus/tijerina-elem-101912279
730,7185,136,057912120,Townley Elem,Irving ISD,D,65,717,https://txschools.net/campus/townley-elem-057912120
730,7185,136,227506001,University of Texas at Austin HS,University of Texas at Austin HS,C,65,1211,https://txschools.net/campus/university-of-texas-at-austin-hs-227506001
730,7185,136,232903001,Uvalde HS,Uvalde CISD,D,65,1142,https://txschools.net/campus/uvalde-hs-232903001
730,7185,136,246906106,Veterans Hill Elem,Hutto ISD,C,65,658,https://txschools.net/campus/veterans-hill-elem-246906106
730,7185,136,046901110,Voss Farms Elem,New Braunfels ISD,D,65,632,https://txschools.net/campus/voss-farms-elem-046901110
730,7185,136,229904103,Warren Elem,Warren ISD,D,65,382,https://txschools.net/campus/warren-elem-229904103
730,7185,136,241904001,Wharton HS,Wharton ISD,C,65,489,https://txschools.net/campus/wharton-hs-241904001
730,7185,136,015907059,Whittier MS,San Antonio ISD,D,65,565,https://txschools.net/campus/whittier-ms-015907059
730,7185,136,227901175,Widen Elem,Austin ISD,F,65,339,https://txschools.net/campus/widen-elem-227901175
730,7185,136,220905048,William James MS,Fort Worth ISD,F,65,613,https://txschools.net/campus/william-james-ms-220905048
730,7185,136,234907042,Wills Point JH,Wills Point ISD,D,65,436,https://txschools.net/campus/wills-point-jh-234907042
730,7185,136,152901190,Wolffarth Elem,Lubbock ISD,D,65,282,https://txschools.net/campus/wolffarth-elem-152901190
867,7185,120,116908101,A E Butler Int,Quinlan ISD,D,66,664,https://txschools.net/campus/a-e-butler-int-116908101
867,7185,120,101902041,Aldine MS,Aldine ISD,D,66,782,https://txschools.net/campus/aldine-ms-101902041
867,7185,120,235902101,Aloe Elem,Victoria ISD,C,66,399,https://txschools.net/campus/aloe-elem-235902101
867,7185,120,022901101,Alpine Elem,Alpine ISD,C,66,458,https://txschools.net/campus/alpine-elem-022901101
867,7185,120,037901041,Alto MS,Alto ISD,C,66,163,https://txschools.net/campus/alto-ms-037901041
867,7185,120,021902117,Alton Bowen Elem,Bryan ISD,C,66,412,https://txschools.net/campus/alton-bowen-elem-021902117
867,7185,120,239901101,Alton Elem,Brenham ISD,C,66,435,https://txschools.net/campus/alton-elem-239901101
867,7185,120,108908043,Alton Memorial JH,Mission CISD,D,66,739,https://txschools.net/campus/alton-memorial-jh-108908043
867,7185,120,057910045,Andrew Jackson MS,Grand Prairie ISD,C,66,748,https://txschools.net/campus/andrew-jackson-ms-057910045
867,7185,120,246904101,Annie Purl Elem,Georgetown ISD,D,66,653,https://txschools.net/campus/annie-purl-elem-246904101
867,7185,120,228905001,Apple Springs HS,Apple Springs ISD,C,66,81,https://txschools.net/campus/apple-springs-hs-228905001
867,7185,120,220915104,Azle Elem,Azle ISD,C,66,552,https://txschools.net/campus/azle-elem-220915104
867,7185,120,101917101,Bailey Elem,Pasadena ISD,D,66,566,https://txschools.net/campus/bailey-elem-101917101
867,7185,120,101906103,Barrett Elem,Crosby ISD,D,66,629,https://txschools.net/campus/barrett-elem-101906103
867,7185,120,084910105,Bay Elem,Clear Creek ISD,C,66,498,https://txschools.net/campus/bay-elem-084910105
867,7185,120,027903102,Bertram Elem,Burnet CISD,D,66,420,https://txschools.net/campus/bertram-elem-027903102
867,7185,120,220902012,Bob E Griggs HS,Birdville ISD,B,66,122,https://txschools.net/campus/bob-e-griggs-hs-220902012
867,7185,120,220906006,Bridges Academy,Grapevine-Colleyville ISD,B,66,42,https://txschools.net/campus/bridges-academy-220906006
867,7185,120,227904108,Brookhollow Elem,Pflugerville ISD,C,66,382,https://txschools.net/campus/brookhollow-elem-227904108
867,7185,120,188904102,Bushland Int,Bushland ISD,C,66,330,https://txschools.net/campus/bushland-int-188904102
867,7185,120,015915101,Cable Elem,Northside ISD,D,66,330,https://txschools.net/campus/cable-elem-015915101
867,7185,120,084902042,Central MS,Galveston ISD,D,66,768,https://txschools.net/campus/central-ms-084902042
867,7185,120,205901104,Charlie Marshall Elem,Aransas Pass ISD,F,66,357,https://txschools.net/campus/charlie-marshall-elem-205901104
867,7185,120,246904002,Chip Richarte HS,Georgetown ISD,B,66,83,https://txschools.net/campus/chip-richarte-hs-246904002
867,7185,120,221901047,Clack MS,Abilene ISD,D,66,677,https://txschools.net/campus/clack-ms-221901047
867,7185,120,052901041,Crane MS,Crane ISD,D,66,279,https://txschools.net/campus/crane-ms-052901041
867,7185,120,057914134,Cross Elem,Mesquite ISD,C,66,870,https://txschools.net/campus/cross-elem-057914134
867,7185,120,101903112,Cummings Elem,Alief ISD,D,66,464,https://txschools.net/campus/cummings-elem-101903112
867,7185,120,061914103,D H Brent Elem,Little Elm ISD,D,66,444,https://txschools.net/campus/d-h-brent-elem-061914103
867,7185,120,015907065,Davis College Prep MS,San Antonio ISD,F,66,264,https://txschools.net/campus/davis-college-prep-ms-015907065
867,7185,120,115903001,Dell City School,Dell City ISD,B,66,75,https://txschools.net/campus/dell-city-school-115903001
867,7185,120,152901063,Dunbar College Preparatory Academy,Lubbock ISD,D,66,400,https://txschools.net/campus/dunbar-college-preparatory-academy-152901063
867,7185,120,101902124,Dunn Elem,Aldine ISD,D,66,665,https://txschools.net/campus/dunn-elem-101902124
867,7185,120,057905281,East Dallas Elem,Dallas ISD,D,66,417,https://txschools.net/campus/east-dallas-elem-057905281
867,7185,120,108903001,Edcouch-Elsa HS,Edcouch-Elsa ISD,C,66,1257,https://txschools.net/campus/edcouch-elsa-hs-108903001
867,7185,120,013901102,Fadden-McKeown-Chambliss Elem,Beeville ISD,C,66,542,https://txschools.net/campus/fadden-mckeown-chambliss-elem-013901102
867,7185,120,079907166,Ferndell Henry Elem,Fort Bend ISD,D,66,583,https://txschools.net/campus/ferndell-henry-elem-079907166
867,7185,120,123910110,Fletcher Elem,Beaumont ISD,C,66,576,https://txschools.net/campus/fletcher-elem-123910110
867,7185,120,057910106,Florence Hill Elem,Grand Prairie ISD,F,66,525,https://txschools.net/campus/florence-hill-elem-057910106
867,7185,120,057914103,Galloway Elem,Mesquite ISD,C,66,419,https://txschools.net/campus/galloway-elem-057914103
867,7185,120,227901015,Garza Independence HS,Austin ISD,B,66,132,https://txschools.net/campus/garza-independence-hs-227901015
867,7185,120,144901101,Giddings Elem,Giddings ISD,D,66,540,https://txschools.net/campus/giddings-elem-144901101
867,7185,120,220918109,Greenfield Elem,Eagle Mt-Saginaw ISD,D,66,589,https://txschools.net/campus/greenfield-elem-220918109
867,7185,120,057905017,H Grady Spruce HS,Dallas ISD,C,66,1207,https://txschools.net/campus/h-grady-spruce-hs-057905017
867,7185,120,061914105,Hackberry Elem,Little Elm ISD,D,66,499,https://txschools.net/campus/hackberry-elem-061914105
867,7185,120,146904041,Hardin JH,Hardin ISD,C,66,303,https://txschools.net/campus/hardin-jh-146904041
867,7185,120,015910058,Harris MS,North East ISD,C,66,1181,https://txschools.net/campus/harris-ms-015910058
867,7185,120,227901163,Hart Elem,Austin ISD,D,66,531,https://txschools.net/campus/hart-elem-227901163
867,7185,120,225907101,Harts Bluff Elem,Harts Bluff ISD,C,66,455,https://txschools.net/campus/harts-bluff-elem-225907101
867,7185,120,105906109,Hemphill Elem,Hays CISD,D,66,636,https://txschools.net/campus/hemphill-elem-105906109
867,7185,120,227910107,Hillcrest Elem,Del Valle ISD,C,66,384,https://txschools.net/campus/hillcrest-elem-227910107
867,7185,120,236902106,Huntsville Elem,Huntsville ISD,D,66,655,https://txschools.net/campus/huntsville-elem-236902106
867,7185,120,246906041,Hutto MS,Hutto ISD,C,66,736,https://txschools.net/campus/hutto-ms-246906041
867,7185,120,101914125,Jack & Sharon Rhoads Elem,Katy ISD,D,66,670,https://txschools.net/campus/jack-sharon-rhoads-elem-101914125
867,7185,120,019901041,James L Germany MS,DeKalb ISD,C,66,288,https://txschools.net/campus/james-l-germany-ms-019901041
867,7185,120,079901105,Jane Long Elem,Lamar CISD,D,66,388,https://txschools.net/campus/jane-long-elem-079901105
867,7185,120,093904104,John C Webb Elem,Navasota ISD,D,66,647,https://txschools.net/campus/john-c-webb-elem-093904104
867,7185,120,101902054,Jones MS,Aldine ISD,D,66,1146,https://txschools.net/campus/jones-ms-101902054
867,7185,120,050909001,Jonesboro School,Jonesboro ISD,C,66,317,https://txschools.net/campus/jonesboro-school-050909001
867,7185,120,108914101,Jose Bernabe Munoz Elem,La Villa ISD,D,66,206,https://txschools.net/campus/jose-bernabe-munoz-elem-108914101
867,7185,120,129904001,Kemp HS,Kemp ISD,C,66,538,https://txschools.net/campus/kemp-hs-129904001
867,7185,120,239901103,Krause Elem,Brenham ISD,D,66,584,https://txschools.net/campus/krause-elem-239901103
867,7185,120,161906103,La Vega Int H P Miles Campus,La Vega ISD,D,66,737,https://txschools.net/campus/la-vega-int-h-p-miles-campus-161906103
867,7185,120,061912101,Lake Dallas Elem,Lake Dallas ISD,D,66,566,https://txschools.net/campus/lake-dallas-elem-061912101
867,7185,120,101913102,Lakeland Elem,Humble ISD,D,66,944,https://txschools.net/campus/lakeland-elem-101913102
867,7185,120,101912194,Lewis Elem,Houston ISD,D,66,550,https://txschools.net/campus/lewis-elem-101912194
867,7185,120,246908101,Liberty Hill Elem,Liberty Hill ISD,C,66,724,https://txschools.net/campus/liberty-hill-elem-246908101
867,7185,120,227901160,Linder Elem,Austin ISD,F,66,619,https://txschools.net/campus/linder-elem-227901160
867,7185,120,116906101,Lone Oak Elem,Lone Oak ISD,C,66,525,https://txschools.net/campus/lone-oak-elem-116906101
867,7185,120,165901138,Lone Star Trails Elem,Midland ISD,C,66,605,https://txschools.net/campus/lone-star-trails-elem-165901138
867,7185,120,057914131,Mackey Elem,Mesquite ISD,D,66,495,https://txschools.net/campus/mackey-elem-057914131
867,7185,120,102902041,Marshall JH,Marshall ISD,C,66,1028,https://txschools.net/campus/marshall-jh-102902041
867,7185,120,205904102,Mathis Int,Mathis ISD,C,66,317,https://txschools.net/campus/mathis-int-205904102
867,7185,120,220912104,Meadowcreek Elem,Crowley ISD,D,66,493,https://txschools.net/campus/meadowcreek-elem-220912104
867,7185,120,184904101,Millsap Elem,Millsap ISD,C,66,518,https://txschools.net/campus/millsap-elem-184904101
867,7185,120,220901144,Moore Elem,Arlington ISD,C,66,851,https://txschools.net/campus/moore-elem-220901144
867,7185,120,061901121,Nelson Elem,Denton ISD,C,66,584,https://txschools.net/campus/nelson-elem-061901121
867,7185,120,129901102,Nola Kathryn Wilson Elem,Crandall ISD,D,66,533,https://txschools.net/campus/nola-kathryn-wilson-elem-129901102
867,7185,120,188901138,North Heights Alter,Amarillo ISD,B,66,77,https://txschools.net/campus/north-heights-alter-188901138
867,7185,120,070912104,Northside Elem,Waxahachie ISD,D,66,429,https://txschools.net/campus/northside-elem-070912104
867,7185,120,227901125,Oak Springs Elem,Austin ISD,F,66,213,https://txschools.net/campus/oak-springs-elem-227901125
867,7185,120,129901107,Opal Smith Elem,Crandall ISD,F,66,605,https://txschools.net/campus/opal-smith-elem-129901107
867,7185,120,101902112,Orange Grove Elem,Aldine ISD,C,66,499,https://txschools.net/campus/orange-grove-elem-101902112
867,7185,120,230903102,Ore City Elem,Ore City ISD,C,66,373,https://txschools.net/campus/ore-city-elem-230903102
867,7185,120,101912213,Osborne Elem,Houston ISD,D,66,286,https://txschools.net/campus/osborne-elem-101912213
867,7185,120,101917043,Park View Int,Pasadena ISD,C,66,481,https://txschools.net/campus/park-view-int-101917043
867,7185,120,238902107,Parkway Elem,Monahans-Wickett-Pyote ISD,D,66,644,https://txschools.net/campus/parkway-elem-238902107
867,7185,120,015915122,Passmore Elem,Northside ISD,F,66,361,https://txschools.net/campus/passmore-elem-015915122
867,7185,120,170907101,Peach Creek Elem,Splendora ISD,D,66,837,https://txschools.net/campus/peach-creek-elem-170907101
867,7185,120,146901106,Pine Burr Elem,Cleveland ISD,F,66,1050,https://txschools.net/campus/pine-burr-elem-146901106
867,7185,120,070911101,Red Oak Elem,Red Oak ISD,C,66,472,https://txschools.net/campus/red-oak-elem-070911101
867,7185,120,070911041,Red Oak MS,Red Oak ISD,C,66,753,https://txschools.net/campus/red-oak-ms-070911041
867,7185,120,243905047,Rider MS,Wichita Falls ISD,C,66,1239,https://txschools.net/campus/rider-ms-243905047
867,7185,120,079907109,Ridgemont Elem,Fort Bend ISD,D,66,347,https://txschools.net/campus/ridgemont-elem-079907109
867,7185,120,126907101,Rio Vista Elem,Rio Vista ISD,C,66,503,https://txschools.net/campus/rio-vista-elem-126907101
867,7185,120,067908101,Rising Star Elem,Rising Star ISD,D,66,79,https://txschools.net/campus/rising-star-elem-067908101
867,7185,120,094902102,Rose Garden Elem,Schertz-Cibolo-U City ISD,D,66,799,https://txschools.net/campus/rose-garden-elem-094902102
867,7185,120,073905105,Rosebud-Lott Elem,Rosebud-Lott ISD,C,66,351,https://txschools.net/campus/rosebud-lott-elem-073905105
867,7185,120,092906104,Sabine Int,Sabine ISD,C,66,224,https://txschools.net/campus/sabine-int-092906104
867,7185,120,021902046,Sam Rayburn,Bryan ISD,C,66,695,https://txschools.net/campus/sam-rayburn-021902046
867,7185,120,101911112,San Jacinto Elem,Goose Creek CISD,C,66,673,https://txschools.net/campus/san-jacinto-elem-101911112
867,7185,120,057905208,Seagoville Elem,Dallas ISD,C,66,712,https://txschools.net/campus/seagoville-elem-057905208
867,7185,120,100904001,Silsbee HS,Silsbee ISD,C,66,740,https://txschools.net/campus/silsbee-hs-100904001
867,7185,120,021901104,Southwood Valley Elem,College Station ISD,C,66,600,https://txschools.net/campus/southwood-valley-elem-021901104
867,7185,120,161903103,Speegleville Elem,Midway ISD,C,66,217,https://txschools.net/campus/speegleville-elem-161903103
867,7185,120,220901112,Speer Elem,Arlington ISD,D,66,627,https://txschools.net/campus/speer-elem-220901112
867,7185,120,123907116,Staff Sergeant Lucian Adams Elem,Port Arthur ISD,D,66,652,https://txschools.net/campus/staff-sergeant-lucian-adams-elem-123907116
867,7185,120,102904010,Texas Virtual Academy at Hallsville,Hallsville ISD,C,66,22085,https://txschools.net/campus/texas-virtual-academy-at-hallsville-102904010
867,7185,120,126908101,Venus Elem,Venus ISD,D,66,633,https://txschools.net/campus/venus-elem-126908101
867,7185,120,126908041,Venus MS,Venus ISD,D,66,510,https://txschools.net/campus/venus-ms-126908041
867,7185,120,170902056,Veterans Memorial Int,Conroe ISD,C,66,871,https://txschools.net/campus/veterans-memorial-int-170902056
867,7185,120,181907041,Vidor JH,Vidor ISD,C,66,626,https://txschools.net/campus/vidor-jh-181907041
867,7185,120,071909106,Vista Del Sol Environmental Science,Socorro ISD,C,66,456,https://txschools.net/campus/vista-del-sol-environmental-science-071909106
867,7185,120,084902006,Weis,Galveston ISD,C,66,830,https://txschools.net/campus/weis-084902006
867,7185,120,019907108,Westlawn Elem,Texarkana ISD,F,66,291,https://txschools.net/campus/westlawn-elem-019907108
867,7185,120,001908101,Westwood Elem,Westwood ISD,D,66,261,https://txschools.net/campus/westwood-elem-001908101
867,7185,120,001908002,Westwood HS,Westwood ISD,C,66,396,https://txschools.net/campus/westwood-hs-001908002
867,7185,120,212909101,Wise Elem,Chapel Hill ISD,C,66,620,https://txschools.net/campus/wise-elem-212909101
867,7185,120,220901133,Wood Elem,Arlington ISD,C,66,727,https://txschools.net/campus/wood-elem-220901133
867,7185,120,081905102,Wortham Elem,Wortham ISD,D,66,226,https://txschools.net/campus/wortham-elem-081905102
867,7185,120,003906101,Zavalla Elem,Zavalla ISD,D,66,163,https://txschools.net/campus/zavalla-elem-003906101
988,7185,139,220915041,Azle JH,Azle ISD,C,67,605,https://txschools.net/campus/azle-jh-220915041
988,7185,139,112901102,Barbara Bush Elem,Sulphur Springs ISD,D,67,304,https://txschools.net/campus/barbara-bush-elem-112901102
988,7185,139,101912108,Bastian Elem,Houston ISD,D,67,566,https://txschools.net/campus/bastian-elem-101912108
988,7185,139,057914119,Beasley Elem,Mesquite ISD,C,67,289,https://txschools.net/campus/beasley-elem-057914119
988,7185,139,108913044,Beatriz G Garza MS,Weslaco ISD,C,67,921,https://txschools.net/campus/beatriz-g-garza-ms-108913044
988,7185,139,061911123,Berkshire Elem,Northwest ISD,D,67,672,https://txschools.net/campus/berkshire-elem-061911123
988,7185,139,230901101,Big Sandy Elem,Big Sandy ISD,D,67,325,https://txschools.net/campus/big-sandy-elem-230901101
988,7185,139,188901103,Bivins Elem,Amarillo ISD,C,67,407,https://txschools.net/campus/bivins-elem-188901103
988,7185,139,175902041,Blooming Grove JH,Blooming Grove ISD,C,67,203,https://txschools.net/campus/blooming-grove-jh-175902041
988,7185,139,043917101,Blue Ridge Elem,Blue Ridge ISD,D,67,485,https://txschools.net/campus/blue-ridge-elem-043917101
988,7185,139,059901102,Bluebonnet Elem,Hereford ISD,C,67,369,https://txschools.net/campus/bluebonnet-elem-059901102
988,7185,139,015912104,Bob Hope Elem,Southwest ISD,D,67,553,https://txschools.net/campus/bob-hope-elem-015912104
988,7185,139,212905041,Boulter MS,Tyler ISD,D,67,906,https://txschools.net/campus/boulter-ms-212905041
988,7185,139,239901042,Brenham JH,Brenham ISD,C,67,753,https://txschools.net/campus/brenham-jh-239901042
988,7185,139,043910123,Brinker Elem,Plano ISD,C,67,555,https://txschools.net/campus/brinker-elem-043910123
988,7185,139,025908001,Brookesmith School,Brookesmith ISD,C,67,418,https://txschools.net/campus/brookesmith-school-025908001
988,7185,139,129902042,Brown MS,Forney ISD,D,67,516,https://txschools.net/campus/brown-ms-129902042
988,7185,139,243905105,Burgess Elem,Wichita Falls ISD,D,67,319,https://txschools.net/campus/burgess-elem-243905105
988,7185,139,057909103,Caldwell Elem,Garland ISD,C,67,462,https://txschools.net/campus/caldwell-elem-057909103
988,7185,139,101902128,Calvert Elem,Aldine ISD,D,67,564,https://txschools.net/campus/calvert-elem-101902128
988,7185,139,071907001,Canutillo HS,Canutillo ISD,C,67,1387,https://txschools.net/campus/canutillo-hs-071907001
988,7185,139,057916145,Carolyn G Bukhair Elem,Richardson ISD,C,67,701,https://txschools.net/campus/carolyn-g-bukhair-elem-057916145
988,7185,139,101911105,Carver Elem,Goose Creek CISD,D,67,684,https://txschools.net/campus/carver-elem-101911105
988,7185,139,038901001,Childress HS,Childress ISD,C,67,295,https://txschools.net/campus/childress-hs-038901001
988,7185,139,194904002,Clarksville MS and HS,Clarksville ISD,C,67,268,https://txschools.net/campus/clarksville-ms-and-hs-194904002
988,7185,139,021901102,College Hills Elem,College Station ISD,C,67,550,https://txschools.net/campus/college-hills-elem-021901102
988,7185,139,045902041,Columbus JH,Columbus ISD,C,67,317,https://txschools.net/campus/columbus-jh-045902041
988,7185,139,060902041,Cooper JH,Cooper ISD,C,67,193,https://txschools.net/campus/cooper-jh-060902041
988,7185,139,221901048,Craig MS,Abilene ISD,C,67,737,https://txschools.net/campus/craig-ms-221901048
988,7185,139,057906043,Curtistene S McCowan MS,Desoto ISD,D,67,612,https://txschools.net/campus/curtistene-s-mccowan-ms-057906043
988,7185,139,220912113,David L Walker Elem,Crowley ISD,D,67,428,https://txschools.net/campus/david-l-walker-elem-220912113
988,7185,139,101911120,De Zavala Elem,Goose Creek CISD,D,67,491,https://txschools.net/campus/de-zavala-elem-101911120
988,7185,139,233901043,Del Rio MS,San Felipe-Del Rio CISD,C,67,702,https://txschools.net/campus/del-rio-ms-233901043
988,7185,139,220908204,Donna Shepard Academy,Mansfield ISD,C,67,825,https://txschools.net/campus/donna-shepard-academy-220908204
988,7185,139,043910119,Dooley Elem,Plano ISD,C,67,276,https://txschools.net/campus/dooley-elem-043910119
988,7185,139,108912043,Dr Javier Saenz MS,La Joya ISD,C,67,565,https://txschools.net/campus/dr-javier-saenz-ms-108912043
988,7185,139,101911048,E F Green Junior School,Goose Creek CISD,C,67,1040,https://txschools.net/campus/e-f-green-junior-school-101911048
988,7185,139,243902001,Electra Junior/Senior High,Electra ISD,C,67,209,https://txschools.net/campus/electra-junior-senior-high-243902001
988,7185,139,021902106,Fannin Elem,Bryan ISD,C,67,360,https://txschools.net/campus/fannin-elem-021902106
988,7185,139,074903104,Finley-Oates Elem,Bonham ISD,D,67,527,https://txschools.net/campus/finley-oates-elem-074903104
988,7185,139,186902101,Fort Stockton Int,Fort Stockton ISD,C,67,316,https://txschools.net/campus/fort-stockton-int-186902101
988,7185,139,015904004,Frank M Tejeda Beyond Academy,Harlandale ISD,B,67,136,https://txschools.net/campus/frank-m-tejeda-beyond-academy-015904004
988,7185,139,057905266,Frederick Douglass Elem,Dallas ISD,D,67,428,https://txschools.net/campus/frederick-douglass-elem-057905266
988,7185,139,068901132,G E 'Buddy' West Elem,Ector County ISD,D,67,691,https://txschools.net/campus/g-e-buddy-west-elem-068901132
988,7185,139,057907043,G W Kennemer MS,Duncanville ISD,C,67,969,https://txschools.net/campus/g-w-kennemer-ms-057907043
988,7185,139,144901041,Giddings MS,Giddings ISD,C,67,393,https://txschools.net/campus/giddings-ms-144901041
988,7185,139,101919121,Ginger McNabb Elem,Spring ISD,C,67,760,https://txschools.net/campus/ginger-mcnabb-elem-101919121
988,7185,139,089901102,Gonzales North Avenue,Gonzales ISD,D,67,549,https://txschools.net/campus/gonzales-north-avenue-089901102
988,7185,139,170902068,Grangerland Int,Conroe ISD,C,67,588,https://txschools.net/campus/grangerland-int-170902068
988,7185,139,116905041,Greenville MS,Greenville ISD,D,67,730,https://txschools.net/campus/greenville-ms-116905041
988,7185,139,108904103,Hargill Elem,Edinburg CISD,D,67,519,https://txschools.net/campus/hargill-elem-108904103
988,7185,139,015904001,Harlandale HS,Harlandale ISD,C,67,1610,https://txschools.net/campus/harlandale-hs-015904001
988,7185,139,015907047,Harris MS,San Antonio ISD,D,67,720,https://txschools.net/campus/harris-ms-015907047
988,7185,139,091906111,Henry W Sory Elem,Sherman ISD,C,67,457,https://txschools.net/campus/henry-w-sory-elem-091906111
988,7185,139,101915042,Hildebrandt Int,Klein ISD,C,67,1048,https://txschools.net/campus/hildebrandt-int-101915042
988,7185,139,161914109,Hillcrest PDS Magnet,Waco ISD,C,67,436,https://txschools.net/campus/hillcrest-pds-magnet-161914109
988,7185,139,226903114,Holiman Elem,San Angelo ISD,C,67,323,https://txschools.net/campus/holiman-elem-226903114
988,7185,139,188901045,Houston MS,Amarillo ISD,C,67,528,https://txschools.net/campus/houston-ms-188901045
988,7185,139,246907102,Igo Elem,Jarrell ISD,D,67,737,https://txschools.net/campus/igo-elem-246907102
988,7185,139,034907101,J K Hileman Elem,Queen City ISD,B,67,338,https://txschools.net/campus/j-k-hileman-elem-034907101
988,7185,139,220902104,Jack C Binion Elem,Birdville ISD,D,67,654,https://txschools.net/campus/jack-c-binion-elem-220902104
988,7185,139,043904102,James and Mary Hemby Elem,Farmersville ISD,C,67,732,https://txschools.net/campus/james-and-mary-hemby-elem-043904102
988,7185,139,220905129,John T White Elem,Fort Worth ISD,D,67,413,https://txschools.net/campus/john-t-white-elem-220905129
988,7185,139,101902116,Johnson Elem,Aldine ISD,D,67,857,https://txschools.net/campus/johnson-elem-101902116
988,7185,139,057905167,Kleberg Elem,Dallas ISD,D,67,810,https://txschools.net/campus/kleberg-elem-057905167
988,7185,139,220918101,L A Gililland Elem,Eagle Mt-Saginaw ISD,D,67,463,https://txschools.net/campus/l-a-gililland-elem-220918101
988,7185,139,068901128,L B Johnson Elem,Ector County ISD,C,67,443,https://txschools.net/campus/l-b-johnson-elem-068901128
988,7185,139,079907048,Lake Olympia MS,Fort Bend ISD,D,67,1017,https://txschools.net/campus/lake-olympia-ms-079907048
988,7185,139,123907105,Lakeview Elem,Port Arthur ISD,D,67,480,https://txschools.net/campus/lakeview-elem-123907105
988,7185,139,091903113,Lamar Elem,Denison ISD,D,67,402,https://txschools.net/campus/lamar-elem-091903113
988,7185,139,015905142,Las Palmas Leadership School for Girls,Edgewood ISD,D,67,332,https://txschools.net/campus/las-palmas-leadership-school-for-girls-015905142
988,7185,139,113905101,Latexo Elem,Latexo ISD,C,67,306,https://txschools.net/campus/latexo-elem-113905101
988,7185,139,068901130,Lauro Cavazos Elem,Ector County ISD,D,67,585,https://txschools.net/campus/lauro-cavazos-elem-068901130
988,7185,139,014903102,Leon Heights Elem,Belton ISD,C,67,196,https://txschools.net/campus/leon-heights-elem-014903102
988,7185,139,146906041,Liberty MS,Liberty ISD,C,67,536,https://txschools.net/campus/liberty-ms-146906041
988,7185,139,015915131,Linton Elem,Northside ISD,D,67,333,https://txschools.net/campus/linton-elem-015915131
988,7185,139,101912203,Mading Elem,Houston ISD,F,67,286,https://txschools.net/campus/mading-elem-101912203
988,7185,139,015907148,Madison Elem,San Antonio ISD,D,67,453,https://txschools.net/campus/madison-elem-015907148
988,7185,139,107906102,Malakoff Elem,Malakoff ISD,B,67,443,https://txschools.net/campus/malakoff-elem-107906102
988,7185,139,061902138,Marjory Vickery Elem,Lewisville ISD,D,67,641,https://txschools.net/campus/marjory-vickery-elem-061902138
988,7185,139,015916115,Mary Lou Hartman,Judson ISD,D,67,591,https://txschools.net/campus/mary-lou-hartman-015916115
988,7185,139,014906129,Maxdale Elem,Killeen ISD,D,67,466,https://txschools.net/campus/maxdale-elem-014906129
988,7185,139,163904041,McDowell MS,Hondo ISD,C,67,396,https://txschools.net/campus/mcdowell-ms-163904041
988,7185,139,070909001,Milford School,Milford ISD,C,67,277,https://txschools.net/campus/milford-school-070909001
988,7185,139,013901041,Moreno JH,Beeville ISD,C,67,692,https://txschools.net/campus/moreno-jh-013901041
988,7185,139,094902111,Norma J Paschal Elem,Schertz-Cibolo-U City ISD,C,67,518,https://txschools.net/campus/norma-j-paschal-elem-094902111
988,7185,139,220902110,O H Stowe Elem,Birdville ISD,D,67,660,https://txschools.net/campus/o-h-stowe-elem-220902110
988,7185,139,223901102,Oak Grove Elem,Brownfield ISD,F,67,639,https://txschools.net/campus/oak-grove-elem-223901102
988,7185,139,240904102,Oilton Elem,Webb CISD,D,67,99,https://txschools.net/campus/oilton-elem-240904102
988,7185,139,243901101,Overton Ray Elem,Burkburnett ISD,C,67,508,https://txschools.net/campus/overton-ray-elem-243901101
988,7185,139,014906048,Palo Alto MS,Killeen ISD,D,67,772,https://txschools.net/campus/palo-alto-ms-014906048
988,7185,139,019907118,Parks Elem,Texarkana ISD,D,67,777,https://txschools.net/campus/parks-elem-019907118
988,7185,139,227904102,Parmer Lane Elem,Pflugerville ISD,D,67,449,https://txschools.net/campus/parmer-lane-elem-227904102
988,7185,139,121904103,Parnell Elem,Jasper ISD,D,67,412,https://txschools.net/campus/parnell-elem-121904103
988,7185,139,061901051,Pat Hagan Cheek MS,Denton ISD,C,67,878,https://txschools.net/campus/pat-hagan-cheek-ms-061901051
988,7185,139,195901001,Pecos HS,Pecos-Barstow-Toyah ISD,C,67,858,https://txschools.net/campus/pecos-hs-195901001
988,7185,139,123910125,Pietzsch/Mac Arthur Elem,Beaumont ISD,F,67,1179,https://txschools.net/campus/pietzsch-mac-arthur-elem-123910125
988,7185,139,085902041,Post MS,Post ISD,D,67,129,https://txschools.net/campus/post-ms-085902041
988,7185,139,028906001,Prairie Lea Elem,Prairie Lea ISD,F,67,137,https://txschools.net/campus/prairie-lea-elem-028906001
988,7185,139,108910001,Progreso HS,Progreso ISD,C,67,417,https://txschools.net/campus/progreso-hs-108910001
988,7185,139,188901139,Puckett Elem,Amarillo ISD,B,67,341,https://txschools.net/campus/puckett-elem-188901139
988,7185,139,246906104,Ray Elem,Hutto ISD,C,67,610,https://txschools.net/campus/ray-elem-246906104
988,7185,139,126911102,Rb Godley Elem,Godley ISD,C,67,530,https://txschools.net/campus/rb-godley-elem-126911102
988,7185,139,015915229,Reed Elem,Northside ISD,C,67,830,https://txschools.net/campus/reed-elem-015915229
988,7185,139,015907055,Rhodes MS,San Antonio ISD,F,67,386,https://txschools.net/campus/rhodes-ms-015907055
988,7185,139,093905001,Richards HS,Richards ISD,C,67,261,https://txschools.net/campus/richards-hs-093905001
988,7185,139,146902103,Richter Elem,Dayton ISD,D,67,893,https://txschools.net/campus/richter-elem-146902103
988,7185,139,188902101,Rolling Hills Elem,River Road ISD,F,67,302,https://txschools.net/campus/rolling-hills-elem-188902101
988,7185,139,015905145,Roosevelt Dual Language Academy,Edgewood ISD,D,67,387,https://txschools.net/campus/roosevelt-dual-language-academy-015905145
988,7185,139,108906121,Roosevelt Elem,McAllen ISD,D,67,332,https://txschools.net/campus/roosevelt-elem-108906121
988,7185,139,101912233,Rucker Elem,Houston ISD,D,67,382,https://txschools.net/campus/rucker-elem-101912233
988,7185,139,220905162,Sagamore Hill Elem,Fort Worth ISD,D,67,465,https://txschools.net/campus/sagamore-hill-elem-220905162
988,7185,139,203901002,San Augustine HS,San Augustine ISD,C,67,273,https://txschools.net/campus/san-augustine-hs-203901002
988,7185,139,031912043,San Benito Riverside MS,San Benito CISD,D,67,555,https://txschools.net/campus/san-benito-riverside-ms-031912043
988,7185,139,068901121,San Jacinto Elem,Ector County ISD,C,67,636,https://txschools.net/campus/san-jacinto-elem-068901121
988,7185,139,206901001,San Saba HS,San Saba ISD,B,67,197,https://txschools.net/campus/san-saba-hs-206901001
988,7185,139,126903111,Santa Fe Elem,Cleburne ISD,D,67,415,https://txschools.net/campus/santa-fe-elem-126903111
988,7185,139,184903109,Seguin Elem,Weatherford ISD,C,67,552,https://txschools.net/campus/seguin-elem-184903109
988,7185,139,015910113,Serna Elem,North East ISD,D,67,378,https://txschools.net/campus/serna-elem-015910113
988,7185,139,227907109,Shadowglen Elem,Manor ISD,D,67,556,https://txschools.net/campus/shadowglen-elem-227907109
988,7185,139,101924112,Sheldon Lake Elem,Sheldon ISD,D,67,604,https://txschools.net/campus/sheldon-lake-elem-101924112
988,7185,139,101903105,Smith Elem,Alief ISD,D,67,595,https://txschools.net/campus/smith-elem-101903105
988,7185,139,061902042,STEM Academy at Hedrick MS,Lewisville ISD,D,67,842,https://txschools.net/campus/stem-academy-at-hedrick-ms-061902042
988,7185,139,057916114,Stults Road Elem,Richardson ISD,D,67,618,https://txschools.net/campus/stults-road-elem-057916114
988,7185,139,112901108,Sulphur Springs Elem,Sulphur Springs ISD,C,67,562,https://txschools.net/campus/sulphur-springs-elem-112901108
988,7185,139,101902045,Teague MS,Aldine ISD,D,67,488,https://txschools.net/campus/teague-ms-101902045
988,7185,139,236902048,Texas Online Preparatory MS,Huntsville ISD,D,67,2085,https://txschools.net/campus/texas-online-preparatory-ms-236902048
988,7185,139,057910129,Thurgood Marshall Leadership Academy,Grand Prairie ISD,D,67,537,https://txschools.net/campus/thurgood-marshall-leadership-academy-057910129
988,7185,139,212904102,Troup Elem,Troup ISD,C,67,509,https://txschools.net/campus/troup-elem-212904102
988,7185,139,057905014,W W Samuell HS,Dallas ISD,C,67,1514,https://txschools.net/campus/w-w-samuell-hs-057905014
988,7185,139,015910114,Walzem Elem,North East ISD,D,67,553,https://txschools.net/campus/walzem-elem-015910114
988,7185,139,229904041,Warren JH,Warren ISD,C,67,267,https://txschools.net/campus/warren-jh-229904041
988,7185,139,102903103,Waskom Elem,Waskom ISD,D,67,337,https://txschools.net/campus/waskom-elem-102903103
988,7185,139,246909115,Wells Branch Elem,Round Rock ISD,D,67,503,https://txschools.net/campus/wells-branch-elem-246909115
988,7185,139,220907105,Whitley Road Elem,Keller ISD,C,67,379,https://txschools.net/campus/whitley-road-elem-220907105
988,7185,139,227904113,Wilhelmina Delco Elem,Pflugerville ISD,D,67,424,https://txschools.net/campus/wilhelmina-delco-elem-227904113
988,7185,139,015907175,Woodlawn Academy,San Antonio ISD,D,67,580,https://txschools.net/campus/woodlawn-academy-015907175
988,7185,139,196902001,Woodsboro HS,Woodsboro ISD,C,67,224,https://txschools.net/campus/woodsboro-hs-196902001
988,7185,139,184903103,Wright Elem,Weatherford ISD,C,67,511,https://txschools.net/campus/wright-elem-184903103
988,7185,139,250905101,Yantis Elem,Yantis ISD,D,67,158,https://txschools.net/campus/yantis-elem-250905101
1128,7185,149,220905153,A M Pate Elem,Fort Worth ISD,D,68,250,https://txschools.net/campus/a-m-pate-elem-220905153
1128,7185,149,057914132,Achziger Elem,Mesquite ISD,D,68,545,https://txschools.net/campus/achziger-elem-057914132
1128,7185,149,250906101,Alba-Golden Elem,Alba-Golden ISD,C,68,367,https://txschools.net/campus/alba-golden-elem-250906101
1128,7185,149,043907117,Arthur H McNeil Elem,McKinney ISD,C,68,301,https://txschools.net/campus/arthur-h-mcneil-elem-043907117
1128,7185,149,057916144,Audelia Creek Elem,Richardson ISD,D,68,700,https://txschools.net/campus/audelia-creek-elem-057916144
1128,7185,149,178913041,Banquete JH,Banquete ISD,C,68,176,https://txschools.net/campus/banquete-jh-178913041
1128,7185,149,129901103,Barbara Walker Elem,Crandall ISD,D,68,630,https://txschools.net/campus/barbara-walker-elem-129901103
1128,7185,149,221901153,Bassetti Elem,Abilene ISD,D,68,522,https://txschools.net/campus/bassetti-elem-221901153
1128,7185,149,183901101,Beckville Sunset Elem,Beckville ISD,C,68,302,https://txschools.net/campus/beckville-sunset-elem-183901101
1128,7185,149,015904102,Bellaire Elem,Harlandale ISD,D,68,658,https://txschools.net/campus/bellaire-elem-015904102
1128,7185,149,008901041,Bellville JH,Bellville ISD,B,68,539,https://txschools.net/campus/bellville-jh-008901041
1128,7185,149,066901001,Benavides Collegiate,Benavides ISD,D,68,352,https://txschools.net/campus/benavides-collegiate-066901001
1128,7185,149,220901101,Berry Elem,Arlington ISD,D,68,707,https://txschools.net/campus/berry-elem-220901101
1128,7185,149,031912041,Berta Cabaza MS,San Benito CISD,D,68,672,https://txschools.net/campus/berta-cabaza-ms-031912041
1128,7185,149,061901049,Bettye Myers MS,Denton ISD,D,68,829,https://txschools.net/campus/bettye-myers-ms-061901049
1128,7185,149,079907052,Billy Baines MS,Fort Bend ISD,C,68,1381,https://txschools.net/campus/billy-baines-ms-079907052
1128,7185,149,139912101,Blossom Elem,Prairiland ISD,C,68,402,https://txschools.net/campus/blossom-elem-139912101
1128,7185,149,116916101,Boles Elem,Boles ISD,C,68,201,https://txschools.net/campus/boles-elem-116916101
1128,7185,149,015915024,Brennan HS,Northside ISD,C,68,2840,https://txschools.net/campus/brennan-hs-015915024
1128,7185,149,015907112,Briscoe Elem,San Antonio ISD,D,68,513,https://txschools.net/campus/briscoe-elem-015907112
1128,7185,149,101902103,Carroll Elem,Aldine ISD,C,68,603,https://txschools.net/campus/carroll-elem-101902103
1128,7185,149,249905103,Carson Elem,Decatur ISD,D,68,490,https://txschools.net/campus/carson-elem-249905103
1128,7185,149,116905104,Carver Elem,Greenville ISD,D,68,606,https://txschools.net/campus/carver-elem-116905104
1128,7185,149,210901041,Center MS,Center ISD,C,68,472,https://txschools.net/campus/center-ms-210901041
1128,7185,149,133901101,Center Point Elem,Center Point ISD,D,68,244,https://txschools.net/campus/center-point-elem-133901101
1128,7185,149,057905147,Charles A Gill Elem,Dallas ISD,C,68,671,https://txschools.net/campus/charles-a-gill-elem-057905147
1128,7185,149,015907129,Charles Graebner Elem,San Antonio ISD,D,68,615,https://txschools.net/campus/charles-graebner-elem-015907129
1128,7185,149,249904101,Chico Elem,Chico ISD,D,68,281,https://txschools.net/campus/chico-elem-249904101
1128,7185,149,057907111,CJ & Anne Hyman Elem,Duncanville ISD,D,68,568,https://txschools.net/campus/cj-anne-hyman-elem-057907111
1128,7185,149,220905222,Clifford Davis Elem,Fort Worth ISD,D,68,608,https://txschools.net/campus/clifford-davis-elem-220905222
1128,7185,149,130902041,Comfort MS,Comfort ISD,C,68,224,https://txschools.net/campus/comfort-ms-130902041
1128,7185,149,175903001,Corsicana HS,Corsicana ISD,C,68,1767,https://txschools.net/campus/corsicana-hs-175903001
1128,7185,149,109903001,Covington School,Covington ISD,C,68,351,https://txschools.net/campus/covington-school-109903001
1128,7185,149,071902058,Cpt Gabriel Navarrete MS,El Paso ISD,C,68,685,https://txschools.net/campus/cpt-gabriel-navarrete-ms-071902058
1128,7185,149,161914106,Crestview Elem,Waco ISD,F,68,461,https://txschools.net/campus/crestview-elem-161914106
1128,7185,149,056901105,Dalhart Int,Dalhart ISD,D,68,425,https://txschools.net/campus/dalhart-int-056901105
1128,7185,149,101919114,Deloras E Thompson Elem,Spring ISD,D,68,603,https://txschools.net/campus/deloras-e-thompson-elem-101919114
1128,7185,149,057906042,Desoto West MS,Desoto ISD,D,68,381,https://txschools.net/campus/desoto-west-ms-057906042
1128,7185,149,227904105,Dessau Elem,Pflugerville ISD,D,68,490,https://txschools.net/campus/dessau-elem-227904105
1128,7185,149,101914108,Diane Winborn Elem,Katy ISD,C,68,742,https://txschools.net/campus/diane-winborn-elem-101914108
1128,7185,149,227901055,Dobie MS,Austin ISD,D,68,392,https://txschools.net/campus/dobie-ms-227901055
1128,7185,149,108902047,Dora M Sauceda STEAM Academy,Donna ISD,C,68,568,https://txschools.net/campus/dora-m-sauceda-steam-academy-108902047
1128,7185,149,079907144,Dr Lynn Armstrong Elem,Fort Bend ISD,D,68,489,https://txschools.net/campus/dr-lynn-armstrong-elem-079907144
1128,7185,149,015915171,Driggers Elem,Northside ISD,C,68,467,https://txschools.net/campus/driggers-elem-015915171
1128,7185,149,061905101,Dyer Elem,Krum ISD,C,68,342,https://txschools.net/campus/dyer-elem-061905101
1128,7185,149,101912364,Energized for Excellence Academy Elem,Houston ISD,C,68,771,https://txschools.net/campus/energized-for-excellence-academy-elem-101912364
1128,7185,149,152901064,Evans MS,Lubbock ISD,C,68,785,https://txschools.net/campus/evans-ms-152901064
1128,7185,149,043907102,Finch Elem,McKinney ISD,D,68,319,https://txschools.net/campus/finch-elem-043907102
1128,7185,149,220901136,Fitzgerald Elem,Arlington ISD,C,68,436,https://txschools.net/campus/fitzgerald-elem-220901136
1128,7185,149,116901101,Frances and Jeannette Lee Elem,Caddo Mills ISD,C,68,358,https://txschools.net/campus/frances-and-jeannette-lee-elem-116901101
1128,7185,149,152907041,Frenship MS,Frenship ISD,C,68,595,https://txschools.net/campus/frenship-ms-152907041
1128,7185,149,020901043,G W Harby JH,Alvin ISD,C,68,818,https://txschools.net/campus/g-w-harby-jh-020901043
1128,7185,149,050902101,Gatesville Elem,Gatesville ISD,C,68,573,https://txschools.net/campus/gatesville-elem-050902101
1128,7185,149,101917106,Genoa Elem,Pasadena ISD,C,68,511,https://txschools.net/campus/genoa-elem-101917106
1128,7185,149,220905115,George Clarke Elem,Fort Worth ISD,D,68,379,https://txschools.net/campus/george-clarke-elem-220905115
1128,7185,149,246904045,George Wagner MS,Georgetown ISD,D,68,793,https://txschools.net/campus/george-wagner-ms-246904045
1128,7185,149,015915111,Glass Elem,Northside ISD,F,68,340,https://txschools.net/campus/glass-elem-015915111
1128,7185,149,101912159,Golfcrest Elem,Houston ISD,D,68,309,https://txschools.net/campus/golfcrest-elem-101912159
1128,7185,149,252901105,Graham Elem,Graham ISD,C,68,981,https://txschools.net/campus/graham-elem-252901105
1128,7185,149,108904109,Guerra Elem,Edinburg CISD,C,68,497,https://txschools.net/campus/guerra-elem-108904109
1128,7185,149,123910112,Guess Elem,Beaumont ISD,F,68,698,https://txschools.net/campus/guess-elem-123910112
1128,7185,149,091917101,Gunter Elem,Gunter ISD,B,68,490,https://txschools.net/campus/gunter-elem-091917101
1128,7185,149,015905046,Gus Garcia MS,Edgewood ISD,D,68,722,https://txschools.net/campus/gus-garcia-ms-015905046
1128,7185,149,057912107,Haley T Elem,Irving ISD,D,68,764,https://txschools.net/campus/haley-t-elem-057912107
1128,7185,149,102904104,Hallsville Int,Hallsville ISD,B,68,721,https://txschools.net/campus/hallsville-int-102904104
1128,7185,149,101903111,Heflin Elem,Alief ISD,D,68,447,https://txschools.net/campus/heflin-elem-101903111
1128,7185,149,101919115,Heritage Elem,Spring ISD,D,68,665,https://txschools.net/campus/heritage-elem-101919115
1128,7185,149,070903102,Houston Elem,Ennis ISD,D,68,379,https://txschools.net/campus/houston-elem-070903102
1128,7185,149,003904041,Huntington MS,Huntington ISD,C,68,345,https://txschools.net/campus/huntington-ms-003904041
1128,7185,149,068901114,Ireland Elem,Ector County ISD,D,68,397,https://txschools.net/campus/ireland-elem-068901114
1128,7185,149,109907001,Itasca HS,Itasca ISD,B,68,203,https://txschools.net/campus/itasca-hs-109907001
1128,7185,149,057905053,J L Long MS,Dallas ISD,C,68,1027,https://txschools.net/campus/j-l-long-ms-057905053
1128,7185,149,019909041,James Bowie MS,Simms ISD,C,68,101,https://txschools.net/campus/james-bowie-ms-019909041
1128,7185,149,014903111,Joe M Pirtle Elem,Belton ISD,C,68,590,https://txschools.net/campus/joe-m-pirtle-elem-014903111
1128,7185,149,111901108,John and Lynn Brawner Elem,Granbury ISD,C,68,730,https://txschools.net/campus/john-and-lynn-brawner-elem-111901108
1128,7185,149,128902041,Kenedy MS,Kenedy ISD,D,68,167,https://txschools.net/campus/kenedy-ms-128902041
1128,7185,149,220901128,Key Elem,Arlington ISD,D,68,354,https://txschools.net/campus/key-elem-220901128
1128,7185,149,046901109,Klein Road Elem,New Braunfels ISD,C,68,472,https://txschools.net/campus/klein-road-elem-046901109
1128,7185,149,100903041,Kountze MS,Kountze ISD,C,68,252,https://txschools.net/campus/kountze-ms-100903041
1128,7185,149,214901103,La Union Elem,Rio Grande City Grulla ISD,D,68,324,https://txschools.net/campus/la-union-elem-214901103
1128,7185,149,220918117,Lake Country Elem,Eagle Mt-Saginaw ISD,C,68,636,https://txschools.net/campus/lake-country-elem-220918117
1128,7185,149,240903054,Lamar Bruni Vergara MS,United ISD,B,68,700,https://txschools.net/campus/lamar-bruni-vergara-ms-240903054
1128,7185,149,015910108,Larkspur Elem,North East ISD,D,68,795,https://txschools.net/campus/larkspur-elem-015910108
1128,7185,149,113905001,Latexo HS,Latexo ISD,C,68,245,https://txschools.net/campus/latexo-hs-113905001
1128,7185,149,123907043,Lincoln MS,Port Arthur ISD,D,68,603,https://txschools.net/campus/lincoln-ms-123907043
1128,7185,149,057912112,Lively Elem,Irving ISD,D,68,757,https://txschools.net/campus/lively-elem-057912112
1128,7185,149,127905101,Lueders-Avoca Elem/JH,Lueders-Avoca ISD,D,68,72,https://txschools.net/campus/lueders-avoca-elem-jh-127905101
1128,7185,149,108903105,Lyndon B Johnson Elem,Edcouch-Elsa ISD,C,68,465,https://txschools.net/campus/lyndon-b-johnson-elem-108903105
1128,7185,149,007904041,Lytle JH,Lytle ISD,C,68,434,https://txschools.net/campus/lytle-jh-007904041
1128,7185,149,236902042,Mance Park MS,Huntsville ISD,C,68,1282,https://txschools.net/campus/mance-park-ms-236902042
1128,7185,149,227907112,Manor Rise Academy,Manor ISD,D,68,657,https://txschools.net/campus/manor-rise-academy-227907112
1128,7185,149,108902114,Maria Alicia P Munoz Elem,Donna ISD,C,68,613,https://txschools.net/campus/maria-alicia-p-munoz-elem-108902114
1128,7185,149,102902001,Marshall HS,Marshall ISD,C,68,1316,https://txschools.net/campus/marshall-hs-102902001
1128,7185,149,015907150,Maverick Elem,San Antonio ISD,D,68,505,https://txschools.net/campus/maverick-elem-015907150
1128,7185,149,057914044,McDonald MS,Mesquite ISD,C,68,729,https://txschools.net/campus/mcdonald-ms-057914044
1128,7185,149,226903102,Mcgill Elem,San Angelo ISD,D,68,469,https://txschools.net/campus/mcgill-elem-226903102
1128,7185,149,015912111,Medio Creek Elem,Southwest ISD,D,68,659,https://txschools.net/campus/medio-creek-elem-015912111
1128,7185,149,159901042,Memorial JH,Eagle Pass ISD,C,68,965,https://txschools.net/campus/memorial-jh-159901042
1128,7185,149,071902167,Moreno Elem,El Paso ISD,C,68,295,https://txschools.net/campus/moreno-elem-071902167
1128,7185,149,220905147,Morningside Elem,Fort Worth ISD,D,68,444,https://txschools.net/campus/morningside-elem-220905147
1128,7185,149,028902103,Navarro Elem,Lockhart ISD,D,68,530,https://txschools.net/campus/navarro-elem-028902103
1128,7185,149,068901124,Noel Elem,Ector County ISD,D,68,502,https://txschools.net/campus/noel-elem-068901124
1128,7185,149,101920005,Northbrook HS,Spring Branch ISD,C,68,2131,https://txschools.net/campus/northbrook-hs-101920005
1128,7185,149,021902049,O W Sadberry Sr Int,Bryan ISD,D,68,741,https://txschools.net/campus/o-w-sadberry-sr-int-021902049
1128,7185,149,235902108,O'Connor Elem,Victoria ISD,D,68,432,https://txschools.net/campus/o-connor-elem-235902108
1128,7185,149,094901104,Oralia R Rodriguez Elem,Seguin ISD,D,68,489,https://txschools.net/campus/oralia-r-rodriguez-elem-094901104
1128,7185,149,070910101,Palmer Elem,Palmer ISD,C,68,572,https://txschools.net/campus/palmer-elem-070910101
1128,7185,149,249906050,Paradise Int,Paradise ISD,C,68,251,https://txschools.net/campus/paradise-int-249906050
1128,7185,149,235902042,Patti Welder MS,Victoria ISD,D,68,520,https://txschools.net/campus/patti-welder-ms-235902042
1128,7185,149,227907108,Pioneer Crossing Elem,Manor ISD,F,68,523,https://txschools.net/campus/pioneer-crossing-elem-227907108
1128,7185,149,251902041,Plains MS,Plains ISD,C,68,95,https://txschools.net/campus/plains-ms-251902041
1128,7185,149,220905009,Polytechnic HS,Fort Worth ISD,C,68,1253,https://txschools.net/campus/polytechnic-hs-220905009
1128,7185,149,101919103,Ponderosa Elem,Spring ISD,D,68,665,https://txschools.net/campus/ponderosa-elem-101919103
1128,7185,149,184901101,Poolville Elem,Poolville ISD,C,68,396,https://txschools.net/campus/poolville-elem-184901101
1128,7185,149,007906041,Poteet JH,Poteet ISD,C,68,393,https://txschools.net/campus/poteet-jh-007906041
1128,7185,149,054903102,Ralls Elem,Ralls ISD,D,68,147,https://txschools.net/campus/ralls-elem-054903102
1128,7185,149,015907133,Rodriguez Montessori Elem,San Antonio ISD,D,68,258,https://txschools.net/campus/rodriguez-montessori-elem-015907133
1128,7185,149,240903107,Salinas Elem,United ISD,C,68,813,https://txschools.net/campus/salinas-elem-240903107
1128,7185,149,105902001,San Marcos HS,San Marcos CISD,C,68,2324,https://txschools.net/campus/san-marcos-hs-105902001
1128,7185,149,178909041,Seale JH,Robstown ISD,F,68,531,https://txschools.net/campus/seale-jh-178909041
1128,7185,149,043910007,Shepton HS,Plano ISD,C,68,1190,https://txschools.net/campus/shepton-hs-043910007
1128,7185,149,043907111,Slaughter Elem,McKinney ISD,C,68,564,https://txschools.net/campus/slaughter-elem-043907111
1128,7185,149,011904101,Smithville Elem,Smithville ISD,C,68,711,https://txschools.net/campus/smithville-elem-011904101
1128,7185,149,129905104,Southside Elem,Mabank ISD,C,68,476,https://txschools.net/campus/southside-elem-129905104
1128,7185,149,061902127,STEM Academy at Valley Ridge Elem,Lewisville ISD,C,68,537,https://txschools.net/campus/stem-academy-at-valley-ridge-elem-061902127
1128,7185,149,220912102,Sycamore Elem,Crowley ISD,D,68,454,https://txschools.net/campus/sycamore-elem-220912102
1128,7185,149,014908102,Thomas Arnold Elem,Salado ISD,B,68,1149,https://txschools.net/campus/thomas-arnold-elem-014908102
1128,7185,149,072901072,Three Way Elem,Three Way ISD,D,68,134,https://txschools.net/campus/three-way-elem-072901072
1128,7185,149,014906133,Timber Ridge Elem,Killeen ISD,D,68,691,https://txschools.net/campus/timber-ridge-elem-014906133
1128,7185,149,101921108,Tomball Elem,Tomball ISD,B,68,628,https://txschools.net/campus/tomball-elem-101921108
1128,7185,149,079901108,Travis Elem,Lamar CISD,D,68,519,https://txschools.net/campus/travis-elem-079901108
1128,7185,149,011902106,Trinity Ranch Elem,Elgin ISD,D,68,623,https://txschools.net/campus/trinity-ranch-elem-011902106
1128,7185,149,015915056,Vale MS,Northside ISD,C,68,830,https://txschools.net/campus/vale-ms-015915056
1128,7185,149,018904041,Valley Mills JH,Valley Mills ISD,C,68,135,https://txschools.net/campus/valley-mills-jh-018904041
1128,7185,149,057909054,Vernon Schrade MS,Garland ISD,D,68,599,https://txschools.net/campus/vernon-schrade-ms-057909054
1128,7185,149,225902104,Vivian Fowler Elem,Mount Pleasant ISD,C,68,370,https://txschools.net/campus/vivian-fowler-elem-225902104
1128,7185,149,057916116,Wallace Elem,Richardson ISD,C,68,650,https://txschools.net/campus/wallace-elem-057916116
1128,7185,149,059901103,West Central Elem,Hereford ISD,D,68,334,https://txschools.net/campus/west-central-elem-059901103
1128,7185,149,057913103,West Main Elem,Lancaster ISD,C,68,593,https://txschools.net/campus/west-main-elem-057913103
1128,7185,149,001908041,Westwood MS,Westwood ISD,F,68,298,https://txschools.net/campus/westwood-ms-001908041
1128,7185,149,071902153,Whitaker Elem,El Paso ISD,D,68,417,https://txschools.net/campus/whitaker-elem-071902153
1128,7185,149,057914043,Wilkinson MS,Mesquite ISD,D,68,633,https://txschools.net/campus/wilkinson-ms-057914043
1128,7185,149,201902109,William E Wylie Elem,Henderson ISD,D,68,713,https://txschools.net/campus/william-e-wylie-elem-201902109
1128,7185,149,057905177,William Lipscomb Elem,Dallas ISD,B,68,378,https://txschools.net/campus/william-lipscomb-elem-057905177
1128,7185,149,057905380,Wilmer-Hutchins HS,Dallas ISD,C,68,717,https://txschools.net/campus/wilmer-hutchins-hs-057905380
1128,7185,149,146902041,Wilson JH,Dayton ISD,D,68,1325,https://txschools.net/campus/wilson-jh-146902041
1128,7185,149,200904041,Winters JH,Winters ISD,D,68,66,https://txschools.net/campus/winters-jh-200904041
1128,7185,149,221912109,Wylie East Int,Wylie ISD,C,68,366,https://txschools.net/campus/wylie-east-int-221912109
1128,7185,149,071905119,Ysleta Elem,Ysleta ISD,B,68,330,https://txschools.net/campus/ysleta-elem-071905119
1128,7185,149,253901041,Zapata MS,Zapata County ISD,C,68,726,https://txschools.net/campus/zapata-ms-253901041
1278,7185,117,101910001,Accelerated Center for Education (Ace),Galena Park ISD,B,69,166,https://txschools.net/campus/accelerated-center-for-education-ace-101910001
1278,7185,117,161918041,Axtell MS School,Axtell ISD,C,69,186,https://txschools.net/campus/axtell-ms-school-161918041
1278,7185,117,188901102,Belmar Elem,Amarillo ISD,B,69,373,https://txschools.net/campus/belmar-elem-188901102
1278,7185,117,061905102,Blanche Dodd Elem,Krum ISD,C,69,336,https://txschools.net/campus/blanche-dodd-elem-061905102
1278,7185,117,175903101,Bowie Elem,Corsicana ISD,B,69,493,https://txschools.net/campus/bowie-elem-175903101
1278,7185,117,107902101,Brownsboro Elem,Brownsboro ISD,C,69,413,https://txschools.net/campus/brownsboro-elem-107902101
1278,7185,117,166907001,Buckholts School,Buckholts ISD,C,69,107,https://txschools.net/campus/buckholts-school-166907001
1278,7185,117,043907107,Caldwell Elem,McKinney ISD,D,69,443,https://txschools.net/campus/caldwell-elem-043907107
1278,7185,117,183902042,Carthage JH,Carthage ISD,C,69,416,https://txschools.net/campus/carthage-jh-183902042
1278,7185,117,233901115,Ceniza Hills Elem,San Felipe-Del Rio CISD,C,69,618,https://txschools.net/campus/ceniza-hills-elem-233901115
1278,7185,117,152901192,Centennial Elem,Lubbock ISD,D,69,515,https://txschools.net/campus/centennial-elem-152901192
1278,7185,117,057907107,Charles Acton Leadershp Academy,Duncanville ISD,D,69,561,https://txschools.net/campus/charles-acton-leadershp-academy-057907107
1278,7185,117,130902101,Comfort Elem,Comfort ISD,D,69,460,https://txschools.net/campus/comfort-elem-130902101
1278,7185,117,057909056,Coyle MS Technology Center for Math & Science,Garland ISD,C,69,989,https://txschools.net/campus/coyle-ms-technology-center-for-math-science-057909056
1278,7185,117,227901008,Crockett Early College HS,Austin ISD,C,69,1463,https://txschools.net/campus/crockett-early-college-hs-227901008
1278,7185,117,220901150,Crouch Elem,Arlington ISD,D,69,473,https://txschools.net/campus/crouch-elem-220901150
1278,7185,117,243905108,Cunningham School,Wichita Falls ISD,D,69,455,https://txschools.net/campus/cunningham-school-243905108
1278,7185,117,174902002,Cushing Elem,Cushing ISD,C,69,267,https://txschools.net/campus/cushing-elem-174902002
1278,7185,117,101902136,Cypresswood Elem,Aldine ISD,D,69,742,https://txschools.net/campus/cypresswood-elem-101902136
1278,7185,117,133903101,Daniels Elem,Kerrville ISD,C,69,532,https://txschools.net/campus/daniels-elem-133903101
1278,7185,117,220918115,Dozier Elem,Eagle Mt-Saginaw ISD,C,69,646,https://txschools.net/campus/dozier-elem-220918115
1278,7185,117,101913121,Eagle Springs Elem,Humble ISD,C,69,673,https://txschools.net/campus/eagle-springs-elem-101913121
1278,7185,117,001903102,Elkhart Int,Elkhart ISD,C,69,240,https://txschools.net/campus/elkhart-int-001903102
1278,7185,117,102906101,Elysian Fields Elem,Elysian Fields ISD,C,69,352,https://txschools.net/campus/elysian-fields-elem-102906101
1278,7185,117,050901001,Evant School,Evant ISD,D,69,192,https://txschools.net/campus/evant-school-050901001
1278,7185,117,101907124,Fiest Elem,Cypress-Fairbanks ISD,C,69,797,https://txschools.net/campus/fiest-elem-101907124
1278,7185,117,015915107,Fisher Elem,Northside ISD,C,69,544,https://txschools.net/campus/fisher-elem-015915107
1278,7185,117,247901001,Floresville HS,Floresville ISD,B,69,1193,https://txschools.net/campus/floresville-hs-247901001
1278,7185,117,139911042,Frank Stone MS,North Lamar ISD,C,69,544,https://txschools.net/campus/frank-stone-ms-139911042
1278,7185,117,015916103,Franz Leadership Academy,Judson ISD,C,69,333,https://txschools.net/campus/franz-leadership-academy-015916103
1278,7185,117,020905042,Freeport Int,Brazosport ISD,D,69,517,https://txschools.net/campus/freeport-int-020905042
1278,7185,117,050902103,Gatesville Int,Gatesville ISD,C,69,603,https://txschools.net/campus/gatesville-int-050902103
1278,7185,117,102901103,George Washington Carver Elem,Karnack ISD,D,69,121,https://txschools.net/campus/george-washington-carver-elem-102901103
1278,7185,117,169906001,Gold Burg School,Gold Burg ISD,C,69,149,https://txschools.net/campus/gold-burg-school-169906001
1278,7185,117,057910002,Grand Prairie HS,Grand Prairie ISD,C,69,2815,https://txschools.net/campus/grand-prairie-hs-057910002
1278,7185,117,057914104,Hanby Elem,Mesquite ISD,C,69,764,https://txschools.net/campus/hanby-elem-057914104
1278,7185,117,014906105,Harker Heights Elem,Killeen ISD,C,69,677,https://txschools.net/campus/harker-heights-elem-014906105
1278,7185,117,137901109,Harrel Elem,Kingsville ISD,D,69,263,https://txschools.net/campus/harrel-elem-137901109
1278,7185,117,057910047,Harry S Truman MS,Grand Prairie ISD,C,69,414,https://txschools.net/campus/harry-s-truman-ms-057910047
1278,7185,117,011902105,Harvest Ridge Elem,Elgin ISD,D,69,745,https://txschools.net/campus/harvest-ridge-elem-011902105
1278,7185,117,101905106,Harvey S Brown Elem,Channelview ISD,C,69,684,https://txschools.net/campus/harvey-s-brown-elem-101905106
1278,7185,117,015907182,Healy-Murphy,San Antonio ISD,C,69,110,https://txschools.net/campus/healy-murphy-015907182
1278,7185,117,014909118,Hector P Garcia Elem,Temple ISD,C,69,409,https://txschools.net/campus/hector-p-garcia-elem-014909118
1278,7185,117,220907106,Heritage Elem,Keller ISD,D,69,508,https://txschools.net/campus/heritage-elem-220907106
1278,7185,117,010902102,Hill Country Elem,Bandera ISD,C,69,431,https://txschools.net/campus/hill-country-elem-010902102
1278,7185,117,074907101,Honey Grove Elem,Honey Grove ISD,C,69,293,https://txschools.net/campus/honey-grove-elem-074907101
1278,7185,117,126902041,Hughes MS,Burleson ISD,C,69,1018,https://txschools.net/campus/hughes-ms-126902041
1278,7185,117,093903101,Iola Elem,Iola ISD,C,69,307,https://txschools.net/campus/iola-elem-093903101
1278,7185,117,152901066,Irons MS,Lubbock ISD,D,69,536,https://txschools.net/campus/irons-ms-152901066
1278,7185,117,126902105,Jack Taylor Elem,Burleson ISD,C,69,544,https://txschools.net/campus/jack-taylor-elem-126902105
1278,7185,117,015910045,Jackson MS,North East ISD,C,69,554,https://txschools.net/campus/jackson-ms-015910045
1278,7185,117,043911110,James Elem,Princeton ISD,D,69,729,https://txschools.net/campus/james-elem-043911110
1278,7185,117,094901041,Jim Barnes MS,Seguin ISD,D,69,769,https://txschools.net/campus/jim-barnes-ms-094901041
1278,7185,117,246913116,Jim Plain Elem,Leander ISD,C,69,693,https://txschools.net/campus/jim-plain-elem-246913116
1278,7185,117,129902115,Jones Int,Forney ISD,C,69,836,https://txschools.net/campus/jones-int-129902115
1278,7185,117,220912115,June W Davis Elem,Crowley ISD,D,69,606,https://txschools.net/campus/june-w-davis-elem-220912115
1278,7185,117,015905109,L B Johnson Elem,Edgewood ISD,C,69,363,https://txschools.net/campus/l-b-johnson-elem-015905109
1278,7185,117,226903002,Lake View HS,San Angelo ISD,C,69,1033,https://txschools.net/campus/lake-view-hs-226903002
1278,7185,117,061902104,Lakeland Elem,Lewisville ISD,C,69,696,https://txschools.net/campus/lakeland-elem-061902104
1278,7185,117,220915105,Liberty Elem,Azle ISD,D,69,536,https://txschools.net/campus/liberty-elem-220915105
1278,7185,117,101907111,Lieder Elem,Cypress-Fairbanks ISD,C,69,749,https://txschools.net/campus/lieder-elem-101907111
1278,7185,117,105906004,Live Oak Academy,Hays CISD,B,69,156,https://txschools.net/campus/live-oak-academy-105906004
1278,7185,117,054902001,Lorenzo ISD,Lorenzo ISD,C,69,175,https://txschools.net/campus/lorenzo-isd-054902001
1278,7185,117,043903101,Marcy B Lykins Elem,Celina ISD,C,69,664,https://txschools.net/campus/marcy-b-lykins-elem-043903101
1278,7185,117,220910103,Marine Creek Leadership Academy,Lake Worth ISD,D,69,451,https://txschools.net/campus/marine-creek-leadership-academy-220910103
1278,7185,117,102902006,Marshall Early Graduation School,Marshall ISD,B,69,91,https://txschools.net/campus/marshall-early-graduation-school-102902006
1278,7185,117,101914145,McElwain Elem,Katy ISD,C,69,1206,https://txschools.net/campus/mcelwain-elem-101914145
1278,7185,117,043910103,Mendenhall Elem,Plano ISD,D,69,506,https://txschools.net/campus/mendenhall-elem-043910103
1278,7185,117,061902144,Mill Street Elem,Lewisville ISD,D,69,617,https://txschools.net/campus/mill-street-elem-061902144
1278,7185,117,250903041,Mineola MS,Mineola ISD,B,69,406,https://txschools.net/campus/mineola-ms-250903041
1278,7185,117,101907115,Moore Elem,Cypress-Fairbanks ISD,C,69,840,https://txschools.net/campus/moore-elem-101907115
1278,7185,117,046901041,New Braunfels MS,New Braunfels ISD,C,69,1264,https://txschools.net/campus/new-braunfels-ms-046901041
1278,7185,117,101912210,Northline Elem,Houston ISD,C,69,351,https://txschools.net/campus/northline-elem-101912210
1278,7185,117,227904104,Northwest Elem,Pflugerville ISD,D,69,361,https://txschools.net/campus/northwest-elem-227904104
1278,7185,117,020905116,O'Hara Lanier Elem,Brazosport ISD,C,69,427,https://txschools.net/campus/o-hara-lanier-elem-020905116
1278,7185,117,145907102,Oakwood Elem,Oakwood ISD,D,69,124,https://txschools.net/campus/oakwood-elem-145907102
1278,7185,117,125903041,Orange Grove JH,Orange Grove ISD,B,69,352,https://txschools.net/campus/orange-grove-jh-125903041
1278,7185,117,199902041,Ouida Baley MS,Royse City ISD,C,69,1306,https://txschools.net/campus/ouida-baley-ms-199902041
1278,7185,117,249906041,Paradise MS,Paradise ISD,C,69,319,https://txschools.net/campus/paradise-ms-249906041
1278,7185,117,161914120,Parkdale Elem,Waco ISD,D,69,488,https://txschools.net/campus/parkdale-elem-161914120
1278,7185,117,170904101,Parmley Elem,Willis ISD,C,69,625,https://txschools.net/campus/parmley-elem-170904101
1278,7185,117,170902128,Patterson Elem,Conroe ISD,C,69,1046,https://txschools.net/campus/patterson-elem-170902128
1278,7185,117,011902004,Phoenix HS,Elgin ISD,C,69,42,https://txschools.net/campus/phoenix-hs-011902004
1278,7185,117,032902103,Pittsburg Elem,Pittsburg ISD,B,69,468,https://txschools.net/campus/pittsburg-elem-032902103
1278,7185,117,125905101,Premont Ernest H Singleton Early College Academy,Premont ISD,D,69,383,https://txschools.net/campus/premont-ernest-h-singleton-early-college-academy-125905101
1278,7185,117,057914120,Price Elem,Mesquite ISD,C,69,286,https://txschools.net/campus/price-elem-057914120
1278,7185,117,098903101,Pringle-Morse Schools,Pringle-Morse CISD,C,69,126,https://txschools.net/campus/pringle-morse-schools-098903101
1278,7185,117,066005101,Ramirez Elem,Ramirez CSD,D,69,24,https://txschools.net/campus/ramirez-elem-066005101
1278,7185,117,249905101,Rann Elem,Decatur ISD,C,69,464,https://txschools.net/campus/rann-elem-249905101
1278,7185,117,220918107,Remington Point Elem,Eagle Mt-Saginaw ISD,D,69,460,https://txschools.net/campus/remington-point-elem-220918107
1278,7185,117,170902114,Rice Elem,Conroe ISD,C,69,558,https://txschools.net/campus/rice-elem-170902114
1278,7185,117,105902110,Rodriguez Elem,San Marcos CISD,C,69,546,https://txschools.net/campus/rodriguez-elem-105902110
1278,7185,117,128903101,Runge Elem,Runge ISD,F,69,113,https://txschools.net/campus/runge-elem-128903101
1278,7185,117,008902041,Sealy JH,Sealy ISD,C,69,659,https://txschools.net/campus/sealy-jh-008902041
1278,7185,117,057914111,Shands Elem,Mesquite ISD,C,69,551,https://txschools.net/campus/shands-elem-057914111
1278,7185,117,204904041,Shepherd MS,Shepherd ISD,D,69,428,https://txschools.net/campus/shepherd-ms-204904041
1278,7185,117,101920119,Sherwood Elem,Spring Branch ISD,D,69,436,https://txschools.net/campus/sherwood-elem-101920119
1278,7185,117,163908108,Silos Elem,Medina Valley ISD,C,69,1003,https://txschools.net/campus/silos-elem-163908108
1278,7185,117,026903101,Snook Elem,Snook ISD,C,69,292,https://txschools.net/campus/snook-elem-026903101
1278,7185,117,208902043,Snyder JH,Snyder ISD,F,69,475,https://txschools.net/campus/snyder-jh-208902043
1278,7185,117,220901111,South Davis Elem,Arlington ISD,D,69,635,https://txschools.net/campus/south-davis-elem-220901111
1278,7185,117,061902131,Southridge Elem,Lewisville ISD,D,69,712,https://txschools.net/campus/southridge-elem-061902131
1278,7185,117,101902139,Stehlik Elem,Aldine ISD,D,69,616,https://txschools.net/campus/stehlik-elem-101902139
1278,7185,117,079907119,Sugar Mill Elem,Fort Bend ISD,C,69,521,https://txschools.net/campus/sugar-mill-elem-079907119
1278,7185,117,143905101,Sweet Home Elem,Sweet Home ISD,C,69,164,https://txschools.net/campus/sweet-home-elem-143905101
1278,7185,117,177902104,Sweetwater Int,Sweetwater ISD,D,69,233,https://txschools.net/campus/sweetwater-int-177902104
1278,7185,117,170908114,Tavola Elem,New Caney ISD,D,69,807,https://txschools.net/campus/tavola-elem-170908114
1278,7185,117,057914048,Terry MS,Mesquite ISD,C,69,770,https://txschools.net/campus/terry-ms-057914048
1278,7185,117,227901140,Travis Hts Elem,Austin ISD,C,69,484,https://txschools.net/campus/travis-hts-elem-227901140
1278,7185,117,057903001,Turner HS,Carrollton-Farmers Branch ISD,B,69,1841,https://txschools.net/campus/turner-hs-057903001
1278,7185,117,246909137,Union Hill Elem,Round Rock ISD,D,69,572,https://txschools.net/campus/union-hill-elem-246909137
1278,7185,117,003902102,W H Bonner Elem,Hudson ISD,C,69,619,https://txschools.net/campus/w-h-bonner-elem-003902102
1278,7185,117,220902121,Walker Creek Elem,Birdville ISD,B,69,525,https://txschools.net/campus/walker-creek-elem-220902121
1278,7185,117,227901141,Walnut Creek Elem,Austin ISD,D,69,404,https://txschools.net/campus/walnut-creek-elem-227901141
1278,7185,117,100908101,West Hardin Elem,West Hardin County CISD,C,69,275,https://txschools.net/campus/west-hardin-elem-100908101
1278,7185,117,101913115,Whispering Pines Elem,Humble ISD,D,69,579,https://txschools.net/campus/whispering-pines-elem-101913115
1278,7185,117,015910047,Wood MS,North East ISD,C,69,609,https://txschools.net/campus/wood-ms-015910047
1278,7185,117,227901144,Wooten Elem,Austin ISD,F,69,236,https://txschools.net/campus/wooten-elem-227901144
1396,7185,143,126903107,AD Wheat MS,Cleburne ISD,C,70,956,https://txschools.net/campus/ad-wheat-ms-126903107
1396,7185,143,071902001,Andress HS,El Paso ISD,C,70,1265,https://txschools.net/campus/andress-hs-071902001
1396,7185,143,199902104,Anita Scott Elem,Royse City ISD,C,70,554,https://txschools.net/campus/anita-scott-elem-199902104
1396,7185,143,220905188,Atwood McDonald Elem,Fort Worth ISD,D,70,272,https://txschools.net/campus/atwood-mcdonald-elem-220905188
1396,7185,143,188901101,Avondale Elem,Amarillo ISD,C,70,462,https://txschools.net/campus/avondale-elem-188901101
1396,7185,143,101912107,Barrick Elem,Houston ISD,C,70,355,https://txschools.net/campus/barrick-elem-101912107
1396,7185,143,152901156,Bean Elem,Lubbock ISD,D,70,176,https://txschools.net/campus/bean-elem-152901156
1396,7185,143,170906062,Bear Branch Int,Magnolia ISD,C,70,690,https://txschools.net/campus/bear-branch-int-170906062
1396,7185,143,123910014,Beaumont United HS,Beaumont ISD,C,70,1864,https://txschools.net/campus/beaumont-united-hs-123910014
1396,7185,143,114901043,Big Spring JH,Big Spring ISD,C,70,392,https://txschools.net/campus/big-spring-jh-114901043
1396,7185,143,227901105,Blackshear Elem,Austin ISD,C,70,204,https://txschools.net/campus/blackshear-elem-227901105
1396,7185,143,084906041,Blocker MS,Texas City ISD,C,70,758,https://txschools.net/campus/blocker-ms-084906041
1396,7185,143,235901041,Bloomington JH,Bloomington ISD,C,70,111,https://txschools.net/campus/bloomington-jh-235901041
1396,7185,143,116916041,Boles MS,Boles ISD,C,70,154,https://txschools.net/campus/boles-ms-116916041
1396,7185,143,160901101,Brady Elem,Brady ISD,C,70,430,https://txschools.net/campus/brady-elem-160901101
1396,7185,143,101912043,Burbank MS,Houston ISD,B,70,1301,https://txschools.net/campus/burbank-ms-101912043
1396,7185,143,220901155,Burgin Elem,Arlington ISD,C,70,563,https://txschools.net/campus/burgin-elem-220901155
1396,7185,143,227904114,Caldwell Elem,Pflugerville ISD,C,70,514,https://txschools.net/campus/caldwell-elem-227904114
1396,7185,143,101907044,Campbell MS,Cypress-Fairbanks ISD,C,70,986,https://txschools.net/campus/campbell-ms-101907044
1396,7185,143,152903103,Cathelene Thomas Elem,Slaton ISD,C,70,456,https://txschools.net/campus/cathelene-thomas-elem-152903103
1396,7185,143,061901127,Catherine Bell Elem,Denton ISD,C,70,540,https://txschools.net/campus/catherine-bell-elem-061901127
1396,7185,143,101911043,Cedar Bayou JH,Goose Creek CISD,C,70,950,https://txschools.net/campus/cedar-bayou-jh-101911043
1396,7185,143,107902103,Chandler Elem,Brownsboro ISD,B,70,391,https://txschools.net/campus/chandler-elem-107902103
1396,7185,143,014906053,Charles E Patterson MS,Killeen ISD,C,70,751,https://txschools.net/campus/charles-e-patterson-ms-014906053
1396,7185,143,174901101,Chireno Elem,Chireno ISD,C,70,219,https://txschools.net/campus/chireno-elem-174901101
1396,7185,143,071902149,Clendenin Elem,El Paso ISD,C,70,478,https://txschools.net/campus/clendenin-elem-071902149
1396,7185,143,220918116,Copper Creek Elem,Eagle Mt-Saginaw ISD,C,70,671,https://txschools.net/campus/copper-creek-elem-220918116
1396,7185,143,019905101,Crestview Elem,New Boston ISD,B,70,522,https://txschools.net/campus/crestview-elem-019905101
1396,7185,143,054901001,Crosbyton CISD Pre K-12,Crosbyton CISD,C,70,293,https://txschools.net/campus/crosbyton-cisd-pre-k-12-054901001
1396,7185,143,220912042,Crowley MS,Crowley ISD,D,70,820,https://txschools.net/campus/crowley-ms-220912042
1396,7185,143,057905225,Daniel Webster Elem,Dallas ISD,C,70,402,https://txschools.net/campus/daniel-webster-elem-057905225
1396,7185,143,101914147,David & Terri Youngblood Elem,Katy ISD,C,70,881,https://txschools.net/campus/david-terri-youngblood-elem-101914147
1396,7185,143,227901179,Davis Elem,Austin ISD,C,70,643,https://txschools.net/campus/davis-elem-227901179
1396,7185,143,057906001,Desoto HS,Desoto ISD,C,70,1902,https://txschools.net/campus/desoto-hs-057906001
1396,7185,143,070911042,Dr Joy Shaw MS,Red Oak ISD,C,70,687,https://txschools.net/campus/dr-joy-shaw-ms-070911042
1396,7185,143,101910115,Dr Shirley J Williamson Elem,Galena Park ISD,C,70,607,https://txschools.net/campus/dr-shirley-j-williamson-elem-101910115
1396,7185,143,225902103,E C Brice Elem,Mount Pleasant ISD,B,70,419,https://txschools.net/campus/e-c-brice-elem-225902103
1396,7185,143,036903041,East Chambers JH,East Chambers ISD,C,70,334,https://txschools.net/campus/east-chambers-jh-036903041
1396,7185,143,015910041,Eisenhower MS,North East ISD,C,70,885,https://txschools.net/campus/eisenhower-ms-015910041
1396,7185,143,068901123,El Magnet at Zavala,Ector County ISD,D,70,618,https://txschools.net/campus/el-magnet-at-zavala-068901123
1396,7185,143,220918118,Elemizabeth Lopez Hatley Elem,Eagle Mt-Saginaw ISD,D,70,603,https://txschools.net/campus/elemizabeth-lopez-hatley-elem-220918118
1396,7185,143,101907154,Emery Elem,Cypress-Fairbanks ISD,C,70,884,https://txschools.net/campus/emery-elem-101907154
1396,7185,143,071909111,Escontrias STEAM Academy,Socorro ISD,C,70,757,https://txschools.net/campus/escontrias-steam-academy-071909111
1396,7185,143,246902101,Florence Elem,Florence ISD,C,70,529,https://txschools.net/campus/florence-elem-246902101
1396,7185,143,031912101,Fred Booth Global Leadership Academy,San Benito CISD,D,70,431,https://txschools.net/campus/fred-booth-global-leadership-academy-031912101
1396,7185,143,061901130,Fred Hill Elem,Denton ISD,C,70,379,https://txschools.net/campus/fred-hill-elem-061901130
1396,7185,143,122901001,Ft Davis School,Ft Davis ISD,C,70,818,https://txschools.net/campus/ft-davis-school-122901001
1396,7185,143,178904150,Galvan Elem,Corpus Christi ISD,B,70,513,https://txschools.net/campus/galvan-elem-178904150
1396,7185,143,233901102,Garfield MS,San Felipe-Del Rio CISD,C,70,643,https://txschools.net/campus/garfield-ms-233901102
1396,7185,143,057914130,Gentry Elem,Mesquite ISD,C,70,613,https://txschools.net/campus/gentry-elem-057914130
1396,7185,143,028903041,Gilbert Gerdes JH,Luling ISD,C,70,328,https://txschools.net/campus/gilbert-gerdes-jh-028903041
1396,7185,143,068901110,Goliad Elem,Ector County ISD,C,70,454,https://txschools.net/campus/goliad-elem-068901110
1396,7185,143,246913119,Grandview Hills Elem,Leander ISD,C,70,396,https://txschools.net/campus/grandview-hills-elem-246913119
1396,7185,143,057914128,Gray Elem,Mesquite ISD,C,70,414,https://txschools.net/campus/gray-elem-057914128
1396,7185,143,015904041,Harlandale MS,Harlandale ISD,C,70,690,https://txschools.net/campus/harlandale-ms-015904041
1396,7185,143,227901118,Harris Elem,Austin ISD,D,70,266,https://txschools.net/campus/harris-elem-227901118
1396,7185,143,079907150,Heritage Rose Elem,Fort Bend ISD,C,70,857,https://txschools.net/campus/heritage-rose-elem-079907150
1396,7185,143,019902102,Hooks Elem,Hooks ISD,B,70,323,https://txschools.net/campus/hooks-elem-019902102
1396,7185,143,061902142,Independence Elem,Lewisville ISD,C,70,809,https://txschools.net/campus/independence-elem-061902142
1396,7185,143,070908103,Irvin Elem,Midlothian ISD,C,70,663,https://txschools.net/campus/irvin-elem-070908103
1396,7185,143,061911118,J C Thompson Elem,Northwest ISD,D,70,686,https://txschools.net/campus/j-c-thompson-elem-061911118
1396,7185,143,057905142,J N Ervin Elem,Dallas ISD,C,70,659,https://txschools.net/campus/j-n-ervin-elem-057905142
1396,7185,143,212906042,J W Holloway Sixth Grade School,Whitehouse ISD,B,70,371,https://txschools.net/campus/j-w-holloway-sixth-grade-school-212906042
1396,7185,143,061907103,Jackie Fuller Elem,Aubrey ISD,C,70,722,https://txschools.net/campus/jackie-fuller-elem-061907103
1396,7185,143,037904042,Jacksonville MS,Jacksonville ISD,C,70,633,https://txschools.net/campus/jacksonville-ms-037904042
1396,7185,143,014903121,James L Burrell Elem,Belton ISD,C,70,488,https://txschools.net/campus/james-l-burrell-elem-014903121
1396,7185,143,220901041,Joey Rodriguez JH,Arlington ISD,D,70,828,https://txschools.net/campus/joey-rodriguez-jh-220901041
1396,7185,143,136901101,Jones Elem/Intermediate School,Brackett ISD,C,70,224,https://txschools.net/campus/jones-elem-intermediate-school-136901101
1396,7185,143,227901178,Jordan Elem,Austin ISD,F,70,482,https://txschools.net/campus/jordan-elem-227901178
1396,7185,143,007902101,Jourdanton Elem,Jourdanton ISD,C,70,430,https://txschools.net/campus/jourdanton-elem-007902101
1396,7185,143,251901101,Kelley Elem,Denver City ISD,D,70,280,https://txschools.net/campus/kelley-elem-251901101
1396,7185,143,075902102,La Grange Elem,La Grange ISD,C,70,939,https://txschools.net/campus/la-grange-elem-075902102
1396,7185,143,101916041,La Porte JH,La Porte ISD,C,70,534,https://txschools.net/campus/la-porte-jh-101916041
1396,7185,143,161906105,La Vega Elem,La Vega ISD,D,70,610,https://txschools.net/campus/la-vega-elem-161906105
1396,7185,143,161906042,La Vega JH George Dixon Campus,La Vega ISD,D,70,440,https://txschools.net/campus/la-vega-jh-george-dixon-campus-161906042
1396,7185,143,247903041,La Vernia JH,La Vernia ISD,B,70,838,https://txschools.net/campus/la-vernia-jh-247903041
1396,7185,143,163908104,Lacoste Elem,Medina Valley ISD,C,70,727,https://txschools.net/campus/lacoste-elem-163908104
1396,7185,143,191901105,Lakeview Elem,Canyon ISD,C,70,386,https://txschools.net/campus/lakeview-elem-191901105
1396,7185,143,031903109,Lamar Elem,Harlingen CISD,C,70,397,https://txschools.net/campus/lamar-elem-031903109
1396,7185,143,057913041,Lancaster MS,Lancaster ISD,C,70,933,https://txschools.net/campus/lancaster-ms-057913041
1396,7185,143,227901168,Langford Elem,Austin ISD,C,70,319,https://txschools.net/campus/langford-elem-227901168
1396,7185,143,057914049,Lanny Frasier MS,Mesquite ISD,B,70,910,https://txschools.net/campus/lanny-frasier-ms-057914049
1396,7185,143,057916049,Liberty JH,Richardson ISD,D,70,489,https://txschools.net/campus/liberty-jh-057916049
1396,7185,143,204901041,Lincoln JH,Coldspring-Oakhurst CISD,D,70,357,https://txschools.net/campus/lincoln-jh-204901041
1396,7185,143,220908122,Louise Cabaniss Academy,Mansfield ISD,C,70,411,https://txschools.net/campus/louise-cabaniss-academy-220908122
1396,7185,143,007904001,Lytle HS,Lytle ISD,C,70,518,https://txschools.net/campus/lytle-hs-007904001
1396,7185,143,221901044,Madison MS,Abilene ISD,D,70,765,https://txschools.net/campus/madison-ms-221901044
1396,7185,143,057905272,Maria Moreno STEAM Academy,Dallas ISD,C,70,313,https://txschools.net/campus/maria-moreno-steam-academy-057905272
1396,7185,143,101903143,Mata Int,Alief ISD,C,70,687,https://txschools.net/campus/mata-int-101903143
1396,7185,143,067904101,Maxfield Elem,Gorman ISD,C,70,102,https://txschools.net/campus/maxfield-elem-067904101
1396,7185,143,175910101,Mildred Elem,Mildred ISD,C,70,351,https://txschools.net/campus/mildred-elem-175910101
1396,7185,143,034907041,Morris Upchurch MS,Queen City ISD,C,70,266,https://txschools.net/campus/morris-upchurch-ms-034907041
1396,7185,143,057905187,Nancy Moseley Elem,Dallas ISD,C,70,584,https://txschools.net/campus/nancy-moseley-elem-057905187
1396,7185,143,170908102,New Caney Elem,New Caney ISD,C,70,906,https://txschools.net/campus/new-caney-elem-170908102
1396,7185,143,116905001,New Horizons Learning Center,Greenville ISD,C,70,54,https://txschools.net/campus/new-horizons-learning-center-116905001
1396,7185,143,236901102,New Waverly Elem,New Waverly ISD,C,70,319,https://txschools.net/campus/new-waverly-elem-236901102
1396,7185,143,112906101,North Hopkins Elem,North Hopkins ISD,C,70,283,https://txschools.net/campus/north-hopkins-elem-112906101
1396,7185,143,015911110,Oak Crest Elem,East Central ISD,C,70,779,https://txschools.net/campus/oak-crest-elem-015911110
1396,7185,143,246913124,Officer Leonard A Reed Elem,Leander ISD,C,70,570,https://txschools.net/campus/officer-leonard-a-reed-elem-246913124
1396,7185,143,015915182,Ott Elem,Northside ISD,C,70,535,https://txschools.net/campus/ott-elem-015915182
1396,7185,143,220918113,Parkview Elem,Eagle Mt-Saginaw ISD,C,70,546,https://txschools.net/campus/parkview-elem-220918113
1396,7185,143,061903102,Pilot Point Elem,Pilot Point ISD,C,70,590,https://txschools.net/campus/pilot-point-elem-061903102
1396,7185,143,251902101,Plains Elem,Plains ISD,C,70,200,https://txschools.net/campus/plains-elem-251902101
1396,7185,143,184901041,Poolville JH,Poolville ISD,C,70,180,https://txschools.net/campus/poolville-jh-184901041
1396,7185,143,220901120,Pope Elem,Arlington ISD,C,70,449,https://txschools.net/campus/pope-elem-220901120
1396,7185,143,170908101,Porter Elem,New Caney ISD,C,70,933,https://txschools.net/campus/porter-elem-170908101
1396,7185,143,057905195,Preston Hollow Elem,Dallas ISD,C,70,390,https://txschools.net/campus/preston-hollow-elem-057905195
1396,7185,143,123910118,Regina Howell Elem,Beaumont ISD,C,70,718,https://txschools.net/campus/regina-howell-elem-123910118
1396,7185,143,152907112,Ridgewood Elem,Frenship ISD,C,70,587,https://txschools.net/campus/ridgewood-elem-152907112
1396,7185,143,108913104,Rodolfo Rudy Silva Jr Elem,Weslaco ISD,D,70,636,https://txschools.net/campus/rodolfo-rudy-silva-jr-elem-108913104
1396,7185,143,015915043,Ross MS,Northside ISD,C,70,808,https://txschools.net/campus/ross-ms-015915043
1396,7185,143,057914110,Rutherford Elem,Mesquite ISD,C,70,757,https://txschools.net/campus/rutherford-elem-057914110
1396,7185,143,092906102,Sabine Elem,Sabine ISD,C,70,623,https://txschools.net/campus/sabine-elem-092906102
1396,7185,143,092906041,Sabine MS,Sabine ISD,C,70,262,https://txschools.net/campus/sabine-ms-092906041
1396,7185,143,043910115,Saigling Elem,Plano ISD,B,70,350,https://txschools.net/campus/saigling-elem-043910115
1396,7185,143,233901104,San Felipe Memorial MS,San Felipe-Del Rio CISD,C,70,663,https://txschools.net/campus/san-felipe-memorial-ms-233901104
1396,7185,143,084901108,San Leon Elem,Dickinson ISD,C,70,558,https://txschools.net/campus/san-leon-elem-084901108
1396,7185,143,057903125,Sheffield Elem,Carrollton-Farmers Branch ISD,C,70,709,https://txschools.net/campus/sheffield-elem-057903125
1396,7185,143,101902047,Shotwell MS,Aldine ISD,C,70,770,https://txschools.net/campus/shotwell-ms-101902047
1396,7185,143,152903001,Slaton HS,Slaton ISD,B,70,352,https://txschools.net/campus/slaton-hs-152903001
1396,7185,143,015907165,Smith Elem,San Antonio ISD,C,70,417,https://txschools.net/campus/smith-elem-015907165
1396,7185,143,110902105,South Elem,Levelland ISD,C,70,232,https://txschools.net/campus/south-elem-110902105
1396,7185,143,043905041,Staley MS,Frisco ISD,C,70,505,https://txschools.net/campus/staley-ms-043905041
1396,7185,143,236902101,Stewart Elem,Huntsville ISD,D,70,568,https://txschools.net/campus/stewart-elem-236902101
1396,7185,143,101902044,Stovall MS,Aldine ISD,D,70,981,https://txschools.net/campus/stovall-ms-101902044
1396,7185,143,057905054,Thomas C Marsh MS,Dallas ISD,C,70,431,https://txschools.net/campus/thomas-c-marsh-ms-057905054
1396,7185,143,057903111,Thompson Elem,Carrollton-Farmers Branch ISD,C,70,554,https://txschools.net/campus/thompson-elem-057903111
1396,7185,143,220901114,Thornton Elem,Arlington ISD,D,70,747,https://txschools.net/campus/thornton-elem-220901114
1396,7185,143,015910126,Thousand Oaks Elem,North East ISD,C,70,514,https://txschools.net/campus/thousand-oaks-elem-015910126
1396,7185,143,212904002,Troup HS,Troup ISD,C,70,311,https://txschools.net/campus/troup-hs-212904002
1396,7185,143,219903101,Tulia Elem,Tulia ISD,D,70,302,https://txschools.net/campus/tulia-elem-219903101
1396,7185,143,232903111,Uvalde Dual Language Academy,Uvalde CISD,C,70,498,https://txschools.net/campus/uvalde-dual-language-academy-232903111
1396,7185,143,158906041,Van Vleck Jr HS,Van Vleck ISD,C,70,269,https://txschools.net/campus/van-vleck-jr-hs-158906041
1396,7185,143,244903104,Vernon Elem,Vernon ISD,C,70,484,https://txschools.net/campus/vernon-elem-244903104
1396,7185,143,240903133,Veterans Memorial Elem,United ISD,B,70,722,https://txschools.net/campus/veterans-memorial-elem-240903133
1396,7185,143,220905172,W J Turner Elem,Fort Worth ISD,C,70,318,https://txschools.net/campus/w-j-turner-elem-220905172
1396,7185,143,057904041,W S Permenter MS,Cedar Hill ISD,C,70,440,https://txschools.net/campus/w-s-permenter-ms-057904041
1396,7185,143,019907117,Waggoner Creek Elem,Texarkana ISD,C,70,333,https://txschools.net/campus/waggoner-creek-elem-019907117
1396,7185,143,221901150,Ward Elem,Abilene ISD,C,70,497,https://txschools.net/campus/ward-elem-221901150
1396,7185,143,015907172,Washington Elem,San Antonio ISD,D,70,331,https://txschools.net/campus/washington-elem-015907172
1396,7185,143,102903041,Waskom MS,Waskom ISD,C,70,187,https://txschools.net/campus/waskom-ms-102903041
1396,7185,143,152907105,Westwind Elem,Frenship ISD,C,70,602,https://txschools.net/campus/westwind-elem-152907105
1396,7185,143,227904106,Windermere Elem,Pflugerville ISD,C,70,665,https://txschools.net/campus/windermere-elem-227904106
1396,7185,143,170908044,Woodridge Forest MS,New Caney ISD,C,70,1367,https://txschools.net/campus/woodridge-forest-ms-170908044
1540,7185,230,246913102,Ada Mae Faubion Elem,Leander ISD,C,71,363,https://txschools.net/campus/ada-mae-faubion-elem-246913102
1540,7185,230,057905247,Adelfa Botello Callejo Elem,Dallas ISD,C,71,470,https://txschools.net/campus/adelfa-botello-callejo-elem-057905247
1540,7185,230,139909109,Aikin Elem,Paris ISD,C,71,844,https://txschools.net/campus/aikin-elem-139909109
1540,7185,230,043907118,Albert & Iola Lee Davis Malvern Elem,McKinney ISD,C,71,430,https://txschools.net/campus/albert-iola-lee-davis-malvern-elem-043907118
1540,7185,230,101905041,Alice Johnson JH,Channelview ISD,C,71,1132,https://txschools.net/campus/alice-johnson-jh-101905041
1540,7185,230,079907163,Allen Aldridge Jr Elem,Fort Bend ISD,D,71,615,https://txschools.net/campus/allen-aldridge-jr-elem-079907163
1540,7185,230,015905106,Alonso S Perales Elem,Edgewood ISD,C,71,476,https://txschools.net/campus/alonso-s-perales-elem-015905106
1540,7185,230,126901102,Alvarado Elem-North,Alvarado ISD,C,71,688,https://txschools.net/campus/alvarado-elem-north-126901102
1540,7185,230,220901124,Amos Elem,Arlington ISD,C,71,315,https://txschools.net/campus/amos-elem-220901124
1540,7185,230,101919003,Andy Dekaney HS,Spring ISD,C,71,2344,https://txschools.net/campus/andy-dekaney-hs-101919003
1540,7185,230,061901132,Anita Reeves Elem,Denton ISD,C,71,495,https://txschools.net/campus/anita-reeves-elem-061901132
1540,7185,230,225902102,Annie Sims Elem,Mount Pleasant ISD,B,71,529,https://txschools.net/campus/annie-sims-elem-225902102
1540,7185,230,057905110,Annie Webb Blanton Elem,Dallas ISD,B,71,715,https://txschools.net/campus/annie-webb-blanton-elem-057905110
1540,7185,230,101907041,Arnold MS,Cypress-Fairbanks ISD,B,71,1345,https://txschools.net/campus/arnold-ms-101907041
1540,7185,230,212901041,Arp JH,Arp ISD,C,71,217,https://txschools.net/campus/arp-jh-212901041
1540,7185,230,233901004,Blended Academy,San Felipe-Del Rio CISD,B,71,115,https://txschools.net/campus/blended-academy-233901004
1540,7185,230,074903001,Bonham HS,Bonham ISD,B,71,559,https://txschools.net/campus/bonham-hs-074903001
1540,7185,230,243905125,Booker T Washington Elem,Wichita Falls ISD,D,71,336,https://txschools.net/campus/booker-t-washington-elem-243905125
1540,7185,230,161923001,Bosqueville HS,Bosqueville ISD,C,71,221,https://txschools.net/campus/bosqueville-hs-161923001
1540,7185,230,249902041,Boyd MS,Boyd ISD,C,71,245,https://txschools.net/campus/boyd-ms-249902041
1540,7185,230,170902132,Bradley Elem,Conroe ISD,C,71,919,https://txschools.net/campus/bradley-elem-170902132
1540,7185,230,101912114,Braeburn Elem,Houston ISD,C,71,751,https://txschools.net/campus/braeburn-elem-101912114
1540,7185,230,108908101,Bryan Elem,Mission CISD,C,71,655,https://txschools.net/campus/bryan-elem-108908101
1540,7185,230,243901001,Burkburnett HS,Burkburnett ISD,C,71,876,https://txschools.net/campus/burkburnett-hs-243901001
1540,7185,230,043907105,Burks Elem,McKinney ISD,C,71,382,https://txschools.net/campus/burks-elem-043907105
1540,7185,230,101903121,Bush Elem,Alief ISD,D,71,705,https://txschools.net/campus/bush-elem-101903121
1540,7185,230,171901101,Cactus Elem,Dumas ISD,D,71,472,https://txschools.net/campus/cactus-elem-171901101
1540,7185,230,116901042,Caddo Mills Int,Caddo Mills ISD,C,71,517,https://txschools.net/campus/caddo-mills-int-116901042
1540,7185,230,095903103,Carr MS,Hale Center ISD,C,71,154,https://txschools.net/campus/carr-ms-095903103
1540,7185,230,175903107,Carroll Elem,Corsicana ISD,C,71,590,https://txschools.net/campus/carroll-elem-175903107
1540,7185,230,107901103,Central Athens,Athens ISD,C,71,521,https://txschools.net/campus/central-athens-107901103
1540,7185,230,007901041,Charlotte MS,Charlotte ISD,C,71,99,https://txschools.net/campus/charlotte-ms-007901041
1540,7185,230,099902001,Chillicothe School,Chillicothe ISD,B,71,172,https://txschools.net/campus/chillicothe-school-099902001
1540,7185,230,067902101,Cisco Elem,Cisco ISD,C,71,441,https://txschools.net/campus/cisco-elem-067902101
1540,7185,230,101911123,Clark Elem,Goose Creek CISD,C,71,768,https://txschools.net/campus/clark-elem-101911123
1540,7185,230,101903122,Collins Elem,Alief ISD,C,71,719,https://txschools.net/campus/collins-elem-101903122
1540,7185,230,168901100,Colorado Elem and MS,Colorado ISD,C,71,668,https://txschools.net/campus/colorado-elem-and-ms-168901100
1540,7185,230,057912042,Crockett MS,Irving ISD,C,71,622,https://txschools.net/campus/crockett-ms-057912042
1540,7185,230,056901042,Dalhart JH,Dalhart ISD,C,71,413,https://txschools.net/campus/dalhart-jh-056901042
1540,7185,230,079907053,David Crockett MS,Fort Bend ISD,B,71,1218,https://txschools.net/campus/david-crockett-ms-079907053
1540,7185,230,199902102,Davis Elem,Royse City ISD,C,71,490,https://txschools.net/campus/davis-elem-199902102
1540,7185,230,058902001,Dawson School,Dawson ISD,B,71,145,https://txschools.net/campus/dawson-school-058902001
1540,7185,230,249905001,Decatur HS,Decatur ISD,C,71,1156,https://txschools.net/campus/decatur-hs-249905001
1540,7185,230,220908205,Della Icenhower Int,Mansfield ISD,B,71,626,https://txschools.net/campus/della-icenhower-int-220908205
1540,7185,230,015910104,Dellview Elem,North East ISD,C,71,290,https://txschools.net/campus/dellview-elem-015910104
1540,7185,230,123907102,Dequeen Elem,Port Arthur ISD,D,71,222,https://txschools.net/campus/dequeen-elem-123907102
1540,7185,230,227904045,Dessau MS,Pflugerville ISD,C,71,615,https://txschools.net/campus/dessau-ms-227904045
1540,7185,230,002901101,Devonian Elem,Andrews ISD,C,71,598,https://txschools.net/campus/devonian-elem-002901101
1540,7185,230,220905004,Diamond Hill-Jarvis HS,Fort Worth ISD,C,71,788,https://txschools.net/campus/diamond-hill-jarvis-hs-220905004
1540,7185,230,170908115,Dogwood Elem,New Caney ISD,C,71,912,https://txschools.net/campus/dogwood-elem-170908115
1540,7185,230,071902184,Don Haskins PK-8,El Paso ISD,C,71,1288,https://txschools.net/campus/don-haskins-pk-8-071902184
1540,7185,230,108902007,Donna North HS,Donna ISD,C,71,1905,https://txschools.net/campus/donna-north-hs-108902007
1540,7185,230,246909119,Double File Trail Elem,Round Rock ISD,C,71,546,https://txschools.net/campus/double-file-trail-elem-246909119
1540,7185,230,061914107,Dr Ashley B Glover Elem,Little Elm ISD,C,71,548,https://txschools.net/campus/dr-ashley-b-glover-elem-061914107
1540,7185,230,057914050,Dr Don Woolley MS,Mesquite ISD,C,71,1031,https://txschools.net/campus/dr-don-woolley-ms-057914050
1540,7185,230,071902162,Dr Green Elem,El Paso ISD,C,71,263,https://txschools.net/campus/dr-green-elem-071902162
1540,7185,230,057914133,Dr Linda Henrie Elem,Mesquite ISD,C,71,827,https://txschools.net/campus/dr-linda-henrie-elem-057914133
1540,7185,230,079907112,Dulles Elem,Fort Bend ISD,C,71,608,https://txschools.net/campus/dulles-elem-079907112
1540,7185,230,241902041,East Bernard JH,East Bernard ISD,B,71,303,https://txschools.net/campus/east-bernard-jh-241902041
1540,7185,230,036903101,East Chambers Elem,East Chambers ISD,B,71,312,https://txschools.net/campus/east-chambers-elem-036903101
1540,7185,230,071909008,Eastlake HS,Socorro ISD,B,71,3029,https://txschools.net/campus/eastlake-hs-071909008
1540,7185,230,015910121,El Dorado Elem,North East ISD,C,71,630,https://txschools.net/campus/el-dorado-elem-015910121
1540,7185,230,011902001,Elgin HS,Elgin ISD,C,71,1761,https://txschools.net/campus/elgin-hs-011902001
1540,7185,230,015912108,Elm Creek Elem,Southwest ISD,C,71,820,https://txschools.net/campus/elm-creek-elem-015912108
1540,7185,230,165901114,Emerson Elem,Midland ISD,C,71,517,https://txschools.net/campus/emerson-elem-165901114
1540,7185,230,057905028,Emmett J Conrad HS,Dallas ISD,B,71,1229,https://txschools.net/campus/emmett-j-conrad-hs-057905028
1540,7185,230,220908113,Erma Nash Elem,Mansfield ISD,C,71,582,https://txschools.net/campus/erma-nash-elem-220908113
1540,7185,230,101902121,Ermel Elem,Aldine ISD,C,71,492,https://txschools.net/campus/ermel-elem-101902121
1540,7185,230,030906041,Eula JH,Eula ISD,C,71,108,https://txschools.net/campus/eula-jh-030906041
1540,7185,230,220904001,Everman HS,Everman ISD,B,71,1354,https://txschools.net/campus/everman-hs-220904001
1540,7185,230,024901041,Falfurrias JH,Brooks County ISD,C,71,251,https://txschools.net/campus/falfurrias-jh-024901041
1540,7185,230,057912113,Farine Elem,Irving ISD,C,71,865,https://txschools.net/campus/farine-elem-057912113
1540,7185,230,015908108,Frank Madla Elem,South San Antonio ISD,C,71,269,https://txschools.net/campus/frank-madla-elem-015908108
1540,7185,230,101907117,Frazier Elem,Cypress-Fairbanks ISD,C,71,539,https://txschools.net/campus/frazier-elem-101907117
1540,7185,230,152907004,Frenship Memorial HS,Frenship ISD,C,71,1096,https://txschools.net/campus/frenship-memorial-hs-152907004
1540,7185,230,049901041,Gainesville JH,Gainesville ISD,D,71,447,https://txschools.net/campus/gainesville-jh-049901041
1540,7185,230,178904115,Garcia Elem,Corpus Christi ISD,C,71,495,https://txschools.net/campus/garcia-elem-178904115
1540,7185,230,101911040,Gccisd Virtual Academy,Goose Creek CISD,C,71,75,https://txschools.net/campus/gccisd-virtual-academy-101911040
1540,7185,230,191901101,Gene Howe Elem,Canyon ISD,C,71,373,https://txschools.net/campus/gene-howe-elem-191901101
1540,7185,230,205903104,Gilbert J Mircovich Elem,Ingleside ISD,C,71,433,https://txschools.net/campus/gilbert-j-mircovich-elem-205903104
1540,7185,230,092901042,Gladewater MS,Gladewater ISD,C,71,385,https://txschools.net/campus/gladewater-ms-092901042
1540,7185,230,167901101,Goldthwaite Elem,Goldthwaite ISD,C,71,234,https://txschools.net/campus/goldthwaite-elem-167901101
1540,7185,230,226903113,Goliad Elem,San Angelo ISD,C,71,503,https://txschools.net/campus/goliad-elem-226903113
1540,7185,230,184902109,Goshen Creek Elem,Springtown ISD,C,71,688,https://txschools.net/campus/goshen-creek-elem-184902109
1540,7185,230,226907041,Grape Creek MS,Grape Creek ISD,C,71,271,https://txschools.net/campus/grape-creek-ms-226907041
1540,7185,230,170907102,Greenleaf Elem,Splendora ISD,C,71,655,https://txschools.net/campus/greenleaf-elem-170907102
1540,7185,230,102904108,Hallsville North Elem,Hallsville ISD,C,71,562,https://txschools.net/campus/hallsville-north-elem-102904108
1540,7185,230,097902001,Hamilton HS,Hamilton ISD,B,71,248,https://txschools.net/campus/hamilton-hs-097902001
1540,7185,230,020902111,Heartland Elem,Angleton ISD,C,71,520,https://txschools.net/campus/heartland-elem-020902111
1540,7185,230,237902101,Hempstead Elem,Hempstead ISD,C,71,627,https://txschools.net/campus/hempstead-elem-237902101
1540,7185,230,039902101,Henrietta Elem,Henrietta ISD,C,71,387,https://txschools.net/campus/henrietta-elem-039902101
1540,7185,230,091903041,Henry Scott MS,Denison ISD,C,71,686,https://txschools.net/campus/henry-scott-ms-091903041
1540,7185,230,129906041,Herman Furlough Jr MS,Terrell ISD,C,71,1160,https://txschools.net/campus/herman-furlough-jr-ms-129906041
1540,7185,230,220918042,Highland MS,Eagle Mt-Saginaw ISD,C,71,663,https://txschools.net/campus/highland-ms-220918042
1540,7185,230,057914105,Hodges Elem,Mesquite ISD,C,71,533,https://txschools.net/campus/hodges-elem-057914105
1540,7185,230,057905157,Hogg New Tech Center,Dallas ISD,C,71,307,https://txschools.net/campus/hogg-new-tech-center-057905157
1540,7185,230,015916102,Hopkins Elem,Judson ISD,D,71,682,https://txschools.net/campus/hopkins-elem-015916102
1540,7185,230,071901044,Horizon MS,Clint ISD,C,71,670,https://txschools.net/campus/horizon-ms-071901044
1540,7185,230,227901162,Houston Elem,Austin ISD,D,71,443,https://txschools.net/campus/houston-elem-227901162
1540,7185,230,235902043,Howell MS,Victoria ISD,C,71,673,https://txschools.net/campus/howell-ms-235902043
1540,7185,230,034903101,Hughes Springs Elem,Hughes Springs ISD,C,71,514,https://txschools.net/campus/hughes-springs-elem-034903101
1540,7185,230,188901111,Humphrey's Highland Elem,Amarillo ISD,C,71,626,https://txschools.net/campus/humphrey-s-highland-elem-188901111
1540,7185,230,165901137,IDEA Travis Academy,Midland ISD,C,71,1305,https://txschools.net/campus/idea-travis-academy-165901137
1540,7185,230,220905187,J T Stevens Elem,Fort Worth ISD,C,71,341,https://txschools.net/campus/j-t-stevens-elem-220905187
1540,7185,230,037904002,Jacksonville HS,Jacksonville ISD,C,71,1236,https://txschools.net/campus/jacksonville-hs-037904002
1540,7185,230,101916042,James H Baker Sixth Grade Campus,La Porte ISD,C,71,539,https://txschools.net/campus/james-h-baker-sixth-grade-campus-101916042
1540,7185,230,015915002,Jay HS,Northside ISD,C,71,1958,https://txschools.net/campus/jay-hs-015915002
1540,7185,230,155901043,Jefferson MS,Jefferson ISD,C,71,138,https://txschools.net/campus/jefferson-ms-155901043
1540,7185,230,101917125,Jensen Elem,Pasadena ISD,C,71,521,https://txschools.net/campus/jensen-elem-101917125
1540,7185,230,043907123,Jesse McGowen Elem,McKinney ISD,C,71,562,https://txschools.net/campus/jesse-mcgowen-elem-043907123
1540,7185,230,057905141,Jill Stone Elem at Vickery Meadow,Dallas ISD,C,71,470,https://txschools.net/campus/jill-stone-elem-at-vickery-meadow-057905141
1540,7185,230,128901105,Karnes City Elem,Karnes City ISD,D,71,264,https://txschools.net/campus/karnes-city-elem-128901105
1540,7185,230,101924012,Kase Academy,Sheldon ISD,B,71,79,https://txschools.net/campus/kase-academy-101924012
1540,7185,230,092902042,Kilgore MS,Kilgore ISD,C,71,802,https://txschools.net/campus/kilgore-ms-092902042
1540,7185,230,101907134,Kirk Elem,Cypress-Fairbanks ISD,C,71,693,https://txschools.net/campus/kirk-elem-101907134
1540,7185,230,141901102,Kline Whitis Elem,Lampasas ISD,C,71,425,https://txschools.net/campus/kline-whitis-elem-141901102
1540,7185,230,015915186,Krueger Elem,Northside ISD,C,71,438,https://txschools.net/campus/krueger-elem-015915186
1540,7185,230,163908107,Ladera Elem,Medina Valley ISD,C,71,946,https://txschools.net/campus/ladera-elem-163908107
1540,7185,230,227912101,Lago Vista Elem,Lago Vista ISD,C,71,531,https://txschools.net/campus/lago-vista-elem-227912101
1540,7185,230,101913051,Lake Houston MS,Humble ISD,C,71,740,https://txschools.net/campus/lake-houston-ms-101913051
1540,7185,230,101907103,Lamkin Elem,Cypress-Fairbanks ISD,C,71,766,https://txschools.net/campus/lamkin-elem-101907103
1540,7185,230,105906111,Laura B Negley Elem,Hays CISD,B,71,815,https://txschools.net/campus/laura-b-negley-elem-105906111
1540,7185,230,105906044,Laura B Wallace MS,Hays CISD,C,71,871,https://txschools.net/campus/laura-b-wallace-ms-105906044
1540,7185,230,057914115,Lawrence Elem,Mesquite ISD,C,71,269,https://txschools.net/campus/lawrence-elem-057914115
1540,7185,230,090902001,Lefors School,Lefors ISD,C,71,177,https://txschools.net/campus/lefors-school-090902001
1540,7185,230,126911042,Legacy Elem,Godley ISD,C,71,536,https://txschools.net/campus/legacy-elem-126911042
1540,7185,230,243905011,Legacy HS,Wichita Falls ISD,C,71,1826,https://txschools.net/campus/legacy-hs-243905011
1540,7185,230,074909101,Leonard Elem,Leonard ISD,C,71,364,https://txschools.net/campus/leonard-elem-074909101
1540,7185,230,074909001,Leonard HS,Leonard ISD,B,71,282,https://txschools.net/campus/leonard-hs-074909001
1540,7185,230,028903101,Leonard Shanklin Elem,Luling ISD,B,71,712,https://txschools.net/campus/leonard-shanklin-elem-028903101
1540,7185,230,101902052,Lewis MS,Aldine ISD,D,71,982,https://txschools.net/campus/lewis-ms-101902052
1540,7185,230,181908041,Little Cypress JH,Little Cypress-Mauriceville CISD,C,71,539,https://txschools.net/campus/little-cypress-jh-181908041
1540,7185,230,141902001,Lometa School,Lometa ISD,B,71,293,https://txschools.net/campus/lometa-school-141902001
1540,7185,230,113903102,Lovelady Elem,Lovelady ISD,C,71,270,https://txschools.net/campus/lovelady-elem-113903102
1540,7185,230,079907139,Lula Belle Goodman Elem,Fort Bend ISD,C,71,761,https://txschools.net/campus/lula-belle-goodman-elem-079907139
1540,7185,230,170906063,Magnolia Parkway Int,Magnolia ISD,B,71,794,https://txschools.net/campus/magnolia-parkway-int-170906063
1540,7185,230,071902047,Magoffin MS,El Paso ISD,C,71,527,https://txschools.net/campus/magoffin-ms-071902047
1540,7185,230,174904005,Margie Chumbley Academy for Success,Nacogdoches ISD,C,71,55,https://txschools.net/campus/margie-chumbley-academy-for-success-174904005
1540,7185,230,220910104,Marilyn Miller Language Academy,Lake Worth ISD,D,71,626,https://txschools.net/campus/marilyn-miller-language-academy-220910104
1540,7185,230,231901102,McCamey Pri,McCamey ISD,C,71,182,https://txschools.net/campus/mccamey-pri-231901102
1540,7185,230,057903135,McLaughlin Strickland Elem,Carrollton-Farmers Branch ISD,C,71,747,https://txschools.net/campus/mclaughlin-strickland-elem-057903135
1540,7185,230,174904043,McMichael MS,Nacogdoches ISD,C,71,1215,https://txschools.net/campus/mcmichael-ms-174904043
1540,7185,230,094901106,McQueeney Elem,Seguin ISD,C,71,311,https://txschools.net/campus/mcqueeney-elem-094901106
1540,7185,230,057903129,McWhorter Elem,Carrollton-Farmers Branch ISD,D,71,695,https://txschools.net/campus/mcwhorter-elem-057903129
1540,7185,230,046901108,Memorial Elem,New Braunfels ISD,C,71,244,https://txschools.net/campus/memorial-elem-046901108
1540,7185,230,015905003,Memorial HS,Edgewood ISD,C,71,775,https://txschools.net/campus/memorial-hs-015905003
1540,7185,230,178904124,Menger Elem,Corpus Christi ISD,C,71,336,https://txschools.net/campus/menger-elem-178904124
1540,7185,230,165901003,Midland HS,Midland ISD,C,71,2585,https://txschools.net/campus/midland-hs-165901003
1540,7185,230,170903103,Montgomery Elem,Montgomery ISD,C,71,681,https://txschools.net/campus/montgomery-elem-170903103
1540,7185,230,178904148,Moore Elem,Corpus Christi ISD,C,71,495,https://txschools.net/campus/moore-elem-178904148
1540,7185,230,001906102,Neches Elem,Neches ISD,C,71,205,https://txschools.net/campus/neches-elem-001906102
1540,7185,230,236901101,New Waverly Int,New Waverly ISD,C,71,242,https://txschools.net/campus/new-waverly-int-236901101
1540,7185,230,163904105,Newell E Woolls Int,Hondo ISD,C,71,378,https://txschools.net/campus/newell-e-woolls-int-163904105
1540,7185,230,125901104,Noonan Elem,Alice ISD,C,71,503,https://txschools.net/campus/noonan-elem-125901104
1540,7185,230,220902042,North Richland MS,Birdville ISD,C,71,864,https://txschools.net/campus/north-richland-ms-220902042
1540,7185,230,152907103,North Ridge Elem,Frenship ISD,C,71,594,https://txschools.net/campus/north-ridge-elem-152907103
1540,7185,230,201902108,Northside Elem,Henderson ISD,C,71,425,https://txschools.net/campus/northside-elem-201902108
1540,7185,230,068901002,Odessa HS,Ector County ISD,C,71,3573,https://txschools.net/campus/odessa-hs-068901002
1540,7185,230,108911102,Olivero Garza Sr Elem,Sharyland ISD,C,71,667,https://txschools.net/campus/olivero-garza-sr-elem-108911102
1540,7185,230,252903101,Olney Elem,Olney ISD,C,71,361,https://txschools.net/campus/olney-elem-252903101
1540,7185,230,181905001,Orangefield HS,Orangefield ISD,B,71,529,https://txschools.net/campus/orangefield-hs-181905001
1540,7185,230,181905041,Orangefield JH,Orangefield ISD,C,71,407,https://txschools.net/campus/orangefield-jh-181905041
1540,7185,230,227901188,Padron Elem,Austin ISD,C,71,500,https://txschools.net/campus/padron-elem-227901188
1540,7185,230,158905101,Palacios Elem,Palacios ISD,C,71,632,https://txschools.net/campus/palacios-elem-158905101
1540,7185,230,158905001,Palacios Junior Senior HS,Palacios ISD,B,71,634,https://txschools.net/campus/palacios-junior-senior-hs-158905001
1540,7185,230,084902107,Parker Elem,Galveston ISD,C,71,452,https://txschools.net/campus/parker-elem-084902107
1540,7185,230,108902113,Patricia S Garza Elem,Donna ISD,C,71,560,https://txschools.net/campus/patricia-s-garza-elem-108902113
1540,7185,230,057916004,Pearce HS,Richardson ISD,B,71,2301,https://txschools.net/campus/pearce-hs-057916004
1540,7185,230,068901117,Pease Elem,Ector County ISD,C,71,570,https://txschools.net/campus/pease-elem-068901117
1540,7185,230,179901041,Perryton JH,Perryton ISD,B,71,397,https://txschools.net/campus/perryton-jh-179901041
1540,7185,230,057905284,Personalized Learning Academy at Highland Meadows,Dallas ISD,C,71,642,https://txschools.net/campus/personalized-learning-academy-at-highland-meadows-057905284
1540,7185,230,101913111,Pineforest Elem,Humble ISD,C,71,601,https://txschools.net/campus/pineforest-elem-101913111
1540,7185,230,095905001,Plainview HS,Plainview ISD,B,71,1238,https://txschools.net/campus/plainview-hs-095905001
1540,7185,230,227901130,Pleasant Hill Elem,Austin ISD,C,71,361,https://txschools.net/campus/pleasant-hill-elem-227901130
1540,7185,230,123907113,Port Acres Elem,Port Arthur ISD,F,71,533,https://txschools.net/campus/port-acres-elem-123907113
1540,7185,230,085902001,Post HS,Post ISD,C,71,214,https://txschools.net/campus/post-hs-085902001
1540,7185,230,061911111,Prairie View Elem,Northwest ISD,D,71,738,https://txschools.net/campus/prairie-view-elem-061911111
1540,7185,230,250904101,Quitman Elem,Quitman ISD,C,71,584,https://txschools.net/campus/quitman-elem-250904101
1540,7185,230,250904041,Quitman JH,Quitman ISD,B,71,288,https://txschools.net/campus/quitman-jh-250904041
1540,7185,230,174904105,Raguet Elem,Nacogdoches ISD,C,71,403,https://txschools.net/campus/raguet-elem-174904105
1540,7185,230,142901102,Ramirez-Burks Elem,Cotulla ISD,C,71,445,https://txschools.net/campus/ramirez-burks-elem-142901102
1540,7185,230,015915042,Rayburn MS,Northside ISD,C,71,621,https://txschools.net/campus/rayburn-ms-015915042
1540,7185,230,014909116,Raye-Allen Elem,Temple ISD,C,71,435,https://txschools.net/campus/raye-allen-elem-014909116
1540,7185,230,101912382,Reagan K-8 Educational Ctr,Houston ISD,C,71,636,https://txschools.net/campus/reagan-k-8-educational-ctr-101912382
1540,7185,230,014906122,Reeces Creek Elem,Killeen ISD,C,71,718,https://txschools.net/campus/reeces-creek-elem-014906122
1540,7185,230,101902143,Reed Academy,Aldine ISD,C,71,672,https://txschools.net/campus/reed-academy-101902143
1540,7185,230,101907129,Reed Elem,Cypress-Fairbanks ISD,C,71,827,https://txschools.net/campus/reed-elem-101907129
1540,7185,230,057905170,Richard Lagow Elem,Dallas ISD,C,71,410,https://txschools.net/campus/richard-lagow-elem-057905170
1540,7185,230,035901102,Richardson Elem,Dimmitt ISD,D,71,498,https://txschools.net/campus/richardson-elem-035901102
1540,7185,230,015910112,Ridgeview Elem,North East ISD,C,71,415,https://txschools.net/campus/ridgeview-elem-015910112
1540,7185,230,237904101,Roberts Road Elem,Waller ISD,C,71,620,https://txschools.net/campus/roberts-road-elem-237904101
1540,7185,230,101912372,Rodriguez Elem,Houston ISD,C,71,850,https://txschools.net/campus/rodriguez-elem-101912372
1540,7185,230,079907055,Ronald Thornton MS,Fort Bend ISD,C,71,1785,https://txschools.net/campus/ronald-thornton-ms-079907055
1540,7185,230,220905057,Rosemont MS,Fort Worth ISD,C,71,1135,https://txschools.net/campus/rosemont-ms-220905057
1540,7185,230,237905002,Royal HS,Royal ISD,D,71,1006,https://txschools.net/campus/royal-hs-237905002
1540,7185,230,165901116,Rusk Elem,Midland ISD,C,71,515,https://txschools.net/campus/rusk-elem-165901116
1540,7185,230,037907100,Rusk Int,Rusk ISD,C,71,320,https://txschools.net/campus/rusk-int-037907100
1540,7185,230,165901045,San Jacinto JH,Midland ISD,C,71,915,https://txschools.net/campus/san-jacinto-jh-165901045
1540,7185,230,243905128,Scotland Park Elem,Wichita Falls ISD,C,71,532,https://txschools.net/campus/scotland-park-elem-243905128
1540,7185,230,083901001,Seagraves Schools,Seagraves ISD,B,71,523,https://txschools.net/campus/seagraves-schools-083901001
1540,7185,230,061911115,Sendera Ranch Elem,Northwest ISD,C,71,793,https://txschools.net/campus/sendera-ranch-elem-061911115
1540,7185,230,101924108,Sheldon Elem,Sheldon ISD,C,71,589,https://txschools.net/campus/sheldon-elem-101924108
1540,7185,230,115902001,Sierra Blanca School,Sierra Blanca ISD,C,71,97,https://txschools.net/campus/sierra-blanca-school-115902001
1540,7185,230,172902101,South Elem,Daingerfield-Lone Star ISD,D,71,190,https://txschools.net/campus/south-elem-172902101
1540,7185,230,057909162,Southgate STEM Elem,Garland ISD,C,71,437,https://txschools.net/campus/southgate-stem-elem-057909162
1540,7185,230,079910102,Stafford Elem,Stafford MSD,C,71,901,https://txschools.net/campus/stafford-elem-079910102
1540,7185,230,061902054,STEM Academy at Creek Valley MS,Lewisville ISD,C,71,601,https://txschools.net/campus/stem-academy-at-creek-valley-ms-061902054
1540,7185,230,235902046,STEM MS,Victoria ISD,D,71,674,https://txschools.net/campus/stem-ms-235902046
1540,7185,230,057905145,Stephen C Foster Elem,Dallas ISD,C,71,462,https://txschools.net/campus/stephen-c-foster-elem-057905145
1540,7185,230,043910139,Stinson Elem,Plano ISD,C,71,556,https://txschools.net/campus/stinson-elem-043910139
1540,7185,230,061901044,Strickland MS,Denton ISD,C,71,993,https://txschools.net/campus/strickland-ms-061901044
1540,7185,230,220905058,Stripling MS,Fort Worth ISD,C,71,509,https://txschools.net/campus/stripling-ms-220905058
1540,7185,230,071902150,Sunrise Mountain Elem,El Paso ISD,C,71,356,https://txschools.net/campus/sunrise-mountain-elem-071902150
1540,7185,230,101917148,Thomas Hancock Elem,Pasadena ISD,C,71,303,https://txschools.net/campus/thomas-hancock-elem-101917148
1540,7185,230,224901001,Throckmorton Collegiate ISD,Throckmorton Collegiate ISD,B,71,145,https://txschools.net/campus/throckmorton-collegiate-isd-224901001
1540,7185,230,220907123,Trinity Meadows Int,Keller ISD,C,71,800,https://txschools.net/campus/trinity-meadows-int-220907123
1540,7185,230,219903041,Tulia JH,Tulia ISD,C,71,193,https://txschools.net/campus/tulia-jh-219903041
1540,7185,230,101915049,Ulrich Int,Klein ISD,B,71,1197,https://txschools.net/campus/ulrich-int-101915049
1540,7185,230,101912285,Valley West Elem,Houston ISD,C,71,485,https://txschools.net/campus/valley-west-elem-101912285
1540,7185,230,108908002,Veterans Memorial HS,Mission CISD,B,71,1615,https://txschools.net/campus/veterans-memorial-hs-108908002
1540,7185,230,181907102,Vidor Elem,Vidor ISD,C,71,475,https://txschools.net/campus/vidor-elem-181907102
1540,7185,230,015910137,Wetmore Elem,North East ISD,C,71,431,https://txschools.net/campus/wetmore-elem-015910137
1540,7185,230,015910046,White MS,North East ISD,C,71,983,https://txschools.net/campus/white-ms-015910046
1540,7185,230,091909101,Whitesboro Int,Whitesboro ISD,C,71,434,https://txschools.net/campus/whitesboro-int-091909101
1540,7185,230,170902126,Wilkinson Elem,Conroe ISD,C,71,709,https://txschools.net/campus/wilkinson-elem-170902126
1540,7185,230,108912123,William J Clinton Elem,La Joya ISD,C,71,449,https://txschools.net/campus/william-j-clinton-elem-108912123
1540,7185,230,220918114,Willow Creek Elem,Eagle Mt-Saginaw ISD,C,71,625,https://txschools.net/campus/willow-creek-elem-220918114
1540,7185,230,250907041,Winnsboro JH,Winnsboro ISD,B,71,336,https://txschools.net/campus/winnsboro-jh-250907041
1540,7185,230,220907119,Woodland Springs Elem,Keller ISD,C,71,447,https://txschools.net/campus/woodland-springs-elem-220907119
1540,7185,230,015907176,Woodlawn Hills Elem,San Antonio ISD,D,71,624,https://txschools.net/campus/woodlawn-hills-elem-015907176
1540,7185,230,246909106,Xenia Voigt Elem,Round Rock ISD,C,71,453,https://txschools.net/campus/xenia-voigt-elem-246909106
1771,7185,248,111901042,Acton MS,Granbury ISD,B,72,875,https://txschools.net/campus/acton-ms-111901042
1771,7185,248,057905164,Anson Jones Elem,Dallas ISD,C,72,484,https://txschools.net/campus/anson-jones-elem-057905164
1771,7185,248,105906045,Armando Chapa MS,Hays CISD,C,72,769,https://txschools.net/campus/armando-chapa-ms-105906045
1771,7185,248,212901101,Arp Elem,Arp ISD,C,72,415,https://txschools.net/campus/arp-elem-212901101
1771,7185,248,221901102,Austin Elem,Abilene ISD,C,72,755,https://txschools.net/campus/austin-elem-221901102
1771,7185,248,057912045,Austin MS,Irving ISD,C,72,705,https://txschools.net/campus/austin-ms-057912045
1771,7185,248,101913130,Autumn Creek Elem,Humble ISD,D,72,800,https://txschools.net/campus/autumn-creek-elem-101913130
1771,7185,248,220901045,Bailey JH,Arlington ISD,C,72,710,https://txschools.net/campus/bailey-jh-220901045
1771,7185,248,101919102,Bammel Elem,Spring ISD,C,72,761,https://txschools.net/campus/bammel-elem-101919102
1771,7185,248,071902165,Barron Elem,El Paso ISD,C,72,375,https://txschools.net/campus/barron-elem-071902165
1771,7185,248,071909112,Benito Martinez Elem,Socorro ISD,C,72,423,https://txschools.net/campus/benito-martinez-elem-071909112
1771,7185,248,175902101,Blooming Grove Elem,Blooming Grove ISD,C,72,464,https://txschools.net/campus/blooming-grove-elem-175902101
1771,7185,248,015915227,Boldt Elem,Northside ISD,D,72,864,https://txschools.net/campus/boldt-elem-015915227
1771,7185,248,226903122,Bonham Elem,San Angelo ISD,C,72,571,https://txschools.net/campus/bonham-elem-226903122
1771,7185,248,015915125,Boone Elem,Northside ISD,C,72,439,https://txschools.net/campus/boone-elem-015915125
1771,7185,248,101903102,Boone Elem,Alief ISD,D,72,464,https://txschools.net/campus/boone-elem-101903102
1771,7185,248,161923101,Bosqueville Elem,Bosqueville ISD,C,72,315,https://txschools.net/campus/bosqueville-elem-161923101
1771,7185,248,057905060,Boude Storey MS,Dallas ISD,D,72,293,https://txschools.net/campus/boude-storey-ms-057905060
1771,7185,248,015907147,Bowden Academy,San Antonio ISD,D,72,432,https://txschools.net/campus/bowden-academy-015907147
1771,7185,248,043910042,Bowman MS,Plano ISD,B,72,1041,https://txschools.net/campus/bowman-ms-043910042
1771,7185,248,249902001,Boyd HS,Boyd ISD,C,72,428,https://txschools.net/campus/boyd-hs-249902001
1771,7185,248,136901041,Brackett JH,Brackett ISD,C,72,112,https://txschools.net/campus/brackett-jh-136901041
1771,7185,248,003903121,Brandon Elem,Lufkin ISD,B,72,438,https://txschools.net/campus/brandon-elem-003903121
1771,7185,248,121902101,Brookeland Elem,Brookeland ISD,C,72,207,https://txschools.net/campus/brookeland-elem-121902101
1771,7185,248,014906125,Brookhaven Elem,Killeen ISD,D,72,445,https://txschools.net/campus/brookhaven-elem-014906125
1771,7185,248,145901041,Buffalo JH,Buffalo ISD,B,72,418,https://txschools.net/campus/buffalo-jh-145901041
1771,7185,248,165901104,Burnet Elem,Midland ISD,C,72,539,https://txschools.net/campus/burnet-elem-165901104
1771,7185,248,186902007,Butz Preparatory Academy,Fort Stockton ISD,B,72,16,https://txschools.net/campus/butz-preparatory-academy-186902007
1771,7185,248,049905042,Callisburg MS,Callisburg ISD,C,72,261,https://txschools.net/campus/callisburg-ms-049905042
1771,7185,248,068901105,Cameron Dual Language Magnet,Ector County ISD,C,72,625,https://txschools.net/campus/cameron-dual-language-magnet-068901105
1771,7185,248,166901041,Cameron MS,Cameron ISD,D,72,277,https://txschools.net/campus/cameron-ms-166901041
1771,7185,248,046902042,Canyon MS,Comal ISD,C,72,1309,https://txschools.net/campus/canyon-ms-046902042
1771,7185,248,108904125,Carmen V Avila Elem,Edinburg CISD,C,72,656,https://txschools.net/campus/carmen-v-avila-elem-108904125
1771,7185,248,161903107,Castleman Creek Elem,Midway ISD,C,72,551,https://txschools.net/campus/castleman-creek-elem-161903107
1771,7185,248,187907104,Cedar Grove Elem,Livingston ISD,C,72,516,https://txschools.net/campus/cedar-grove-elem-187907104
1771,7185,248,020902110,Central Elem,Angleton ISD,B,72,406,https://txschools.net/campus/central-elem-020902110
1771,7185,248,061902101,Central Elem,Lewisville ISD,C,72,478,https://txschools.net/campus/central-elem-061902101
1771,7185,248,003907041,Central JH,Central ISD,C,72,446,https://txschools.net/campus/central-jh-003907041
1771,7185,248,101903108,Chancellor Elem,Alief ISD,C,72,695,https://txschools.net/campus/chancellor-elem-101903108
1771,7185,248,240901041,Christen MS,Laredo ISD,B,72,1089,https://txschools.net/campus/christen-ms-240901041
1771,7185,248,015916046,Cibolo Creek MS,Judson ISD,C,72,774,https://txschools.net/campus/cibolo-creek-ms-015916046
1771,7185,248,061908101,Clear Creek Elem,Sanger ISD,C,72,588,https://txschools.net/campus/clear-creek-elem-061908101
1771,7185,248,046902119,Clear Spring Elem,Comal ISD,C,72,737,https://txschools.net/campus/clear-spring-elem-046902119
1771,7185,248,071902183,Coach Archie Duran Elem,El Paso ISD,C,72,647,https://txschools.net/campus/coach-archie-duran-elem-071902183
1771,7185,248,025902101,Coggin Elem,Brownwood ISD,C,72,668,https://txschools.net/campus/coggin-elem-025902101
1771,7185,248,015910102,Coker Elem,North East ISD,C,72,794,https://txschools.net/campus/coker-elem-015910102
1771,7185,248,204901103,Coldspring Int,Coldspring-Oakhurst CISD,C,72,349,https://txschools.net/campus/coldspring-int-204901103
1771,7185,248,045902101,Columbus Elem,Columbus ISD,C,72,762,https://txschools.net/campus/columbus-elem-045902101
1771,7185,248,188901104,Coronado Elem,Amarillo ISD,B,72,421,https://txschools.net/campus/coronado-elem-188901104
1771,7185,248,187904103,Corrigan-Camden Elem,Corrigan-Camden ISD,B,72,364,https://txschools.net/campus/corrigan-camden-elem-187904103
1771,7185,248,246906103,Cottonwood Creek Elem,Hutto ISD,C,72,603,https://txschools.net/campus/cottonwood-creek-elem-246906103
1771,7185,248,061902140,Coyote Ridge Elem,Lewisville ISD,C,72,468,https://txschools.net/campus/coyote-ridge-elem-061902140
1771,7185,248,187907106,Creekside Elem,Livingston ISD,C,72,519,https://txschools.net/campus/creekside-elem-187907106
1771,7185,248,220918043,Creekview MS,Eagle Mt-Saginaw ISD,C,72,978,https://txschools.net/campus/creekview-ms-220918043
1771,7185,248,184903102,Crockett Elem,Weatherford ISD,D,72,407,https://txschools.net/campus/crockett-elem-184903102
1771,7185,248,068901044,Crockett MS,Ector County ISD,D,72,1188,https://txschools.net/campus/crockett-ms-068901044
1771,7185,248,178904123,Cullen Place Elem,Corpus Christi ISD,C,72,781,https://txschools.net/campus/cullen-place-elem-178904123
1771,7185,248,172902041,Daingerfield JH,Daingerfield-Lone Star ISD,D,72,210,https://txschools.net/campus/daingerfield-jh-172902041
1771,7185,248,020904101,Danbury Elem,Danbury ISD,B,72,291,https://txschools.net/campus/danbury-elem-020904101
1771,7185,248,071905136,Desertaire Elem,Ysleta ISD,B,72,505,https://txschools.net/campus/desertaire-elem-071905136
1771,7185,248,220901130,Ditto Elem,Arlington ISD,B,72,705,https://txschools.net/campus/ditto-elem-220901130
1771,7185,248,070903043,Dorie Miller Int,Ennis ISD,C,72,449,https://txschools.net/campus/dorie-miller-int-070903043
1771,7185,248,108910041,Dorothy Thompson MS,Progreso ISD,B,72,260,https://txschools.net/campus/dorothy-thompson-ms-108910041
1771,7185,248,101906104,Drew Elem,Crosby ISD,C,72,748,https://txschools.net/campus/drew-elem-101906104
1771,7185,248,070912106,Dunaway Elem,Waxahachie ISD,C,72,505,https://txschools.net/campus/dunaway-elem-070912106
1771,7185,248,084901042,Dunbar MS,Dickinson ISD,C,72,532,https://txschools.net/campus/dunbar-ms-084901042
1771,7185,248,205906041,E Merle Smith MS,Sinton ISD,C,72,459,https://txschools.net/campus/e-merle-smith-ms-205906041
1771,7185,248,071901042,East Montana MS,Clint ISD,C,72,490,https://txschools.net/campus/east-montana-ms-071901042
1771,7185,248,015910105,East Terrell Hills Elem,North East ISD,C,72,536,https://txschools.net/campus/east-terrell-hills-elem-015910105
1771,7185,248,079907131,Edgar Glover Jr Elem,Fort Bend ISD,C,72,347,https://txschools.net/campus/edgar-glover-jr-elem-079907131
1771,7185,248,011902102,Elgin Elem,Elgin ISD,D,72,364,https://txschools.net/campus/elgin-elem-011902102
1771,7185,248,001903041,Elkhart MS,Elkhart ISD,C,72,279,https://txschools.net/campus/elkhart-ms-001903041
1771,7185,248,152901021,Estacado HS,Lubbock ISD,C,72,698,https://txschools.net/campus/estacado-hs-152901021
1771,7185,248,030906101,Eula Elem,Eula ISD,B,72,274,https://txschools.net/campus/eula-elem-030906101
1771,7185,248,015915156,Evers Elem,Northside ISD,C,72,567,https://txschools.net/campus/evers-elem-015915156
1771,7185,248,071903041,Fabens MS,Fabens ISD,C,72,397,https://txschools.net/campus/fabens-ms-071903041
1771,7185,248,015915151,Fernandez Elem,Northside ISD,C,72,395,https://txschools.net/campus/fernandez-elem-015915151
1771,7185,248,070905041,Ferris JH,Ferris ISD,C,72,690,https://txschools.net/campus/ferris-jh-070905041
1771,7185,248,220901126,Foster Elem,Arlington ISD,C,72,495,https://txschools.net/campus/foster-elem-220901126
1771,7185,248,015912044,Francis R Scobee MS,Southwest ISD,C,72,779,https://txschools.net/campus/francis-r-scobee-ms-015912044
1771,7185,248,070908042,Frank Seale MS,Midlothian ISD,C,72,746,https://txschools.net/campus/frank-seale-ms-070908042
1771,7185,248,057913042,G W Carver 6th Grade STEM Learning Center,Lancaster ISD,B,72,399,https://txschools.net/campus/g-w-carver-6th-grade-stem-learning-center-057913042
1771,7185,248,084910126,G W Robinson,Clear Creek ISD,C,72,505,https://txschools.net/campus/g-w-robinson-084910126
1771,7185,248,057905103,Gabe P Allen New Tech Academy,Dallas ISD,C,72,384,https://txschools.net/campus/gabe-p-allen-new-tech-academy-057905103
1771,7185,248,068901101,Gale Pond Alamo Elem,Ector County ISD,C,72,358,https://txschools.net/campus/gale-pond-alamo-elem-068901101
1771,7185,248,174903041,Garrison MS,Garrison ISD,B,72,176,https://txschools.net/campus/garrison-ms-174903041
1771,7185,248,050902041,Gatesville JH,Gatesville ISD,C,72,371,https://txschools.net/campus/gatesville-jh-050902041
1771,7185,248,079901042,George JH,Lamar CISD,C,72,1250,https://txschools.net/campus/george-jh-079901042
1771,7185,248,057907114,Glenn C Hardin Elem,Duncanville ISD,C,72,572,https://txschools.net/campus/glenn-c-hardin-elem-057907114
1771,7185,248,101919128,Gloria Marshall Elem,Spring ISD,C,72,878,https://txschools.net/campus/gloria-marshall-elem-101919128
1771,7185,248,126904041,Grandview JH,Grandview ISD,C,72,323,https://txschools.net/campus/grandview-jh-126904041
1771,7185,248,047903001,Gustine School,Gustine ISD,B,72,166,https://txschools.net/campus/gustine-school-047903001
1771,7185,248,126905101,H D Staples Elem,Joshua ISD,B,72,415,https://txschools.net/campus/h-d-staples-elem-126905101
1771,7185,248,220912041,H F Stevens MS,Crowley ISD,C,72,726,https://txschools.net/campus/h-f-stevens-ms-220912041
1771,7185,248,015915025,Harlan HS,Northside ISD,C,72,2997,https://txschools.net/campus/harlan-hs-015915025
1771,7185,248,152901163,Harwell Elem,Lubbock ISD,C,72,357,https://txschools.net/campus/harwell-elem-152901163
1771,7185,248,071909114,Helen Ball Elem,Socorro ISD,C,72,548,https://txschools.net/campus/helen-ball-elem-071909114
1771,7185,248,043910048,Hendrick MS,Plano ISD,C,72,658,https://txschools.net/campus/hendrick-ms-043910048
1771,7185,248,101912052,Henry MS,Houston ISD,C,72,460,https://txschools.net/campus/henry-ms-101912052
1771,7185,248,015907132,Herff Elem,San Antonio ISD,D,72,433,https://txschools.net/campus/herff-elem-015907132
1771,7185,248,108905001,Hidalgo Early College HS,Hidalgo ISD,C,72,904,https://txschools.net/campus/hidalgo-early-college-hs-108905001
1771,7185,248,101912473,Hilliard Elem,Houston ISD,C,72,582,https://txschools.net/campus/hilliard-elem-101912473
1771,7185,248,109904110,Hillsboro Elem,Hillsboro ISD,C,72,616,https://txschools.net/campus/hillsboro-elem-109904110
1771,7185,248,057910131,Hobbs Williams Elem,Grand Prairie ISD,D,72,570,https://txschools.net/campus/hobbs-williams-elem-057910131
1771,7185,248,220902112,Holiday Heights Elem,Birdville ISD,C,72,448,https://txschools.net/campus/holiday-heights-elem-220902112
1771,7185,248,101903123,Horn Elem,Alief ISD,C,72,611,https://txschools.net/campus/horn-elem-101903123
1771,7185,248,101907113,Horne Elem,Cypress-Fairbanks ISD,C,72,839,https://txschools.net/campus/horne-elem-101907113
1771,7185,248,015907044,Hot Wells MS,San Antonio ISD,D,72,526,https://txschools.net/campus/hot-wells-ms-015907044
1771,7185,248,101902062,Houston Academy,Aldine ISD,C,72,349,https://txschools.net/campus/houston-academy-101902062
1771,7185,248,091905041,Howe MS,Howe ISD,C,72,281,https://txschools.net/campus/howe-ms-091905041
1771,7185,248,015915119,Howsman Elem,Northside ISD,C,72,716,https://txschools.net/campus/howsman-elem-015915119
1771,7185,248,108908115,Hurla M Midkiff Elem,Mission CISD,B,72,594,https://txschools.net/campus/hurla-m-midkiff-elem-108908115
1771,7185,248,015908104,Hutchins Elem,South San Antonio ISD,C,72,445,https://txschools.net/campus/hutchins-elem-015908104
1771,7185,248,015912103,Indian Creek Elem,Southwest ISD,C,72,467,https://txschools.net/campus/indian-creek-elem-015912103
1771,7185,248,109907041,Itasca MS,Itasca ISD,C,72,138,https://txschools.net/campus/itasca-ms-109907041
1771,7185,248,220905059,J Martin Jacquet MS,Fort Worth ISD,C,72,570,https://txschools.net/campus/j-martin-jacquet-ms-220905059
1771,7185,248,057905263,J P Starks Elem,Dallas ISD,C,72,293,https://txschools.net/campus/j-p-starks-elem-057905263
1771,7185,248,105905101,Jacob's Well Elem,Wimberley ISD,B,72,581,https://txschools.net/campus/jacob-s-well-elem-105905101
1771,7185,248,019909101,James Bowie Elem,Simms ISD,B,72,217,https://txschools.net/campus/james-bowie-elem-019909101
1771,7185,248,246907101,Jarrell Elem,Jarrell ISD,C,72,715,https://txschools.net/campus/jarrell-elem-246907101
1771,7185,248,246907042,Jarrell Ranch MS,Jarrell ISD,C,72,482,https://txschools.net/campus/jarrell-ranch-ms-246907042
1771,7185,248,121904043,Jasper JH,Jasper ISD,C,72,438,https://txschools.net/campus/jasper-jh-121904043
1771,7185,248,123907041,Jefferson MS,Port Arthur ISD,C,72,894,https://txschools.net/campus/jefferson-ms-123907041
1771,7185,248,061914043,Jerry R Walker MS,Little Elm ISD,C,72,845,https://txschools.net/campus/jerry-r-walker-ms-061914043
1771,7185,248,091908101,John and Nelda Partin Elem,Van Alstyne ISD,C,72,538,https://txschools.net/campus/john-and-nelda-partin-elem-091908101
1771,7185,248,108912102,John F Kennedy Elem,La Joya ISD,C,72,641,https://txschools.net/campus/john-f-kennedy-elem-108912102
1771,7185,248,108911101,John H Shary Elem,Sharyland ISD,C,72,610,https://txschools.net/campus/john-h-shary-elem-108911101
1771,7185,248,057905193,John J Pershing Elem,Dallas ISD,B,72,461,https://txschools.net/campus/john-j-pershing-elem-057905193
1771,7185,248,043902105,Judith L Harlow Elem,Anna ISD,C,72,727,https://txschools.net/campus/judith-l-harlow-elem-043902105
1771,7185,248,015917041,Julius L Matthey MS,Southside ISD,B,72,707,https://txschools.net/campus/julius-l-matthey-ms-015917041
1771,7185,248,057909146,Katherine Stephens Elem,Garland ISD,C,72,440,https://txschools.net/campus/katherine-stephens-elem-057909146
1771,7185,248,015907143,Kelly Academy,San Antonio ISD,D,72,444,https://txschools.net/campus/kelly-academy-015907143
1771,7185,248,092902107,Kilgore Int,Kilgore ISD,C,72,536,https://txschools.net/campus/kilgore-int-092902107
1771,7185,248,219905101,Kress Elem,Kress ISD,C,72,151,https://txschools.net/campus/kress-elem-219905101
1771,7185,248,061905041,Krum MS,Krum ISD,C,72,577,https://txschools.net/campus/krum-ms-061905041
1771,7185,248,015915191,Kuentz Elem,Northside ISD,C,72,523,https://txschools.net/campus/kuentz-elem-015915191
1771,7185,248,031905001,La Feria Early College HS,La Feria ISD,B,72,869,https://txschools.net/campus/la-feria-early-college-hs-031905001
1771,7185,248,254902101,La Pryor Elem,La Pryor ISD,C,72,197,https://txschools.net/campus/la-pryor-elem-254902101
1771,7185,248,227907111,Lagos Elem,Manor ISD,C,72,662,https://txschools.net/campus/lagos-elem-227907111
1771,7185,248,161914127,Lake Air Montessori School,Waco ISD,C,72,705,https://txschools.net/campus/lake-air-montessori-school-161914127
1771,7185,248,061902046,Lakeview MS,Lewisville ISD,C,72,331,https://txschools.net/campus/lakeview-ms-061902046
1771,7185,248,220901151,Larson Elem,Arlington ISD,D,72,370,https://txschools.net/campus/larson-elem-220901151
1771,7185,248,094902108,Laura Ingalls Wilder Int,Schertz-Cibolo-U City ISD,C,72,677,https://txschools.net/campus/laura-ingalls-wilder-int-094902108
1771,7185,248,101912263,Law Elem,Houston ISD,D,72,305,https://txschools.net/campus/law-elem-101912263
1771,7185,248,015905016,Learn4life,Edgewood ISD,C,72,230,https://txschools.net/campus/learn4life-015905016
1771,7185,248,068901133,Lee Buice Elem,Ector County ISD,D,72,784,https://txschools.net/campus/lee-buice-elem-068901133
1771,7185,248,187906001,Leggett HS,Leggett ISD,B,72,90,https://txschools.net/campus/leggett-hs-187906001
1771,7185,248,061902143,Lewisville Elem,Lewisville ISD,D,72,475,https://txschools.net/campus/lewisville-elem-061902143
1771,7185,248,187907041,Livingston JH,Livingston ISD,C,72,905,https://txschools.net/campus/livingston-jh-187907041
1771,7185,248,061911121,Lizzie Curtis Elem,Northwest ISD,C,72,737,https://txschools.net/campus/lizzie-curtis-elem-061911121
1771,7185,248,003903044,Lufkin MS,Lufkin ISD,B,72,1480,https://txschools.net/campus/lufkin-ms-003903044
1771,7185,248,170906041,Magnolia JH,Magnolia ISD,B,72,902,https://txschools.net/campus/magnolia-jh-170906041
1771,7185,248,061902056,Marshall Durham MS,Lewisville ISD,D,72,676,https://txschools.net/campus/marshall-durham-ms-061902056
1771,7185,248,057905198,Martha Turner Reilly Elem,Dallas ISD,B,72,589,https://txschools.net/campus/martha-turner-reilly-elem-057905198
1771,7185,248,159901107,Maude Mae Kirchner Elem,Eagle Pass ISD,B,72,103,https://txschools.net/campus/maude-mae-kirchner-elem-159901107
1771,7185,248,091903112,Mayes Elem,Denison ISD,C,72,480,https://txschools.net/campus/mayes-elem-091903112
1771,7185,248,070915041,Maypearl MS,Maypearl ISD,C,72,374,https://txschools.net/campus/maypearl-ms-070915041
1771,7185,248,043918101,McClendon Elem,Community ISD,C,72,730,https://txschools.net/campus/mcclendon-elem-043918101
1771,7185,248,101907150,McFee Elem,Cypress-Fairbanks ISD,C,72,899,https://txschools.net/campus/mcfee-elem-101907150
1771,7185,248,057907103,Merrifield Elem,Duncanville ISD,D,72,459,https://txschools.net/campus/merrifield-elem-057907103
1771,7185,248,043918106,Mildred B Ellis Elem,Community ISD,C,72,473,https://txschools.net/campus/mildred-b-ellis-elem-043918106
1771,7185,248,105902043,Miller MS,San Marcos CISD,B,72,875,https://txschools.net/campus/miller-ms-105902043
1771,7185,248,071905135,Mission Valley Elem,Ysleta ISD,C,72,559,https://txschools.net/campus/mission-valley-elem-071905135
1771,7185,248,101912359,Moreno Elem,Houston ISD,C,72,678,https://txschools.net/campus/moreno-elem-101912359
1771,7185,248,080901103,Mt Vernon Elem,Mount Vernon ISD,C,72,611,https://txschools.net/campus/mt-vernon-elem-080901103
1771,7185,248,057905236,Nancy J Cochran Elem,Dallas ISD,C,72,475,https://txschools.net/campus/nancy-j-cochran-elem-057905236
1771,7185,248,101905105,New Horizons Fine Arts Magnet at Crenshaw Elem,Channelview ISD,C,72,581,https://txschools.net/campus/new-horizons-fine-arts-magnet-at-crenshaw-elem-101905105
1771,7185,248,089903001,Nixon-Smiley HS,Nixon-Smiley CISD,B,72,281,https://txschools.net/campus/nixon-smiley-hs-089903001
1771,7185,248,089903041,Nixon-Smiley MS,Nixon-Smiley CISD,B,72,273,https://txschools.net/campus/nixon-smiley-ms-089903041
1771,7185,248,066903102,Norman M Thomas Elem,Freer ISD,C,72,335,https://txschools.net/campus/norman-m-thomas-elem-066903102
1771,7185,248,220920102,North Elem,White Settlement ISD,C,72,751,https://txschools.net/campus/north-elem-220920102
1771,7185,248,246913129,North Elem,Leander ISD,C,72,777,https://txschools.net/campus/north-elem-246913129
1771,7185,248,241903103,Northside Elem,El Campo ISD,C,72,471,https://txschools.net/campus/northside-elem-241903103
1771,7185,248,025902106,Northwest Elem,Brownwood ISD,C,72,498,https://txschools.net/campus/northwest-elem-025902106
1771,7185,248,057909046,O'Banion MS,Garland ISD,C,72,743,https://txschools.net/campus/o-banion-ms-057909046
1771,7185,248,043903104,O'Dell Elem,Celina ISD,C,72,693,https://txschools.net/campus/o-dell-elem-043903104
1771,7185,248,057905168,Obadiah Knight Elem,Dallas ISD,B,72,230,https://txschools.net/campus/obadiah-knight-elem-057905168
1771,7185,248,053001103,Ozona Elem,Crockett County Consolidated CSD,C,72,256,https://txschools.net/campus/ozona-elem-053001103
1771,7185,248,084910110,P H Greene Elem,Clear Creek ISD,C,72,495,https://txschools.net/campus/p-h-greene-elem-084910110
1771,7185,248,033902101,Panhandle Elem,Panhandle ISD,B,72,264,https://txschools.net/campus/panhandle-elem-033902101
1771,7185,248,246904104,Pat Cooper Elem,Georgetown ISD,C,72,559,https://txschools.net/campus/pat-cooper-elem-246904104
1771,7185,248,101919105,Pat Reynolds Elem,Spring ISD,C,72,887,https://txschools.net/campus/pat-reynolds-elem-101919105
1771,7185,248,220901162,Patrick Elem,Arlington ISD,C,72,459,https://txschools.net/campus/patrick-elem-220901162
1771,7185,248,101912064,Pershing MS,Houston ISD,B,72,989,https://txschools.net/campus/pershing-ms-101912064
1771,7185,248,014906142,Pershing Park Elem,Killeen ISD,C,72,913,https://txschools.net/campus/pershing-park-elem-014906142
1771,7185,248,095905121,Plainview JH,Plainview ISD,C,72,568,https://txschools.net/campus/plainview-jh-095905121
1771,7185,248,015907060,Poe MS,San Antonio ISD,D,72,418,https://txschools.net/campus/poe-ms-015907060
1771,7185,248,057914117,Porter Elem,Mesquite ISD,C,72,466,https://txschools.net/campus/porter-elem-057914117
1771,7185,248,054903041,Ralls MS,Ralls ISD,C,72,67,https://txschools.net/campus/ralls-ms-054903041
1771,7185,248,192901101,Reagan County Elem,Reagan County ISD,C,72,422,https://txschools.net/campus/reagan-county-elem-192901101
1771,7185,248,129902108,Rhea Int,Forney ISD,C,72,689,https://txschools.net/campus/rhea-int-129902108
1771,7185,248,220902043,Richland MS,Birdville ISD,C,72,656,https://txschools.net/campus/richland-ms-220902043
1771,7185,248,031911001,Rio Hondo HS,Rio Hondo ISD,C,72,435,https://txschools.net/campus/rio-hondo-hs-031911001
1771,7185,248,071905148,Riverside Elem,Ysleta ISD,C,72,562,https://txschools.net/campus/riverside-elem-071905148
1771,7185,248,057909127,Roach Elem,Garland ISD,C,72,271,https://txschools.net/campus/roach-elem-057909127
1771,7185,248,170904043,Robert P Brabham MS,Willis ISD,C,72,668,https://txschools.net/campus/robert-p-brabham-ms-170904043
1771,7185,248,233901114,Roberto Bobby Barrera Elem STEM Magnet,San Felipe-Del Rio CISD,C,72,125,https://txschools.net/campus/roberto-bobby-barrera-elem-stem-magnet-233901114
1771,7185,248,159901110,Rosita Valley Elem,Eagle Pass ISD,B,72,471,https://txschools.net/campus/rosita-valley-elem-159901110
1771,7185,248,220904042,Roy Johnson STEM Academy,Everman ISD,B,72,450,https://txschools.net/campus/roy-johnson-stem-academy-220904042
1771,7185,248,237905105,Royal Elem,Royal ISD,C,72,424,https://txschools.net/campus/royal-elem-237905105
1771,7185,248,220905120,Rufino Mendoza Sr Elem,Fort Worth ISD,D,72,334,https://txschools.net/campus/rufino-mendoza-sr-elem-220905120
1771,7185,248,070911107,Russell P Schupmann Elem,Red Oak ISD,C,72,735,https://txschools.net/campus/russell-p-schupmann-elem-070911107
1771,7185,248,220918103,Saginaw Elem,Eagle Mt-Saginaw ISD,D,72,351,https://txschools.net/campus/saginaw-elem-220918103
1771,7185,248,236902103,Samuel Houston Elem,Huntsville ISD,D,72,673,https://txschools.net/campus/samuel-houston-elem-236902103
1771,7185,248,071904001,San Elizario HS,San Elizario ISD,C,72,898,https://txschools.net/campus/san-elizario-hs-071904001
1771,7185,248,206901041,San Saba MS,San Saba ISD,C,72,197,https://txschools.net/campus/san-saba-ms-206901041
1771,7185,248,227901127,Sanchez Elem,Austin ISD,D,72,348,https://txschools.net/campus/sanchez-elem-227901127
1771,7185,248,061908041,Sanger MS,Sanger ISD,C,72,696,https://txschools.net/campus/sanger-ms-061908041
1771,7185,248,108903102,Santiago Garcia Health and Science Academy,Edcouch-Elsa ISD,C,72,339,https://txschools.net/campus/santiago-garcia-health-and-science-academy-108903102
1771,7185,248,014909110,Scott Elem,Temple ISD,B,72,410,https://txschools.net/campus/scott-elem-014909110
1771,7185,248,108906116,Seguin Elem,McAllen ISD,B,72,446,https://txschools.net/campus/seguin-elem-108906116
1771,7185,248,057914121,Shaw Elem,Mesquite ISD,C,72,485,https://txschools.net/campus/shaw-elem-057914121
1771,7185,248,057909141,Shugart Elem,Garland ISD,C,72,446,https://txschools.net/campus/shugart-elem-057909141
1771,7185,248,240903111,Sigifredo Perez Elem,United ISD,B,72,603,https://txschools.net/campus/sigifredo-perez-elem-240903111
1771,7185,248,011904041,Smithville JH,Smithville ISD,C,72,432,https://txschools.net/campus/smithville-jh-011904041
1771,7185,248,101902132,Spence Elem,Aldine ISD,C,72,625,https://txschools.net/campus/spence-elem-101902132
1771,7185,248,101920044,Spring Woods MS,Spring Branch ISD,C,72,769,https://txschools.net/campus/spring-woods-ms-101920044
1771,7185,248,246913049,Stacy Kaye Danielson MS,Leander ISD,C,72,1094,https://txschools.net/campus/stacy-kaye-danielson-ms-246913049
1771,7185,248,249905106,STEM Academy at Enis Elem,Decatur ISD,C,72,387,https://txschools.net/campus/stem-academy-at-enis-elem-249905106
1771,7185,248,061902044,STEM Academy at Griffin MS,Lewisville ISD,C,72,670,https://txschools.net/campus/stem-academy-at-griffin-ms-061902044
1771,7185,248,101912245,Stevens Elem,Houston ISD,C,72,551,https://txschools.net/campus/stevens-elem-101912245
1771,7185,248,014903116,Tarver Elem,Belton ISD,C,72,487,https://txschools.net/campus/tarver-elem-014903116
1771,7185,248,141901105,Taylor Creek Elem,Lampasas ISD,C,72,610,https://txschools.net/campus/taylor-creek-elem-141901105
1771,7185,248,057905055,Thomas J Rusk MS,Dallas ISD,C,72,346,https://txschools.net/campus/thomas-j-rusk-ms-057905055
1771,7185,248,170904104,Turner Elem,Willis ISD,C,72,477,https://txschools.net/campus/turner-elem-170904104
1771,7185,248,057905222,Urban Park STEAM Academy,Dallas ISD,C,72,480,https://txschools.net/campus/urban-park-steam-academy-057905222
1771,7185,248,049903041,Valley View MS,Valley View ISD,C,72,261,https://txschools.net/campus/valley-view-ms-049903041
1771,7185,248,091908043,Van Alstyne MS,Van Alstyne ISD,C,72,452,https://txschools.net/campus/van-alstyne-ms-091908043
1771,7185,248,158906002,Van Vleck HS,Van Vleck ISD,B,72,330,https://txschools.net/campus/van-vleck-hs-158906002
1771,7185,248,220901006,Venture Alter HS,Arlington ISD,B,72,598,https://txschools.net/campus/venture-alter-hs-220901006
1771,7185,248,244903041,Vernon MS,Vernon ISD,C,72,389,https://txschools.net/campus/vernon-ms-244903041
1771,7185,248,015916010,Veterans Memorial HS,Judson ISD,C,72,1588,https://txschools.net/campus/veterans-memorial-hs-015916010
1771,7185,248,220905175,Washington Heights Elem,Fort Worth ISD,C,72,264,https://txschools.net/campus/washington-heights-elem-220905175
1771,7185,248,102903002,Waskom HS,Waskom ISD,C,72,240,https://txschools.net/campus/waskom-hs-102903002
1771,7185,248,092901105,Weldon Elem,Gladewater ISD,C,72,405,https://txschools.net/campus/weldon-elem-092901105
1771,7185,248,101914103,West Memorial Elem,Katy ISD,D,72,960,https://txschools.net/campus/west-memorial-elem-101914103
1771,7185,248,201914041,West Rusk MS,West Rusk County Consolidated ISD,B,72,219,https://txschools.net/campus/west-rusk-ms-201914041
1771,7185,248,220905178,Westcreek Elem,Fort Worth ISD,C,72,372,https://txschools.net/campus/westcreek-elem-220905178
1771,7185,248,188901131,Western Plateau Elem,Amarillo ISD,B,72,344,https://txschools.net/campus/western-plateau-elem-188901131
1771,7185,248,101919002,Westfield HS,Spring ISD,C,72,2140,https://txschools.net/campus/westfield-hs-101919002
1771,7185,248,101912267,White E Elem,Houston ISD,C,72,601,https://txschools.net/campus/white-e-elem-101912267
1771,7185,248,090904117,William B Travis Elem,Pampa ISD,C,72,443,https://txschools.net/campus/william-b-travis-elem-090904117
1771,7185,248,071902174,William C Herrera Elem,El Paso ISD,C,72,451,https://txschools.net/campus/william-c-herrera-elem-071902174
1771,7185,248,057905104,William M Anderson Elem,Dallas ISD,C,72,552,https://txschools.net/campus/william-m-anderson-elem-057905104
1771,7185,248,126902107,William Stribling Elem,Burleson ISD,C,72,484,https://txschools.net/campus/william-stribling-elem-126902107
1771,7185,248,129902114,Wilson Elem,Forney ISD,C,72,895,https://txschools.net/campus/wilson-elem-129902114
1771,7185,248,174906101,Woden Elem,Woden ISD,C,72,418,https://txschools.net/campus/woden-elem-174906101
1771,7185,248,025902107,Woodland Heights Elem,Brownwood ISD,C,72,493,https://txschools.net/campus/woodland-heights-elem-025902107
1771,7185,248,015910124,Woodstone Elem,North East ISD,C,72,533,https://txschools.net/campus/woodstone-elem-015910124
2020,7185,237,205901041,A C Blunt MS,Aransas Pass ISD,C,73,352,https://txschools.net/campus/a-c-blunt-ms-205901041
2020,7185,237,020905102,A P Beutel Elem,Brazosport ISD,C,73,562,https://txschools.net/campus/a-p-beutel-elem-020905102
2020,7185,237,227901017,Akins Early College HS,Austin ISD,C,73,2354,https://txschools.net/campus/akins-early-college-hs-227901017
2020,7185,237,101911101,Alamo Elem,Goose Creek CISD,C,73,706,https://txschools.net/campus/alamo-elem-101911101
2020,7185,237,165901041,Alamo JH,Midland ISD,C,73,850,https://txschools.net/campus/alamo-jh-165901041
2020,7185,237,152901194,Alderson Elem,Lubbock ISD,C,73,396,https://txschools.net/campus/alderson-elem-152901194
2020,7185,237,057905058,Alex W Spence Talented/Gifted Academy,Dallas ISD,B,73,404,https://txschools.net/campus/alex-w-spence-talented-gifted-academy-057905058
2020,7185,237,028902106,Alma Brewer Strawn Elem,Lockhart ISD,C,73,482,https://txschools.net/campus/alma-brewer-strawn-elem-028902106
2020,7185,237,108906101,Alvarez Elem,McAllen ISD,C,73,421,https://txschools.net/campus/alvarez-elem-108906101
2020,7185,237,021902115,Anson Jones Elem,Bryan ISD,C,73,628,https://txschools.net/campus/anson-jones-elem-021902115
2020,7185,237,096904101,Austin Elem,Memphis ISD,B,73,140,https://txschools.net/campus/austin-elem-096904101
2020,7185,237,146902101,Austin Elem,Dayton ISD,C,73,845,https://txschools.net/campus/austin-elem-146902101
2020,7185,237,071902002,Austin HS,El Paso ISD,B,73,903,https://txschools.net/campus/austin-hs-071902002
2020,7185,237,101905042,B H Hamblen Elem,Channelview ISD,C,73,811,https://txschools.net/campus/b-h-hamblen-elem-101905042
2020,7185,237,220906106,Bear Creek Elem,Grapevine-Colleyville ISD,C,73,489,https://txschools.net/campus/bear-creek-elem-220906106
2020,7185,237,212905102,Bell Elem,Tyler ISD,C,73,535,https://txschools.net/campus/bell-elem-212905102
2020,7185,237,057905184,Ben Milam Elem,Dallas ISD,C,73,286,https://txschools.net/campus/ben-milam-elem-057905184
2020,7185,237,159901111,Benavides Heights Elem,Eagle Pass ISD,C,73,312,https://txschools.net/campus/benavides-heights-elem-159901111
2020,7185,237,114901044,Big Spring Int,Big Spring ISD,B,73,474,https://txschools.net/campus/big-spring-int-114901044
2020,7185,237,220905206,Bill J Elliott Elem,Fort Worth ISD,C,73,382,https://txschools.net/campus/bill-j-elliott-elem-220905206
2020,7185,237,016902041,Blanco MS,Blanco ISD,C,73,250,https://txschools.net/campus/blanco-ms-016902041
2020,7185,237,235901001,Bloomington HS,Bloomington ISD,C,73,210,https://txschools.net/campus/bloomington-hs-235901001
2020,7185,237,199902044,Bobby Summers MS,Royse City ISD,C,73,1005,https://txschools.net/campus/bobby-summers-ms-199902044
2020,7185,237,061901111,Borman Elem,Denton ISD,D,73,405,https://txschools.net/campus/borman-elem-061901111
2020,7185,237,161923041,Bosqueville MS,Bosqueville ISD,C,73,182,https://txschools.net/campus/bosqueville-ms-161923041
2020,7185,237,105902101,Bowie Elem,San Marcos CISD,D,73,516,https://txschools.net/campus/bowie-elem-105902101
2020,7185,237,227901109,Brown Elem,Austin ISD,C,73,419,https://txschools.net/campus/brown-elem-227901109
2020,7185,237,084902115,Burnet Elem,Galveston ISD,C,73,560,https://txschools.net/campus/burnet-elem-084902115
2020,7185,237,239903101,Burton Elem,Burton ISD,B,73,394,https://txschools.net/campus/burton-elem-239903101
2020,7185,237,246909041,C D Fulkes MS,Round Rock ISD,C,73,594,https://txschools.net/campus/c-d-fulkes-ms-246909041
2020,7185,237,061901045,Calhoun MS,Denton ISD,C,73,787,https://txschools.net/campus/calhoun-ms-061901045
2020,7185,237,057914124,Cannaday Elem,Mesquite ISD,C,73,538,https://txschools.net/campus/cannaday-elem-057914124
2020,7185,237,234902102,Canton Int,Canton ISD,C,73,525,https://txschools.net/campus/canton-int-234902102
2020,7185,237,101908101,Carpenter Elem,Deer Park ISD,C,73,849,https://txschools.net/campus/carpenter-elem-101908101
2020,7185,237,011901002,Cedar Creek HS,Bastrop ISD,B,73,2151,https://txschools.net/campus/cedar-creek-hs-011901002
2020,7185,237,116902101,Celeste Elem,Celeste ISD,C,73,233,https://txschools.net/campus/celeste-elem-116902101
2020,7185,237,101905001,Channelview HS,Channelview ISD,B,73,2769,https://txschools.net/campus/channelview-hs-101905001
2020,7185,237,246904042,Charles A Forbes MS,Georgetown ISD,C,73,780,https://txschools.net/campus/charles-a-forbes-ms-246904042
2020,7185,237,014903120,Charter Oak Elem,Belton ISD,C,73,593,https://txschools.net/campus/charter-oak-elem-014903120
2020,7185,237,100905102,China Elem,Hardin-Jefferson ISD,C,73,623,https://txschools.net/campus/china-elem-100905102
2020,7185,237,161920104,China Spring Int,China Spring ISD,B,73,487,https://txschools.net/campus/china-spring-int-161920104
2020,7185,237,212905106,Clarkston Elem,Tyler ISD,C,73,401,https://txschools.net/campus/clarkston-elem-212905106
2020,7185,237,014906144,Clifton Park Elem,Killeen ISD,C,73,807,https://txschools.net/campus/clifton-park-elem-014906144
2020,7185,237,015915115,Colonies North Elem,Northside ISD,C,73,444,https://txschools.net/campus/colonies-north-elem-015915115
2020,7185,237,015916101,Converse Elem,Judson ISD,C,73,606,https://txschools.net/campus/converse-elem-015916101
2020,7185,237,071902111,Cooley Elem,El Paso ISD,C,73,472,https://txschools.net/campus/cooley-elem-071902111
2020,7185,237,187904041,Corrigan-Camden JH,Corrigan-Camden ISD,C,73,194,https://txschools.net/campus/corrigan-camden-jh-187904041
2020,7185,237,052901001,Crane HS,Crane ISD,B,73,342,https://txschools.net/campus/crane-hs-052901001
2020,7185,237,084910046,Creekside Int,Clear Creek ISD,B,73,942,https://txschools.net/campus/creekside-int-084910046
2020,7185,237,226903108,Crockett Elem,San Angelo ISD,C,73,315,https://txschools.net/campus/crockett-elem-226903108
2020,7185,237,254901001,Crystal City HS,Crystal City ISD,C,73,448,https://txschools.net/campus/crystal-city-hs-254901001
2020,7185,237,101912044,Cullen MS,Houston ISD,C,73,318,https://txschools.net/campus/cullen-ms-101912044
2020,7185,237,220905194,Daggett Montessori,Fort Worth ISD,C,73,549,https://txschools.net/campus/daggett-montessori-220905194
2020,7185,237,220902102,David E Smith Elem,Birdville ISD,C,73,679,https://txschools.net/campus/david-e-smith-elem-220902102
2020,7185,237,057903113,Davis Elem,Carrollton-Farmers Branch ISD,C,73,474,https://txschools.net/campus/davis-elem-057903113
2020,7185,237,071909120,Desert Wind Elem,Socorro ISD,C,73,491,https://txschools.net/campus/desert-wind-elem-071909120
2020,7185,237,194905101,Detroit Elem,Detroit ISD,D,73,230,https://txschools.net/campus/detroit-elem-194905101
2020,7185,237,019907006,Digital Academy of Texas,Texarkana ISD,B,73,859,https://txschools.net/campus/digital-academy-of-texas-019907006
2020,7185,237,057910041,Digital Arts & Technology Academy at Adams MS,Grand Prairie ISD,C,73,501,https://txschools.net/campus/digital-arts-technology-academy-at-adams-ms-057910041
2020,7185,237,035901041,Dimmitt MS,Dimmitt ISD,C,73,243,https://txschools.net/campus/dimmitt-ms-035901041
2020,7185,237,101912140,Dogan Elem,Houston ISD,C,73,426,https://txschools.net/campus/dogan-elem-101912140
2020,7185,237,071902182,Dr Joseph Torres Elem,El Paso ISD,C,73,559,https://txschools.net/campus/dr-joseph-torres-elem-071902182
2020,7185,237,125901113,Dubose Elem,Alice ISD,B,73,465,https://txschools.net/campus/dubose-elem-125901113
2020,7185,237,220918102,Eagle Mountain Elem,Eagle Mt-Saginaw ISD,C,73,638,https://txschools.net/campus/eagle-mountain-elem-220918102
2020,7185,237,177902102,East Ridge Elem,Sweetwater ISD,C,73,311,https://txschools.net/campus/east-ridge-elem-177902102
2020,7185,237,146901104,Eastside Elem,Cleveland ISD,D,73,806,https://txschools.net/campus/eastside-elem-146901104
2020,7185,237,234903042,Edgewood Int,Edgewood ISD,C,73,231,https://txschools.net/campus/edgewood-int-234903042
2020,7185,237,179901103,Edwin F Williams Int,Perryton ISD,C,73,291,https://txschools.net/campus/edwin-f-williams-int-179901103
2020,7185,237,101902004,Eisenhower HS,Aldine ISD,B,73,2012,https://txschools.net/campus/eisenhower-hs-101902004
2020,7185,237,101903002,Elsik HS,Alief ISD,B,73,3870,https://txschools.net/campus/elsik-hs-101903002
2020,7185,237,188901106,Emerson Elem,Amarillo ISD,C,73,498,https://txschools.net/campus/emerson-elem-188901106
2020,7185,237,101907120,Emmott Elem,Cypress-Fairbanks ISD,C,73,639,https://txschools.net/campus/emmott-elem-101907120
2020,7185,237,015915124,Esparza Elem,Northside ISD,C,73,463,https://txschools.net/campus/esparza-elem-015915124
2020,7185,237,243905109,Fain Elem,Wichita Falls ISD,C,73,428,https://txschools.net/campus/fain-elem-243905109
2020,7185,237,246906042,Farley MS,Hutto ISD,C,73,744,https://txschools.net/campus/farley-ms-246906042
2020,7185,237,070912110,Felty Elem,Waxahachie ISD,C,73,415,https://txschools.net/campus/felty-elem-070912110
2020,7185,237,220920106,Fine Arts Academy at Tannahill,White Settlement ISD,C,73,433,https://txschools.net/campus/fine-arts-academy-at-tannahill-220920106
2020,7185,237,070912042,Finley JH,Waxahachie ISD,C,73,845,https://txschools.net/campus/finley-jh-070912042
2020,7185,237,077901041,Floydada Collegiate JH,Floydada Collegiate ISD,C,73,131,https://txschools.net/campus/floydada-collegiate-jh-077901041
2020,7185,237,225902101,Frances Corprew Elem,Mount Pleasant ISD,B,73,379,https://txschools.net/campus/frances-corprew-elem-225902101
2020,7185,237,043910052,Frankford MS,Plano ISD,C,73,734,https://txschools.net/campus/frankford-ms-043910052
2020,7185,237,101917103,Freeman Elem,Pasadena ISD,C,73,398,https://txschools.net/campus/freeman-elem-101917103
2020,7185,237,015915102,Glenn Elem,Northside ISD,C,73,412,https://txschools.net/campus/glenn-elem-015915102
2020,7185,237,101917107,Golden Acres Elem,Pasadena ISD,C,73,332,https://txschools.net/campus/golden-acres-elem-101917107
2020,7185,237,089901001,Gonzales HS,Gonzales ISD,B,73,745,https://txschools.net/campus/gonzales-hs-089901001
2020,7185,237,089901042,Gonzales JH,Gonzales ISD,C,73,581,https://txschools.net/campus/gonzales-jh-089901042
2020,7185,237,067904001,Gorman HS,Gorman ISD,B,73,66,https://txschools.net/campus/gorman-hs-067904001
2020,7185,237,227901159,Graham Elem,Austin ISD,C,73,367,https://txschools.net/campus/graham-elem-227901159
2020,7185,237,228901001,Groveton JH/HS,Groveton ISD,C,73,375,https://txschools.net/campus/groveton-jh-hs-228901001
2020,7185,237,102904107,Hallsville East Elem,Hallsville ISD,C,73,557,https://txschools.net/campus/hallsville-east-elem-102904107
2020,7185,237,015911102,Harmony Elem,East Central ISD,D,73,794,https://txschools.net/campus/harmony-elem-015911102
2020,7185,237,230905102,Harmony Int,Harmony ISD,B,73,131,https://txschools.net/campus/harmony-int-230905102
2020,7185,237,057905076,Harold Wendell Lang Sr MS,Dallas ISD,C,73,646,https://txschools.net/campus/harold-wendell-lang-sr-ms-057905076
2020,7185,237,043910118,Harrington Elem,Plano ISD,C,73,476,https://txschools.net/campus/harrington-elem-043910118
2020,7185,237,220916103,Harrison Lane Elem,Hurst-Euless-Bedford ISD,C,73,537,https://txschools.net/campus/harrison-lane-elem-220916103
2020,7185,237,104901101,Haskell Elem,Haskell CISD,B,73,280,https://txschools.net/campus/haskell-elem-104901101
2020,7185,237,101903115,Hearne Elem,Alief ISD,C,73,607,https://txschools.net/campus/hearne-elem-101903115
2020,7185,237,101907151,Hemmenway Elem,Cypress-Fairbanks ISD,C,73,935,https://txschools.net/campus/hemmenway-elem-101907151
2020,7185,237,097903101,Hico Elem,Hico ISD,C,73,272,https://txschools.net/campus/hico-elem-097903101
2020,7185,237,170908117,Highlands Elem,New Caney ISD,C,73,409,https://txschools.net/campus/highlands-elem-170908117
2020,7185,237,101920106,Housman Elem,Spring Branch ISD,C,73,598,https://txschools.net/campus/housman-elem-101920106
2020,7185,237,057913102,Houston Elem,Lancaster ISD,C,73,573,https://txschools.net/campus/houston-elem-057913102
2020,7185,237,061901102,Houston Elem,Denton ISD,C,73,535,https://txschools.net/campus/houston-elem-061901102
2020,7185,237,170902104,Houston Elem,Conroe ISD,C,73,728,https://txschools.net/campus/houston-elem-170902104
2020,7185,237,015907006,Houston HS,San Antonio ISD,B,73,713,https://txschools.net/campus/houston-hs-015907006
2020,7185,237,101919125,Hoyland Elem,Spring ISD,C,73,624,https://txschools.net/campus/hoyland-elem-101919125
2020,7185,237,084901106,Hughes Road Elem,Dickinson ISD,C,73,579,https://txschools.net/campus/hughes-road-elem-084901106
2020,7185,237,101912180,Isaacs Elem,Houston ISD,C,73,239,https://txschools.net/campus/isaacs-elem-101912180
2020,7185,237,061911113,J Lyndal Hughes Elem,Northwest ISD,C,73,667,https://txschools.net/campus/j-lyndal-hughes-elem-061911113
2020,7185,237,021902002,James Earl Rudder HS,Bryan ISD,C,73,1609,https://txschools.net/campus/james-earl-rudder-hs-021902002
2020,7185,237,179901102,James L Wright Elem,Perryton ISD,C,73,314,https://txschools.net/campus/james-l-wright-elem-179901102
2020,7185,237,079907148,Jan Schiff Elem,Fort Bend ISD,C,73,861,https://txschools.net/campus/jan-schiff-elem-079907148
2020,7185,237,220901163,Jones Fine Arts / Dual Language Academy,Arlington ISD,C,73,437,https://txschools.net/campus/jones-fine-arts-dual-language-academy-220901163
2020,7185,237,071907103,Jose H Damian Elem,Canutillo ISD,C,73,470,https://txschools.net/campus/jose-h-damian-elem-071907103
2020,7185,237,071907042,Jose J Alderete MS,Canutillo ISD,B,73,551,https://txschools.net/campus/jose-j-alderete-ms-071907042
2020,7185,237,113906101,Kennard ISD,Kennard ISD,C,73,254,https://txschools.net/campus/kennard-isd-113906101
2020,7185,237,220914041,Kennedale JH,Kennedale ISD,C,73,625,https://txschools.net/campus/kennedale-jh-220914041
2020,7185,237,101903043,Killough MS,Alief ISD,C,73,702,https://txschools.net/campus/killough-ms-101903043
2020,7185,237,148901101,Kirksey Elem,Booker ISD,C,73,169,https://txschools.net/campus/kirksey-elem-148901101
2020,7185,237,101903141,Klentzman Int,Alief ISD,C,73,779,https://txschools.net/campus/klentzman-int-101903141
2020,7185,237,015910043,Krueger MS,North East ISD,B,73,811,https://txschools.net/campus/krueger-ms-015910043
2020,7185,237,101913125,Lakeshore Elem,Humble ISD,C,73,839,https://txschools.net/campus/lakeshore-elem-101913125
2020,7185,237,061914111,Lakewood Village Elmentary School,Little Elm ISD,C,73,346,https://txschools.net/campus/lakewood-village-elmentary-school-061914111
2020,7185,237,201903001,Laneville School,Laneville ISD,D,73,104,https://txschools.net/campus/laneville-school-201903001
2020,7185,237,015910146,Las Lomas Elem,North East ISD,B,73,400,https://txschools.net/campus/las-lomas-elem-015910146
2020,7185,237,057912111,Lee Elem,Irving ISD,D,73,678,https://txschools.net/campus/lee-elem-057912111
2020,7185,237,015911044,Legacy MS,East Central ISD,C,73,1155,https://txschools.net/campus/legacy-ms-015911044
2020,7185,237,105906005,Lehman HS,Hays CISD,B,73,2165,https://txschools.net/campus/lehman-hs-105906005
2020,7185,237,057905210,Leslie A Stemmons Elem,Dallas ISD,B,73,561,https://txschools.net/campus/leslie-a-stemmons-elem-057905210
2020,7185,237,111902102,Lipan Elem,Lipan ISD,B,73,237,https://txschools.net/campus/lipan-elem-111902102
2020,7185,237,101912195,Lockhart Elem,Houston ISD,C,73,257,https://txschools.net/campus/lockhart-elem-101912195
2020,7185,237,152906106,Lubbock-Cooper East Elem,Lubbock-Cooper ISD,C,73,815,https://txschools.net/campus/lubbock-cooper-east-elem-152906106
2020,7185,237,227907004,Manor New Technology High,Manor ISD,B,73,728,https://txschools.net/campus/manor-new-technology-high-227907004
2020,7185,237,009901101,Mary Deshazo Elem,Muleshoe ISD,C,73,300,https://txschools.net/campus/mary-deshazo-elem-009901101
2020,7185,237,205904041,Mathis MS,Mathis ISD,C,73,307,https://txschools.net/campus/mathis-ms-205904041
2020,7185,237,015904002,McCollum HS,Harlandale ISD,C,73,1438,https://txschools.net/campus/mccollum-hs-015904002
2020,7185,237,011905001,McDade HS,McDade ISD,C,73,169,https://txschools.net/campus/mcdade-hs-011905001
2020,7185,237,152901169,McWhorter Elem,Lubbock ISD,C,73,520,https://txschools.net/campus/mcwhorter-elem-152901169
2020,7185,237,123907009,Memorial HS,Port Arthur ISD,C,73,1980,https://txschools.net/campus/memorial-hs-123907009
2020,7185,237,221904041,Merkel MS,Merkel ISD,C,73,244,https://txschools.net/campus/merkel-ms-221904041
2020,7185,237,031912042,Miller Jordan MS,San Benito CISD,C,73,438,https://txschools.net/campus/miller-jordan-ms-031912042
2020,7185,237,238902001,Monahans HS,Monahans-Wickett-Pyote ISD,C,73,622,https://txschools.net/campus/monahans-hs-238902001
2020,7185,237,161910101,Moody Elem,Moody ISD,B,73,298,https://txschools.net/campus/moody-elem-161910101
2020,7185,237,046902117,Morningside Elem,Comal ISD,C,73,694,https://txschools.net/campus/morningside-elem-046902117
2020,7185,237,070908106,Mt Peak Elem,Midlothian ISD,C,73,512,https://txschools.net/campus/mt-peak-elem-070908106
2020,7185,237,049902101,Muenster Elem,Muenster ISD,B,73,287,https://txschools.net/campus/muenster-elem-049902101
2020,7185,237,015915130,Murnin Elem,Northside ISD,C,73,646,https://txschools.net/campus/murnin-elem-015915130
2020,7185,237,246911103,Naomi Pasemann Elem,Taylor ISD,C,73,455,https://txschools.net/campus/naomi-pasemann-elem-246911103
2020,7185,237,021902113,Navarro Elem,Bryan ISD,C,73,420,https://txschools.net/campus/navarro-elem-021902113
2020,7185,237,043918103,Nesmith Elem,Community ISD,C,73,568,https://txschools.net/campus/nesmith-elem-043918103
2020,7185,237,246909136,Neysa Callison Elem,Round Rock ISD,C,73,585,https://txschools.net/campus/neysa-callison-elem-246909136
2020,7185,237,015915170,Nichols Elem,Northside ISD,C,73,280,https://txschools.net/campus/nichols-elem-015915170
2020,7185,237,220901053,Nichols JH,Arlington ISD,C,73,551,https://txschools.net/campus/nichols-jh-220901053
2020,7185,237,139911002,North Lamar HS,North Lamar ISD,B,73,703,https://txschools.net/campus/north-lamar-hs-139911002
2020,7185,237,057914002,North Mesquite HS,Mesquite ISD,B,73,1953,https://txschools.net/campus/north-mesquite-hs-057914002
2020,7185,237,146901102,Northside Elem,Cleveland ISD,C,73,1058,https://txschools.net/campus/northside-elem-146901102
2020,7185,237,057916110,Northwood Hills Elem,Richardson ISD,C,73,507,https://txschools.net/campus/northwood-hills-elem-057916110
2020,7185,237,101903046,O'Donnell MS,Alief ISD,C,73,1180,https://txschools.net/campus/o-donnell-ms-101903046
2020,7185,237,101913118,Oak Forest Elem,Humble ISD,D,73,705,https://txschools.net/campus/oak-forest-elem-101913118
2020,7185,237,205905041,Odem JH,Odem-Edroy ISD,C,73,199,https://txschools.net/campus/odem-jh-205905041
2020,7185,237,230903041,Ore City MS,Ore City ISD,C,73,201,https://txschools.net/campus/ore-city-ms-230903041
2020,7185,237,165901122,Parker Elem,Midland ISD,C,73,458,https://txschools.net/campus/parker-elem-165901122
2020,7185,237,101917112,Parks Elem,Pasadena ISD,C,73,330,https://txschools.net/campus/parks-elem-101917112
2020,7185,237,152901176,Parsons Elem,Lubbock ISD,C,73,336,https://txschools.net/campus/parsons-elem-152901176
2020,7185,237,108908105,Pearson Elem,Mission CISD,C,73,290,https://txschools.net/campus/pearson-elem-108908105
2020,7185,237,227901190,Perez Elem,Austin ISD,C,73,435,https://txschools.net/campus/perez-elem-227901190
2020,7185,237,172905041,Pewitt JH,Pewitt CISD,C,73,153,https://txschools.net/campus/pewitt-jh-172905041
2020,7185,237,227904101,Pflugerville Elem,Pflugerville ISD,C,73,366,https://txschools.net/campus/pflugerville-elem-227904101
2020,7185,237,126911104,Pleasant View Elem,Godley ISD,C,73,528,https://txschools.net/campus/pleasant-view-elem-126911104
2020,7185,237,057904102,Plummer Elem,Cedar Hill ISD,D,73,354,https://txschools.net/campus/plummer-elem-057904102
2020,7185,237,031909041,Port Isabel JH,Point Isabel ISD,C,73,397,https://txschools.net/campus/port-isabel-jh-031909041
2020,7185,237,161914121,Provident Heights Elem,Waco ISD,C,73,355,https://txschools.net/campus/provident-heights-elem-161914121
2020,7185,237,108904130,R C Flores-Mark A Zapata Elem,Edinburg CISD,B,73,659,https://txschools.net/campus/r-c-flores-mark-a-zapata-elem-108904130
2020,7185,237,214903042,Ramiro Barrera MS,Roma ISD,B,73,540,https://txschools.net/campus/ramiro-barrera-ms-214903042
2020,7185,237,101912396,Ray Daily Elem,Houston ISD,C,73,826,https://txschools.net/campus/ray-daily-elem-101912396
2020,7185,237,226903116,Reagan Elem,San Angelo ISD,D,73,354,https://txschools.net/campus/reagan-elem-226903116
2020,7185,237,011901107,Red Rock Elem,Bastrop ISD,D,73,766,https://txschools.net/campus/red-rock-elem-011901107
2020,7185,237,019906102,Redwater Int,Redwater ISD,C,73,233,https://txschools.net/campus/redwater-int-019906102
2020,7185,237,129902110,Rhodes Int,Forney ISD,C,73,875,https://txschools.net/campus/rhodes-int-129902110
2020,7185,237,205907041,Ricardo L Trevino JH,Taft ISD,C,73,170,https://txschools.net/campus/ricardo-l-trevino-jh-205907041
2020,7185,237,015916116,Ricardo Salinas Elem,Judson ISD,C,73,582,https://txschools.net/campus/ricardo-salinas-elem-015916116
2020,7185,237,057916111,Richardson Heights Elem,Richardson ISD,C,73,471,https://txschools.net/campus/richardson-heights-elem-057916111
2020,7185,237,101919048,Rickey C Bailey MS,Spring ISD,D,73,917,https://txschools.net/campus/rickey-c-bailey-ms-101919048
2020,7185,237,227904107,River Oaks Elem,Pflugerville ISD,C,73,521,https://txschools.net/campus/river-oaks-elem-227904107
2020,7185,237,178909105,Robert Driscoll Jr STEM Academy,Robstown ISD,D,73,613,https://txschools.net/campus/robert-driscoll-jr-stem-academy-178909105
2020,7185,237,108915101,Roberto Garate Discovery Academy,Monte Alto ISD,C,73,366,https://txschools.net/campus/roberto-garate-discovery-academy-108915101
2020,7185,237,061901050,Rodriguez MS,Denton ISD,C,73,635,https://txschools.net/campus/rodriguez-ms-061901050
2020,7185,237,057913107,Rolling Hills Elem,Lancaster ISD,C,73,353,https://txschools.net/campus/rolling-hills-elem-057913107
2020,7185,237,235902110,Rowland Elem,Victoria ISD,C,73,448,https://txschools.net/campus/rowland-elem-235902110
2020,7185,237,220912112,S H Crowley Elem,Crowley ISD,C,73,447,https://txschools.net/campus/s-h-crowley-elem-220912112
2020,7185,237,175903105,Sam Houston Elem,Corsicana ISD,C,73,417,https://txschools.net/campus/sam-houston-elem-175903105
2020,7185,237,240901115,Santa Maria Elem,Laredo ISD,B,73,419,https://txschools.net/campus/santa-maria-elem-240901115
2020,7185,237,105906112,Science Hall Elem,Hays CISD,C,73,661,https://txschools.net/campus/science-hall-elem-105906112
2020,7185,237,101912269,Scroggins Elem,Houston ISD,C,73,253,https://txschools.net/campus/scroggins-elem-101912269
2020,7185,237,061911108,Seven Hills Elem,Northwest ISD,C,73,675,https://txschools.net/campus/seven-hills-elem-061911108
2020,7185,237,152909102,Shallowater Int,Shallowater ISD,B,73,401,https://txschools.net/campus/shallowater-int-152909102
2020,7185,237,220901123,Short Elem,Arlington ISD,C,73,351,https://txschools.net/campus/short-elem-220901123
2020,7185,237,031901112,Skinner Elem,Brownsville ISD,C,73,321,https://txschools.net/campus/skinner-elem-031901112
2020,7185,237,079901107,Smith Elem,Lamar CISD,C,73,291,https://txschools.net/campus/smith-elem-079901107
2020,7185,237,101903117,Sneed Elem,Alief ISD,C,73,924,https://txschools.net/campus/sneed-elem-101903117
2020,7185,237,026902001,Somerville HS,Somerville ISD,C,73,213,https://txschools.net/campus/somerville-hs-026902001
2020,7185,237,170907001,Splendora HS,Splendora ISD,C,73,1712,https://txschools.net/campus/splendora-hs-170907001
2020,7185,237,184902041,Springtown MS,Springtown ISD,C,73,624,https://txschools.net/campus/springtown-ms-184902041
2020,7185,237,063903001,Spur School,Spur ISD,B,73,210,https://txschools.net/campus/spur-school-063903001
2020,7185,237,227901136,St Elmo Elem,Austin ISD,C,73,282,https://txschools.net/campus/st-elmo-elem-227901136
2020,7185,237,015905015,STEAM at the Fine Arts Academy,Edgewood ISD,B,73,255,https://txschools.net/campus/steam-at-the-fine-arts-academy-015905015
2020,7185,237,061902118,STEM Academy at Hebron Valley Elem,Lewisville ISD,C,73,721,https://txschools.net/campus/stem-academy-at-hebron-valley-elem-061902118
2020,7185,237,015915022,Stevens HS,Northside ISD,B,73,2401,https://txschools.net/campus/stevens-hs-015915022
2020,7185,237,057905211,Stevens Park Elem,Dallas ISD,C,73,653,https://txschools.net/campus/stevens-park-elem-057905211
2020,7185,237,220912111,Sue Crouch Elem,Crowley ISD,C,73,489,https://txschools.net/campus/sue-crouch-elem-220912111
2020,7185,237,101912100,Texas Connections Academy at Houston,Houston ISD,C,73,11316,https://txschools.net/campus/texas-connections-academy-at-houston-101912100
2020,7185,237,015915231,Tomlinson Elem,Northside ISD,C,73,953,https://txschools.net/campus/tomlinson-elem-015915231
2020,7185,237,031913101,Tony Gonzalez Elem,Santa Maria ISD,C,73,225,https://txschools.net/campus/tony-gonzalez-elem-031913101
2020,7185,237,079907114,Townewest Elem,Fort Bend ISD,C,73,434,https://txschools.net/campus/townewest-elem-079907114
2020,7185,237,188901143,Tradewind Elem,Amarillo ISD,C,73,649,https://txschools.net/campus/tradewind-elem-188901143
2020,7185,237,057912043,Travis MS,Irving ISD,C,73,893,https://txschools.net/campus/travis-ms-057912043
2020,7185,237,049903101,Valley View Elem,Valley View ISD,C,73,355,https://txschools.net/campus/valley-view-elem-049903101
2020,7185,237,246909111,Vic Robertson Elem,Round Rock ISD,C,73,344,https://txschools.net/campus/vic-robertson-elem-246909111
2020,7185,237,220902115,W A Porter Elem,Birdville ISD,B,73,528,https://txschools.net/campus/w-a-porter-elem-220902115
2020,7185,237,226906101,Wall Elem,Wall ISD,B,73,477,https://txschools.net/campus/wall-elem-226906101
2020,7185,237,015915183,Ward Elem,Northside ISD,C,73,685,https://txschools.net/campus/ward-elem-015915183
2020,7185,237,094902110,Watts Elem,Schertz-Cibolo-U City ISD,C,73,457,https://txschools.net/campus/watts-elem-094902110
2020,7185,237,220905176,Waverly Park Elem,Fort Worth ISD,C,73,652,https://txschools.net/campus/waverly-park-elem-220905176
2020,7185,237,220901148,Webb Elem,Arlington ISD,C,73,589,https://txschools.net/campus/webb-elem-220901148
2020,7185,237,100908001,West Hardin HS,West Hardin County CISD,C,73,230,https://txschools.net/campus/west-hardin-hs-100908001
2020,7185,237,057914003,West Mesquite HS,Mesquite ISD,B,73,2031,https://txschools.net/campus/west-mesquite-hs-057914003
2020,7185,237,181906041,West Orange-Stark MS,West Orange-Cove CISD,D,73,473,https://txschools.net/campus/west-orange-stark-ms-181906041
2020,7185,237,062905101,Westhoff Elem,Westhoff ISD,B,73,92,https://txschools.net/campus/westhoff-elem-062905101
2020,7185,237,033904102,White Deer Elem,White Deer ISD,C,73,153,https://txschools.net/campus/white-deer-elem-033904102
2020,7185,237,092908103,White Oak Int,White Oak ISD,B,73,287,https://txschools.net/campus/white-oak-int-092908103
2020,7185,237,092908041,White Oak MS,White Oak ISD,B,73,359,https://txschools.net/campus/white-oak-ms-092908041
2020,7185,237,153907001,Wilson School,Wilson ISD,C,73,120,https://txschools.net/campus/wilson-school-153907001
2020,7185,237,220901166,Wimbish World Language Academy,Arlington ISD,B,73,437,https://txschools.net/campus/wimbish-world-language-academy-220901166
2020,7185,237,205907101,Woodroe Petty Elem,Taft ISD,C,73,384,https://txschools.net/campus/woodroe-petty-elem-205907101
2020,7185,237,101920117,Woodview Elem,Spring Branch ISD,C,73,544,https://txschools.net/campus/woodview-elem-101920117
2020,7185,237,220901050,Workman JH,Arlington ISD,C,73,1108,https://txschools.net/campus/workman-jh-220901050
2020,7185,237,015916124,Wortham Oaks Elem,Judson ISD,B,73,716,https://txschools.net/campus/wortham-oaks-elem-015916124
2020,7185,237,101903101,Youens Elem,Alief ISD,C,73,628,https://txschools.net/campus/youens-elem-101903101
2258,7185,236,013901001,A C Jones HS,Beeville ISD,C,74,918,https://txschools.net/campus/a-c-jones-hs-013901001
2258,7185,236,220902116,Academy at Carrie F Thomas,Birdville ISD,B,74,537,https://txschools.net/campus/academy-at-carrie-f-thomas-220902116
2258,7185,236,014901041,Academy MS,Academy ISD,B,74,432,https://txschools.net/campus/academy-ms-014901041
2258,7185,236,101907107,Adam Elem,Cypress-Fairbanks ISD,C,74,915,https://txschools.net/campus/adam-elem-101907107
2258,7185,236,126903101,Adams Elem,Cleburne ISD,D,74,329,https://txschools.net/campus/adams-elem-126903101
2258,7185,236,125901043,Adams MS,Alice ISD,B,74,958,https://txschools.net/campus/adams-ms-125901043
2258,7185,236,061911126,Alan and andra Perrin Elem,Northwest ISD,C,74,628,https://txschools.net/campus/alan-and-andra-perrin-elem-061911126
2258,7185,236,220902105,Alliene Mullendore Elem,Birdville ISD,C,74,432,https://txschools.net/campus/alliene-mullendore-elem-220902105
2258,7185,236,020901041,Alvin JH,Alvin ISD,B,74,716,https://txschools.net/campus/alvin-jh-020901041
2258,7185,236,249901101,Alvord Elem,Alvord ISD,C,74,454,https://txschools.net/campus/alvord-elem-249901101
2258,7185,236,212901001,Arp HS,Arp ISD,B,74,286,https://txschools.net/campus/arp-hs-212901001
2258,7185,236,021902047,Arthur L Davila MS,Bryan ISD,C,74,1017,https://txschools.net/campus/arthur-l-davila-ms-021902047
2258,7185,236,101912106,Atherton Elem,Houston ISD,C,74,386,https://txschools.net/campus/atherton-elem-101912106
2258,7185,236,184903106,Austin Elem,Weatherford ISD,B,74,559,https://txschools.net/campus/austin-elem-184903106
2258,7185,236,101907101,Bane Elem,Cypress-Fairbanks ISD,C,74,825,https://txschools.net/campus/bane-elem-101907101
2258,7185,236,178913101,Banquete Elem,Banquete ISD,C,74,333,https://txschools.net/campus/banquete-elem-178913101
2258,7185,236,068901129,Barbara Jordan Elem,Ector County ISD,C,74,697,https://txschools.net/campus/barbara-jordan-elem-068901129
2258,7185,236,079907127,Barrington Place Elem,Fort Bend ISD,C,74,400,https://txschools.net/campus/barrington-place-elem-079907127
2258,7185,236,008901001,Bellville HS,Bellville ISD,B,74,769,https://txschools.net/campus/bellville-hs-008901001
2258,7185,236,125902101,Ben Bolt-Palito Blanco Elem,Ben Bolt-Palito Blanco ISD,C,74,230,https://txschools.net/campus/ben-bolt-palito-blanco-elem-125902101
2258,7185,236,057914047,Berry MS,Mesquite ISD,C,74,582,https://txschools.net/campus/berry-ms-057914047
2258,7185,236,071907104,Bill Childress Elem,Canutillo ISD,B,74,404,https://txschools.net/campus/bill-childress-elem-071907104
2258,7185,236,101907043,Bleyl MS,Cypress-Fairbanks ISD,B,74,1265,https://txschools.net/campus/bleyl-ms-101907043
2258,7185,236,246913103,Block House Creek Elem,Leander ISD,C,74,436,https://txschools.net/campus/block-house-creek-elem-246913103
2258,7185,236,169901042,Bowie Int,Bowie ISD,C,74,327,https://txschools.net/campus/bowie-int-169901042
2258,7185,236,025902041,Brownwood MS,Brownwood ISD,B,74,490,https://txschools.net/campus/brownwood-ms-025902041
2258,7185,236,230902041,Bruce JH,Gilmer ISD,B,74,430,https://txschools.net/campus/bruce-jh-230902041
2258,7185,236,178908041,Brundrett MS,Port Aransas ISD,B,74,135,https://txschools.net/campus/brundrett-ms-178908041
2258,7185,236,240901101,Bruni Elem,Laredo ISD,B,74,441,https://txschools.net/campus/bruni-elem-240901101
2258,7185,236,057905232,Buckner Terrace Montessori,Dallas ISD,C,74,314,https://txschools.net/campus/buckner-terrace-montessori-057905232
2258,7185,236,243901041,Burkburnett MS,Burkburnett ISD,B,74,738,https://txschools.net/campus/burkburnett-ms-243901041
2258,7185,236,061908104,Butterfield Elem,Sanger ISD,B,74,500,https://txschools.net/campus/butterfield-elem-061908104
2258,7185,236,101924041,C E King MS,Sheldon ISD,C,74,1314,https://txschools.net/campus/c-e-king-ms-101924041
2258,7185,236,108902106,C Stainke Int Science Sport Academy,Donna ISD,C,74,455,https://txschools.net/campus/c-stainke-int-science-sport-academy-108902106
2258,7185,236,166901002,Cameron Yoe HS,Cameron ISD,B,74,444,https://txschools.net/campus/cameron-yoe-hs-166901002
2258,7185,236,227901111,Campbell Elem,Austin ISD,C,74,176,https://txschools.net/campus/campbell-elem-227901111
2258,7185,236,152901062,Cavazos MS,Lubbock ISD,C,74,382,https://txschools.net/campus/cavazos-ms-152901062
2258,7185,236,011901106,Cedar Creek MS,Bastrop ISD,C,74,801,https://txschools.net/campus/cedar-creek-ms-011901106
2258,7185,236,133901041,Center Point MS,Center Point ISD,C,74,93,https://txschools.net/campus/center-point-ms-133901041
2258,7185,236,225906101,Chapel Hill Elem,Chapel Hill ISD,C,74,443,https://txschools.net/campus/chapel-hill-elem-225906101
2258,7185,236,249904001,Chico HS,Chico ISD,C,74,180,https://txschools.net/campus/chico-hs-249904001
2258,7185,236,249904041,Chico MS,Chico ISD,C,74,119,https://txschools.net/campus/chico-ms-249904041
2258,7185,236,101919116,Clark Elem,Spring ISD,C,74,721,https://txschools.net/campus/clark-elem-101919116
2258,7185,236,129902103,Claybon Elem,Forney ISD,B,74,550,https://txschools.net/campus/claybon-elem-129902103
2258,7185,236,020905041,Clute Int,Brazosport ISD,C,74,995,https://txschools.net/campus/clute-int-020905041
2258,7185,236,030902041,Clyde JH,Clyde CISD,C,74,324,https://txschools.net/campus/clyde-jh-030902041
2258,7185,236,015915135,Cody Elem,Northside ISD,C,74,474,https://txschools.net/campus/cody-elem-015915135
2258,7185,236,161921001,Connally HS,Connally ISD,B,74,619,https://txschools.net/campus/connally-hs-161921001
2258,7185,236,101907047,Cook MS,Cypress-Fairbanks ISD,B,74,1337,https://txschools.net/campus/cook-ms-101907047
2258,7185,236,147901101,Coolidge Elem,Coolidge ISD,B,74,149,https://txschools.net/campus/coolidge-elem-147901101
2258,7185,236,015916119,Copperfield Elem,Judson ISD,C,74,627,https://txschools.net/campus/copperfield-elem-015916119
2258,7185,236,084902102,Crenshaw Elem and MS,Galveston ISD,C,74,139,https://txschools.net/campus/crenshaw-elem-and-ms-084902102
2258,7185,236,232903003,Crossroads Academy,Uvalde CISD,B,74,57,https://txschools.net/campus/crossroads-academy-232903003
2258,7185,236,112905001,Cumby Collegiate HS,Cumby Collegiate ISD,C,74,157,https://txschools.net/campus/cumby-collegiate-hs-112905001
2258,7185,236,227901113,Cunningham Elem,Austin ISD,B,74,331,https://txschools.net/campus/cunningham-elem-227901113
2258,7185,236,178904046,Cunningham MS at South Park,Corpus Christi ISD,C,74,688,https://txschools.net/campus/cunningham-ms-at-south-park-178904046
2258,7185,236,057905340,Dallas Hybrid Preparatory at Stephen J Hay,Dallas ISD,B,74,131,https://txschools.net/campus/dallas-hybrid-preparatory-at-stephen-j-hay-057905340
2258,7185,236,046902048,Danville MS,Comal ISD,B,74,896,https://txschools.net/campus/danville-ms-046902048
2258,7185,236,057909108,Daugherty Elem,Garland ISD,C,74,797,https://txschools.net/campus/daugherty-elem-057909108
2258,7185,236,220912103,Deer Creek Elem,Crowley ISD,C,74,553,https://txschools.net/campus/deer-creek-elem-220912103
2258,7185,236,227910002,Del Valle Opportunity Ctr,Del Valle ISD,B,74,148,https://txschools.net/campus/del-valle-opportunity-ctr-227910002
2258,7185,236,105904101,Dripping Springs Elem,Dripping Springs ISD,B,74,715,https://txschools.net/campus/dripping-springs-elem-105904101
2258,7185,236,178905041,Driscoll Elem & MS,Driscoll ISD,B,74,278,https://txschools.net/campus/driscoll-elem-ms-178905041
2258,7185,236,101919044,Dueitt MS,Spring ISD,D,74,700,https://txschools.net/campus/dueitt-ms-101919044
2258,7185,236,057905045,E B Comstock MS,Dallas ISD,C,74,539,https://txschools.net/campus/e-b-comstock-ms-057905045
2258,7185,236,025909001,Early HS,Early ISD,B,74,378,https://txschools.net/campus/early-hs-025909001
2258,7185,236,234907101,Earnest O Woods Int,Wills Point ISD,C,74,633,https://txschools.net/campus/earnest-o-woods-int-234907101
2258,7185,236,241902101,East Bernard Elem,East Bernard ISD,C,74,386,https://txschools.net/campus/east-bernard-elem-241902101
2258,7185,236,068901047,Ector College Prep Success Academy,Ector County ISD,C,74,1245,https://txschools.net/campus/ector-college-prep-success-academy-068901047
2258,7185,236,220918045,Ed Willkie MS,Eagle Mt-Saginaw ISD,C,74,766,https://txschools.net/campus/ed-willkie-ms-220918045
2258,7185,236,101912390,Energized for STEM Academy MS,Houston ISD,B,74,296,https://txschools.net/campus/energized-for-stem-academy-ms-101912390
2258,7185,236,152901196,Ervin Elem,Lubbock ISD,C,74,347,https://txschools.net/campus/ervin-elem-152901196
2258,7185,236,071903001,Fabens HS,Fabens ISD,C,74,610,https://txschools.net/campus/fabens-hs-071903001
2258,7185,236,188901044,Fannin MS,Amarillo ISD,C,74,538,https://txschools.net/campus/fannin-ms-188901044
2258,7185,236,092903041,Forest Park Magnet School,Longview ISD,B,74,418,https://txschools.net/campus/forest-park-magnet-school-092903041
2258,7185,236,246913047,Four Points MS,Leander ISD,B,74,582,https://txschools.net/campus/four-points-ms-246913047
2258,7185,236,101907112,Francone Elem,Cypress-Fairbanks ISD,C,74,705,https://txschools.net/campus/francone-elem-101907112
2258,7185,236,142901041,Frank Newman MS,Cotulla ISD,C,74,257,https://txschools.net/campus/frank-newman-ms-142901041
2258,7185,236,101914126,Franz Elem,Katy ISD,C,74,983,https://txschools.net/campus/franz-elem-101914126
2258,7185,236,175905001,Frost Secondary,Frost ISD,B,74,207,https://txschools.net/campus/frost-secondary-175905001
2258,7185,236,234909041,Fruitvale MS,Fruitvale ISD,C,74,89,https://txschools.net/campus/fruitvale-ms-234909041
2258,7185,236,031901138,Gallegos Elem,Brownsville ISD,B,74,364,https://txschools.net/campus/gallegos-elem-031901138
2258,7185,236,101902053,Garcia MS,Aldine ISD,C,74,908,https://txschools.net/campus/garcia-ms-101902053
2258,7185,236,101917105,Garfield Elem,Pasadena ISD,B,74,507,https://txschools.net/campus/garfield-elem-101917105
2258,7185,236,015910042,Garner MS,North East ISD,C,74,838,https://txschools.net/campus/garner-ms-015910042
2258,7185,236,101911046,Gentry JH,Goose Creek CISD,C,74,913,https://txschools.net/campus/gentry-jh-101911046
2258,7185,236,057905304,George Herbert Walker Bush Elem,Dallas ISD,C,74,774,https://txschools.net/campus/george-herbert-walker-bush-elem-057905304
2258,7185,236,126911043,Godley MS,Godley ISD,C,74,782,https://txschools.net/campus/godley-ms-126911043
2258,7185,236,234904041,Grand Saline MS,Grand Saline ISD,C,74,292,https://txschools.net/campus/grand-saline-ms-234904041
2258,7185,236,098901101,Gruver Elem,Gruver ISD,B,74,166,https://txschools.net/campus/gruver-elem-098901101
2258,7185,236,015905117,H B Gonzalez Elem,Edgewood ISD,C,74,400,https://txschools.net/campus/h-b-gonzalez-elem-015905117
2258,7185,236,057905178,H I Holland Elem at Lisbon,Dallas ISD,C,74,386,https://txschools.net/campus/h-i-holland-elem-at-lisbon-057905178
2258,7185,236,234909101,Hallie Randall Elem,Fruitvale ISD,B,74,209,https://txschools.net/campus/hallie-randall-elem-234909101
2258,7185,236,230905041,Harmony JH,Harmony ISD,B,74,216,https://txschools.net/campus/harmony-jh-230905041
2258,7185,236,086902041,Harper MS,Harper ISD,B,74,188,https://txschools.net/campus/harper-ms-086902041
2258,7185,236,127904101,Hawley Elem,Hawley ISD,C,74,354,https://txschools.net/campus/hawley-elem-127904101
2258,7185,236,129901041,Heartland MS,Crandall ISD,C,74,1073,https://txschools.net/campus/heartland-ms-129901041
2258,7185,236,039902041,Henrietta MS,Henrietta ISD,C,74,202,https://txschools.net/campus/henrietta-ms-039902041
2258,7185,236,159901118,Henry B Gonzalez Elem,Eagle Pass ISD,C,74,354,https://txschools.net/campus/henry-b-gonzalez-elem-159901118
2258,7185,236,020902045,Heritage JH,Angleton ISD,B,74,765,https://txschools.net/campus/heritage-jh-020902045
2258,7185,236,101903120,Hicks Elem,Alief ISD,C,74,598,https://txschools.net/campus/hicks-elem-101903120
2258,7185,236,227904123,Hidden Lake Elem,Pflugerville ISD,C,74,629,https://txschools.net/campus/hidden-lake-elem-227904123
2258,7185,236,220907043,Hillwood MS,Keller ISD,B,74,1055,https://txschools.net/campus/hillwood-ms-220907043
2258,7185,236,061907101,HL Brockett,Aubrey ISD,B,74,519,https://txschools.net/campus/hl-brockett-061907101
2258,7185,236,015911112,Honor Elem,East Central ISD,C,74,838,https://txschools.net/campus/honor-elem-015911112
2258,7185,236,101911045,Horace Mann JH,Goose Creek CISD,C,74,955,https://txschools.net/campus/horace-mann-jh-101911045
2258,7185,236,237904102,I T Holleman Elem,Waller ISD,C,74,741,https://txschools.net/campus/i-t-holleman-elem-237904102
2258,7185,236,184903110,Ikard Elem,Weatherford ISD,C,74,573,https://txschools.net/campus/ikard-elem-184903110
2258,7185,236,120905101,Industrial Elem West,Industrial ISD,B,74,284,https://txschools.net/campus/industrial-elem-west-120905101
2258,7185,236,057912002,Irving HS,Irving ISD,B,74,2211,https://txschools.net/campus/irving-hs-057912002
2258,7185,236,119902101,Jacksboro Elem,Jacksboro ISD,C,74,454,https://txschools.net/campus/jacksboro-elem-119902101
2258,7185,236,101911103,James Bowie Elem,Goose Creek CISD,C,74,706,https://txschools.net/campus/james-bowie-elem-101911103
2258,7185,236,057907112,James R Bilhartz Jr Elem,Duncanville ISD,C,74,588,https://txschools.net/campus/james-r-bilhartz-jr-elem-057907112
2258,7185,236,155901041,Jefferson JH,Jefferson ISD,C,74,230,https://txschools.net/campus/jefferson-jh-155901041
2258,7185,236,227904003,John B Connally HS,Pflugerville ISD,B,74,1846,https://txschools.net/campus/john-b-connally-hs-227904003
2258,7185,236,015912045,Judith A Resnik MS,Southwest ISD,D,74,844,https://txschools.net/campus/judith-a-resnik-ms-015912045
2258,7185,236,043912102,Judy Rucker Elem,Prosper ISD,C,74,294,https://txschools.net/campus/judy-rucker-elem-043912102
2258,7185,236,061911102,Justin Elem,Northwest ISD,C,74,733,https://txschools.net/campus/justin-elem-061911102
2258,7185,236,057905008,Justin F Kimball HS,Dallas ISD,B,74,1152,https://txschools.net/campus/justin-f-kimball-hs-057905008
2258,7185,236,101912187,Kelso Elem,Houston ISD,C,74,346,https://txschools.net/campus/kelso-elem-101912187
2258,7185,236,242905001,Kelton ISD,Kelton ISD,B,74,129,https://txschools.net/campus/kelton-isd-242905001
2258,7185,236,021902101,Kemp-Carver Elem,Bryan ISD,C,74,588,https://txschools.net/campus/kemp-carver-elem-021902101
2258,7185,236,057914046,Kimbrough MS,Mesquite ISD,B,74,1070,https://txschools.net/campus/kimbrough-ms-057914046
2258,7185,236,146902105,Kimmie M Brown Elem,Dayton ISD,C,74,778,https://txschools.net/campus/kimmie-m-brown-elem-146902105
2258,7185,236,170908107,Kings Manor Elem,New Caney ISD,C,74,766,https://txschools.net/campus/kings-manor-elem-170908107
2258,7185,236,220905049,Kirkpatrick MS,Fort Worth ISD,C,74,463,https://txschools.net/campus/kirkpatrick-ms-220905049
2258,7185,236,015916042,Kitty Hawk MS,Judson ISD,B,74,875,https://txschools.net/campus/kitty-hawk-ms-015916042
2258,7185,236,015915138,Knowlton Elem,Northside ISD,C,74,511,https://txschools.net/campus/knowlton-elem-015915138
2258,7185,236,220918112,Lake Pointe Elem,Eagle Mt-Saginaw ISD,C,74,668,https://txschools.net/campus/lake-pointe-elem-220918112
2258,7185,236,220901003,Lamar HS,Arlington ISD,B,74,2339,https://txschools.net/campus/lamar-hs-220901003
2258,7185,236,057912044,Lamar MS,Irving ISD,B,74,755,https://txschools.net/campus/lamar-ms-057912044
2258,7185,236,084910103,League City Elem,Clear Creek ISD,C,74,640,https://txschools.net/campus/league-city-elem-084910103
2258,7185,236,144902041,Lexington MS,Lexington ISD,B,74,249,https://txschools.net/campus/lexington-ms-144902041
2258,7185,236,246908041,Liberty Hill MS,Liberty Hill ISD,B,74,1070,https://txschools.net/campus/liberty-hill-ms-246908041
2258,7185,236,108904108,Lincoln Elem,Edinburg CISD,B,74,384,https://txschools.net/campus/lincoln-elem-108904108
2258,7185,236,170903102,Lincoln Elem,Montgomery ISD,C,74,487,https://txschools.net/campus/lincoln-elem-170903102
2258,7185,236,226903045,Lincoln MS,San Angelo ISD,D,74,784,https://txschools.net/campus/lincoln-ms-226903045
2258,7185,236,168902001,Loraine School,Loraine ISD,C,74,133,https://txschools.net/campus/loraine-school-168902001
2258,7185,236,043902109,Lorenzo Dow Hendricks Elem,Anna ISD,C,74,785,https://txschools.net/campus/lorenzo-dow-hendricks-elem-043902109
2258,7185,236,061914044,Lowell H Strike MS,Little Elm ISD,C,74,885,https://txschools.net/campus/lowell-h-strike-ms-061914044
2258,7185,236,152906101,Lubbock-Cooper South Elem,Lubbock-Cooper ISD,C,74,683,https://txschools.net/campus/lubbock-cooper-south-elem-152906101
2258,7185,236,031901051,Lucio MS,Brownsville ISD,B,74,601,https://txschools.net/campus/lucio-ms-031901051
2258,7185,236,199901117,Lupe Garcia Elem,Rockwall ISD,C,74,842,https://txschools.net/campus/lupe-garcia-elem-199901117
2258,7185,236,101903106,Mahanay Elem,Alief ISD,C,74,446,https://txschools.net/campus/mahanay-elem-101903106
2258,7185,236,107906041,Malakoff JH,Malakoff ISD,B,74,224,https://txschools.net/campus/malakoff-jh-107906041
2258,7185,236,220912114,Mary Harris Elem,Crowley ISD,C,74,451,https://txschools.net/campus/mary-harris-elem-220912114
2258,7185,236,108913041,Mary Hoge MS,Weslaco ISD,C,74,766,https://txschools.net/campus/mary-hoge-ms-108913041
2258,7185,236,220908201,Mary Orr Int,Mansfield ISD,B,74,563,https://txschools.net/campus/mary-orr-int-220908201
2258,7185,236,025905101,May Elem,May ISD,C,74,138,https://txschools.net/campus/may-elem-025905101
2258,7185,236,231901041,McCamey MS,McCamey ISD,C,74,142,https://txschools.net/campus/mccamey-ms-231901041
2258,7185,236,101915122,McDougle Elem,Klein ISD,C,74,571,https://txschools.net/campus/mcdougle-elem-101915122
2258,7185,236,161909041,McGregor JH,McGregor ISD,C,74,339,https://txschools.net/campus/mcgregor-jh-161909041
2258,7185,236,057909112,MD Williams Elem,Garland ISD,C,74,539,https://txschools.net/campus/md-williams-elem-057909112
2258,7185,236,043910102,Meadows Elem,Plano ISD,C,74,509,https://txschools.net/campus/meadows-elem-043910102
2258,7185,236,243905012,Memorial HS,Wichita Falls ISD,B,74,1601,https://txschools.net/campus/memorial-hs-243905012
2258,7185,236,250903102,Mineola Int,Mineola ISD,C,74,255,https://txschools.net/campus/mineola-int-250903102
2258,7185,236,108908041,Mission JH,Mission CISD,B,74,680,https://txschools.net/campus/mission-jh-108908041
2258,7185,236,079907129,Mission West Elem,Fort Bend ISD,C,74,498,https://txschools.net/campus/mission-west-elem-079907129
2258,7185,236,143902101,Moulton Elem,Moulton ISD,C,74,139,https://txschools.net/campus/moulton-elem-143902101
2258,7185,236,126902042,Nick Kerr MS,Burleson ISD,C,74,1213,https://txschools.net/campus/nick-kerr-ms-126902042
2258,7185,236,169902041,Nocona MS,Nocona ISD,C,74,174,https://txschools.net/campus/nocona-ms-169902041
2258,7185,236,062902001,Nordheim School,Nordheim ISD,B,74,111,https://txschools.net/campus/nordheim-school-062902001
2258,7185,236,108913112,North Bridge Elem,Weslaco ISD,C,74,756,https://txschools.net/campus/north-bridge-elem-108913112
2258,7185,236,220902044,North Oaks MS,Birdville ISD,C,74,505,https://txschools.net/campus/north-oaks-ms-220902044
2258,7185,236,015910110,Oak Grove Elem,North East ISD,B,74,456,https://txschools.net/campus/oak-grove-elem-015910110
2258,7185,236,227907107,Oak Meadows Elem,Manor ISD,C,74,449,https://txschools.net/campus/oak-meadows-elem-227907107
2258,7185,236,178904127,Oak Park Elem,Corpus Christi ISD,C,74,482,https://txschools.net/campus/oak-park-elem-178904127
2258,7185,236,061914108,Oak Point Elem,Little Elm ISD,C,74,655,https://txschools.net/campus/oak-point-elem-061914108
2258,7185,236,152907108,Oak Ridge Elem,Frenship ISD,C,74,667,https://txschools.net/campus/oak-ridge-elem-152907108
2258,7185,236,220905152,Oaklawn Elem,Fort Worth ISD,C,74,387,https://txschools.net/campus/oaklawn-elem-220905152
2258,7185,236,127906101,Oliver Elem,Stamford ISD,C,74,270,https://txschools.net/campus/oliver-elem-127906101
2258,7185,236,101907119,Owens Elem,Cypress-Fairbanks ISD,C,74,721,https://txschools.net/campus/owens-elem-101907119
2258,7185,236,246913108,Pauline Naumann Elem,Leander ISD,C,74,457,https://txschools.net/campus/pauline-naumann-elem-246913108
2258,7185,236,082903103,Pearsall Int,Pearsall ISD,C,74,411,https://txschools.net/campus/pearsall-int-082903103
2258,7185,236,184908041,Peaster JH,Peaster ISD,C,74,318,https://txschools.net/campus/peaster-jh-184908041
2258,7185,236,057903042,Perry MS,Carrollton-Farmers Branch ISD,B,74,899,https://txschools.net/campus/perry-ms-057903042
2258,7185,236,101912265,Petersen Elem,Houston ISD,C,74,325,https://txschools.net/campus/petersen-elem-101912265
2258,7185,236,039903101,Petrolia Elem,Petrolia CISD,B,74,271,https://txschools.net/campus/petrolia-elem-039903101
2258,7185,236,013903101,Pettus Elem,Pettus ISD,C,74,172,https://txschools.net/campus/pettus-elem-013903101
2258,7185,236,061903041,Pilot Point Selz MS,Pilot Point ISD,C,74,404,https://txschools.net/campus/pilot-point-selz-ms-061903041
2258,7185,236,057905273,Pleasant Grove Elem,Dallas ISD,C,74,435,https://txschools.net/campus/pleasant-grove-elem-057905273
2258,7185,236,101912221,Poe Elem,Houston ISD,C,74,682,https://txschools.net/campus/poe-elem-101912221
2258,7185,236,190903001,Rains HS,Rains ISD,B,74,507,https://txschools.net/campus/rains-hs-190903001
2258,7185,236,074903041,Rather L H,Bonham ISD,B,74,265,https://txschools.net/campus/rather-l-h-074903041
2258,7185,236,246904106,Raye McCoy Elem,Georgetown ISD,B,74,467,https://txschools.net/campus/raye-mccoy-elem-246904106
2258,7185,236,101913127,Ridge Creek Elem,Humble ISD,C,74,1009,https://txschools.net/campus/ridge-creek-elem-101913127
2258,7185,236,178909001,Robstown Early College HS,Robstown ISD,B,74,718,https://txschools.net/campus/robstown-early-college-hs-178909001
2258,7185,236,015907161,Rogers Academy,San Antonio ISD,D,74,714,https://txschools.net/campus/rogers-academy-015907161
2258,7185,236,057910050,Ronald W Reagan MS,Grand Prairie ISD,C,74,840,https://txschools.net/campus/ronald-w-reagan-ms-057910050
2258,7185,236,057910118,Sam Rayburn Elem STEAM Academy,Grand Prairie ISD,C,74,461,https://txschools.net/campus/sam-rayburn-elem-steam-academy-057910118
2258,7185,236,061901129,Sandbrock Ranch Elem,Denton ISD,C,74,820,https://txschools.net/campus/sandbrock-ranch-elem-061901129
2258,7185,236,084909041,Santa Fe JH,Santa Fe ISD,C,74,1010,https://txschools.net/campus/santa-fe-jh-084909041
2258,7185,236,220905226,Seminary Hills Park Elem,Fort Worth ISD,C,74,361,https://txschools.net/campus/seminary-hills-park-elem-220905226
2258,7185,236,012901042,Seymour MS,Seymour ISD,B,74,183,https://txschools.net/campus/seymour-ms-012901042
2258,7185,236,220901048,Shackelford JH,Arlington ISD,C,74,490,https://txschools.net/campus/shackelford-jh-220901048
2258,7185,236,204904001,Shepherd HS,Shepherd ISD,C,74,604,https://txschools.net/campus/shepherd-hs-204904001
2258,7185,236,170902131,Snyder Elem,Conroe ISD,B,74,794,https://txschools.net/campus/snyder-elem-170902131
2258,7185,236,026902042,Somerville JH,Somerville ISD,C,74,137,https://txschools.net/campus/somerville-jh-026902042
2258,7185,236,184902106,Springtown Elem,Springtown ISD,C,74,747,https://txschools.net/campus/springtown-elem-184902106
2258,7185,236,071902141,Stanton Elem,El Paso ISD,C,74,249,https://txschools.net/campus/stanton-elem-071902141
2258,7185,236,057903106,Stark Elem,Carrollton-Farmers Branch ISD,C,74,573,https://txschools.net/campus/stark-elem-057903106
2258,7185,236,152901180,Stewart Elem,Lubbock ISD,C,74,346,https://txschools.net/campus/stewart-elem-152901180
2258,7185,236,247906041,Stockdale JH,Stockdale ISD,B,74,192,https://txschools.net/campus/stockdale-jh-247906041
2258,7185,236,171902101,Sunray Elem,Sunray Collegiate ISD,C,74,232,https://txschools.net/campus/sunray-elem-171902101
2258,7185,236,177902001,Sweetwater HS,Sweetwater ISD,C,74,516,https://txschools.net/campus/sweetwater-hs-177902001
2258,7185,236,177902041,Sweetwater MS,Sweetwater ISD,C,74,348,https://txschools.net/campus/sweetwater-ms-177902041
2258,7185,236,015907066,Tafolla College Prep MS,San Antonio ISD,F,74,348,https://txschools.net/campus/tafolla-college-prep-ms-015907066
2258,7185,236,205907001,Taft HS,Taft ISD,B,74,232,https://txschools.net/campus/taft-hs-205907001
2258,7185,236,019907042,Texas MS,Texarkana ISD,C,74,1371,https://txschools.net/campus/texas-ms-019907042
2258,7185,236,174904110,Thomas J Rusk Elem,Nacogdoches ISD,C,74,424,https://txschools.net/campus/thomas-j-rusk-elem-174904110
2258,7185,236,071905146,Thomas Manor,Ysleta ISD,C,74,445,https://txschools.net/campus/thomas-manor-071905146
2258,7185,236,166905001,Thorndale HS,Thorndale ISD,B,74,222,https://txschools.net/campus/thorndale-hs-166905001
2258,7185,236,166905041,Thorndale MS,Thorndale ISD,B,74,175,https://txschools.net/campus/thorndale-ms-166905041
2258,7185,236,101907050,Thornton MS,Cypress-Fairbanks ISD,C,74,1374,https://txschools.net/campus/thornton-ms-101907050
2258,7185,236,170907105,Timber Lakes Elem,Splendora ISD,C,74,671,https://txschools.net/campus/timber-lakes-elem-170907105
2258,7185,236,091918101,Tom Bean Elem,Tom Bean ISD,C,74,351,https://txschools.net/campus/tom-bean-elem-091918101
2258,7185,236,057914113,Tosch Elem,Mesquite ISD,B,74,572,https://txschools.net/campus/tosch-elem-057914113
2258,7185,236,221905001,Trent Independent School District,Trent ISD,B,74,118,https://txschools.net/campus/trent-independent-school-district-221905001
2258,7185,236,220905011,Trimble Technical HS,Fort Worth ISD,B,74,1923,https://txschools.net/campus/trimble-technical-hs-220905011
2258,7185,236,230904001,Union Hill HS,Union Hill ISD,C,74,127,https://txschools.net/campus/union-hill-hs-230904001
2258,7185,236,161914003,University HS,Waco ISD,B,74,1744,https://txschools.net/campus/university-hs-161914003
2258,7185,236,055901001,Van Horn School,Culberson County-Allamoore ISD,B,74,377,https://txschools.net/campus/van-horn-school-055901001
2258,7185,236,220907047,Vista Ridge MS,Keller ISD,C,74,790,https://txschools.net/campus/vista-ridge-ms-220907047
2258,7185,236,229904001,Warren HS,Warren ISD,B,74,339,https://txschools.net/campus/warren-hs-229904001
2258,7185,236,220902113,Watauga Elem,Birdville ISD,B,74,674,https://txschools.net/campus/watauga-elem-220902113
2258,7185,236,220902045,Watauga MS,Birdville ISD,B,74,558,https://txschools.net/campus/watauga-ms-220902045
2258,7185,236,070912108,Wedgeworth Elem,Waxahachie ISD,C,74,601,https://txschools.net/campus/wedgeworth-elem-070912108
2258,7185,236,043910116,Wells Elem,Plano ISD,B,74,466,https://txschools.net/campus/wells-elem-043910116
2258,7185,236,181906102,West Orange-Stark Elem,West Orange-Cove CISD,C,74,1073,https://txschools.net/campus/west-orange-stark-elem-181906102
2258,7185,236,117904101,West Texas Elem,Plemons-Stinnett-Phillips CISD,B,74,193,https://txschools.net/campus/west-texas-elem-117904101
2258,7185,236,220905180,Western Hills Elem,Fort Worth ISD,C,74,455,https://txschools.net/campus/western-hills-elem-220905180
2258,7185,236,170908041,White Oak MS,New Caney ISD,C,74,864,https://txschools.net/campus/white-oak-ms-170908041
2258,7185,236,094902101,Wiederstein Elem,Schertz-Cibolo-U City ISD,C,74,577,https://txschools.net/campus/wiederstein-elem-094902101
2258,7185,236,084909105,William F Barnett Elem,Santa Fe ISD,C,74,664,https://txschools.net/campus/william-f-barnett-elem-084909105
2258,7185,236,152907106,Willow Bend Elem,Frenship ISD,C,74,769,https://txschools.net/campus/willow-bend-elem-152907106
2258,7185,236,212910001,Winona HS,Winona ISD,B,74,305,https://txschools.net/campus/winona-hs-212910001
2258,7185,236,195901109,Zavala Elem,Pecos-Barstow-Toyah ISD,D,74,850,https://txschools.net/campus/zavala-elem-195901109
2495,7185,246,014901101,Academy Int,Academy ISD,B,75,443,https://txschools.net/campus/academy-int-014901101
2495,7185,246,057905219,Adelle Turner Elem,Dallas ISD,C,75,270,https://txschools.net/campus/adelle-turner-elem-057905219
2495,7185,246,057914041,Agnew MS,Mesquite ISD,B,75,1028,https://txschools.net/campus/agnew-ms-057914041
2495,7185,246,043910106,Aldridge Elem,Plano ISD,B,75,424,https://txschools.net/campus/aldridge-elem-043910106
2495,7185,246,101912104,Almeda Elem,Houston ISD,C,75,636,https://txschools.net/campus/almeda-elem-101912104
2495,7185,246,126901101,Alvarado Elem-South,Alvarado ISD,C,75,551,https://txschools.net/campus/alvarado-elem-south-126901101
2495,7185,246,199901103,Amanda Rochell Elem,Rockwall ISD,C,75,330,https://txschools.net/campus/amanda-rochell-elem-199901103
2495,7185,246,036901101,Anahuac Elem,Anahuac ISD,C,75,338,https://txschools.net/campus/anahuac-elem-036901101
2495,7185,246,036901001,Anahuac HS,Anahuac ISD,B,75,453,https://txschools.net/campus/anahuac-hs-036901001
2495,7185,246,101907146,Andre Elem,Cypress-Fairbanks ISD,C,75,916,https://txschools.net/campus/andre-elem-101907146
2495,7185,246,002901041,Andrews MS,Andrews ISD,C,75,954,https://txschools.net/campus/andrews-ms-002901041
2495,7185,246,126902110,Ann Brock Elem at Oak Grove,Burleson ISD,C,75,653,https://txschools.net/campus/ann-brock-elem-at-oak-grove-126902110
2495,7185,246,084902119,Austin Elem,Galveston ISD,C,75,718,https://txschools.net/campus/austin-elem-084902119
2495,7185,246,057905133,Barbara Jordan Elem,Dallas ISD,C,75,507,https://txschools.net/campus/barbara-jordan-elem-057905133
2495,7185,246,101914106,Bear Creek Elem,Katy ISD,C,75,624,https://txschools.net/campus/bear-creek-elem-101914106
2495,7185,246,015915192,Behlau Elem,Northside ISD,C,75,574,https://txschools.net/campus/behlau-elem-015915192
2495,7185,246,246906108,Benjamin Doc Kerley Elem,Hutto ISD,C,75,799,https://txschools.net/campus/benjamin-doc-kerley-elem-246906108
2495,7185,246,170908111,Bens Branch Elem,New Caney ISD,C,75,819,https://txschools.net/campus/bens-branch-elem-170908111
2495,7185,246,129902105,Blackburn Elem,Forney ISD,B,75,666,https://txschools.net/campus/blackburn-elem-129902105
2495,7185,246,101912110,Blackshear Elem,Houston ISD,C,75,230,https://txschools.net/campus/blackshear-elem-101912110
2495,7185,246,057903110,Blanton Elem,Carrollton-Farmers Branch ISD,B,75,365,https://txschools.net/campus/blanton-elem-057903110
2495,7185,246,011902101,Booker T Washington Elem,Elgin ISD,D,75,657,https://txschools.net/campus/booker-t-washington-elem-011902101
2495,7185,246,117901001,Borger HS,Borger ISD,B,75,643,https://txschools.net/campus/borger-hs-117901001
2495,7185,246,008903102,Brazos Elem,Brazos ISD,B,75,326,https://txschools.net/campus/brazos-elem-008903102
2495,7185,246,239901041,Brenham MS,Brenham ISD,B,75,726,https://txschools.net/campus/brenham-ms-239901041
2495,7185,246,220920041,Brewer MS,White Settlement ISD,C,75,1552,https://txschools.net/campus/brewer-ms-220920041
2495,7185,246,084910047,Brookside Int,Clear Creek ISD,B,75,772,https://txschools.net/campus/brookside-int-084910047
2495,7185,246,220901147,Bryant Elem,Arlington ISD,B,75,446,https://txschools.net/campus/bryant-elem-220901147
2495,7185,246,105906106,Buda Elem,Hays CISD,C,75,605,https://txschools.net/campus/buda-elem-105906106
2495,7185,246,121903101,Buna Elem,Buna ISD,D,75,719,https://txschools.net/campus/buna-elem-121903101
2495,7185,246,116908041,C B Thompson MS,Quinlan ISD,C,75,645,https://txschools.net/campus/c-b-thompson-ms-116908041
2495,7185,246,029901001,Calhoun HS,Calhoun County ISD,B,75,953,https://txschools.net/campus/calhoun-hs-029901001
2495,7185,246,061902107,Camey Elem,Lewisville ISD,C,75,422,https://txschools.net/campus/camey-elem-061902107
2495,7185,246,108908112,Carl C Waitz Elem,Mission CISD,C,75,336,https://txschools.net/campus/carl-c-waitz-elem-108908112
2495,7185,246,015915165,Carson Elem,Northside ISD,C,75,449,https://txschools.net/campus/carson-elem-015915165
2495,7185,246,057905125,Casa View Elem,Dallas ISD,B,75,601,https://txschools.net/campus/casa-view-elem-057905125
2495,7185,246,031901136,Champion Elem,Brownsville ISD,B,75,683,https://txschools.net/campus/champion-elem-031901136
2495,7185,246,107902102,Chandler Int,Brownsboro ISD,C,75,266,https://txschools.net/campus/chandler-int-107902102
2495,7185,246,225906041,Chapel Hill JH,Chapel Hill ISD,C,75,217,https://txschools.net/campus/chapel-hill-jh-225906041
2495,7185,246,015907103,Charles C Ball Elem,San Antonio ISD,C,75,525,https://txschools.net/campus/charles-c-ball-elem-015907103
2495,7185,246,220918108,Chisholm Ridge,Eagle Mt-Saginaw ISD,C,75,640,https://txschools.net/campus/chisholm-ridge-220918108
2495,7185,246,061911044,Chisholm Trail MS,Northwest ISD,C,75,964,https://txschools.net/campus/chisholm-trail-ms-061911044
2495,7185,246,043910112,Christie Elem,Plano ISD,C,75,551,https://txschools.net/campus/christie-elem-043910112
2495,7185,246,015915237,Chumbley Elem,Northside ISD,C,75,731,https://txschools.net/campus/chumbley-elem-015915237
2495,7185,246,014906123,Clear Creek Elem,Killeen ISD,C,75,649,https://txschools.net/campus/clear-creek-elem-014906123
2495,7185,246,084910043,Clear Lake Int,Clear Creek ISD,C,75,807,https://txschools.net/campus/clear-lake-int-084910043
2495,7185,246,018901101,Clifton Elem,Clifton ISD,C,75,433,https://txschools.net/campus/clifton-elem-018901101
2495,7185,246,071901041,Clint JH School,Clint ISD,B,75,506,https://txschools.net/campus/clint-jh-school-071901041
2495,7185,246,146901105,Cottonwood Elem,Cleveland ISD,C,75,989,https://txschools.net/campus/cottonwood-elem-146901105
2495,7185,246,046901106,County Line Elem,New Braunfels ISD,B,75,294,https://txschools.net/campus/county-line-elem-046901106
2495,7185,246,101911118,Crockett Elem,Goose Creek CISD,B,75,662,https://txschools.net/campus/crockett-elem-101911118
2495,7185,246,243905107,Crockett Elem,Wichita Falls ISD,B,75,468,https://txschools.net/campus/crockett-elem-243905107
2495,7185,246,101906042,Crosby MS,Crosby ISD,C,75,1580,https://txschools.net/campus/crosby-ms-101906042
2495,7185,246,061901041,Crownover MS,Denton ISD,B,75,867,https://txschools.net/campus/crownover-ms-061901041
2495,7185,246,130901101,Curington Elem,Boerne ISD,B,75,621,https://txschools.net/campus/curington-elem-130901101
2495,7185,246,057916127,Dartmouth Elem,Richardson ISD,C,75,400,https://txschools.net/campus/dartmouth-elem-057916127
2495,7185,246,015907162,David Barkley/Francisco Ruiz Elem,San Antonio ISD,C,75,289,https://txschools.net/campus/david-barkley-francisco-ruiz-elem-015907162
2495,7185,246,057905116,David G Burnet Elem,Dallas ISD,B,75,613,https://txschools.net/campus/david-g-burnet-elem-057905116
2495,7185,246,081906101,Dew School,Dew ISD,C,75,170,https://txschools.net/campus/dew-school-081906101
2495,7185,246,094902042,Dobie JH,Schertz-Cibolo-U City ISD,B,75,1244,https://txschools.net/campus/dobie-jh-094902042
2495,7185,246,061901131,Dorothy Martinez Elem,Denton ISD,C,75,551,https://txschools.net/campus/dorothy-martinez-elem-061901131
2495,7185,246,071902114,Douglass Elem,El Paso ISD,C,75,440,https://txschools.net/campus/douglass-elem-071902114
2495,7185,246,015908041,Dwight MS,South San Antonio ISD,C,75,391,https://txschools.net/campus/dwight-ms-015908041
2495,7185,246,220907124,Eagle Ridge Elem,Keller ISD,C,75,529,https://txschools.net/campus/eagle-ridge-elem-220907124
2495,7185,246,025909101,Early Elem,Early ISD,C,75,226,https://txschools.net/campus/early-elem-025909101
2495,7185,246,227901019,Eastside Early College HS,Austin ISD,C,75,584,https://txschools.net/campus/eastside-early-college-hs-227901019
2495,7185,246,074905001,Ector HS,Ector ISD,B,75,124,https://txschools.net/campus/ector-hs-074905001
2495,7185,246,120901106,Edna Int,Edna ISD,B,75,193,https://txschools.net/campus/edna-int-120901106
2495,7185,246,120901105,Edna Pri,Edna ISD,C,75,577,https://txschools.net/campus/edna-pri-120901105
2495,7185,246,100904041,Edwards-Johnson Memorial MS,Silsbee ISD,C,75,526,https://txschools.net/campus/edwards-johnson-memorial-ms-100904041
2495,7185,246,108904120,Eisenhower Elem,Edinburg CISD,C,75,642,https://txschools.net/campus/eisenhower-elem-108904120
2495,7185,246,068901116,El Magnet at Milam Elem,Ector County ISD,C,75,604,https://txschools.net/campus/el-magnet-at-milam-elem-068901116
2495,7185,246,220905044,Elder MS,Fort Worth ISD,C,75,615,https://txschools.net/campus/elder-ms-220905044
2495,7185,246,235902126,Ella Schorlemmer Elem,Victoria ISD,B,75,431,https://txschools.net/campus/ella-schorlemmer-elem-235902126
2495,7185,246,061902119,Ethridge Elem,Lewisville ISD,C,75,331,https://txschools.net/campus/ethridge-elem-061902119
2495,7185,246,101908108,Fairmont Elem,Deer Park ISD,B,75,772,https://txschools.net/campus/fairmont-elem-101908108
2495,7185,246,165901107,Fannin Elem,Midland ISD,C,75,624,https://txschools.net/campus/fannin-elem-165901107
2495,7185,246,226903110,Fannin Elem,San Angelo ISD,D,75,385,https://txschools.net/campus/fannin-elem-226903110
2495,7185,246,101912291,Gallegos Elem,Houston ISD,C,75,316,https://txschools.net/campus/gallegos-elem-101912291
2495,7185,246,120902041,Ganado JH,Ganado ISD,C,75,171,https://txschools.net/campus/ganado-jh-120902041
2495,7185,246,043907121,Gary and Bobbye Jack Minshew Elem,McKinney ISD,B,75,445,https://txschools.net/campus/gary-and-bobbye-jack-minshew-elem-043907121
2495,7185,246,108906122,Garza Elem,McAllen ISD,B,75,420,https://txschools.net/campus/garza-elem-108906122
2495,7185,246,144901103,Giddings Int,Giddings ISD,C,75,282,https://txschools.net/campus/giddings-int-144901103
2495,7185,246,015915103,Glenoaks Elem,Northside ISD,D,75,425,https://txschools.net/campus/glenoaks-elem-015915103
2495,7185,246,088902041,Goliad MS,Goliad ISD,C,75,290,https://txschools.net/campus/goliad-ms-088902041
2495,7185,246,220901119,Goodman Elem,Arlington ISD,C,75,447,https://txschools.net/campus/goodman-elem-220901119
2495,7185,246,170902135,Gordon-Reed Elem,Conroe ISD,C,75,761,https://txschools.net/campus/gordon-reed-elem-170902135
2495,7185,246,113902041,Grapeland JH,Grapeland ISD,C,75,115,https://txschools.net/campus/grapeland-jh-113902041
2495,7185,246,123908122,Groves Int,Port Neches-Groves ISD,C,75,618,https://txschools.net/campus/groves-int-123908122
2495,7185,246,246906043,Gus Almquist,Hutto ISD,C,75,1071,https://txschools.net/campus/gus-almquist-246906043
2495,7185,246,212906113,H L Higgins Elem,Whitehouse ISD,B,75,613,https://txschools.net/campus/h-l-higgins-elem-212906113
2495,7185,246,178904049,Hamlin MS,Corpus Christi ISD,B,75,451,https://txschools.net/campus/hamlin-ms-178904049
2495,7185,246,123914102,Hamshire-Fannett Int,Hamshire-Fannett ISD,C,75,439,https://txschools.net/campus/hamshire-fannett-int-123914102
2495,7185,246,219901101,Happy Elem,Happy ISD,B,75,121,https://txschools.net/campus/happy-elem-219901101
2495,7185,246,101925001,Hargrave HS,Huffman ISD,B,75,1171,https://txschools.net/campus/hargrave-hs-101925001
2495,7185,246,220905130,Harlean Beal Elem,Fort Worth ISD,C,75,311,https://txschools.net/campus/harlean-beal-elem-220905130
2495,7185,246,199902108,Harry Herndon Elem,Royse City ISD,C,75,563,https://txschools.net/campus/harry-herndon-elem-199902108
2495,7185,246,127904041,Hawley MS,Hawley ISD,B,75,202,https://txschools.net/campus/hawley-ms-127904041
2495,7185,246,220905118,Hazel Harvey Peace Elem,Fort Worth ISD,C,75,394,https://txschools.net/campus/hazel-harvey-peace-elem-220905118
2495,7185,246,057909121,Heather Glen Montclair Elem,Garland ISD,C,75,641,https://txschools.net/campus/heather-glen-montclair-elem-057909121
2495,7185,246,124901101,Hebbronville Elem,Jim Hogg County ISD,B,75,411,https://txschools.net/campus/hebbronville-elem-124901101
2495,7185,246,201902041,Henderson MS,Henderson ISD,C,75,689,https://txschools.net/campus/henderson-ms-201902041
2495,7185,246,084908001,Hitchcock HS,Hitchcock ISD,B,75,569,https://txschools.net/campus/hitchcock-hs-084908001
2495,7185,246,079907047,Hodges Bend MS,Fort Bend ISD,C,75,752,https://txschools.net/campus/hodges-bend-ms-079907047
2495,7185,246,061902132,Homestead Elem,Lewisville ISD,B,75,535,https://txschools.net/campus/homestead-elem-061902132
2495,7185,246,019902041,Hooks JH,Hooks ISD,B,75,245,https://txschools.net/campus/hooks-jh-019902041
2495,7185,246,170902134,Hope Elem,Conroe ISD,B,75,763,https://txschools.net/campus/hope-elem-170902134
2495,7185,246,101907055,Hopper MS,Cypress-Fairbanks ISD,C,75,815,https://txschools.net/campus/hopper-ms-101907055
2495,7185,246,227910109,Hornsby-Dunlap Elem,Del Valle ISD,C,75,709,https://txschools.net/campus/hornsby-dunlap-elem-227910109
2495,7185,246,170902111,Houser Elem,Conroe ISD,B,75,569,https://txschools.net/campus/houser-elem-170902111
2495,7185,246,186903041,Iraan JH,Iraan-Sheffield Collegiate ISD,C,75,75,https://txschools.net/campus/iraan-jh-186903041
2495,7185,246,212909102,Jackson Elem,Chapel Hill ISD,C,75,422,https://txschools.net/campus/jackson-elem-212909102
2495,7185,246,057910102,James Bowie Fine Arts Academy,Grand Prairie ISD,C,75,564,https://txschools.net/campus/james-bowie-fine-arts-academy-057910102
2495,7185,246,047901041,Jefferies JH,Comanche ISD,B,75,286,https://txschools.net/campus/jefferies-jh-047901041
2495,7185,246,165901110,Jones Elem,Midland ISD,C,75,531,https://txschools.net/campus/jones-elem-165901110
2495,7185,246,007902001,Jourdanton HS,Jourdanton ISD,C,75,492,https://txschools.net/campus/jourdanton-hs-007902001
2495,7185,246,108912048,Juan De Dios Salinas MS,La Joya ISD,C,75,585,https://txschools.net/campus/juan-de-dios-salinas-ms-108912048
2495,7185,246,159901106,Juan N Seguin Elem,Eagle Pass ISD,C,75,273,https://txschools.net/campus/juan-n-seguin-elem-159901106
2495,7185,246,108912004,Juarez-Lincoln HS,La Joya ISD,C,75,1806,https://txschools.net/campus/juarez-lincoln-hs-108912004
2495,7185,246,101907053,Kahla MS,Cypress-Fairbanks ISD,B,75,1066,https://txschools.net/campus/kahla-ms-101907053
2495,7185,246,061911114,Kay Granger Elem,Northwest ISD,B,75,617,https://txschools.net/campus/kay-granger-elem-061911114
2495,7185,246,061902059,Killian MS,Lewisville ISD,B,75,933,https://txschools.net/campus/killian-ms-061902059
2495,7185,246,094901109,Koennecke Elem,Seguin ISD,C,75,549,https://txschools.net/campus/koennecke-elem-094901109
2495,7185,246,084906103,Kohfeldt Elem,Texas City ISD,C,75,376,https://txschools.net/campus/kohfeldt-elem-084906103
2495,7185,246,015912109,Kriewald Road School of the Arts,Southwest ISD,D,75,556,https://txschools.net/campus/kriewald-road-school-of-the-arts-015912109
2495,7185,246,108914041,La Villa MS,La Villa ISD,C,75,82,https://txschools.net/campus/la-villa-ms-108914041
2495,7185,246,227912102,Lago Vista Int,Lago Vista ISD,C,75,277,https://txschools.net/campus/lago-vista-int-227912102
2495,7185,246,188901112,Lamar Elem,Amarillo ISD,C,75,262,https://txschools.net/campus/lamar-elem-188901112
2495,7185,246,079901041,Lamar JH,Lamar CISD,C,75,1000,https://txschools.net/campus/lamar-jh-079901041
2495,7185,246,057905286,Lee A McShan Jr Elem,Dallas ISD,B,75,658,https://txschools.net/campus/lee-a-mcshan-jr-elem-057905286
2495,7185,246,101907144,Lee Elem,Cypress-Fairbanks ISD,B,75,716,https://txschools.net/campus/lee-elem-101907144
2495,7185,246,015915168,Lewis Elem,Northside ISD,C,75,445,https://txschools.net/campus/lewis-elem-015915168
2495,7185,246,183902103,Libby Elem,Carthage ISD,C,75,347,https://txschools.net/campus/libby-elem-183902103
2495,7185,246,019908041,Liberty-Eylau MS,Liberty-Eylau ISD,C,75,553,https://txschools.net/campus/liberty-eylau-ms-019908041
2495,7185,246,220905116,Lily B Clayton Elem,Fort Worth ISD,B,75,461,https://txschools.net/campus/lily-b-clayton-elem-220905116
2495,7185,246,061914104,Little Elemm Elem,Little Elm ISD,D,75,369,https://txschools.net/campus/little-elemm-elem-061914104
2495,7185,246,014906050,Live Oak Ridge MS,Killeen ISD,C,75,649,https://txschools.net/campus/live-oak-ridge-ms-014906050
2495,7185,246,227901043,Lively MS,Austin ISD,C,75,919,https://txschools.net/campus/lively-ms-227901043
2495,7185,246,077902001,Lockney HS,Lockney ISD,B,75,124,https://txschools.net/campus/lockney-hs-077902001
2495,7185,246,015907050,Longfellow MS,San Antonio ISD,C,75,606,https://txschools.net/campus/longfellow-ms-015907050
2495,7185,246,161907041,Lorena MS,Lorena ISD,B,75,441,https://txschools.net/campus/lorena-ms-161907041
2495,7185,246,015915054,Luna MS,Northside ISD,C,75,1169,https://txschools.net/campus/luna-ms-015915054
2495,7185,246,170906102,Magnolia Elem,Magnolia ISD,C,75,523,https://txschools.net/campus/magnolia-elem-170906102
2495,7185,246,014906044,Manor MS,Killeen ISD,C,75,533,https://txschools.net/campus/manor-ms-014906044
2495,7185,246,227907041,Manor MS,Manor ISD,C,75,450,https://txschools.net/campus/manor-ms-227907041
2495,7185,246,181908042,Mauriceville MS,Little Cypress-Mauriceville CISD,B,75,267,https://txschools.net/campus/mauriceville-ms-181908042
2495,7185,246,015915158,McDermott Elem,Northside ISD,C,75,735,https://txschools.net/campus/mcdermott-elem-015915158
2495,7185,246,061901046,McMath MS,Denton ISD,C,75,625,https://txschools.net/campus/mcmath-ms-061901046
2495,7185,246,057914106,McWhorter Elem,Mesquite ISD,C,75,484,https://txschools.net/campus/mcwhorter-elem-057914106
2495,7185,246,163908042,Medina Valley MS,Medina Valley ISD,C,75,1194,https://txschools.net/campus/medina-valley-ms-163908042
2495,7185,246,108904045,Memorial MS,Edinburg CISD,B,75,1032,https://txschools.net/campus/memorial-ms-108904045
2495,7185,246,161903041,Midway MS,Midway ISD,B,75,1098,https://txschools.net/campus/midway-ms-161903041
2495,7185,246,199902106,Miss May Vernon Elem,Royse City ISD,C,75,760,https://txschools.net/campus/miss-may-vernon-elem-199902106
2495,7185,246,015910122,Montgomery Elem,North East ISD,C,75,237,https://txschools.net/campus/montgomery-elem-015910122
2495,7185,246,015915224,Mora Elem,Northside ISD,C,75,582,https://txschools.net/campus/mora-elem-015915224
2495,7185,246,046902046,Mt Valley MS,Comal ISD,B,75,789,https://txschools.net/campus/mt-valley-ms-046902046
2495,7185,246,163903041,Natalia JH,Natalia ISD,C,75,374,https://txschools.net/campus/natalia-jh-163903041
2495,7185,246,057905233,Nathan Adams Elem,Dallas ISD,C,75,372,https://txschools.net/campus/nathan-adams-elem-057905233
2495,7185,246,101917146,Nelda Sullivan MS,Pasadena ISD,B,75,517,https://txschools.net/campus/nelda-sullivan-ms-101917146
2495,7185,246,061901109,Nette Shultz,Denton ISD,B,75,756,https://txschools.net/campus/nette-shultz-061901109
2495,7185,246,176902104,Newton Elem,Newton ISD,C,75,432,https://txschools.net/campus/newton-elem-176902104
2495,7185,246,170906107,Nichols Sawmill Elem,Magnolia ISD,B,75,658,https://txschools.net/campus/nichols-sawmill-elem-170906107
2495,7185,246,084910121,North Pointe Elem,Clear Creek ISD,B,75,576,https://txschools.net/campus/north-pointe-elem-084910121
2495,7185,246,061911001,Northwest HS,Northwest ISD,C,75,2806,https://txschools.net/campus/northwest-hs-061911001
2495,7185,246,069902101,Nueces Canyon Elem,Nueces Canyon CISD,B,75,96,https://txschools.net/campus/nueces-canyon-elem-069902101
2495,7185,246,061911116,O A Peterson,Northwest ISD,C,75,627,https://txschools.net/campus/o-a-peterson-061911116
2495,7185,246,008901101,O'Bryant Pri,Bellville ISD,B,75,552,https://txschools.net/campus/o-bryant-pri-008901101
2495,7185,246,101912212,Oates Elem,Houston ISD,C,75,210,https://txschools.net/campus/oates-elem-101912212
2495,7185,246,205905101,Odem Int,Odem-Edroy ISD,C,75,193,https://txschools.net/campus/odem-int-205905101
2495,7185,246,031901045,Oliveira MS,Brownsville ISD,B,75,644,https://txschools.net/campus/oliveira-ms-031901045
2495,7185,246,252903041,Olney JH,Olney ISD,B,75,155,https://txschools.net/campus/olney-jh-252903041
2495,7185,246,178908101,Olsen Elem,Port Aransas ISD,B,75,232,https://txschools.net/campus/olsen-elem-178908101
2495,7185,246,181905102,Orangefield Elem,Orangefield ISD,B,75,791,https://txschools.net/campus/orangefield-elem-181905102
2495,7185,246,043910056,Otto MS,Plano ISD,B,75,985,https://txschools.net/campus/otto-ms-043910056
2495,7185,246,188901121,Paramount Terrace Elem,Amarillo ISD,B,75,321,https://txschools.net/campus/paramount-terrace-elem-188901121
2495,7185,246,220907103,Parkview Elem,Keller ISD,C,75,597,https://txschools.net/campus/parkview-elem-220907103
2495,7185,246,101912216,Patterson Elem,Houston ISD,B,75,830,https://txschools.net/campus/patterson-elem-101912216
2495,7185,246,091906110,Percy W Neblett Elem,Sherman ISD,C,75,428,https://txschools.net/campus/percy-w-neblett-elem-091906110
2495,7185,246,172905102,Pewitt Elem,Pewitt CISD,B,75,397,https://txschools.net/campus/pewitt-elem-172905102
2495,7185,246,079901147,Phelan Elem,Lamar CISD,C,75,740,https://txschools.net/campus/phelan-elem-079901147
2495,7185,246,101902051,Plummer MS,Aldine ISD,C,75,729,https://txschools.net/campus/plummer-ms-101902051
2495,7185,246,165901134,Ralph Bunche Elem,Midland ISD,C,75,712,https://txschools.net/campus/ralph-bunche-elem-165901134
2495,7185,246,105906116,Ralph Pfluger Elem,Hays CISD,C,75,826,https://txschools.net/campus/ralph-pfluger-elem-105906116
2495,7185,246,191901045,Randall JH,Canyon ISD,B,75,590,https://txschools.net/campus/randall-jh-191901045
2495,7185,246,159901102,Ray H Darr Elem,Eagle Pass ISD,B,75,329,https://txschools.net/campus/ray-h-darr-elem-159901102
2495,7185,246,099903102,Reagan Elem,Quanah ISD,B,75,183,https://txschools.net/campus/reagan-elem-099903102
2495,7185,246,043910049,Renner MS,Plano ISD,B,75,986,https://txschools.net/campus/renner-ms-043910049
2495,7185,246,045903043,Rice JH,Rice CISD,C,75,289,https://txschools.net/campus/rice-jh-045903043
2495,7185,246,220905165,Richard J Wilson Elem,Fort Worth ISD,C,75,503,https://txschools.net/campus/richard-j-wilson-elem-220905165
2495,7185,246,107905103,Robert Reeve Int,Eustace ISD,B,75,383,https://txschools.net/campus/robert-reeve-int-107905103
2495,7185,246,214901108,Roque Guerra Jr Elem,Rio Grande City Grulla ISD,C,75,588,https://txschools.net/campus/roque-guerra-jr-elem-214901108
2495,7185,246,015905104,Roy Cisneros Elem,Edgewood ISD,D,75,202,https://txschools.net/campus/roy-cisneros-elem-015905104
2495,7185,246,037907041,Rusk JH,Rusk ISD,B,75,430,https://txschools.net/campus/rusk-jh-037907041
2495,7185,246,091914001,S and S Cons HS,S and S CISD,B,75,322,https://txschools.net/campus/s-and-s-cons-hs-091914001
2495,7185,246,220915042,Santo Forte JH,Azle ISD,C,75,498,https://txschools.net/campus/santo-forte-jh-220915042
2495,7185,246,131001103,Sarita Elem,Kenedy County Wide CSD,B,75,123,https://txschools.net/campus/sarita-elem-131001103
2495,7185,246,178904132,Schanen Estates Elem,Corpus Christi ISD,B,75,357,https://txschools.net/campus/schanen-estates-elem-178904132
2495,7185,246,075903001,Schulenburg Secondary,Schulenburg ISD,B,75,395,https://txschools.net/campus/schulenburg-secondary-075903001
2495,7185,246,159901113,Seco Mines Elem,Eagle Pass ISD,B,75,288,https://txschools.net/campus/seco-mines-elem-159901113
2495,7185,246,220916117,Shady Brook Elem,Hurst-Euless-Bedford ISD,C,75,569,https://txschools.net/campus/shady-brook-elem-220916117
2495,7185,246,015912042,Sharon Christa McAuliffe MS,Southwest ISD,C,75,784,https://txschools.net/campus/sharon-christa-mcauliffe-ms-015912042
2495,7185,246,220901134,Sherrod Elem,Arlington ISD,C,75,468,https://txschools.net/campus/sherrod-elem-220901134
2495,7185,246,084906111,Simms Elem,Texas City ISD,C,75,432,https://txschools.net/campus/simms-elem-084906111
2495,7185,246,101919111,Smith Elem,Spring ISD,C,75,574,https://txschools.net/campus/smith-elem-101919111
2495,7185,246,227910106,Smith Elem,Del Valle ISD,C,75,579,https://txschools.net/campus/smith-elem-227910106
2495,7185,246,235902130,Smith STEM Academy,Victoria ISD,B,75,476,https://txschools.net/campus/smith-stem-academy-235902130
2495,7185,246,026903002,Snook Secondary,Snook ISD,B,75,293,https://txschools.net/campus/snook-secondary-026903002
2495,7185,246,220904103,Souder Elem,Everman ISD,C,75,297,https://txschools.net/campus/souder-elem-220904103
2495,7185,246,101917046,South Houston Int,Pasadena ISD,B,75,510,https://txschools.net/campus/south-houston-int-101917046
2495,7185,246,027904104,Spicewood Elem,Marble Falls ISD,B,75,328,https://txschools.net/campus/spicewood-elem-027904104
2495,7185,246,101920045,Spring Forest MS,Spring Branch ISD,C,75,1050,https://txschools.net/campus/spring-forest-ms-101920045
2495,7185,246,227904109,Springhill Elem,Pflugerville ISD,C,75,532,https://txschools.net/campus/springhill-elem-227904109
2495,7185,246,184902108,Springtown Int,Springtown ISD,C,75,625,https://txschools.net/campus/springtown-int-184902108
2495,7185,246,031901044,Stell MS,Brownsville ISD,B,75,686,https://txschools.net/campus/stell-ms-031901044
2495,7185,246,170906012,Stephens Academy,Magnolia ISD,B,75,80,https://txschools.net/campus/stephens-academy-170906012
2495,7185,246,015915047,Stevenson MS,Northside ISD,C,75,721,https://txschools.net/campus/stevenson-ms-015915047
2495,7185,246,220916110,Stonegate Elem,Hurst-Euless-Bedford ISD,B,75,481,https://txschools.net/campus/stonegate-elem-220916110
2495,7185,246,105906119,Sunfield Elem,Hays CISD,B,75,960,https://txschools.net/campus/sunfield-elem-105906119
2495,7185,246,220905208,T A Sims Elem,Fort Worth ISD,C,75,684,https://txschools.net/campus/t-a-sims-elem-220905208
2495,7185,246,079901109,Taylor Ray Elem,Lamar CISD,C,75,561,https://txschools.net/campus/taylor-ray-elem-079901109
2495,7185,246,081904041,Teague JH,Teague ISD,C,75,340,https://txschools.net/campus/teague-jh-081904041
2495,7185,246,101920122,Terrace Elem,Spring Branch ISD,C,75,400,https://txschools.net/campus/terrace-elem-101920122
2495,7185,246,149902001,Three Rivers Jr/Sr HS,Three Rivers ISD,C,75,230,https://txschools.net/campus/three-rivers-jr-sr-hs-149902001
2495,7185,246,101913110,Timbers Elem,Humble ISD,C,75,538,https://txschools.net/campus/timbers-elem-101913110
2495,7185,246,029901043,Travis MS,Calhoun County ISD,C,75,670,https://txschools.net/campus/travis-ms-029901043
2495,7185,246,014909042,Travis Science Academy,Temple ISD,B,75,716,https://txschools.net/campus/travis-science-academy-014909042
2495,7185,246,107907001,Trinidad School,Trinidad ISD,B,75,175,https://txschools.net/campus/trinidad-school-107907001
2495,7185,246,220907045,Trinity Springs MS,Keller ISD,B,75,833,https://txschools.net/campus/trinity-springs-ms-220907045
2495,7185,246,178912104,Tuloso-Midway Int,Tuloso-Midway ISD,C,75,842,https://txschools.net/campus/tuloso-midway-int-178912104
2495,7185,246,061911011,V R Eaton HS,Northwest ISD,B,75,3235,https://txschools.net/campus/v-r-eaton-hs-061911011
2495,7185,246,226908101,Veribest Elem,Veribest ISD,C,75,115,https://txschools.net/campus/veribest-elem-226908101
2495,7185,246,170902069,Vogel Int,Conroe ISD,B,75,893,https://txschools.net/campus/vogel-int-170902069
2495,7185,246,220915107,W E Hoover Elem,Azle ISD,B,75,521,https://txschools.net/campus/w-e-hoover-elem-220915107
2495,7185,246,101912252,Wainwright Elem,Houston ISD,C,75,312,https://txschools.net/campus/wainwright-elem-101912252
2495,7185,246,114901113,Washington Elem,Big Spring ISD,B,75,486,https://txschools.net/campus/washington-elem-114901113
2495,7185,246,094901105,Weinert Elem,Seguin ISD,C,75,437,https://txschools.net/campus/weinert-elem-094901105
2495,7185,246,037909001,Wells School,Wells ISD,B,75,235,https://txschools.net/campus/wells-school-037909001
2495,7185,246,220901152,West Elem,Arlington ISD,B,75,562,https://txschools.net/campus/west-elem-220901152
2495,7185,246,071902146,Western Hills Elem,El Paso ISD,C,75,573,https://txschools.net/campus/western-hills-elem-071902146
2495,7185,246,227904042,Westview MS,Pflugerville ISD,C,75,723,https://txschools.net/campus/westview-ms-227904042
2495,7185,246,109911102,Whitney Int,Whitney ISD,C,75,294,https://txschools.net/campus/whitney-int-109911102
2495,7185,246,109911041,Whitney MS,Whitney ISD,D,75,348,https://txschools.net/campus/whitney-ms-109911041
2495,7185,246,251901041,William G Gravitt JH,Denver City ISD,B,75,301,https://txschools.net/campus/william-g-gravitt-jh-251901041
2495,7185,246,234907002,Wills Point HS,Wills Point ISD,B,75,788,https://txschools.net/campus/wills-point-hs-234907002
2495,7185,246,248902001,Wink HS,Wink-Loving ISD,B,75,201,https://txschools.net/campus/wink-hs-248902001
2495,7185,246,062904041,Yorktown JH,Yorktown ISD,C,75,135,https://txschools.net/campus/yorktown-jh-062904041
2495,7185,246,015915049,Zachry MS,Northside ISD,C,75,1024,https://txschools.net/campus/zachry-ms-015915049
2742,7185,304,011901113,Adelton Elem,Bastrop ISD,B,76,506,https://txschools.net/campus/adelton-elem-011901113
2742,7185,304,057905206,Alex Sanger Preparatory School,Dallas ISD,B,76,792,https://txschools.net/campus/alex-sanger-preparatory-school-057905206
2742,7185,304,014906140,Alice W Douse Elem,Killeen ISD,C,76,822,https://txschools.net/campus/alice-w-douse-elem-014906140
2742,7185,304,199901106,Amy Parks-Heath Elem,Rockwall ISD,B,76,566,https://txschools.net/campus/amy-parks-heath-elem-199901106
2742,7185,304,057905239,Arturo Salazar Elem,Dallas ISD,B,76,430,https://txschools.net/campus/arturo-salazar-elem-057905239
2742,7185,304,043905119,Ashley Elem,Frisco ISD,B,76,485,https://txschools.net/campus/ashley-elem-043905119
2742,7185,304,101912274,Askew Elem,Houston ISD,C,76,778,https://txschools.net/campus/askew-elem-101912274
2742,7185,304,061907001,Aubrey HS,Aubrey ISD,B,76,1258,https://txschools.net/campus/aubrey-hs-061907001
2742,7185,304,205902101,Austin Elem,Gregory-Portland ISD,C,76,394,https://txschools.net/campus/austin-elem-205902101
2742,7185,304,220901052,Barnett JH,Arlington ISD,B,76,537,https://txschools.net/campus/barnett-jh-220901052
2742,7185,304,015907105,Baskin Elem,San Antonio ISD,B,76,286,https://txschools.net/campus/baskin-elem-015907105
2742,7185,304,158901001,Bay City HS,Bay City ISD,B,76,1004,https://txschools.net/campus/bay-city-hs-158901001
2742,7185,304,220912117,Baylor Elem,Crowley ISD,C,76,489,https://txschools.net/campus/baylor-elem-220912117
2742,7185,304,254901104,Benito Juarez Elem,Crystal City ISD,C,76,222,https://txschools.net/campus/benito-juarez-elem-254901104
2742,7185,304,057905047,Benjamin Franklin International Exploratory Acad,Dallas ISD,B,76,784,https://txschools.net/campus/benjamin-franklin-international-exploratory-acad-057905047
2742,7185,304,152907107,Bennett Elem,Frenship ISD,B,76,597,https://txschools.net/campus/bennett-elem-152907107
2742,7185,304,246908103,Bill Burden Elem,Liberty Hill ISD,B,76,762,https://txschools.net/campus/bill-burden-elem-246908103
2742,7185,304,220902010,Birdville HS,Birdville ISD,B,76,2038,https://txschools.net/campus/birdville-hs-220902010
2742,7185,304,227901106,Blanton Elem,Austin ISD,B,76,735,https://txschools.net/campus/blanton-elem-227901106
2742,7185,304,043917041,Blue Ridge MS,Blue Ridge ISD,C,76,265,https://txschools.net/campus/blue-ridge-ms-043917041
2742,7185,304,101912111,Bonham Elem,Houston ISD,C,76,761,https://txschools.net/campus/bonham-elem-101912111
2742,7185,304,227901170,Boone Elem,Austin ISD,B,76,388,https://txschools.net/campus/boone-elem-227901170
2742,7185,304,169901001,Bowie HS,Bowie ISD,B,76,430,https://txschools.net/campus/bowie-hs-169901001
2742,7185,304,215901041,Breckenridge JH,Breckenridge ISD,B,76,257,https://txschools.net/campus/breckenridge-jh-215901041
2742,7185,304,181901041,Bridge City MS,Bridge City ISD,C,76,721,https://txschools.net/campus/bridge-city-ms-181901041
2742,7185,304,240904001,Bruni HS,Webb CISD,B,76,62,https://txschools.net/campus/bruni-hs-240904001
2742,7185,304,101917126,Burnett Elem,Pasadena ISD,B,76,477,https://txschools.net/campus/burnett-elem-101917126
2742,7185,304,101924001,C E King HS,Sheldon ISD,B,76,3563,https://txschools.net/campus/c-e-king-hs-101924001
2742,7185,304,178903041,Calallen MS,Calallen ISD,B,76,855,https://txschools.net/campus/calallen-ms-178903041
2742,7185,304,026901101,Caldwell Elem,Caldwell ISD,B,76,593,https://txschools.net/campus/caldwell-elem-026901101
2742,7185,304,015910118,Camelot Elem,North East ISD,C,76,490,https://txschools.net/campus/camelot-elem-015910118
2742,7185,304,001902103,Cayuga Elem,Cayuga ISD,B,76,260,https://txschools.net/campus/cayuga-elem-001902103
2742,7185,304,057905163,Cedar Crest Elem,Dallas ISD,B,76,469,https://txschools.net/campus/cedar-crest-elem-057905163
2742,7185,304,145902001,Centerville Jr-Sr HS,Centerville ISD,C,76,294,https://txschools.net/campus/centerville-jr-sr-hs-145902001
2742,7185,304,003907001,Central HS,Central ISD,B,76,415,https://txschools.net/campus/central-hs-003907001
2742,7185,304,103901001,Channing School,Channing ISD,B,76,118,https://txschools.net/campus/channing-school-103901001
2742,7185,304,212909001,Chapel Hill HS,Chapel Hill ISD,B,76,976,https://txschools.net/campus/chapel-hill-hs-212909001
2742,7185,304,246913110,Charlotte Cox Elem,Leander ISD,C,76,463,https://txschools.net/campus/charlotte-cox-elem-246913110
2742,7185,304,014903118,Chisholm Trail Elem,Belton ISD,C,76,699,https://txschools.net/campus/chisholm-trail-elem-014903118
2742,7185,304,243906001,City View Junior/Senior High,City View ISD,B,76,632,https://txschools.net/campus/city-view-junior-senior-high-243906001
2742,7185,304,057905189,Clara Oliver Elem,Dallas ISD,B,76,246,https://txschools.net/campus/clara-oliver-elem-057905189
2742,7185,304,108913114,Cleckler/Heald Elem,Weslaco ISD,B,76,889,https://txschools.net/campus/cleckler-heald-elem-108913114
2742,7185,304,030902103,Clyde Int,Clyde CISD,B,76,320,https://txschools.net/campus/clyde-int-030902103
2742,7185,304,020907001,Columbia HS,Columbia-Brazoria ISD,B,76,908,https://txschools.net/campus/columbia-hs-020907001
2742,7185,304,047901101,Comanche Elem,Comanche ISD,C,76,696,https://txschools.net/campus/comanche-elem-047901101
2742,7185,304,030901101,Cross Plains Elem,Cross Plains ISD,B,76,187,https://txschools.net/campus/cross-plains-elem-030901101
2742,7185,304,107904101,Cross Roads Elem,Cross Roads ISD,B,76,287,https://txschools.net/campus/cross-roads-elem-107904101
2742,7185,304,220915108,Cross Timbers Elem,Azle ISD,C,76,414,https://txschools.net/campus/cross-timbers-elem-220915108
2742,7185,304,220905042,Daggett MS,Fort Worth ISD,C,76,328,https://txschools.net/campus/daggett-ms-220905042
2742,7185,304,056901001,Dalhart HS,Dalhart ISD,B,76,467,https://txschools.net/campus/dalhart-hs-056901001
2742,7185,304,108909116,Daniel Ramirez Elem,Pharr-San Juan-Alamo ISD,B,76,452,https://txschools.net/campus/daniel-ramirez-elem-108909116
2742,7185,304,175904001,Dawson PK-12,Dawson ISD,B,76,608,https://txschools.net/campus/dawson-pk-12-175904001
2742,7185,304,227904120,Dearing Elem,Pflugerville ISD,B,76,451,https://txschools.net/campus/dearing-elem-227904120
2742,7185,304,057910132,Delmas F Morton Elem,Grand Prairie ISD,B,76,536,https://txschools.net/campus/delmas-f-morton-elem-057910132
2742,7185,304,159901104,Dena Kelso Graves Elem,Eagle Pass ISD,B,76,527,https://txschools.net/campus/dena-kelso-graves-elem-159901104
2742,7185,304,057922111,Denton Creek Elem,Coppell ISD,B,76,604,https://txschools.net/campus/denton-creek-elem-057922111
2742,7185,304,061901003,Denton HS,Denton ISD,C,76,2068,https://txschools.net/campus/denton-hs-061901003
2742,7185,304,163901041,Devine MS,Devine ISD,C,76,454,https://txschools.net/campus/devine-ms-163901041
2742,7185,304,176903001,Deweyville HS,Deweyville ISD,B,76,284,https://txschools.net/campus/deweyville-hs-176903001
2742,7185,304,061905103,Dixie Hansel Elem,Krum ISD,C,76,522,https://txschools.net/campus/dixie-hansel-elem-061905103
2742,7185,304,071905105,Dolphin Terrace Elem,Ysleta ISD,B,76,489,https://txschools.net/campus/dolphin-terrace-elem-071905105
2742,7185,304,057905388,Dr Frederick Haynes Iii Global Prep at Paul Quinn,Dallas ISD,C,76,199,https://txschools.net/campus/dr-frederick-haynes-iii-global-prep-at-paul-quinn-057905388
2742,7185,304,105906047,Dr T C McCormick Jr MS,Hays CISD,C,76,1272,https://txschools.net/campus/dr-t-c-mccormick-jr-ms-105906047
2742,7185,304,101912144,Durkee Elem,Houston ISD,B,76,415,https://txschools.net/campus/durkee-elem-101912144
2742,7185,304,015911043,East Central Heritage MS,East Central ISD,C,76,1239,https://txschools.net/campus/east-central-heritage-ms-015911043
2742,7185,304,015911001,East Central HS,East Central ISD,B,76,3299,https://txschools.net/campus/east-central-hs-015911001
2742,7185,304,170904108,Eddie Ruth Lagway Elem,Willis ISD,B,76,808,https://txschools.net/campus/eddie-ruth-lagway-elem-170904108
2742,7185,304,108904003,Edinburg North HS,Edinburg CISD,B,76,2416,https://txschools.net/campus/edinburg-north-hs-108904003
2742,7185,304,101915118,Eiland Elem,Klein ISD,B,76,576,https://txschools.net/campus/eiland-elem-101915118
2742,7185,304,101912147,Eliot Elem,Houston ISD,B,76,446,https://txschools.net/campus/eliot-elem-101912147
2742,7185,304,101912475,Elmore Elem,Houston ISD,C,76,412,https://txschools.net/campus/elmore-elem-101912475
2742,7185,304,102906041,Elysian Fields MS,Elysian Fields ISD,B,76,194,https://txschools.net/campus/elysian-fields-ms-102906041
2742,7185,304,070903042,Ennis JH,Ennis ISD,C,76,910,https://txschools.net/campus/ennis-jh-070903042
2742,7185,304,061901115,EP Rayzor Elem,Denton ISD,B,76,533,https://txschools.net/campus/ep-rayzor-elem-061901115
2742,7185,304,057910126,Ervin C Whitt Elem,Grand Prairie ISD,C,76,485,https://txschools.net/campus/ervin-c-whitt-elem-057910126
2742,7185,304,210906101,Excelsior School,Excelsior ISD,C,76,112,https://txschools.net/campus/excelsior-school-210906101
2742,7185,304,081902041,Fairfield JH,Fairfield ISD,B,76,373,https://txschools.net/campus/fairfield-jh-081902041
2742,7185,304,050910101,Fairview/Miss Jewell Elem,Copperas Cove ISD,B,76,477,https://txschools.net/campus/fairview-miss-jewell-elem-050910101
2742,7185,304,084910124,Falcon Pass Elem,Clear Creek ISD,B,76,532,https://txschools.net/campus/falcon-pass-elem-084910124
2742,7185,304,101925104,Falcon Ridge Elem,Huffman ISD,C,76,722,https://txschools.net/campus/falcon-ridge-elem-101925104
2742,7185,304,015915226,Fields Elem,Northside ISD,B,76,688,https://txschools.net/campus/fields-elem-015915226
2742,7185,304,240903112,Finley Elem,United ISD,C,76,453,https://txschools.net/campus/finley-elem-240903112
2742,7185,304,015908109,Five Palms Elem,South San Antonio ISD,C,76,372,https://txschools.net/campus/five-palms-elem-015908109
2742,7185,304,101912153,Fondren Elem,Houston ISD,B,76,321,https://txschools.net/campus/fondren-elem-101912153
2742,7185,304,188901107,Forest Hill Elem,Amarillo ISD,B,76,462,https://txschools.net/campus/forest-hill-elem-188901107
2742,7185,304,129902005,Forney Virtual Academy,Forney ISD,B,76,276,https://txschools.net/campus/forney-virtual-academy-129902005
2742,7185,304,220907002,Fossil Ridge HS,Keller ISD,B,76,2058,https://txschools.net/campus/fossil-ridge-hs-220907002
2742,7185,304,185903041,Friona JH,Friona ISD,B,76,230,https://txschools.net/campus/friona-jh-185903041
2742,7185,304,020902109,Frontier Elem,Angleton ISD,B,76,397,https://txschools.net/campus/frontier-elem-020902109
2742,7185,304,031901131,Garza at Southmost Elem,Brownsville ISD,B,76,491,https://txschools.net/campus/garza-at-southmost-elem-031901131
2742,7185,304,061911043,Gene Pike MS,Northwest ISD,B,76,1198,https://txschools.net/campus/gene-pike-ms-061911043
2742,7185,304,214901111,General Ricardo Sanchez Elem,Rio Grande City Grulla ISD,B,76,706,https://txschools.net/campus/general-ricardo-sanchez-elem-214901111
2742,7185,304,079907011,George Bush HS,Fort Bend ISD,B,76,2366,https://txschools.net/campus/george-bush-hs-079907011
2742,7185,304,072903103,Gilbert Int,Stephenville ISD,B,76,558,https://txschools.net/campus/gilbert-int-072903103
2742,7185,304,226903042,Glenn MS,San Angelo ISD,C,76,1212,https://txschools.net/campus/glenn-ms-226903042
2742,7185,304,238904001,Grandfalls-Royalty School,Grandfalls-Royalty ISD,C,76,121,https://txschools.net/campus/grandfalls-royalty-school-238904001
2742,7185,304,220905134,Greenbriar Elem,Fort Worth ISD,B,76,457,https://txschools.net/campus/greenbriar-elem-220905134
2742,7185,304,101913109,Greentree Elem,Humble ISD,B,76,696,https://txschools.net/campus/greentree-elem-101913109
2742,7185,304,191901110,Greenways Int,Canyon ISD,B,76,641,https://txschools.net/campus/greenways-int-191901110
2742,7185,304,212905111,Griffin Elem,Tyler ISD,C,76,618,https://txschools.net/campus/griffin-elem-212905111
2742,7185,304,097902041,Hamilton JH,Hamilton ISD,B,76,187,https://txschools.net/campus/hamilton-jh-097902041
2742,7185,304,152901162,Hardwick Elem,Lubbock ISD,B,76,509,https://txschools.net/campus/hardwick-elem-152901162
2742,7185,304,101902129,Harris Elem,Aldine ISD,C,76,622,https://txschools.net/campus/harris-elem-101902129
2742,7185,304,101912168,Hartsfield Elem,Houston ISD,C,76,263,https://txschools.net/campus/hartsfield-elem-101912168
2742,7185,304,104901001,Haskell HS,Haskell CISD,B,76,154,https://txschools.net/campus/haskell-hs-104901001
2742,7185,304,101914057,Haskett JH,Katy ISD,B,76,1369,https://txschools.net/campus/haskett-jh-101914057
2742,7185,304,198905104,Hearne Elem,Hearne ISD,C,76,388,https://txschools.net/campus/hearne-elem-198905104
2742,7185,304,237902001,Hempstead HS,Hempstead ISD,C,76,456,https://txschools.net/campus/hempstead-hs-237902001
2742,7185,304,240903125,Henry Cuellar Elem,United ISD,B,76,415,https://txschools.net/campus/henry-cuellar-elem-240903125
2742,7185,304,015907134,Highland Hills Elem,San Antonio ISD,C,76,714,https://txschools.net/campus/highland-hills-elem-015907134
2742,7185,304,220901117,Hill Elem,Arlington ISD,B,76,548,https://txschools.net/campus/hill-elem-220901117
2742,7185,304,101907121,Holmsley Elem,Cypress-Fairbanks ISD,B,76,719,https://txschools.net/campus/holmsley-elem-101907121
2742,7185,304,170904044,Homer Calfee MS,Willis ISD,C,76,706,https://txschools.net/campus/homer-calfee-ms-170904044
2742,7185,304,246909046,Hopewell MS,Round Rock ISD,B,76,1159,https://txschools.net/campus/hopewell-ms-246909046
2742,7185,304,070912043,Howard JH,Waxahachie ISD,C,76,972,https://txschools.net/campus/howard-jh-070912043
2742,7185,304,212905044,Hubbard MS,Tyler ISD,B,76,949,https://txschools.net/campus/hubbard-ms-212905044
2742,7185,304,014906131,Iduma Elem,Killeen ISD,C,76,745,https://txschools.net/campus/iduma-elem-014906131
2742,7185,304,057905131,Ignacio Zaragoza Elem,Dallas ISD,B,76,260,https://txschools.net/campus/ignacio-zaragoza-elem-057905131
2742,7185,304,120905102,Industrial Elem East,Industrial ISD,B,76,266,https://txschools.net/campus/industrial-elem-east-120905102
2742,7185,304,133904042,Ingram MS,Ingram ISD,B,76,262,https://txschools.net/campus/ingram-ms-133904042
2742,7185,304,126902111,Irene Clinkscale Elem,Burleson ISD,B,76,580,https://txschools.net/campus/irene-clinkscale-elem-126902111
2742,7185,304,050910107,J L Williams/Lovett Ledger Elem,Copperas Cove ISD,B,76,596,https://txschools.net/campus/j-l-williams-lovett-ledger-elem-050910107
2742,7185,304,129903110,J W Monday Elem,Kaufman ISD,B,76,633,https://txschools.net/campus/j-w-monday-elem-129903110
2742,7185,304,015910107,Jackson-Keller Elem,North East ISD,B,76,516,https://txschools.net/campus/jackson-keller-elem-015910107
2742,7185,304,101914150,James & Mitzi Cross Elem,Katy ISD,C,76,1137,https://txschools.net/campus/james-mitzi-cross-elem-101914150
2742,7185,304,246904110,James E Mitchell Elem,Georgetown ISD,C,76,647,https://txschools.net/campus/james-e-mitchell-elem-246904110
2742,7185,304,043912107,Jim and Betty Hughes Elem,Prosper ISD,B,76,754,https://txschools.net/campus/jim-and-betty-hughes-elem-043912107
2742,7185,304,057905172,Jimmie Tyler Brashear Elem,Dallas ISD,B,76,627,https://txschools.net/campus/jimmie-tyler-brashear-elem-057905172
2742,7185,304,037904105,Joe Wright Elem,Jacksonville ISD,B,76,481,https://txschools.net/campus/joe-wright-elem-037904105
2742,7185,304,220904106,John and Polly Townley Elem,Everman ISD,D,76,367,https://txschools.net/campus/john-and-polly-townley-elem-220904106
2742,7185,304,101907122,Jowell Elem,Cypress-Fairbanks ISD,C,76,530,https://txschools.net/campus/jowell-elem-101907122
2742,7185,304,134901101,Junction Elem,Junction ISD,C,76,263,https://txschools.net/campus/junction-elem-134901101
2742,7185,304,134901001,Junction HS,Junction ISD,C,76,162,https://txschools.net/campus/junction-hs-134901001
2742,7185,304,116901103,Kathy Kirkpatrick Elem,Caddo Mills ISD,B,76,570,https://txschools.net/campus/kathy-kirkpatrick-elem-116901103
2742,7185,304,170902125,Kaufman Elem,Conroe ISD,B,76,778,https://txschools.net/campus/kaufman-elem-170902125
2742,7185,304,014909117,Kennedy-Powell Elem,Temple ISD,B,76,395,https://txschools.net/campus/kennedy-powell-elem-014909117
2742,7185,304,220908111,Kenneth Davis Elem,Mansfield ISD,C,76,337,https://txschools.net/campus/kenneth-davis-elem-220908111
2742,7185,304,092902002,Kilgore HS,Kilgore ISD,C,76,1084,https://txschools.net/campus/kilgore-hs-092902002
2742,7185,304,227901172,Kocurek Elem,Austin ISD,C,76,476,https://txschools.net/campus/kocurek-elem-227901172
2742,7185,304,178904158,Kolda Elem,Corpus Christi ISD,C,76,694,https://txschools.net/campus/kolda-elem-178904158
2742,7185,304,247903104,La Vernia Int,La Vernia ISD,B,76,815,https://txschools.net/campus/la-vernia-int-247903104
2742,7185,304,015913101,Lackland Elem,Lackland ISD,B,76,589,https://txschools.net/campus/lackland-elem-015913101
2742,7185,304,058906001,Lamesa Schools,Lamesa ISD,C,76,1373,https://txschools.net/campus/lamesa-schools-058906001
2742,7185,304,141901041,Lampasas MS,Lampasas ISD,B,76,794,https://txschools.net/campus/lampasas-ms-141901041
2742,7185,304,015910001,Legacy of Educational Excellence HS,North East ISD,C,76,2001,https://txschools.net/campus/legacy-of-educational-excellence-hs-015910001
2742,7185,304,046901112,Legend Point Elem,New Braunfels ISD,B,76,449,https://txschools.net/campus/legend-point-elem-046901112
2742,7185,304,057905130,Leila P Cowart Elem,Dallas ISD,B,76,486,https://txschools.net/campus/leila-p-cowart-elem-057905130
2742,7185,304,145911102,Leon Elem,Leon ISD,B,76,395,https://txschools.net/campus/leon-elem-145911102
2742,7185,304,110902041,Levelland MS,Levelland ISD,D,76,659,https://txschools.net/campus/levelland-ms-110902041
2742,7185,304,201904041,Leveretts Chapel JH,Leveretts Chapel ISD,C,76,54,https://txschools.net/campus/leveretts-chapel-jh-201904041
2742,7185,304,031906042,Liberty Memorial MS,Los Fresnos CISD,B,76,654,https://txschools.net/campus/liberty-memorial-ms-031906042
2742,7185,304,240901124,Ligarde Elem,Laredo ISD,B,76,521,https://txschools.net/campus/ligarde-elem-240901124
2742,7185,304,061914001,Little Elm HS,Little Elm ISD,B,76,2439,https://txschools.net/campus/little-elm-hs-061914001
2742,7185,304,246909120,Live Oak Elem,Round Rock ISD,B,76,390,https://txschools.net/campus/live-oak-elem-246909120
2742,7185,304,043907126,Lizzie Nell Cundiff McClure Elem,McKinney ISD,B,76,781,https://txschools.net/campus/lizzie-nell-cundiff-mcclure-elem-043907126
2742,7185,304,108911107,Lloyd & Dolly Bentsen Elem,Sharyland ISD,B,76,600,https://txschools.net/campus/lloyd-dolly-bentsen-elem-108911107
2742,7185,304,220907113,Lone Star Elem,Keller ISD,B,76,577,https://txschools.net/campus/lone-star-elem-220907113
2742,7185,304,015910134,Longs Creek Elem,North East ISD,C,76,548,https://txschools.net/campus/longs-creek-elem-015910134
2742,7185,304,031901007,Lopez Early College HS,Brownsville ISD,B,76,1610,https://txschools.net/campus/lopez-early-college-hs-031901007
2742,7185,304,101914113,Loraine T Golbow Elem,Katy ISD,B,76,584,https://txschools.net/campus/loraine-t-golbow-elem-101914113
2742,7185,304,003903001,Lufkin HS,Lufkin ISD,B,76,1893,https://txschools.net/campus/lufkin-hs-003903001
2742,7185,304,220905154,M L Phillips Elem,Fort Worth ISD,B,76,418,https://txschools.net/campus/m-l-phillips-elem-220905154
2742,7185,304,246911102,Main Street Elem,Taylor ISD,C,76,490,https://txschools.net/campus/main-street-elem-246911102
2742,7185,304,188901046,Mann MS,Amarillo ISD,B,76,448,https://txschools.net/campus/mann-ms-188901046
2742,7185,304,221901045,Mann STEAM Academy,Abilene ISD,C,76,801,https://txschools.net/campus/mann-steam-academy-221901045
2742,7185,304,031901055,Manzano MS,Brownsville ISD,B,76,829,https://txschools.net/campus/manzano-ms-031901055
2742,7185,304,057905181,Maple Lawn Elem,Dallas ISD,B,76,458,https://txschools.net/campus/maple-lawn-elem-057905181
2742,7185,304,027904001,Marble Falls HS,Marble Falls ISD,B,76,1135,https://txschools.net/campus/marble-falls-hs-027904001
2742,7185,304,084910107,Margaret S McWhirter Elem,Clear Creek ISD,B,76,720,https://txschools.net/campus/margaret-s-mcwhirter-elem-084910107
2742,7185,304,015907149,Margil Elem,San Antonio ISD,B,76,383,https://txschools.net/campus/margil-elem-015907149
2742,7185,304,015915189,Martin Elem,Northside ISD,C,76,496,https://txschools.net/campus/martin-elem-015915189
2742,7185,304,050910106,Martin Walker Elem,Copperas Cove ISD,B,76,365,https://txschools.net/campus/martin-walker-elem-050910106
2742,7185,304,234905101,Martins Mill Elem,Martins Mill ISD,C,76,213,https://txschools.net/campus/martins-mill-elem-234905101
2742,7185,304,079907143,Mary Austin Holley Elem,Fort Bend ISD,C,76,626,https://txschools.net/campus/mary-austin-holley-elem-079907143
2742,7185,304,043918105,Mary Lou Dodson Elem,Community ISD,C,76,547,https://txschools.net/campus/mary-lou-dodson-elem-043918105
2742,7185,304,158904101,Matagorda ISD,Matagorda ISD,C,76,118,https://txschools.net/campus/matagorda-isd-158904101
2742,7185,304,014906141,Maude Moore Wood Elem,Killeen ISD,B,76,713,https://txschools.net/campus/maude-moore-wood-elem-014906141
2742,7185,304,249905041,McCarroll MS,Decatur ISD,B,76,857,https://txschools.net/campus/mccarroll-ms-249905041
2742,7185,304,057914118,McKenzie Elem,Mesquite ISD,B,76,400,https://txschools.net/campus/mckenzie-elem-057914118
2742,7185,304,101920108,Meadow Wood Elem,Spring Branch ISD,B,76,635,https://txschools.net/campus/meadow-wood-elem-101920108
2742,7185,304,079907110,Meadows Elem,Fort Bend ISD,C,76,406,https://txschools.net/campus/meadows-elem-079907110
2742,7185,304,010901001,Medina School,Medina ISD,B,76,239,https://txschools.net/campus/medina-school-010901001
2742,7185,304,071902130,Mesita Elem,El Paso ISD,C,76,888,https://txschools.net/campus/mesita-elem-071902130
2742,7185,304,147903042,Mexia JH,Mexia ISD,C,76,380,https://txschools.net/campus/mexia-jh-147903042
2742,7185,304,015907210,Mission Academy,San Antonio ISD,C,76,505,https://txschools.net/campus/mission-academy-015907210
2742,7185,304,021902119,Mitchell Elem,Bryan ISD,B,76,428,https://txschools.net/campus/mitchell-elem-021902119
2742,7185,304,101915116,Mittelstadt Elem,Klein ISD,B,76,702,https://txschools.net/campus/mittelstadt-elem-101915116
2742,7185,304,061911124,Molly Livengood Carter Elem,Northwest ISD,C,76,789,https://txschools.net/campus/molly-livengood-carter-elem-061911124
2742,7185,304,101912207,Montgomery Elem,Houston ISD,C,76,381,https://txschools.net/campus/montgomery-elem-101912207
2742,7185,304,101917133,Morales Elem,Pasadena ISD,B,76,333,https://txschools.net/campus/morales-elem-101917133
2742,7185,304,019907109,Nash Elem,Texarkana ISD,C,76,649,https://txschools.net/campus/nash-elem-019907109
2742,7185,304,163903101,Natalia Elem,Natalia ISD,C,76,289,https://txschools.net/campus/natalia-elem-163903101
2742,7185,304,227901004,Navarro Early College HS,Austin ISD,B,76,1391,https://txschools.net/campus/navarro-early-college-hs-227901004
2742,7185,304,061901047,Navo MS,Denton ISD,C,76,654,https://txschools.net/campus/navo-ms-061901047
2742,7185,304,199901107,Nebbie Williams Elem,Rockwall ISD,B,76,347,https://txschools.net/campus/nebbie-williams-elem-199901107
2742,7185,304,169902101,Nocona Elem,Nocona ISD,B,76,350,https://txschools.net/campus/nocona-elem-169902101
2742,7185,304,057909148,Norma Dorsey Elem,Garland ISD,C,76,577,https://txschools.net/campus/norma-dorsey-elem-057909148
2742,7185,304,220918111,Northbrook Elem,Eagle Mt-Saginaw ISD,D,76,488,https://txschools.net/campus/northbrook-elem-220918111
2742,7185,304,015910109,Northwood Elem,North East ISD,B,76,347,https://txschools.net/campus/northwood-elem-015910109
2742,7185,304,188901119,Oak Dale Elem,Amarillo ISD,B,76,388,https://txschools.net/campus/oak-dale-elem-188901119
2742,7185,304,140905041,Olton JH,Olton ISD,C,76,121,https://txschools.net/campus/olton-jh-140905041
2742,7185,304,057905202,Oran M Roberts Elem,Dallas ISD,C,76,346,https://txschools.net/campus/oran-m-roberts-elem-057905202
2742,7185,304,225902042,P E Wallace MS,Mount Pleasant ISD,B,76,693,https://txschools.net/campus/p-e-wallace-ms-225902042
2742,7185,304,079907121,Palmer Elem,Fort Bend ISD,C,76,821,https://txschools.net/campus/palmer-elem-079907121
2742,7185,304,227904043,Park Crest MS,Pflugerville ISD,B,76,762,https://txschools.net/campus/park-crest-ms-227904043
2742,7185,304,101912214,Park Place Elem,Houston ISD,B,76,625,https://txschools.net/campus/park-place-elem-101912214
2742,7185,304,071909123,Paso Del Norte Fine Arts Academy,Socorro ISD,B,76,779,https://txschools.net/campus/paso-del-norte-fine-arts-academy-071909123
2742,7185,304,071905122,Pasodale Elem,Ysleta ISD,B,76,393,https://txschools.net/campus/pasodale-elem-071905122
2742,7185,304,165901130,Pease Communications/Technology Academy,Midland ISD,C,76,496,https://txschools.net/campus/pease-communications-technology-academy-165901130
2742,7185,304,079907125,Pecan Grove Elem,Fort Bend ISD,B,76,633,https://txschools.net/campus/pecan-grove-elem-079907125
2742,7185,304,061902109,Peters Colony Elem,Lewisville ISD,C,76,626,https://txschools.net/campus/peters-colony-elem-061902109
2742,7185,304,133903041,Peterson MS,Kerrville ISD,B,76,1002,https://txschools.net/campus/peterson-ms-133903041
2742,7185,304,057905052,Piedmont Global Academy,Dallas ISD,C,76,419,https://txschools.net/campus/piedmont-global-academy-057905052
2742,7185,304,061903001,Pilot Point HS,Pilot Point ISD,B,76,521,https://txschools.net/campus/pilot-point-hs-061903001
2742,7185,304,101912219,Piney Point Elem,Houston ISD,C,76,1078,https://txschools.net/campus/piney-point-elem-101912219
2742,7185,304,101917113,Pomeroy Elem,Pasadena ISD,C,76,707,https://txschools.net/campus/pomeroy-elem-101917113
2742,7185,304,123908123,Port Neches Int,Port Neches-Groves ISD,B,76,578,https://txschools.net/campus/port-neches-int-123908123
2742,7185,304,101907104,Post Elem,Cypress-Fairbanks ISD,B,76,733,https://txschools.net/campus/post-elem-101907104
2742,7185,304,247904101,Poth Elem,Poth ISD,B,76,440,https://txschools.net/campus/poth-elem-247904101
2742,7185,304,015915112,Powell Elem,Northside ISD,B,76,448,https://txschools.net/campus/powell-elem-015915112
2742,7185,304,240903119,Prada Elem,United ISD,B,76,773,https://txschools.net/campus/prada-elem-240903119
2742,7185,304,189902101,Presidio Elem,Presidio ISD,C,76,434,https://txschools.net/campus/presidio-elem-189902101
2742,7185,304,054903001,Ralls HS,Ralls ISD,B,76,102,https://txschools.net/campus/ralls-hs-054903001
2742,7185,304,240903055,Raul Perales MS,United ISD,B,76,655,https://txschools.net/campus/raul-perales-ms-240903055
2742,7185,304,192901001,Reagan County HS,Reagan County ISD,C,76,222,https://txschools.net/campus/reagan-county-hs-192901001
2742,7185,304,019911101,Red Lick Elem,Red Lick ISD,B,76,285,https://txschools.net/campus/red-lick-elem-019911101
2742,7185,304,196903042,Refugio JH,Refugio ISD,B,76,131,https://txschools.net/campus/refugio-jh-196903042
2742,7185,304,220901159,Remynse Elem,Arlington ISD,C,76,394,https://txschools.net/campus/remynse-elem-220901159
2742,7185,304,043907112,Reuben Johnson Elem,McKinney ISD,C,76,360,https://txschools.net/campus/reuben-johnson-elem-043907112
2742,7185,304,045903001,Rice HS,Rice CISD,B,76,347,https://txschools.net/campus/rice-hs-045903001
2742,7185,304,126902108,Richard Bransom Elem,Burleson ISD,B,76,567,https://txschools.net/campus/richard-bransom-elem-126902108
2742,7185,304,079907116,Ridgegate Elem,Fort Bend ISD,C,76,397,https://txschools.net/campus/ridgegate-elem-079907116
2742,7185,304,220916123,River Trails Elem,Hurst-Euless-Bedford ISD,B,76,630,https://txschools.net/campus/river-trails-elem-220916123
2742,7185,304,041902001,Robert Lee School,Robert Lee ISD,B,76,245,https://txschools.net/campus/robert-lee-school-041902001
2742,7185,304,014906008,Robert M Shoemaker HS,Killeen ISD,C,76,2021,https://txschools.net/campus/robert-m-shoemaker-hs-014906008
2742,7185,304,101912186,Robinson Elem,Houston ISD,B,76,356,https://txschools.net/campus/robinson-elem-101912186
2742,7185,304,188901124,Rogers Elem,Amarillo ISD,C,76,490,https://txschools.net/campus/rogers-elem-188901124
2742,7185,304,043902107,Rosamond-Sherley Elem,Anna ISD,C,76,635,https://txschools.net/campus/rosamond-sherley-elem-043902107
2742,7185,304,112901104,Rowena Johnson Elem,Sulphur Springs ISD,B,76,301,https://txschools.net/campus/rowena-johnson-elem-112901104
2742,7185,304,152901178,Rush Elem,Lubbock ISD,C,76,498,https://txschools.net/campus/rush-elem-152901178
2742,7185,304,043907127,Ruth and Harold Frazier Elem,McKinney ISD,B,76,807,https://txschools.net/campus/ruth-and-harold-frazier-elem-043907127
2742,7185,304,061901113,Ryan Elem,Denton ISD,B,76,554,https://txschools.net/campus/ryan-elem-061901113
2742,7185,304,057905129,S S Conner Elem,Dallas ISD,C,76,489,https://txschools.net/campus/s-s-conner-elem-057905129
2742,7185,304,071905116,Sageland Elem,Ysleta ISD,B,76,582,https://txschools.net/campus/sageland-elem-071905116
2742,7185,304,043912112,Sam Johnson Elem,Prosper ISD,B,76,823,https://txschools.net/campus/sam-johnson-elem-043912112
2742,7185,304,057905083,Sam Tasby MS,Dallas ISD,B,76,749,https://txschools.net/campus/sam-tasby-ms-057905083
2742,7185,304,214902101,San Isidro Elem,San Isidro ISD,C,76,102,https://txschools.net/campus/san-isidro-elem-214902101
2742,7185,304,245904002,San Perlita HS,San Perlita ISD,B,76,54,https://txschools.net/campus/san-perlita-hs-245904002
2742,7185,304,015915179,Scarborough Elem,Northside ISD,C,76,913,https://txschools.net/campus/scarborough-elem-015915179
2742,7185,304,101912237,Scarborough Elem,Houston ISD,B,76,797,https://txschools.net/campus/scarborough-elem-101912237
2742,7185,304,101915047,Schindewolf Int,Klein ISD,B,76,1037,https://txschools.net/campus/schindewolf-int-101915047
2742,7185,304,057905244,Seagoville North Elem,Dallas ISD,C,76,799,https://txschools.net/campus/seagoville-north-elem-057905244
2742,7185,304,220916107,Shady Oaks Elem,Hurst-Euless-Bedford ISD,B,76,563,https://txschools.net/campus/shady-oaks-elem-220916107
2742,7185,304,230904101,Sharon A Richardson Elem,Union Hill ISD,C,76,127,https://txschools.net/campus/sharon-a-richardson-elem-230904101
2742,7185,304,070911105,Shields Elem,Red Oak ISD,B,76,637,https://txschools.net/campus/shields-elem-070911105
2742,7185,304,049909101,Sivells Bend Elem,Sivells Bend ISD,B,76,56,https://txschools.net/campus/sivells-bend-elem-049909101
2742,7185,304,001909101,Slocum PK - 8,Slocum ISD,B,76,238,https://txschools.net/campus/slocum-pk-8-001909101
2742,7185,304,101912242,Smith Elem,Houston ISD,C,76,649,https://txschools.net/campus/smith-elem-101912242
2742,7185,304,152901179,Smith Elem,Lubbock ISD,B,76,479,https://txschools.net/campus/smith-elem-152901179
2742,7185,304,057903002,Smith HS,Carrollton-Farmers Branch ISD,B,76,1781,https://txschools.net/campus/smith-hs-057903002
2742,7185,304,071909001,Socorro HS,Socorro ISD,B,76,2582,https://txschools.net/campus/socorro-hs-071909001
2742,7185,304,243905129,Southern Hills Elem,Wichita Falls ISD,C,76,496,https://txschools.net/campus/southern-hills-elem-243905129
2742,7185,304,146901103,Southside Elem,Cleveland ISD,C,76,1029,https://txschools.net/campus/southside-elem-146901103
2742,7185,304,098904041,Spearman JH,Spearman ISD,B,76,149,https://txschools.net/campus/spearman-jh-098904041
2742,7185,304,170907041,Splendora JH,Splendora ISD,C,76,923,https://txschools.net/campus/splendora-jh-170907041
2742,7185,304,101919052,Spring Leadership Academy,Spring ISD,B,76,555,https://txschools.net/campus/spring-leadership-academy-101919052
2742,7185,304,101920046,Spring Oaks MS,Spring Branch ISD,B,76,541,https://txschools.net/campus/spring-oaks-ms-101920046
2742,7185,304,220905168,Springdale Elem,Fort Worth ISD,C,76,342,https://txschools.net/campus/springdale-elem-220905168
2742,7185,304,133903102,Starkey Elem,Kerrville ISD,C,76,419,https://txschools.net/campus/starkey-elem-133903102
2742,7185,304,046902105,Startzville Elem,Comal ISD,B,76,414,https://txschools.net/campus/startzville-elem-046902105
2742,7185,304,015910141,Steubing Ranch Elem,North East ISD,B,76,832,https://txschools.net/campus/steubing-ranch-elem-015910141
2742,7185,304,101912098,Stevenson MS,Houston ISD,B,76,988,https://txschools.net/campus/stevenson-ms-101912098
2742,7185,304,015915064,Straus MS,Northside ISD,C,76,1439,https://txschools.net/campus/straus-ms-015915064
2742,7185,304,079907043,Sugar Land MS,Fort Bend ISD,B,76,923,https://txschools.net/campus/sugar-land-ms-079907043
2742,7185,304,015912102,Sun Valley Elem,Southwest ISD,B,76,649,https://txschools.net/campus/sun-valley-elem-015912102
2742,7185,304,201910041,Tatum MS,Tatum ISD,B,76,309,https://txschools.net/campus/tatum-ms-201910041
2742,7185,304,019907002,Texas HS,Texarkana ISD,B,76,1709,https://txschools.net/campus/texas-hs-019907002
2742,7185,304,126906105,The Summit Leadership Academy,Keene ISD,C,76,216,https://txschools.net/campus/the-summit-leadership-academy-126906105
2742,7185,304,057914127,Thompson Elem,Mesquite ISD,C,76,472,https://txschools.net/campus/thompson-elem-057914127
2742,7185,304,057905148,Tom C Gooch Elem,Dallas ISD,B,76,370,https://txschools.net/campus/tom-c-gooch-elem-057905148
2742,7185,304,043903106,Tommie Dobie Bothwell Elem,Celina ISD,B,76,627,https://txschools.net/campus/tommie-dobie-bothwell-elem-043903106
2742,7185,304,015911108,Tradition Elem,East Central ISD,C,76,699,https://txschools.net/campus/tradition-elem-015911108
2742,7185,304,101911114,Travis Elem,Goose Creek CISD,C,76,689,https://txschools.net/campus/travis-elem-101911114
2742,7185,304,219903001,Tulia HS,Tulia ISD,C,76,235,https://txschools.net/campus/tulia-hs-219903001
2742,7185,304,101919045,Twin Creeks MS,Spring ISD,C,76,823,https://txschools.net/campus/twin-creeks-ms-101919045
2742,7185,304,152907111,Upland Heights Elem,Frenship ISD,B,76,641,https://txschools.net/campus/upland-heights-elem-152907111
2742,7185,304,043907108,Valley Creek Elem,McKinney ISD,B,76,524,https://txschools.net/campus/valley-creek-elem-043907108
2742,7185,304,158906102,Van Vleck Elem,Van Vleck ISD,C,76,449,https://txschools.net/campus/van-vleck-elem-158906102
2742,7185,304,031903043,Vernon MS,Harlingen CISD,B,76,576,https://txschools.net/campus/vernon-ms-031903043
2742,7185,304,220905159,Versia Williams Elem,Fort Worth ISD,B,76,272,https://txschools.net/campus/versia-williams-elem-220905159
2742,7185,304,043912120,Virgie Witt Smothermon Elem,Prosper ISD,B,76,737,https://txschools.net/campus/virgie-witt-smothermon-elem-043912120
2742,7185,304,101907137,Walker Elem,Cypress-Fairbanks ISD,B,76,1009,https://txschools.net/campus/walker-elem-101907137
2742,7185,304,049908101,Walnut Bend Elem,Walnut Bend ISD,C,76,59,https://txschools.net/campus/walnut-bend-elem-049908101
2742,7185,304,015915019,Warren HS,Northside ISD,B,76,2486,https://txschools.net/campus/warren-hs-015915019
2742,7185,304,061911120,Wayne A Cox Elem,Northwest ISD,B,76,671,https://txschools.net/campus/wayne-a-cox-elem-061911120
2742,7185,304,181906001,West Orange-Stark HS,West Orange-Cove CISD,C,76,643,https://txschools.net/campus/west-orange-stark-hs-181906001
2742,7185,304,170904002,Willis HS,Willis ISD,B,76,2867,https://txschools.net/campus/willis-hs-170904002
2742,7185,304,079907002,Willowridge HS,Fort Bend ISD,C,76,1132,https://txschools.net/campus/willowridge-hs-079907002
2742,7185,304,043912106,Windsong Ranch Elem,Prosper ISD,B,76,744,https://txschools.net/campus/windsong-ranch-elem-043912106
2742,7185,304,188901141,Windsor Elem,Amarillo ISD,B,76,444,https://txschools.net/campus/windsor-elem-188901141
2742,7185,304,246904105,Wolf Ranch Elem,Georgetown ISD,B,76,853,https://txschools.net/campus/wolf-ranch-elem-246904105
2742,7185,304,015901104,Woodridge Elem,Alamo Heights ISD,B,76,810,https://txschools.net/campus/woodridge-elem-015901104
2742,7185,304,081905002,Wortham HS,Wortham ISD,B,76,154,https://txschools.net/campus/wortham-hs-081905002
2742,7185,304,101917130,Young Elem,Pasadena ISD,C,76,487,https://txschools.net/campus/young-elem-101917130
2742,7185,304,101903142,Youngblood Int,Alief ISD,B,76,809,https://txschools.net/campus/youngblood-int-101903142
3047,7185,273,021901042,A & M Consolidated MS,College Station ISD,B,77,599,https://txschools.net/campus/a-m-consolidated-ms-021901042
3047,7185,273,015904042,A Leal Jr MS,Harlandale ISD,B,77,512,https://txschools.net/campus/a-leal-jr-ms-015904042
3047,7185,273,139911102,Aaron Parker Elem,North Lamar ISD,B,77,242,https://txschools.net/campus/aaron-parker-elem-139911102
3047,7185,273,165901047,Abell JH,Midland ISD,C,77,1120,https://txschools.net/campus/abell-jh-165901047
3047,7185,273,015901041,Alamo Heights JH,Alamo Heights ISD,B,77,1100,https://txschools.net/campus/alamo-heights-jh-015901041
3047,7185,273,101903045,Albright MS,Alief ISD,B,77,930,https://txschools.net/campus/albright-ms-101903045
3047,7185,273,101903041,Alief MS,Alief ISD,B,77,788,https://txschools.net/campus/alief-ms-101903041
3047,7185,273,071909004,Americas HS,Socorro ISD,B,77,1982,https://txschools.net/campus/americas-hs-071909004
3047,7185,273,140901001,Amherst School,Amherst ISD,B,77,102,https://txschools.net/campus/amherst-school-140901001
3047,7185,273,246909109,Anderson Mill Elem,Round Rock ISD,C,77,480,https://txschools.net/campus/anderson-mill-elem-246909109
3047,7185,273,227901102,Andrews Elem,Austin ISD,C,77,294,https://txschools.net/campus/andrews-elem-227901102
3047,7185,273,220908120,Anna May Daulton Elem,Mansfield ISD,B,77,666,https://txschools.net/campus/anna-may-daulton-elem-220908120
3047,7185,273,127901041,Anson MS,Anson ISD,B,77,150,https://txschools.net/campus/anson-ms-127901041
3047,7185,273,057916101,Arapaho Classical Magnet,Richardson ISD,B,77,600,https://txschools.net/campus/arapaho-classical-magnet-057916101
3047,7185,273,034901042,Atlanta MS,Atlanta ISD,B,77,445,https://txschools.net/campus/atlanta-ms-034901042
3047,7185,273,101912041,Attucks MS,Houston ISD,B,77,389,https://txschools.net/campus/attucks-ms-101912041
3047,7185,273,020901122,Barbara Bennett Elem,Alvin ISD,B,77,480,https://txschools.net/campus/barbara-bennett-elem-020901122
3047,7185,273,170902137,Bartlett Elem,Conroe ISD,C,77,999,https://txschools.net/campus/bartlett-elem-170902137
3047,7185,273,101916104,Bayshore Elem,La Porte ISD,B,77,406,https://txschools.net/campus/bayshore-elem-101916104
3047,7185,273,226903103,Belaire Elem,San Angelo ISD,C,77,342,https://txschools.net/campus/belaire-elem-226903103
3047,7185,273,101912109,Berry Elem,Houston ISD,B,77,713,https://txschools.net/campus/berry-elem-101912109
3047,7185,273,220912101,Bess Race Elem,Crowley ISD,C,77,422,https://txschools.net/campus/bess-race-elem-220912101
3047,7185,273,057904042,Bessie Coleman MS,Cedar Hill ISD,C,77,447,https://txschools.net/campus/bessie-coleman-ms-057904042
3047,7185,273,220902101,Birdville Elem,Birdville ISD,C,77,469,https://txschools.net/campus/birdville-elem-220902101
3047,7185,273,057903045,Blalack MS,Carrollton-Farmers Branch ISD,B,77,1123,https://txschools.net/campus/blalack-ms-057903045
3047,7185,273,016902101,Blanco Elem,Blanco ISD,B,77,507,https://txschools.net/campus/blanco-elem-016902101
3047,7185,273,227904049,Bohls MS,Pflugerville ISD,C,77,915,https://txschools.net/campus/bohls-ms-227904049
3047,7185,273,117901107,Borger Int,Borger ISD,C,77,344,https://txschools.net/campus/borger-int-117901107
3047,7185,273,015910048,Bradley MS,North East ISD,B,77,1218,https://txschools.net/campus/bradley-ms-015910048
3047,7185,273,020905006,Brazos Success Academy,Brazosport ISD,B,77,134,https://txschools.net/campus/brazos-success-academy-020905006
3047,7185,273,249903041,Bridgeport MS,Bridgeport ISD,C,77,485,https://txschools.net/campus/bridgeport-ms-249903041
3047,7185,273,101907161,Brosnahan Elem,Cypress-Fairbanks ISD,B,77,1016,https://txschools.net/campus/brosnahan-elem-101907161
3047,7185,273,220905163,Bruce Shulkey Elem,Fort Worth ISD,B,77,313,https://txschools.net/campus/bruce-shulkey-elem-220905163
3047,7185,273,233901110,Buena Vista Elem,San Felipe-Del Rio CISD,C,77,658,https://txschools.net/campus/buena-vista-elem-233901110
3047,7185,273,101920126,Buffalo Creek Elem,Spring Branch ISD,C,77,647,https://txschools.net/campus/buffalo-creek-elem-101920126
3047,7185,273,212902102,Bullard Int,Bullard ISD,B,77,450,https://txschools.net/campus/bullard-int-212902102
3047,7185,273,057909102,Bullock Elem,Garland ISD,B,77,535,https://txschools.net/campus/bullock-elem-057909102
3047,7185,273,071907101,Canutillo Elem,Canutillo ISD,B,77,477,https://txschools.net/campus/canutillo-elem-071907101
3047,7185,273,071901106,Carroll T Welch Elem,Clint ISD,C,77,642,https://txschools.net/campus/carroll-t-welch-elem-071901106
3047,7185,273,095905124,Central Elem,Plainview ISD,C,77,371,https://txschools.net/campus/central-elem-095905124
3047,7185,273,071902172,Charles Q Murphree PK-8,El Paso ISD,B,77,764,https://txschools.net/campus/charles-q-murphree-pk-8-071902172
3047,7185,273,101914107,Cimarron Elem,Katy ISD,C,77,468,https://txschools.net/campus/cimarron-elem-101914107
3047,7185,273,043905043,Clark MS,Frisco ISD,B,77,792,https://txschools.net/campus/clark-ms-043905043
3047,7185,273,246909101,Claude Berkman Elem,Round Rock ISD,B,77,413,https://txschools.net/campus/claude-berkman-elem-246909101
3047,7185,273,018901041,Clifton MS,Clifton ISD,B,77,202,https://txschools.net/campus/clifton-ms-018901041
3047,7185,273,101910102,Cloverleaf Elem,Galena Park ISD,B,77,740,https://txschools.net/campus/cloverleaf-elem-101910102
3047,7185,273,015915228,Cole Elem,Northside ISD,B,77,716,https://txschools.net/campus/cole-elem-015915228
3047,7185,273,021901041,College Station MS,College Station ISD,B,77,581,https://txschools.net/campus/college-station-ms-021901041
3047,7185,273,126903109,Cooke Elem,Cleburne ISD,B,77,454,https://txschools.net/campus/cooke-elem-126903109
3047,7185,273,101912132,Coop Elem,Houston ISD,B,77,531,https://txschools.net/campus/coop-elem-101912132
3047,7185,273,050910001,Copperas Cove HS,Copperas Cove ISD,B,77,2189,https://txschools.net/campus/copperas-cove-hs-050910001
3047,7185,273,061912103,Corinth Elem,Lake Dallas ISD,C,77,682,https://txschools.net/campus/corinth-elem-061912103
3047,7185,273,142901001,Cotulla HS,Cotulla ISD,B,77,357,https://txschools.net/campus/cotulla-hs-142901001
3047,7185,273,057903112,Country Place Elem,Carrollton-Farmers Branch ISD,B,77,390,https://txschools.net/campus/country-place-elem-057903112
3047,7185,273,246914101,Coupland Elem,Coupland ISD,C,77,315,https://txschools.net/campus/coupland-elem-246914101
3047,7185,273,043910124,Daffron Elem,Plano ISD,B,77,537,https://txschools.net/campus/daffron-elem-043910124
3047,7185,273,057910104,David Daniels Elem Academy of Science & Math,Grand Prairie ISD,C,77,410,https://txschools.net/campus/david-daniels-elem-academy-of-science-math-057910104
3047,7185,273,101902012,Davis HS Aldine,Aldine ISD,B,77,2945,https://txschools.net/campus/davis-hs-aldine-101902012
3047,7185,273,101907042,Dean MS,Cypress-Fairbanks ISD,B,77,1101,https://txschools.net/campus/dean-ms-101907042
3047,7185,273,061902106,Degan Elem,Lewisville ISD,B,77,417,https://txschools.net/campus/degan-elem-061902106
3047,7185,273,139912102,Deport Elem,Prairiland ISD,B,77,127,https://txschools.net/campus/deport-elem-139912102
3047,7185,273,176903101,Deweyville Elem,Deweyville ISD,B,77,290,https://txschools.net/campus/deweyville-elem-176903101
3047,7185,273,071909126,Dr Sue A Shook School,Socorro ISD,B,77,1277,https://txschools.net/campus/dr-sue-a-shook-school-071909126
3047,7185,273,072902102,Dublin Int,Dublin ISD,B,77,233,https://txschools.net/campus/dublin-int-072902102
3047,7185,273,057907001,Duncanville HS,Duncanville ISD,C,77,4108,https://txschools.net/campus/duncanville-hs-057907001
3047,7185,273,079907101,E A Jones Elem,Fort Bend ISD,B,77,583,https://txschools.net/campus/e-a-jones-elem-079907101
3047,7185,273,020901105,E C Mason Elem,Alvin ISD,C,77,746,https://txschools.net/campus/e-c-mason-elem-020901105
3047,7185,273,212903103,E J Moss Int,Lindale ISD,B,77,1156,https://txschools.net/campus/e-j-moss-int-212903103
3047,7185,273,234903041,Edgewood MS,Edgewood ISD,C,77,228,https://txschools.net/campus/edgewood-ms-234903041
3047,7185,273,170902138,Eissler Elem,Conroe ISD,B,77,706,https://txschools.net/campus/eissler-elem-170902138
3047,7185,273,068901112,El Magnet at Hays,Ector County ISD,B,77,465,https://txschools.net/campus/el-magnet-at-hays-068901112
3047,7185,273,105906107,Elm Grove Elem,Hays CISD,B,77,646,https://txschools.net/campus/elm-grove-elem-105906107
3047,7185,273,108902117,Eloy Garza Salazar Elem,Donna ISD,C,77,476,https://txschools.net/campus/eloy-garza-salazar-elem-108902117
3047,7185,273,015915145,Elrod Elem,Northside ISD,B,77,294,https://txschools.net/campus/elrod-elem-015915145
3047,7185,273,015910129,Encino Park Elem,North East ISD,B,77,620,https://txschools.net/campus/encino-park-elem-015910129
3047,7185,273,071909117,Ernesto Serna Fine Arts Academy,Socorro ISD,C,77,813,https://txschools.net/campus/ernesto-serna-fine-arts-academy-071909117
3047,7185,273,107905102,Eustace MS,Eustace ISD,B,77,384,https://txschools.net/campus/eustace-ms-107905102
3047,7185,273,237904107,Evelyn Turlington Elem,Waller ISD,B,77,628,https://txschools.net/campus/evelyn-turlington-elem-237904107
3047,7185,273,057905135,Everette Lee Degolyer Elem,Dallas ISD,B,77,455,https://txschools.net/campus/everette-lee-degolyer-elem-057905135
3047,7185,273,057903041,Field MS,Carrollton-Farmers Branch ISD,B,77,838,https://txschools.net/campus/field-ms-057903041
3047,7185,273,170902112,Ford Elem,Conroe ISD,B,77,784,https://txschools.net/campus/ford-elem-170902112
3047,7185,273,246909108,Forest North Elem,Round Rock ISD,B,77,304,https://txschools.net/campus/forest-north-elem-246909108
3047,7185,273,220905045,Forest Oak MS,Fort Worth ISD,C,77,1073,https://txschools.net/campus/forest-oak-ms-220905045
3047,7185,273,101912283,Garcia Elem,Houston ISD,C,77,306,https://txschools.net/campus/garcia-elem-101912283
3047,7185,273,246909121,Gattis Elem,Round Rock ISD,C,77,554,https://txschools.net/campus/gattis-elem-246909121
3047,7185,273,057905174,Geneva Heights Elem,Dallas ISD,B,77,462,https://txschools.net/campus/geneva-heights-elem-057905174
3047,7185,273,126903108,Gerard Elem,Cleburne ISD,B,77,448,https://txschools.net/campus/gerard-elem-126903108
3047,7185,273,230902102,Gilmer Elem,Gilmer ISD,B,77,1044,https://txschools.net/campus/gilmer-elem-230902102
3047,7185,273,246913006,Glenn HS,Leander ISD,B,77,1881,https://txschools.net/campus/glenn-hs-246913006
3047,7185,273,057907105,Grace R Brandenburg Elem,Duncanville ISD,C,77,314,https://txschools.net/campus/grace-r-brandenburg-elem-057907105
3047,7185,273,126904102,Grandview Elem,Grandview ISD,C,77,669,https://txschools.net/campus/grandview-elem-126904102
3047,7185,273,123908041,Groves MS,Port Neches-Groves ISD,B,77,656,https://txschools.net/campus/groves-ms-123908041
3047,7185,273,214901003,Grulla HS,Rio Grande City Grulla ISD,C,77,721,https://txschools.net/campus/grulla-hs-214901003
3047,7185,273,071902163,Guerrero Elem,El Paso ISD,B,77,311,https://txschools.net/campus/guerrero-elem-071902163
3047,7185,273,220901047,Gunn JH,Arlington ISD,B,77,842,https://txschools.net/campus/gunn-jh-220901047
3047,7185,273,061901007,Guyer HS,Denton ISD,B,77,2564,https://txschools.net/campus/guyer-hs-061901007
3047,7185,273,079901123,H F McNeill Elem,Lamar CISD,B,77,853,https://txschools.net/campus/h-f-mcneill-elem-079901123
3047,7185,273,071902169,H R Moye Elem,El Paso ISD,C,77,263,https://txschools.net/campus/h-r-moye-elem-071902169
3047,7185,273,237904104,H T Jones Elem,Waller ISD,B,77,601,https://txschools.net/campus/h-t-jones-elem-237904104
3047,7185,273,102904109,Hallsville West Elem,Hallsville ISD,B,77,705,https://txschools.net/campus/hallsville-west-elem-102904109
3047,7185,273,220902041,Haltom MS,Birdville ISD,B,77,909,https://txschools.net/campus/haltom-ms-220902041
3047,7185,273,141901103,Hanna Springs Elem,Lampasas ISD,B,77,663,https://txschools.net/campus/hanna-springs-elem-141901103
3047,7185,273,230905101,Harmony Elem,Harmony ISD,C,77,250,https://txschools.net/campus/harmony-elem-230905101
3047,7185,273,061901048,Harpool MS,Denton ISD,B,77,938,https://txschools.net/campus/harpool-ms-061901048
3047,7185,273,061911101,Haslet Elem,Northwest ISD,B,77,731,https://txschools.net/campus/haslet-elem-061911101
3047,7185,273,220905138,Helbing Elem,Fort Worth ISD,B,77,305,https://txschools.net/campus/helbing-elem-220905138
3047,7185,273,084910123,Henry Bauerschlag Elem,Clear Creek ISD,B,77,714,https://txschools.net/campus/henry-bauerschlag-elem-084910123
3047,7185,273,084903001,High Island School,High Island ISD,B,77,122,https://txschools.net/campus/high-island-school-084903001
3047,7185,273,108908116,Hilda C Escobar/Alicia C Rios Elem,Mission CISD,C,77,332,https://txschools.net/campus/hilda-c-escobar-alicia-c-rios-elem-108908116
3047,7185,273,109904109,Hillsboro Int,Hillsboro ISD,B,77,423,https://txschools.net/campus/hillsboro-int-109904109
3047,7185,273,014905101,Holland Elem,Holland ISD,B,77,326,https://txschools.net/campus/holland-elem-014905101
3047,7185,273,005902101,Holliday Elem,Holliday ISD,B,77,491,https://txschools.net/campus/holliday-elem-005902101
3047,7185,273,005902041,Holliday MS,Holliday ISD,B,77,273,https://txschools.net/campus/holliday-ms-005902041
3047,7185,273,101913041,Humble MS,Humble ISD,C,77,1026,https://txschools.net/campus/humble-ms-101913041
3047,7185,273,079907122,Hunters Glen Elem,Fort Bend ISD,C,77,209,https://txschools.net/campus/hunters-glen-elem-079907122
3047,7185,273,152901065,Hutchinson MS,Lubbock ISD,B,77,859,https://txschools.net/campus/hutchinson-ms-152901065
3047,7185,273,246906101,Hutto Elem,Hutto ISD,C,77,700,https://txschools.net/campus/hutto-elem-246906101
3047,7185,273,061902113,Indian Creek Elem,Lewisville ISD,C,77,558,https://txschools.net/campus/indian-creek-elem-061902113
3047,7185,273,046902125,Indian Springs Elem,Comal ISD,B,77,809,https://txschools.net/campus/indian-springs-elem-046902125
3047,7185,273,108912046,Irene M Garcia MS,La Joya ISD,B,77,590,https://txschools.net/campus/irene-m-garcia-ms-108912046
3047,7185,273,079901118,Jackson Elem,Lamar CISD,B,77,283,https://txschools.net/campus/jackson-elem-079901118
3047,7185,273,121904001,Jasper HS,Jasper ISD,B,77,581,https://txschools.net/campus/jasper-hs-121904001
3047,7185,273,243905118,Jefferson Elem,Wichita Falls ISD,C,77,331,https://txschools.net/campus/jefferson-elem-243905118
3047,7185,273,240903127,John W Arndt Elem,United ISD,B,77,789,https://txschools.net/campus/john-w-arndt-elem-240903127
3047,7185,273,108915041,Jose Borrego Preparatory Academy,Monte Alto ISD,C,77,163,https://txschools.net/campus/jose-borrego-preparatory-academy-108915041
3047,7185,273,220917104,Joy James Academy of Leadership,Castleberry ISD,C,77,471,https://txschools.net/campus/joy-james-academy-of-leadership-220917104
3047,7185,273,101912185,Kashmere Gardens Elem,Houston ISD,B,77,276,https://txschools.net/campus/kashmere-gardens-elem-101912185
3047,7185,273,170908042,Keefer Crossing MS,New Caney ISD,C,77,1325,https://txschools.net/campus/keefer-crossing-ms-170908042
3047,7185,273,015904044,Kingsborough MS,Harlandale ISD,C,77,552,https://txschools.net/campus/kingsborough-ms-015904044
3047,7185,273,101915041,Klein Int,Klein ISD,B,77,1042,https://txschools.net/campus/klein-int-101915041
3047,7185,273,101917116,L F Smith Elem,Pasadena ISD,B,77,562,https://txschools.net/campus/l-f-smith-elem-101917116
3047,7185,273,101920041,Landrum MS,Spring Branch ISD,B,77,679,https://txschools.net/campus/landrum-ms-101920041
3047,7185,273,084910106,Lavace Stewart Elem,Clear Creek ISD,C,77,631,https://txschools.net/campus/lavace-stewart-elem-084910106
3047,7185,273,043918041,Leland E Edge MS,Community ISD,C,77,695,https://txschools.net/campus/leland-e-edge-ms-043918041
3047,7185,273,061911047,Leo Adams MS,Northwest ISD,B,77,960,https://txschools.net/campus/leo-adams-ms-061911047
3047,7185,273,015915108,Leon Valley Elem,Northside ISD,C,77,648,https://txschools.net/campus/leon-valley-elem-015915108
3047,7185,273,043907045,Leonard Evans Jr MS,McKinney ISD,B,77,731,https://txschools.net/campus/leonard-evans-jr-ms-043907045
3047,7185,273,015915225,Lieck Elem,Northside ISD,B,77,630,https://txschools.net/campus/lieck-elem-015915225
3047,7185,273,187907002,Livingston HS,Livingston ISD,C,77,1098,https://txschools.net/campus/livingston-hs-187907002
3047,7185,273,028902001,Lockhart HS,Lockhart ISD,B,77,1955,https://txschools.net/campus/lockhart-hs-028902001
3047,7185,273,178904121,Los Encinos Elem,Corpus Christi ISD,B,77,351,https://txschools.net/campus/los-encinos-elem-178904121
3047,7185,273,163908106,Luckey Ranch Elem,Medina Valley ISD,C,77,940,https://txschools.net/campus/luckey-ranch-elem-163908106
3047,7185,273,015910005,Madison HS,North East ISD,C,77,2466,https://txschools.net/campus/madison-hs-015910005
3047,7185,273,084906104,Manuel Guajardo Jr Elem,Texas City ISD,B,77,471,https://txschools.net/campus/manuel-guajardo-jr-elem-084906104
3047,7185,273,073903001,Marlin High,Marlin ISD,B,77,330,https://txschools.net/campus/marlin-high-073903001
3047,7185,273,101903103,Martin Elem,Alief ISD,B,77,611,https://txschools.net/campus/martin-elem-101903103
3047,7185,273,057905226,Martin Weiss Elem,Dallas ISD,B,77,448,https://txschools.net/campus/martin-weiss-elem-057905226
3047,7185,273,021902114,Mary Branch Elem,Bryan ISD,B,77,451,https://txschools.net/campus/mary-branch-elem-021902114
3047,7185,273,043911043,Mattei MS,Princeton ISD,B,77,1020,https://txschools.net/campus/mattei-ms-043911043
3047,7185,273,101907105,Matzke Elem,Cypress-Fairbanks ISD,B,77,945,https://txschools.net/campus/matzke-elem-101907105
3047,7185,273,101914101,Maurice L Wolfe Elem,Katy ISD,B,77,399,https://txschools.net/campus/maurice-l-wolfe-elem-101914101
3047,7185,273,046902129,Mayfair Elem,Comal ISD,C,77,273,https://txschools.net/campus/mayfair-elem-046902129
3047,7185,273,015915230,McAndrew Elem,Northside ISD,B,77,300,https://txschools.net/campus/mcandrew-elem-015915230
3047,7185,273,101905103,McGhee Elem,Channelview ISD,C,77,988,https://txschools.net/campus/mcghee-elem-101905103
3047,7185,273,220905141,Meadowbrook Elem,Fort Worth ISD,C,77,457,https://txschools.net/campus/meadowbrook-elem-220905141
3047,7185,273,101914104,Memorial Parkway Elem,Katy ISD,B,77,692,https://txschools.net/campus/memorial-parkway-elem-101914104
3047,7185,273,096904041,Memphis MS,Memphis ISD,B,77,81,https://txschools.net/campus/memphis-ms-096904041
3047,7185,273,164901041,Menard Elem/JH,Menard ISD,B,77,174,https://txschools.net/campus/menard-elem-jh-164901041
3047,7185,273,018902101,Meridian Elem,Meridian ISD,C,77,157,https://txschools.net/campus/meridian-elem-018902101
3047,7185,273,057916134,Merriman Park Elem,Richardson ISD,B,77,463,https://txschools.net/campus/merriman-park-elem-057916134
3047,7185,273,178904107,Metro Elem Sch of Design,Corpus Christi ISD,B,77,674,https://txschools.net/campus/metro-elem-sch-of-design-178904107
3047,7185,273,170902051,Moorhead JH,Conroe ISD,B,77,1396,https://txschools.net/campus/moorhead-jh-170902051
3047,7185,273,061902121,Morningside Elem,Lewisville ISD,B,77,393,https://txschools.net/campus/morningside-elem-061902121
3047,7185,273,040901001,Morton School,Morton ISD,B,77,350,https://txschools.net/campus/morton-school-040901001
3047,7185,273,198906101,Mumford Elem,Mumford ISD,B,77,359,https://txschools.net/campus/mumford-elem-198906101
3047,7185,273,137903101,Nanny Elem,Riviera ISD,C,77,140,https://txschools.net/campus/nanny-elem-137903101
3047,7185,273,152902101,New Deal Elem,New Deal ISD,C,77,257,https://txschools.net/campus/new-deal-elem-152902101
3047,7185,273,230906041,New Diana MS,New Diana ISD,B,77,275,https://txschools.net/campus/new-diana-ms-230906041
3047,7185,273,031905103,Noemi Dominguez Elem,La Feria ISD,B,77,419,https://txschools.net/campus/noemi-dominguez-elem-031905103
3047,7185,273,145906101,Normangee Elem,Normangee ISD,B,77,301,https://txschools.net/campus/normangee-elem-145906101
3047,7185,273,220902118,North Ridge Elem,Birdville ISD,B,77,522,https://txschools.net/campus/north-ridge-elem-220902118
3047,7185,273,101920047,Northbrook MS,Spring Branch ISD,C,77,465,https://txschools.net/campus/northbrook-ms-101920047
3047,7185,273,227901006,Northeast Early College HS,Austin ISD,C,77,952,https://txschools.net/campus/northeast-early-college-hs-227901006
3047,7185,273,015910127,Northern Hills Elem,North East ISD,C,77,463,https://txschools.net/campus/northern-hills-elem-015910127
3047,7185,273,079907145,Oakland Elem,Fort Bend ISD,B,77,810,https://txschools.net/campus/oakland-elem-079907145
3047,7185,273,188901120,Olsen Park Elem,Amarillo ISD,B,77,380,https://txschools.net/campus/olsen-park-elem-188901120
3047,7185,273,057905215,Otto M Fridia Elem,Dallas ISD,B,77,235,https://txschools.net/campus/otto-m-fridia-elem-057905215
3047,7185,273,201908001,Overton HS,Overton ISD,B,77,268,https://txschools.net/campus/overton-hs-201908001
3047,7185,273,071902134,Park Elem,El Paso ISD,C,77,351,https://txschools.net/campus/park-elem-071902134
3047,7185,273,101912215,Parker Elem,Houston ISD,B,77,897,https://txschools.net/campus/parker-elem-101912215
3047,7185,273,014906145,Pat Carney Elem,Killeen ISD,C,77,806,https://txschools.net/campus/pat-carney-elem-014906145
3047,7185,273,057905139,Paul L Dunbar Learning Center,Dallas ISD,C,77,596,https://txschools.net/campus/paul-l-dunbar-learning-center-057905139
3047,7185,273,199902110,Paula Walker Elem,Royse City ISD,C,77,607,https://txschools.net/campus/paula-walker-elem-199902110
3047,7185,273,184908101,Peaster Elem,Peaster ISD,C,77,495,https://txschools.net/campus/peaster-elem-184908101
3047,7185,273,184908102,Peaster Int,Peaster ISD,B,77,419,https://txschools.net/campus/peaster-int-184908102
3047,7185,273,039903001,Petrolia Junior High/High School,Petrolia CISD,B,77,214,https://txschools.net/campus/petrolia-junior-high-high-school-039903001
3047,7185,273,246909053,PFC Robert P Hernandez MS,Round Rock ISD,C,77,547,https://txschools.net/campus/pfc-robert-p-hernandez-ms-246909053
3047,7185,273,227904041,Pflugerville MS,Pflugerville ISD,C,77,793,https://txschools.net/campus/pflugerville-ms-227904041
3047,7185,273,181907101,Pine Forest Elem,Vidor ISD,B,77,506,https://txschools.net/campus/pine-forest-elem-181907101
3047,7185,273,092904043,Pine Tree MS,Pine Tree ISD,B,77,684,https://txschools.net/campus/pine-tree-ms-092904043
3047,7185,273,246913114,Pleasant Hill Elem,Leander ISD,B,77,709,https://txschools.net/campus/pleasant-hill-elem-246913114
3047,7185,273,007905041,Pleasanton JH,Pleasanton ISD,C,77,714,https://txschools.net/campus/pleasanton-jh-007905041
3047,7185,273,123908042,Port Neches MS,Port Neches-Groves ISD,B,77,630,https://txschools.net/campus/port-neches-ms-123908042
3047,7185,273,163908105,Potranco Elem,Medina Valley ISD,B,77,912,https://txschools.net/campus/potranco-elem-163908105
3047,7185,273,101912223,Pugh Elem,Houston ISD,B,77,248,https://txschools.net/campus/pugh-elem-101912223
3047,7185,273,079907111,Quail Valley Elem,Fort Bend ISD,C,77,549,https://txschools.net/campus/quail-valley-elem-079907111
3047,7185,273,108908044,Rafael A Cantu JH,Mission CISD,B,77,562,https://txschools.net/campus/rafael-a-cantu-jh-108908044
3047,7185,273,212905116,Ramey Elem,Tyler ISD,C,77,498,https://txschools.net/campus/ramey-elem-212905116
3047,7185,273,067907101,Ranger Elem,Ranger ISD,B,77,119,https://txschools.net/campus/ranger-elem-067907101
3047,7185,273,015910120,Regency Place Elem,North East ISD,C,77,340,https://txschools.net/campus/regency-place-elem-015910120
3047,7185,273,227901132,Reilly Elem,Austin ISD,B,77,318,https://txschools.net/campus/reilly-elem-227901132
3047,7185,273,057905199,Reinhardt Elem,Dallas ISD,B,77,465,https://txschools.net/campus/reinhardt-elem-057905199
3047,7185,273,101912060,Revere MS,Houston ISD,B,77,866,https://txschools.net/campus/revere-ms-101912060
3047,7185,273,101912225,Reynolds Elem,Houston ISD,C,77,325,https://txschools.net/campus/reynolds-elem-101912225
3047,7185,273,101912080,Rice Sch /La Escuela Rice,Houston ISD,B,77,1059,https://txschools.net/campus/rice-sch-la-escuela-rice-101912080
3047,7185,273,206902001,Richland Springs School,Richland Springs ISD,C,77,101,https://txschools.net/campus/richland-springs-school-206902001
3047,7185,273,188901123,Ridgecrest Elem,Amarillo ISD,B,77,359,https://txschools.net/campus/ridgecrest-elem-188901123
3047,7185,273,220907129,Ridgeview Elem,Keller ISD,B,77,506,https://txschools.net/campus/ridgeview-elem-220907129
3047,7185,273,126907041,Rio Vista MS,Rio Vista ISD,C,77,248,https://txschools.net/campus/rio-vista-ms-126907041
3047,7185,273,227904118,Riojas Elem,Pflugerville ISD,B,77,734,https://txschools.net/campus/riojas-elem-227904118
3047,7185,273,246913118,River Place Elem,Leander ISD,B,77,521,https://txschools.net/campus/river-place-elem-246913118
3047,7185,273,194903103,Rivercrest Elem,Rivercrest ISD,C,77,311,https://txschools.net/campus/rivercrest-elem-194903103
3047,7185,273,166904041,Rockdale JH,Rockdale ISD,C,77,332,https://txschools.net/campus/rockdale-jh-166904041
3047,7185,273,015916118,Rolling Meadows Elem,Judson ISD,C,77,402,https://txschools.net/campus/rolling-meadows-elem-015916118
3047,7185,273,057913106,Rosa Parks/Millbrook Elem,Lancaster ISD,C,77,411,https://txschools.net/campus/rosa-parks-millbrook-elem-057913106
3047,7185,273,057903118,Rosemeade Elem,Carrollton-Farmers Branch ISD,B,77,384,https://txschools.net/campus/rosemeade-elem-057903118
3047,7185,273,232902001,Sabinal Secondary,Sabinal ISD,C,77,217,https://txschools.net/campus/sabinal-secondary-232902001
3047,7185,273,068901113,Sam Houston Elem,Ector County ISD,C,77,482,https://txschools.net/campus/sam-houston-elem-068901113
3047,7185,273,094902001,Samuel Clemens HS,Schertz-Cibolo-U City ISD,C,77,2601,https://txschools.net/campus/samuel-clemens-hs-094902001
3047,7185,273,165901123,Santa Rita Elem,Midland ISD,C,77,691,https://txschools.net/campus/santa-rita-elem-165901123
3047,7185,273,031914001,Santa Rosa HS,Santa Rosa ISD,B,77,287,https://txschools.net/campus/santa-rosa-hs-031914001
3047,7185,273,057909048,Sellers MS,Garland ISD,B,77,908,https://txschools.net/campus/sellers-ms-057909048
3047,7185,273,108909129,Sgt Leonel Trevino Elem,Pharr-San Juan-Alamo ISD,B,77,393,https://txschools.net/campus/sgt-leonel-trevino-elem-108909129
3047,7185,273,101912276,Shadowbriar Elem,Houston ISD,B,77,281,https://txschools.net/campus/shadowbriar-elem-101912276
3047,7185,273,101912023,Sharpstown HS,Houston ISD,B,77,1310,https://txschools.net/campus/sharpstown-hs-101912023
3047,7185,273,043910104,Sigler Elem,Plano ISD,B,77,437,https://txschools.net/campus/sigler-elem-043910104
3047,7185,273,043908041,Sixth Grade Center,Melissa ISD,B,77,651,https://txschools.net/campus/sixth-grade-center-043908041
3047,7185,273,013905041,Skidmore-Tynan JH,Skidmore-Tynan ISD,B,77,199,https://txschools.net/campus/skidmore-tynan-jh-013905041
3047,7185,273,015909001,Somerset HS,Somerset ISD,B,77,1116,https://txschools.net/campus/somerset-hs-015909001
3047,7185,273,218901001,Sonora Secondary School,Sonora ISD,B,77,297,https://txschools.net/campus/sonora-secondary-school-218901001
3047,7185,273,220916108,South Euless Elem,Hurst-Euless-Bedford ISD,B,77,607,https://txschools.net/campus/south-euless-elem-220916108
3047,7185,273,015908001,South San Antonio HS,South San Antonio ISD,C,77,2080,https://txschools.net/campus/south-san-antonio-hs-015908001
3047,7185,273,014903109,Sparta Elem,Belton ISD,B,77,495,https://txschools.net/campus/sparta-elem-014903109
3047,7185,273,015912110,Spicewood Park Elem,Southwest ISD,C,77,751,https://txschools.net/campus/spicewood-park-elem-015912110
3047,7185,273,220916121,Spring Garden Elem,Hurst-Euless-Bedford ISD,B,77,589,https://txschools.net/campus/spring-garden-elem-220916121
3047,7185,273,101919001,Spring HS,Spring ISD,C,77,2358,https://txschools.net/campus/spring-hs-101919001
3047,7185,273,015910125,Stahl Elem,North East ISD,C,77,576,https://txschools.net/campus/stahl-elem-015910125
3047,7185,273,156902041,Stanton MS,Stanton ISD,C,77,257,https://txschools.net/campus/stanton-ms-156902041
3047,7185,273,061901123,Stephens Elem,Denton ISD,C,77,392,https://txschools.net/campus/stephens-elem-061901123
3047,7185,273,101912248,Sutton Elem,Houston ISD,B,77,709,https://txschools.net/campus/sutton-elem-101912248
3047,7185,273,220908103,Tarver-Rendon Ag Leadership,Mansfield ISD,B,77,542,https://txschools.net/campus/tarver-rendon-ag-leadership-220908103
3047,7185,273,101917128,Teague Elem,Pasadena ISD,C,77,709,https://txschools.net/campus/teague-elem-101917128
3047,7185,273,072901101,Three Way JH/HS,Three Way ISD,C,77,90,https://txschools.net/campus/three-way-jh-hs-072901101
3047,7185,273,111903101,Tolar Elem,Tolar ISD,B,77,402,https://txschools.net/campus/tolar-elem-111903101
3047,7185,273,188901053,Travis 6th Grade Campus,Amarillo ISD,B,77,250,https://txschools.net/campus/travis-6th-grade-campus-188901053
3047,7185,273,031903117,Treasure Hills Elem,Harlingen CISD,B,77,754,https://txschools.net/campus/treasure-hills-elem-031903117
3047,7185,273,015911045,Valor MS,East Central ISD,B,77,87,https://txschools.net/campus/valor-ms-015911045
3047,7185,273,220905135,Van Zandt-Guinn Elem,Fort Worth ISD,C,77,323,https://txschools.net/campus/van-zandt-guinn-elem-220905135
3047,7185,273,049901107,W E Chalmers Elem,Gainesville ISD,B,77,685,https://txschools.net/campus/w-e-chalmers-elem-049901107
3047,7185,273,237904041,Waller JH,Waller ISD,C,77,1049,https://txschools.net/campus/waller-jh-237904041
3047,7185,273,101912253,Walnut Bend Elem,Houston ISD,C,77,608,https://txschools.net/campus/walnut-bend-elem-101912253
3047,7185,273,092903125,Ware Elem,Longview ISD,B,77,398,https://txschools.net/campus/ware-elem-092903125
3047,7185,273,091906109,Washington Elem,Sherman ISD,C,77,350,https://txschools.net/campus/washington-elem-091906109
3047,7185,273,152901183,Waters Elem,Lubbock ISD,B,77,443,https://txschools.net/campus/waters-elem-152901183
3047,7185,273,101907045,Watkins MS,Cypress-Fairbanks ISD,B,77,1176,https://txschools.net/campus/watkins-ms-101907045
3047,7185,273,043910113,Weatherford Elem,Plano ISD,C,77,458,https://txschools.net/campus/weatherford-elem-043910113
3047,7185,273,220905060,Wedgwood MS,Fort Worth ISD,D,77,684,https://txschools.net/campus/wedgwood-ms-220905060
3047,7185,273,101912056,Welch MS,Houston ISD,B,77,478,https://txschools.net/campus/welch-ms-101912056
3047,7185,273,015915235,Wernli Elem,Northside ISD,B,77,794,https://txschools.net/campus/wernli-elem-015915235
3047,7185,273,220905105,West Handley Elem,Fort Worth ISD,C,77,534,https://txschools.net/campus/west-handley-elem-220905105
3047,7185,273,091909001,Whitesboro HS,Whitesboro ISD,C,77,489,https://txschools.net/campus/whitesboro-hs-091909001
3047,7185,273,220901145,Williams Elem,Arlington ISD,C,77,582,https://txschools.net/campus/williams-elem-220901145
3047,7185,273,188901133,Wills Elem,Amarillo ISD,C,77,422,https://txschools.net/campus/wills-elem-188901133
3047,7185,273,057905301,Wilmer-Hutchins Elem,Dallas ISD,B,77,569,https://txschools.net/campus/wilmer-hutchins-elem-057905301
3047,7185,273,108906112,Wilson Elem,McAllen ISD,C,77,364,https://txschools.net/campus/wilson-elem-108906112
3047,7185,273,043910043,Wilson MS,Plano ISD,B,77,763,https://txschools.net/campus/wilson-ms-043910043
3047,7185,273,015910117,Windcrest Elem,North East ISD,C,77,443,https://txschools.net/campus/windcrest-elem-015910117
3047,7185,273,005904041,Windthorst JH,Windthorst ISD,B,77,111,https://txschools.net/campus/windthorst-jh-005904041
3047,7185,273,250907107,Winnsboro Memorial Int,Winnsboro ISD,C,77,276,https://txschools.net/campus/winnsboro-memorial-int-250907107
3047,7185,273,212910041,Winona MS,Winona ISD,B,77,259,https://txschools.net/campus/winona-ms-212910041
3047,7185,273,101912009,Wisdom HS,Houston ISD,B,77,1607,https://txschools.net/campus/wisdom-hs-101912009
3047,7185,273,212905119,Woods Elem,Tyler ISD,B,77,838,https://txschools.net/campus/woods-elem-212905119
3047,7185,273,178904141,Yeager Elem,Corpus Christi ISD,C,77,262,https://txschools.net/campus/yeager-elem-178904141
3047,7185,273,015907120,Young Women's Leadership Academy Pri,San Antonio ISD,B,77,552,https://txschools.net/campus/young-women-s-leadership-academy-pri-015907120
3321,7185,271,214901110,Alto Bonito Elem,Rio Grande City Grulla ISD,B,78,584,https://txschools.net/campus/alto-bonito-elem-214901110
3321,7185,271,037901001,Alto HS,Alto ISD,B,78,151,https://txschools.net/campus/alto-hs-037901001
3321,7185,271,003903120,Anderson Elem,Lufkin ISD,B,78,226,https://txschools.net/campus/anderson-elem-003903120
3321,7185,271,107901001,Athens HS,Athens ISD,B,78,861,https://txschools.net/campus/athens-hs-107901001
3321,7185,271,034901106,Atlanta Elem,Atlanta ISD,B,78,458,https://txschools.net/campus/atlanta-elem-034901106
3321,7185,271,101913050,Autumn Ridge MS,Humble ISD,C,78,992,https://txschools.net/campus/autumn-ridge-ms-101913050
3321,7185,271,200901001,Ballinger HS,Ballinger ISD,B,78,384,https://txschools.net/campus/ballinger-hs-200901001
3321,7185,271,010902041,Bandera MS,Bandera ISD,C,78,534,https://txschools.net/campus/bandera-ms-010902041
3321,7185,271,165901133,Barbara Fasken Elem,Midland ISD,B,78,886,https://txschools.net/campus/barbara-fasken-elem-165901133
3321,7185,271,014902001,Bartlett Schools,Bartlett ISD,C,78,398,https://txschools.net/campus/bartlett-schools-014902001
3321,7185,271,220907126,Basswood Elem,Keller ISD,B,78,571,https://txschools.net/campus/basswood-elem-220907126
3321,7185,271,253901101,Benavides Elem,Zapata County ISD,B,78,42,https://txschools.net/campus/benavides-elem-253901101
3321,7185,271,101903118,Best Elem,Alief ISD,B,78,618,https://txschools.net/campus/best-elem-101903118
3321,7185,271,015912107,Big Country Elem,Southwest ISD,B,78,618,https://txschools.net/campus/big-country-elem-015912107
3321,7185,271,230901041,Big Sandy JH,Big Sandy ISD,C,78,145,https://txschools.net/campus/big-sandy-jh-230901041
3321,7185,271,178902101,Bishop Elem,Bishop CISD,B,78,229,https://txschools.net/campus/bishop-elem-178902101
3321,7185,271,220904101,Bishop Elem,Everman ISD,B,78,353,https://txschools.net/campus/bishop-elem-220904101
3321,7185,271,016902001,Blanco HS,Blanco ISD,B,78,349,https://txschools.net/campus/blanco-hs-016902001
3321,7185,271,011901109,Bluebonnet Elem,Bastrop ISD,B,78,701,https://txschools.net/campus/bluebonnet-elem-011901109
3321,7185,271,028902105,Bluebonnet Elem,Lockhart ISD,B,78,534,https://txschools.net/campus/bluebonnet-elem-028902105
3321,7185,271,043903105,Bobby Ray & Afton Martin Elem,Celina ISD,C,78,578,https://txschools.net/campus/bobby-ray-afton-martin-elem-043903105
3321,7185,271,015907107,Bonham Academy,San Antonio ISD,C,78,691,https://txschools.net/campus/bonham-academy-015907107
3321,7185,271,169901041,Bowie JH,Bowie ISD,B,78,348,https://txschools.net/campus/bowie-jh-169901041
3321,7185,271,243903101,Bradford Elem,Iowa Park CISD,B,78,445,https://txschools.net/campus/bradford-elem-243903101
3321,7185,271,239901102,Brenham Elem,Brenham ISD,B,78,500,https://txschools.net/campus/brenham-elem-239901102
3321,7185,271,107902104,Brownsboro Int,Brownsboro ISD,C,78,336,https://txschools.net/campus/brownsboro-int-107902104
3321,7185,271,170902123,Buckalew Elem,Conroe ISD,B,78,648,https://txschools.net/campus/buckalew-elem-170902123
3321,7185,271,057905122,C F Carr Elem,Dallas ISD,B,78,260,https://txschools.net/campus/c-f-carr-elem-057905122
3321,7185,271,026901041,Caldwell JH,Caldwell ISD,B,78,271,https://txschools.net/campus/caldwell-jh-026901041
3321,7185,271,178904138,Calk-Wilson Elem,Corpus Christi ISD,B,78,669,https://txschools.net/campus/calk-wilson-elem-178904138
3321,7185,271,170902011,Caney Creek HS,Conroe ISD,B,78,2831,https://txschools.net/campus/caney-creek-hs-170902011
3321,7185,271,071902043,Canyon Hills MS,El Paso ISD,B,78,446,https://txschools.net/campus/canyon-hills-ms-071902043
3321,7185,271,110902104,Capitol Elem,Levelland ISD,C,78,263,https://txschools.net/campus/capitol-elem-110902104
3321,7185,271,043910121,Carlisle Elem,Plano ISD,B,78,422,https://txschools.net/campus/carlisle-elem-043910121
3321,7185,271,108906126,Castaneda Elem,McAllen ISD,B,78,369,https://txschools.net/campus/castaneda-elem-108906126
3321,7185,271,043905106,Christie Elem,Frisco ISD,B,78,612,https://txschools.net/campus/christie-elem-043905106
3321,7185,271,226901101,Christoval Elem,Christoval ISD,B,78,258,https://txschools.net/campus/christoval-elem-226901101
3321,7185,271,046902045,Church Hill MS,Comal ISD,B,78,748,https://txschools.net/campus/church-hill-ms-046902045
3321,7185,271,015910145,Cibolo Green,North East ISD,B,78,669,https://txschools.net/campus/cibolo-green-015910145
3321,7185,271,101910101,Cimarron Elem,Galena Park ISD,B,78,680,https://txschools.net/campus/cimarron-elem-101910101
3321,7185,271,067902041,Cisco JH,Cisco ISD,B,78,189,https://txschools.net/campus/cisco-jh-067902041
3321,7185,271,061911117,Clara Love Elem,Northwest ISD,B,78,685,https://txschools.net/campus/clara-love-elem-061911117
3321,7185,271,065901101,Clarendon Elem,Clarendon ISD,C,78,207,https://txschools.net/campus/clarendon-elem-065901101
3321,7185,271,126903001,Cleburne HS,Cleburne ISD,B,78,1911,https://txschools.net/campus/cleburne-hs-126903001
3321,7185,271,018901001,Clifton HS,Clifton ISD,B,78,303,https://txschools.net/campus/clifton-hs-018901001
3321,7185,271,071902173,Coach Wally Hartley PK-8,El Paso ISD,B,78,1354,https://txschools.net/campus/coach-wally-hartley-pk-8-071902173
3321,7185,271,101910045,Cobb 6th Grade Campus,Galena Park ISD,B,78,902,https://txschools.net/campus/cobb-6th-grade-campus-101910045
3321,7185,271,042901102,Coleman Elem,Coleman ISD,B,78,304,https://txschools.net/campus/coleman-elem-042901102
3321,7185,271,015904103,Collier Elem,Harlandale ISD,C,78,454,https://txschools.net/campus/collier-elem-015904103
3321,7185,271,091902200,Collinsville Elem,Collinsville ISD,B,78,327,https://txschools.net/campus/collinsville-elem-091902200
3321,7185,271,011901111,Colony Oaks Elem,Bastrop ISD,B,78,537,https://txschools.net/campus/colony-oaks-elem-011901111
3321,7185,271,027904102,Colt Elem,Marble Falls ISD,B,78,577,https://txschools.net/campus/colt-elem-027904102
3321,7185,271,101912130,Condit Elem,Houston ISD,B,78,724,https://txschools.net/campus/condit-elem-101912130
3321,7185,271,187904001,Corrigan-Camden HS,Corrigan-Camden ISD,B,78,242,https://txschools.net/campus/corrigan-camden-hs-187904001
3321,7185,271,129902102,Criswell Elem,Forney ISD,B,78,575,https://txschools.net/campus/criswell-elem-129902102
3321,7185,271,101912135,Crockett Elem,Houston ISD,B,78,447,https://txschools.net/campus/crockett-elem-101912135
3321,7185,271,116905103,Crockett Elem,Greenville ISD,B,78,289,https://txschools.net/campus/crockett-elem-116905103
3321,7185,271,195901042,Crockett MS,Pecos-Barstow-Toyah ISD,C,78,633,https://txschools.net/campus/crockett-ms-195901042
3321,7185,271,220912001,Crowley HS,Crowley ISD,B,78,2367,https://txschools.net/campus/crowley-hs-220912001
3321,7185,271,101912136,Cunningham Elem,Houston ISD,B,78,523,https://txschools.net/campus/cunningham-elem-101912136
3321,7185,271,105904105,Cypress Springs Elem,Dripping Springs ISD,B,78,722,https://txschools.net/campus/cypress-springs-elem-105904105
3321,7185,271,101912297,Davila Elem,Houston ISD,B,78,408,https://txschools.net/campus/davila-elem-101912297
3321,7185,271,101908102,Deepwater Elem,Deer Park ISD,C,78,560,https://txschools.net/campus/deepwater-elem-101908102
3321,7185,271,246909045,Deerpark MS,Round Rock ISD,C,78,833,https://txschools.net/campus/deerpark-ms-246909045
3321,7185,271,233901001,Del Rio HS,San Felipe-Del Rio CISD,B,78,2392,https://txschools.net/campus/del-rio-hs-233901001
3321,7185,271,108905041,Diaz JH,Hidalgo ISD,B,78,644,https://txschools.net/campus/diaz-jh-108905041
3321,7185,271,003905041,Diboll JH,Diboll ISD,B,78,356,https://txschools.net/campus/diboll-jh-003905041
3321,7185,271,082902001,Dilley HS,Dilley ISD,B,78,234,https://txschools.net/campus/dilley-hs-082902001
3321,7185,271,133905101,Divide Elem,Divide ISD,B,78,41,https://txschools.net/campus/divide-elem-133905101
3321,7185,271,220905227,Dolores Huerta Elem,Fort Worth ISD,B,78,437,https://txschools.net/campus/dolores-huerta-elem-220905227
3321,7185,271,014906139,Dr Joseph A Fowler Elem,Killeen ISD,B,78,727,https://txschools.net/campus/dr-joseph-a-fowler-elem-014906139
3321,7185,271,214901112,Dr Mario E Ramirez Elem,Rio Grande City Grulla ISD,B,78,493,https://txschools.net/campus/dr-mario-e-ramirez-elem-214901112
3321,7185,271,057905128,Dr Martin Luther King Jr Arts Academy,Dallas ISD,B,78,498,https://txschools.net/campus/dr-martin-luther-king-jr-arts-academy-057905128
3321,7185,271,235902102,Dudley Elem,Victoria ISD,C,78,448,https://txschools.net/campus/dudley-elem-235902102
3321,7185,271,220905005,Dunbar HS,Fort Worth ISD,C,78,780,https://txschools.net/campus/dunbar-hs-220905005
3321,7185,271,070911103,Eastridge Elem,Red Oak ISD,C,78,526,https://txschools.net/campus/eastridge-elem-070911103
3321,7185,271,068901131,Edward K Downing Elem,Ector County ISD,C,78,777,https://txschools.net/campus/edward-k-downing-elem-068901131
3321,7185,271,101919043,Edwin M Wells MS,Spring ISD,C,78,820,https://txschools.net/campus/edwin-m-wells-ms-101919043
3321,7185,271,094902114,Elaine S Schlather Int,Schertz-Cibolo-U City ISD,C,78,745,https://txschools.net/campus/elaine-s-schlather-int-094902114
3321,7185,271,105906043,Eric Dahlstrom MS,Hays CISD,B,78,778,https://txschools.net/campus/eric-dahlstrom-ms-105906043
3321,7185,271,015916123,Escondido Elem,Judson ISD,C,78,651,https://txschools.net/campus/escondido-elem-015916123
3321,7185,271,015916109,Fine Arts Academy of Olympia,Judson ISD,B,78,428,https://txschools.net/campus/fine-arts-academy-of-olympia-015916109
3321,7185,271,101912072,Fondren MS,Houston ISD,C,78,606,https://txschools.net/campus/fondren-ms-101912072
3321,7185,271,169910001,Forestburg School,Forestburg ISD,B,78,172,https://txschools.net/campus/forestburg-school-169910001
3321,7185,271,057916120,Forestridge Elem,Richardson ISD,C,78,470,https://txschools.net/campus/forestridge-elem-057916120
3321,7185,271,057905240,Frank Guzick Elem,Dallas ISD,C,78,682,https://txschools.net/campus/frank-guzick-elem-057905240
3321,7185,271,243905112,Franklin Elem,Wichita Falls ISD,B,78,426,https://txschools.net/campus/franklin-elem-243905112
3321,7185,271,133903109,Fred H Tally Elem,Kerrville ISD,B,78,488,https://txschools.net/campus/fred-h-tally-elem-133903109
3321,7185,271,079901120,Frost Elem,Lamar CISD,B,78,804,https://txschools.net/campus/frost-elem-079901120
3321,7185,271,084910108,G H Whitcomb Elem,Clear Creek ISD,B,78,527,https://txschools.net/campus/g-h-whitcomb-elem-084910108
3321,7185,271,057909159,George Washington Carver Elem,Garland ISD,C,78,622,https://txschools.net/campus/george-washington-carver-elem-057909159
3321,7185,271,084906043,Giles MS,Texas City ISD,C,78,479,https://txschools.net/campus/giles-ms-084906043
3321,7185,271,213901102,Glen Rose Int,Glen Rose ISD,B,78,491,https://txschools.net/campus/glen-rose-int-213901102
3321,7185,271,165901046,Goddard JH,Midland ISD,C,78,1004,https://txschools.net/campus/goddard-jh-165901046
3321,7185,271,101902048,Grantham Academy,Aldine ISD,C,78,918,https://txschools.net/campus/grantham-academy-101902048
3321,7185,271,227901186,Guerrero Thompson,Austin ISD,B,78,520,https://txschools.net/campus/guerrero-thompson-227901186
3321,7185,271,220902001,Haltom HS,Birdville ISD,C,78,2515,https://txschools.net/campus/haltom-hs-220902001
3321,7185,271,188901109,Hamlet Elem,Amarillo ISD,B,78,324,https://txschools.net/campus/hamlet-elem-188901109
3321,7185,271,101907108,Hancock Elem,Cypress-Fairbanks ISD,C,78,715,https://txschools.net/campus/hancock-elem-101907108
3321,7185,271,146904001,Hardin HS,Hardin ISD,B,78,366,https://txschools.net/campus/hardin-hs-146904001
3321,7185,271,101912166,Harris J R Elem,Houston ISD,B,78,284,https://txschools.net/campus/harris-j-r-elem-101912166
3321,7185,271,014906119,Hay Branch Elem,Killeen ISD,C,78,509,https://txschools.net/campus/hay-branch-elem-014906119
3321,7185,271,057905234,Henry B Gonzalez Personalized Learning Academy,Dallas ISD,C,78,462,https://txschools.net/campus/henry-b-gonzalez-personalized-learning-academy-057905234
3321,7185,271,059901001,Hereford HS,Hereford ISD,C,78,1136,https://txschools.net/campus/hereford-hs-059901001
3321,7185,271,061902122,Heritage Elem,Lewisville ISD,B,78,639,https://txschools.net/campus/heritage-elem-061902122
3321,7185,271,152907043,Heritage MS,Frenship ISD,B,78,779,https://txschools.net/campus/heritage-ms-152907043
3321,7185,271,161903102,Hewitt Elem,Midway ISD,B,78,482,https://txschools.net/campus/hewitt-elem-161903102
3321,7185,271,097903001,Hico HS,Hico ISD,B,78,342,https://txschools.net/campus/hico-hs-097903001
3321,7185,271,101913114,Hidden Hollow Elem,Humble ISD,B,78,410,https://txschools.net/campus/hidden-hollow-elem-101913114
3321,7185,271,043908109,Highland Elem,Melissa ISD,B,78,882,https://txschools.net/campus/highland-elem-043908109
3321,7185,271,243905048,Hirschi MS,Wichita Falls ISD,C,78,567,https://txschools.net/campus/hirschi-ms-243905048
3321,7185,271,101902046,Hoffman MS,Aldine ISD,C,78,518,https://txschools.net/campus/hoffman-ms-101902046
3321,7185,271,015915001,Holmes HS,Northside ISD,B,78,2219,https://txschools.net/campus/holmes-hs-015915001
3321,7185,271,220904104,Hommel Elem,Everman ISD,B,78,249,https://txschools.net/campus/hommel-elem-220904104
3321,7185,271,163904001,Hondo HS,Hondo ISD,B,78,534,https://txschools.net/campus/hondo-hs-163904001
3321,7185,271,020901109,Hood-Case Elem,Alvin ISD,B,78,647,https://txschools.net/campus/hood-case-elem-020901109
3321,7185,271,101913001,Humble HS,Humble ISD,B,78,2926,https://txschools.net/campus/humble-hs-101913001
3321,7185,271,057905176,Jack Lowe Sr Elem,Dallas ISD,B,78,511,https://txschools.net/campus/jack-lowe-sr-elem-057905176
3321,7185,271,119902041,Jacksboro MS,Jacksboro ISD,B,78,254,https://txschools.net/campus/jacksboro-ms-119902041
3321,7185,271,079907155,James Patterson Elem,Fort Bend ISD,B,78,729,https://txschools.net/campus/james-patterson-elem-079907155
3321,7185,271,246907041,Jarrell MS,Jarrell ISD,C,78,524,https://txschools.net/campus/jarrell-ms-246907041
3321,7185,271,014909107,Jefferson Elem,Temple ISD,C,78,497,https://txschools.net/campus/jefferson-elem-014909107
3321,7185,271,155901102,Jefferson Elem,Jefferson ISD,B,78,377,https://txschools.net/campus/jefferson-elem-155901102
3321,7185,271,101911126,Jessie Lee Pumphrey Elem,Goose Creek CISD,C,78,659,https://txschools.net/campus/jessie-lee-pumphrey-elem-101911126
3321,7185,271,246904109,Jo Ann Ford Elem,Georgetown ISD,B,78,515,https://txschools.net/campus/jo-ann-ford-elem-246904109
3321,7185,271,057912124,John W and Margie Stipes Elem,Irving ISD,C,78,720,https://txschools.net/campus/john-w-and-margie-stipes-elem-057912124
3321,7185,271,057905237,John W Runyon Elem,Dallas ISD,B,78,441,https://txschools.net/campus/john-w-runyon-elem-057905237
3321,7185,271,101902134,Jones Elem,Aldine ISD,B,78,635,https://txschools.net/campus/jones-elem-101902134
3321,7185,271,227910112,Joseph Gilbert Elem,Del Valle ISD,C,78,659,https://txschools.net/campus/joseph-gilbert-elem-227910112
3321,7185,271,101908107,JP Dabbs Elem,Deer Park ISD,C,78,617,https://txschools.net/campus/jp-dabbs-elem-101908107
3321,7185,271,240903124,Judith Zaffirini Elem,United ISD,B,78,593,https://txschools.net/campus/judith-zaffirini-elem-240903124
3321,7185,271,220908125,Judy Miller Elem,Mansfield ISD,C,78,425,https://txschools.net/campus/judy-miller-elem-220908125
3321,7185,271,240903126,Julia Bird Jones Muller Elem,United ISD,B,78,760,https://txschools.net/campus/julia-bird-jones-muller-elem-240903126
3321,7185,271,057903132,La Villita Elem,Carrollton-Farmers Branch ISD,B,78,801,https://txschools.net/campus/la-villita-elem-057903132
3321,7185,271,101907046,Labay MS,Cypress-Fairbanks ISD,B,78,1044,https://txschools.net/campus/labay-ms-101907046
3321,7185,271,014903043,Lake Belton MS,Belton ISD,B,78,833,https://txschools.net/campus/lake-belton-ms-014903043
3321,7185,271,227901045,Lamar MS,Austin ISD,B,78,1099,https://txschools.net/campus/lamar-ms-227901045
3321,7185,271,220905061,Leadership Academy at Leonard MS,Fort Worth ISD,C,78,554,https://txschools.net/campus/leadership-academy-at-leonard-ms-220905061
3321,7185,271,061902005,Learning Ctr,Lewisville ISD,B,78,193,https://txschools.net/campus/learning-ctr-061902005
3321,7185,271,152907109,Legacy Elem,Frenship ISD,B,78,590,https://txschools.net/campus/legacy-elem-152907109
3321,7185,271,129902107,Lewis Elem,Forney ISD,C,78,757,https://txschools.net/campus/lewis-elem-129902107
3321,7185,271,057905009,Lincoln Humanities/Communications Magnet High Sch,Dallas ISD,B,78,590,https://txschools.net/campus/lincoln-humanities-communications-magnet-high-sch-057905009
3321,7185,271,150901001,Llano HS,Llano ISD,B,78,534,https://txschools.net/campus/llano-hs-150901001
3321,7185,271,015915109,Locke Hill Elem,Northside ISD,C,78,503,https://txschools.net/campus/locke-hill-elem-015915109
3321,7185,271,101912197,Looscan Elem,Houston ISD,B,78,196,https://txschools.net/campus/looscan-elem-101912197
3321,7185,271,057905260,Lorenzo De Zavala Elem,Dallas ISD,C,78,350,https://txschools.net/campus/lorenzo-de-zavala-elem-057905260
3321,7185,271,031906101,Los Fresnos Elem,Los Fresnos CISD,B,78,509,https://txschools.net/campus/los-fresnos-elem-031906101
3321,7185,271,129905106,Mabank Int,Mabank ISD,B,78,601,https://txschools.net/campus/mabank-int-129905106
3321,7185,271,154901041,Madisonville JH,Madisonville CISD,B,78,500,https://txschools.net/campus/madisonville-jh-154901041
3321,7185,271,170906061,Magnolia Int,Magnolia ISD,B,78,862,https://txschools.net/campus/magnolia-int-170906061
3321,7185,271,022902001,Marathon Independent School Dist,Marathon ISD,B,78,46,https://txschools.net/campus/marathon-independent-school-dist-022902001
3321,7185,271,220908116,Martha Reid Academy,Mansfield ISD,B,78,457,https://txschools.net/campus/martha-reid-academy-220908116
3321,7185,271,101912298,Martinez R Elem,Houston ISD,B,78,342,https://txschools.net/campus/martinez-r-elem-101912298
3321,7185,271,237904110,Mary Alice Cure Elem,Waller ISD,B,78,481,https://txschools.net/campus/mary-alice-cure-elem-237904110
3321,7185,271,020908112,Massey Ranch Elem,Pearland ISD,B,78,528,https://txschools.net/campus/massey-ranch-elem-020908112
3321,7185,271,101914043,Mayde Creek JH,Katy ISD,B,78,1124,https://txschools.net/campus/mayde-creek-jh-101914043
3321,7185,271,184907104,McCall Elem,Aledo ISD,B,78,485,https://txschools.net/campus/mccall-elem-184907104
3321,7185,271,057903124,McKamy Elem,Carrollton-Farmers Branch ISD,C,78,474,https://txschools.net/campus/mckamy-elem-057903124
3321,7185,271,101902055,Mead MS,Aldine ISD,C,78,854,https://txschools.net/campus/mead-ms-101902055
3321,7185,271,108907001,Mercedes HS,Mercedes ISD,B,78,853,https://txschools.net/campus/mercedes-hs-108907001
3321,7185,271,101915123,Metzler Elem,Klein ISD,B,78,767,https://txschools.net/campus/metzler-elem-101915123
3321,7185,271,147903002,Mexia HS,Mexia ISD,B,78,514,https://txschools.net/campus/mexia-hs-147903002
3321,7185,271,101919106,Meyer Elem,Spring ISD,C,78,615,https://txschools.net/campus/meyer-elem-101919106
3321,7185,271,165901042,Midland Lee Freshman HS,Midland ISD,C,78,889,https://txschools.net/campus/midland-lee-freshman-hs-165901042
3321,7185,271,178904149,Mireles Elem,Corpus Christi ISD,B,78,633,https://txschools.net/campus/mireles-elem-178904149
3321,7185,271,079907164,Mission Elem,Fort Bend ISD,C,78,502,https://txschools.net/campus/mission-elem-079907164
3321,7185,271,108908001,Mission HS,Mission CISD,B,78,2092,https://txschools.net/campus/mission-hs-108908001
3321,7185,271,212905045,Moore MS,Tyler ISD,B,78,1079,https://txschools.net/campus/moore-ms-212905045
3321,7185,271,101917135,Morris MS,Pasadena ISD,B,78,596,https://txschools.net/campus/morris-ms-101917135
3321,7185,271,111901105,Nettie Baccus Elem,Granbury ISD,B,78,555,https://txschools.net/campus/nettie-baccus-elem-111901105
3321,7185,271,019905041,New Boston MS,New Boston ISD,B,78,230,https://txschools.net/campus/new-boston-ms-019905041
3321,7185,271,139911104,North Lamar Int,North Lamar ISD,B,78,555,https://txschools.net/campus/north-lamar-int-139911104
3321,7185,271,101915102,Northampton Elem,Klein ISD,B,78,609,https://txschools.net/campus/northampton-elem-101915102
3321,7185,271,244905001,Northside School,Northside ISD,B,78,246,https://txschools.net/campus/northside-school-244905001
3321,7185,271,240903103,Nye Elem,United ISD,B,78,621,https://txschools.net/campus/nye-elem-240903103
3321,7185,271,227901148,Oak Hill Elem,Austin ISD,B,78,544,https://txschools.net/campus/oak-hill-elem-227901148
3321,7185,271,108908111,Ollie O'Grady Elem,Mission CISD,B,78,428,https://txschools.net/campus/ollie-o-grady-elem-108908111
3321,7185,271,084902106,Oppe Elem,Galveston ISD,B,78,675,https://txschools.net/campus/oppe-elem-084902106
3321,7185,271,125903103,Orange Grove Elem,Orange Grove ISD,B,78,367,https://txschools.net/campus/orange-grove-elem-125903103
3321,7185,271,220901154,Pearcy STEM Academy,Arlington ISD,B,78,515,https://txschools.net/campus/pearcy-stem-academy-220901154
3321,7185,271,021901107,Pebble Creek Elem,College Station ISD,B,78,589,https://txschools.net/campus/pebble-creek-elem-021901107
3321,7185,271,031901046,Perkins MS,Brownsville ISD,B,78,414,https://txschools.net/campus/perkins-ms-031901046
3321,7185,271,068901003,Permian HS,Ector County ISD,B,78,3829,https://txschools.net/campus/permian-hs-068901003
3321,7185,271,170907104,Piney Woods Elem,Splendora ISD,B,78,629,https://txschools.net/campus/piney-woods-elem-170907104
3321,7185,271,028902104,Plum Creek Elem,Lockhart ISD,B,78,591,https://txschools.net/campus/plum-creek-elem-028902104
3321,7185,271,043911001,Princeton Sr HS,Princeton ISD,B,78,1386,https://txschools.net/campus/princeton-sr-hs-043911001
3321,7185,271,031901142,Pullam Elem,Brownsville ISD,B,78,809,https://txschools.net/campus/pullam-elem-031901142
3321,7185,271,147903105,R Q Sims Int,Mexia ISD,D,78,418,https://txschools.net/campus/r-q-sims-int-147903105
3321,7185,271,196903103,Refugio Elem,Refugio ISD,B,78,270,https://txschools.net/campus/refugio-elem-196903103
3321,7185,271,031906105,Resaca MS,Los Fresnos CISD,B,78,891,https://txschools.net/campus/resaca-ms-031906105
3321,7185,271,240903057,Ricardo Molina MS,United ISD,B,78,722,https://txschools.net/campus/ricardo-molina-ms-240903057
3321,7185,271,220902002,Richland HS,Birdville ISD,B,78,2040,https://txschools.net/campus/richland-hs-220902002
3321,7185,271,031911041,Rio Hondo MS,Rio Hondo ISD,C,78,419,https://txschools.net/campus/rio-hondo-ms-031911041
3321,7185,271,101913123,River Pines Elem,Humble ISD,C,78,696,https://txschools.net/campus/river-pines-elem-101913123
3321,7185,271,194903001,Rivercrest HS,Rivercrest ISD,B,78,202,https://txschools.net/campus/rivercrest-hs-194903001
3321,7185,271,230906102,Robert F Hunt Elem,New Diana ISD,B,78,536,https://txschools.net/campus/robert-f-hunt-elem-230906102
3321,7185,271,152901193,Roberts Elem,Lubbock ISD,B,78,535,https://txschools.net/campus/roberts-elem-152901193
3321,7185,271,014907001,Rogers HS,Rogers ISD,B,78,254,https://txschools.net/campus/rogers-hs-014907001
3321,7185,271,014907041,Rogers MS,Rogers ISD,B,78,216,https://txschools.net/campus/rogers-ms-014907041
3321,7185,271,015912041,Ronald E McNair MS,Southwest ISD,B,78,802,https://txschools.net/campus/ronald-e-mcnair-ms-015912041
3321,7185,271,246913122,Ronald Reagan Elem,Leander ISD,B,78,771,https://txschools.net/campus/ronald-reagan-elem-246913122
3321,7185,271,084906105,Roosevelt-Wilson Elem,Texas City ISD,B,78,415,https://txschools.net/campus/roosevelt-wilson-elem-084906105
3321,7185,271,177901101,Roscoe Elem,Roscoe Collegiate ISD,B,78,198,https://txschools.net/campus/roscoe-elem-177901101
3321,7185,271,108907107,Ruben Hinojosa Elem,Mercedes ISD,B,78,588,https://txschools.net/campus/ruben-hinojosa-elem-108907107
3321,7185,271,128903001,Runge HS,Runge ISD,B,78,59,https://txschools.net/campus/runge-hs-128903001
3321,7185,271,037907002,Rusk HS,Rusk ISD,B,78,594,https://txschools.net/campus/rusk-hs-037907002
3321,7185,271,061901002,Ryan HS,Denton ISD,B,78,2095,https://txschools.net/campus/ryan-hs-061901002
3321,7185,271,220918004,Saginaw HS,Eagle Mt-Saginaw ISD,B,78,1852,https://txschools.net/campus/saginaw-hs-220918004
3321,7185,271,014908001,Salado HS,Salado ISD,B,78,841,https://txschools.net/campus/salado-hs-014908001
3321,7185,271,108908113,Salinas Elem,Mission CISD,B,78,396,https://txschools.net/campus/salinas-elem-108908113
3321,7185,271,057909043,Sam Houston MS,Garland ISD,C,78,729,https://txschools.net/campus/sam-houston-ms-057909043
3321,7185,271,220905161,Sam Rosen Elem,Fort Worth ISD,C,78,379,https://txschools.net/campus/sam-rosen-elem-220905161
3321,7185,271,101917045,San Jacinto Int,Pasadena ISD,B,78,537,https://txschools.net/campus/san-jacinto-int-101917045
3321,7185,271,117903101,Sanford-Fritch Elem,Sanford-Fritch ISD,B,78,321,https://txschools.net/campus/sanford-fritch-elem-117903101
3321,7185,271,246908042,Santa Rita MS,Liberty Hill ISD,B,78,1422,https://txschools.net/campus/santa-rita-ms-246908042
3321,7185,271,020901113,Savannah Lakes Elem,Alvin ISD,C,78,754,https://txschools.net/campus/savannah-lakes-elem-020901113
3321,7185,271,015907164,Schenck Elem,San Antonio ISD,B,78,762,https://txschools.net/campus/schenck-elem-015907164
3321,7185,271,043905110,Shawnee Trail Elem,Frisco ISD,B,78,457,https://txschools.net/campus/shawnee-trail-elem-043905110
3321,7185,271,091906002,Sherman HS,Sherman ISD,B,78,2060,https://txschools.net/campus/sherman-hs-091906002
3321,7185,271,143903101,Shiner Elem,Shiner ISD,B,78,385,https://txschools.net/campus/shiner-elem-143903101
3321,7185,271,220912110,Sidney H Poynter,Crowley ISD,C,78,430,https://txschools.net/campus/sidney-h-poynter-220912110
3321,7185,271,220915106,Silver Creek Elem,Azle ISD,B,78,457,https://txschools.net/campus/silver-creek-elem-220915106
3321,7185,271,205906105,Sinton Elem,Sinton ISD,C,78,454,https://txschools.net/campus/sinton-elem-205906105
3321,7185,271,249908001,Slidell Schools,Slidell ISD,B,78,515,https://txschools.net/campus/slidell-schools-249908001
3321,7185,271,218901103,Sonora Elem,Sonora ISD,C,78,345,https://txschools.net/campus/sonora-elem-218901103
3321,7185,271,108904044,South MS,Edinburg CISD,B,78,1223,https://txschools.net/campus/south-ms-108904044
3321,7185,271,085903001,Southland School,Southland ISD,B,78,145,https://txschools.net/campus/southland-school-085903001
3321,7185,271,015917001,Southside HS,Southside ISD,B,78,1726,https://txschools.net/campus/southside-hs-015917001
3321,7185,271,015912005,Southwest Legacy HS,Southwest ISD,B,78,2241,https://txschools.net/campus/southwest-legacy-hs-015912005
3321,7185,271,015916110,Spring Meadows Elem,Judson ISD,C,78,279,https://txschools.net/campus/spring-meadows-elem-015916110
3321,7185,271,229905101,Spurger Elem,Spurger ISD,C,78,220,https://txschools.net/campus/spurger-elem-229905101
3321,7185,271,229905001,Spurger HS,Spurger ISD,B,78,155,https://txschools.net/campus/spurger-hs-229905001
3321,7185,271,021902041,Stephen F Austin,Bryan ISD,C,78,1205,https://txschools.net/campus/stephen-f-austin-021902041
3321,7185,271,057910101,Stephen F Austin Environmental Science Academy,Grand Prairie ISD,B,78,583,https://txschools.net/campus/stephen-f-austin-environmental-science-academy-057910101
3321,7185,271,105906108,Susie Fuentes Elem,Hays CISD,B,78,486,https://txschools.net/campus/susie-fuentes-elem-105906108
3321,7185,271,057905213,T G Terry Elem,Dallas ISD,C,78,373,https://txschools.net/campus/t-g-terry-elem-057905213
3321,7185,271,101912039,T H Rogers School,Houston ISD,A,78,1108,https://txschools.net/campus/t-h-rogers-school-101912039
3321,7185,271,020905108,T W Ogg Elem,Brazosport ISD,B,78,516,https://txschools.net/campus/t-w-ogg-elem-020905108
3321,7185,271,108912113,Tabasco Elem,La Joya ISD,B,78,509,https://txschools.net/campus/tabasco-elem-108912113
3321,7185,271,015915007,Taft HS,Northside ISD,B,78,2531,https://txschools.net/campus/taft-hs-015915007
3321,7185,271,246913128,Tarvin Elem,Leander ISD,B,78,863,https://txschools.net/campus/tarvin-elem-246913128
3321,7185,271,210904002,Tenaha Schools,Tenaha ISD,C,78,402,https://txschools.net/campus/tenaha-schools-210904002
3321,7185,271,236902008,Texas Online Preparatory HS,Huntsville ISD,B,78,2751,https://txschools.net/campus/texas-online-preparatory-hs-236902008
3321,7185,271,108912010,Thelma Rosa Salinas STEM Early College HS,La Joya ISD,A,78,206,https://txschools.net/campus/thelma-rosa-salinas-stem-early-college-hs-108912010
3321,7185,271,043910117,Thomas Elem,Plano ISD,C,78,644,https://txschools.net/campus/thomas-elem-043910117
3321,7185,271,057905007,Thomas Jefferson HS,Dallas ISD,B,78,1495,https://txschools.net/campus/thomas-jefferson-hs-057905007
3321,7185,271,101920123,Thornwood Elem,Spring Branch ISD,B,78,383,https://txschools.net/campus/thornwood-elem-101920123
3321,7185,271,108904119,Truman Elem,Edinburg CISD,B,78,675,https://txschools.net/campus/truman-elem-108904119
3321,7185,271,101917132,Turner Elem,Pasadena ISD,C,78,486,https://txschools.net/campus/turner-elem-101917132
3321,7185,271,014906051,Union Grove MS,Killeen ISD,C,78,718,https://txschools.net/campus/union-grove-ms-014906051
3321,7185,271,061901128,Union Park Elem,Denton ISD,C,78,704,https://txschools.net/campus/union-park-elem-061901128
3321,7185,271,199901045,Ursula Rakow MS,Rockwall ISD,B,78,1097,https://txschools.net/campus/ursula-rakow-ms-199901045
3321,7185,271,170908109,Valley Ranch Elem,New Caney ISD,C,78,746,https://txschools.net/campus/valley-ranch-elem-170908109
3321,7185,271,246904107,Village Elem,Georgetown ISD,B,78,451,https://txschools.net/campus/village-elem-246904107
3321,7185,271,170904107,W Lloyd Meador Elem,Willis ISD,C,78,760,https://txschools.net/campus/w-lloyd-meador-elem-170904107
3321,7185,271,199902105,W R (Bill) Fort Elem,Royse City ISD,C,78,672,https://txschools.net/campus/w-r-bill-fort-elem-199902105
3321,7185,271,226906041,Wall MS,Wall ISD,B,78,457,https://txschools.net/campus/wall-ms-226906041
3321,7185,271,084910115,Walter Hall Elem,Clear Creek ISD,B,78,564,https://txschools.net/campus/walter-hall-elem-084910115
3321,7185,271,015915148,Wanke Elem,Northside ISD,C,78,577,https://txschools.net/campus/wanke-elem-015915148
3321,7185,271,220918041,Wayside MS,Eagle Mt-Saginaw ISD,C,78,1195,https://txschools.net/campus/wayside-ms-220918041
3321,7185,271,044902001,Wellington HS,Wellington ISD,B,78,168,https://txschools.net/campus/wellington-hs-044902001
3321,7185,271,014909114,Western Hills Elem,Temple ISD,C,78,391,https://txschools.net/campus/western-hills-elem-014909114
3321,7185,271,108916104,Wilbur E Lucas Elem,Valley View ISD,B,78,526,https://txschools.net/campus/wilbur-e-lucas-elem-108916104
3321,7185,271,057907104,William Lee Hastings Elem,Duncanville ISD,B,78,566,https://txschools.net/campus/william-lee-hastings-elem-057907104
3321,7185,271,015916114,William Paschall Elem,Judson ISD,C,78,659,https://txschools.net/campus/william-paschall-elem-015916114
3321,7185,271,079901122,William Velasquez Elem,Lamar CISD,C,78,463,https://txschools.net/campus/william-velasquez-elem-079901122
3321,7185,271,101917120,Williams Elem,Pasadena ISD,B,78,436,https://txschools.net/campus/williams-elem-101917120
3321,7185,271,246904111,Williams Elem,Georgetown ISD,C,78,781,https://txschools.net/campus/williams-elem-246904111
3321,7185,271,178903106,Wilma Magee Int,Calallen ISD,B,78,407,https://txschools.net/campus/wilma-magee-int-178903106
3321,7185,271,043905090,Wortham Int,Frisco ISD,B,78,758,https://txschools.net/campus/wortham-int-043905090
3321,7185,271,101915043,Wunderlich Int,Klein ISD,B,78,1305,https://txschools.net/campus/wunderlich-int-101915043
3321,7185,271,025906001,Zephyr School,Zephyr ISD,B,78,217,https://txschools.net/campus/zephyr-school-025906001
3593,7185,225,178904057,Adkins MS,Corpus Christi ISD,B,79,447,https://txschools.net/campus/adkins-ms-178904057
3593,7185,225,101902001,Aldine HS,Aldine ISD,B,79,2282,https://txschools.net/campus/aldine-hs-101902001
3593,7185,225,061901104,Alice Moore Alexander,Denton ISD,C,79,575,https://txschools.net/campus/alice-moore-alexander-061901104
3593,7185,225,031912117,Angela Gerusa Leal Elem,San Benito CISD,B,79,303,https://txschools.net/campus/angela-gerusa-leal-elem-031912117
3593,7185,225,057905353,Ann Richards STEAM Academy,Dallas ISD,B,79,919,https://txschools.net/campus/ann-richards-steam-academy-057905353
3593,7185,225,101913126,Atascocita Springs Elem,Humble ISD,B,79,871,https://txschools.net/campus/atascocita-springs-elem-101913126
3593,7185,225,220901132,Atherton Elem,Arlington ISD,C,79,469,https://txschools.net/campus/atherton-elem-220901132
3593,7185,225,014906052,Audie Murphy MS,Killeen ISD,C,79,788,https://txschools.net/campus/audie-murphy-ms-014906052
3593,7185,225,057922103,Austin Elem,Coppell ISD,B,79,517,https://txschools.net/campus/austin-elem-057922103
3593,7185,225,079907126,Austin Parkway Elem,Fort Bend ISD,B,79,533,https://txschools.net/campus/austin-parkway-elem-079907126
3593,7185,225,200901101,Ballinger Elem,Ballinger ISD,B,79,394,https://txschools.net/campus/ballinger-elem-200901101
3593,7185,225,101912467,Baylor College of Medicine Academy at Ryan,Houston ISD,B,79,335,https://txschools.net/campus/baylor-college-of-medicine-academy-at-ryan-101912467
3593,7185,225,101911041,Baytown JH,Goose Creek CISD,B,79,671,https://txschools.net/campus/baytown-jh-101911041
3593,7185,225,220916102,Bellaire Elem,Hurst-Euless-Bedford ISD,B,79,660,https://txschools.net/campus/bellaire-elem-220916102
3593,7185,225,092904104,Birch Elem,Pine Tree ISD,B,79,633,https://txschools.net/campus/birch-elem-092904104
3593,7185,225,101907148,Black Elem,Cypress-Fairbanks ISD,B,79,997,https://txschools.net/campus/black-elem-101907148
3593,7185,225,108906127,Blanca E Sanchez,McAllen ISD,B,79,492,https://txschools.net/campus/blanca-e-sanchez-108906127
3593,7185,225,020901119,Bob and Betty Nelson Elem,Alvin ISD,B,79,703,https://txschools.net/campus/bob-and-betty-nelson-elem-020901119
3593,7185,225,249902110,Boyd Int,Boyd ISD,C,79,228,https://txschools.net/campus/boyd-int-249902110
3593,7185,225,092903127,Bramlette STEAM Academy,Longview ISD,B,79,418,https://txschools.net/campus/bramlette-steam-academy-092903127
3593,7185,225,079907136,Brazos Bend Elem,Fort Bend ISD,B,79,714,https://txschools.net/campus/brazos-bend-elem-079907136
3593,7185,225,239901001,Brenham HS,Brenham ISD,B,79,1516,https://txschools.net/campus/brenham-hs-239901001
3593,7185,225,220920001,Brewer HS,White Settlement ISD,B,79,2081,https://txschools.net/campus/brewer-hs-220920001
3593,7185,225,108904102,Brewster Elem,Edinburg CISD,B,79,349,https://txschools.net/campus/brewster-elem-108904102
3593,7185,225,105906114,Camino Real Elem,Hays CISD,C,79,781,https://txschools.net/campus/camino-real-elem-105906114
3593,7185,225,220906101,Cannon Elem,Grapevine-Colleyville ISD,B,79,459,https://txschools.net/campus/cannon-elem-220906101
3593,7185,225,101912292,Carrillo Elem,Houston ISD,B,79,302,https://txschools.net/campus/carrillo-elem-101912292
3593,7185,225,043905127,Carroll Elem,Frisco ISD,B,79,534,https://txschools.net/campus/carroll-elem-043905127
3593,7185,225,161914105,Cedar Ridge Elem,Waco ISD,B,79,399,https://txschools.net/campus/cedar-ridge-elem-161914105
3593,7185,225,014906124,Cedar Valley Elem,Killeen ISD,B,79,520,https://txschools.net/campus/cedar-valley-elem-014906124
3593,7185,225,145902101,Centerville Elem,Centerville ISD,C,79,339,https://txschools.net/campus/centerville-elem-145902101
3593,7185,225,092902101,Chandler Elem,Kilgore ISD,B,79,479,https://txschools.net/campus/chandler-elem-092902101
3593,7185,225,038901041,Childress JH,Childress ISD,B,79,188,https://txschools.net/campus/childress-jh-038901041
3593,7185,225,220918006,Chisholm Trail HS,Eagle Mt-Saginaw ISD,B,79,2175,https://txschools.net/campus/chisholm-trail-hs-220918006
3593,7185,225,139905001,Chisum HS,Chisum ISD,C,79,327,https://txschools.net/campus/chisum-hs-139905001
3593,7185,225,191901112,City View Elem,Canyon ISD,B,79,642,https://txschools.net/campus/city-view-elem-191901112
3593,7185,225,065901001,Clarendon HS,Clarendon ISD,B,79,114,https://txschools.net/campus/clarendon-hs-065901001
3593,7185,225,057909163,Club Hill STEM Elem,Garland ISD,B,79,422,https://txschools.net/campus/club-hill-stem-elem-057909163
3593,7185,225,101912123,Codwell Elem,Houston ISD,C,79,361,https://txschools.net/campus/codwell-elem-101912123
3593,7185,225,042901041,Coleman JH,Coleman ISD,B,79,224,https://txschools.net/campus/coleman-jh-042901041
3593,7185,225,091902001,Collinsville HS,Collinsville ISD,B,79,320,https://txschools.net/campus/collinsville-hs-091902001
3593,7185,225,046902128,Comal Creek Elem,Comal ISD,C,79,470,https://txschools.net/campus/comal-creek-elem-046902128
3593,7185,225,043918043,Community Trails MS,Community ISD,C,79,576,https://txschools.net/campus/community-trails-ms-043918043
3593,7185,225,101912358,Cook Jr Elem,Houston ISD,B,79,451,https://txschools.net/campus/cook-jr-elem-101912358
3593,7185,225,057909107,Cooper Elem,Garland ISD,C,79,347,https://txschools.net/campus/cooper-elem-057909107
3593,7185,225,057909164,Couch Collegiate Prep Elem,Garland ISD,C,79,533,https://txschools.net/campus/couch-collegiate-prep-elem-057909164
3593,7185,225,227901183,Cowan Elem,Austin ISD,B,79,551,https://txschools.net/campus/cowan-elem-227901183
3593,7185,225,061911048,Cw Worthington MS,Northwest ISD,B,79,1288,https://txschools.net/campus/cw-worthington-ms-061911048
3593,7185,225,220908109,D P Morris Elem,Mansfield ISD,C,79,467,https://txschools.net/campus/d-p-morris-elem-220908109
3593,7185,225,084909104,Dan J Kubacak Elem,Santa Fe ISD,B,79,716,https://txschools.net/campus/dan-j-kubacak-elem-084909104
3593,7185,225,165901106,De Zavala Elem,Midland ISD,B,79,469,https://txschools.net/campus/de-zavala-elem-165901106
3593,7185,225,043907120,Dean and Mildred Bennett Elem,McKinney ISD,B,79,403,https://txschools.net/campus/dean-and-mildred-bennett-elem-043907120
3593,7185,225,020901110,Don Jeter Elem,Alvin ISD,C,79,749,https://txschools.net/campus/don-jeter-elem-020901110
3593,7185,225,199901105,Doris Cullins-Lake Pointe Elem,Rockwall ISD,C,79,424,https://txschools.net/campus/doris-cullins-lake-pointe-elem-199901105
3593,7185,225,071902170,Dr Josefina Villamil Tinajero PK-8,El Paso ISD,B,79,1150,https://txschools.net/campus/dr-josefina-villamil-tinajero-pk-8-071902170
3593,7185,225,171901041,Dumas JH,Dumas ISD,C,79,592,https://txschools.net/campus/dumas-jh-171901041
3593,7185,225,220918008,Eagle Mountain HS,Eagle Mt-Saginaw ISD,B,79,1302,https://txschools.net/campus/eagle-mountain-hs-220918008
3593,7185,225,159901041,Eagle Pass JH,Eagle Pass ISD,B,79,1084,https://txschools.net/campus/eagle-pass-jh-159901041
3593,7185,225,067903041,Eastland MS,Eastland ISD,B,79,197,https://txschools.net/campus/eastland-ms-067903041
3593,7185,225,108904001,Edinburg HS,Edinburg CISD,B,79,2107,https://txschools.net/campus/edinburg-hs-108904001
3593,7185,225,220908114,Elizabeth Smith Elem,Mansfield ISD,B,79,629,https://txschools.net/campus/elizabeth-smith-elem-220908114
3593,7185,225,108912109,Elodia R Chapa Elem,La Joya ISD,C,79,437,https://txschools.net/campus/elodia-r-chapa-elem-108912109
3593,7185,225,057907102,Fairmeadows Elem,Duncanville ISD,B,79,529,https://txschools.net/campus/fairmeadows-elem-057907102
3593,7185,225,057914116,Floyd Elem,Mesquite ISD,B,79,528,https://txschools.net/campus/floyd-elem-057914116
3593,7185,225,101912271,Foerster Elem,Houston ISD,B,79,493,https://txschools.net/campus/foerster-elem-101912271
3593,7185,225,057916047,Forest Meadow MS,Richardson ISD,B,79,1239,https://txschools.net/campus/forest-meadow-ms-057916047
3593,7185,225,101913104,Foster Elem,Humble ISD,B,79,319,https://txschools.net/campus/foster-elem-101913104
3593,7185,225,161912101,Foster Elem,Riesel ISD,B,79,358,https://txschools.net/campus/foster-elem-161912101
3593,7185,225,001904102,Frankston Elem,Frankston ISD,B,79,372,https://txschools.net/campus/frankston-elem-001904102
3593,7185,225,108904112,Freddy Gonzalez Elem,Edinburg CISD,B,79,498,https://txschools.net/campus/freddy-gonzalez-elem-108904112
3593,7185,225,086901102,Fredericksburg Elem,Fredericksburg ISD,B,79,722,https://txschools.net/campus/fredericksburg-elem-086901102
3593,7185,225,246904103,Frost Elem,Georgetown ISD,B,79,403,https://txschools.net/campus/frost-elem-246904103
3593,7185,225,166902101,Gause Elem,Gause ISD,B,79,149,https://txschools.net/campus/gause-elem-166902101
3593,7185,225,165901135,General Tommy Franks Elem,Midland ISD,B,79,542,https://txschools.net/campus/general-tommy-franks-elem-165901135
3593,7185,225,240903045,George Washington MS,United ISD,B,79,571,https://txschools.net/campus/george-washington-ms-240903045
3593,7185,225,015904107,Gillette Elem,Harlandale ISD,C,79,510,https://txschools.net/campus/gillette-elem-015904107
3593,7185,225,101902106,Goodman Elem,Aldine ISD,C,79,515,https://txschools.net/campus/goodman-elem-101902106
3593,7185,225,220906109,Grapevine Elem,Grapevine-Colleyville ISD,B,79,531,https://txschools.net/campus/grapevine-elem-220906109
3593,7185,225,020905114,Griffith Elem,Brazosport ISD,B,79,497,https://txschools.net/campus/griffith-elem-020905114
3593,7185,225,071902118,Hart Elem,El Paso ISD,B,79,319,https://txschools.net/campus/hart-elem-071902118
3593,7185,225,208901001,Hermleigh School,Hermleigh ISD,B,79,265,https://txschools.net/campus/hermleigh-school-208901001
3593,7185,225,019902002,Hooks HS,Hooks ISD,B,79,315,https://txschools.net/campus/hooks-hs-019902002
3593,7185,225,235902105,Hopkins Elem,Victoria ISD,B,79,385,https://txschools.net/campus/hopkins-elem-235902105
3593,7185,225,079901121,Irma Dru Hutchison Elem,Lamar CISD,B,79,508,https://txschools.net/campus/irma-dru-hutchison-elem-079901121
3593,7185,225,070908107,J A Vitovsky Elem,Midlothian ISD,C,79,681,https://txschools.net/campus/j-a-vitovsky-elem-070908107
3593,7185,225,043907122,J B Wilmeth Elem,McKinney ISD,B,79,440,https://txschools.net/campus/j-b-wilmeth-elem-043907122
3593,7185,225,220908105,J L Boren Elem,Mansfield ISD,B,79,607,https://txschools.net/campus/j-l-boren-elem-220908105
3593,7185,225,101913117,Jack M Fields Sr Elem,Humble ISD,B,79,587,https://txschools.net/campus/jack-m-fields-sr-elem-101913117
3593,7185,225,108906107,Jackson Elem,McAllen ISD,B,79,514,https://txschools.net/campus/jackson-elem-108906107
3593,7185,225,043901112,James and Margie Marion Elem,Allen ISD,B,79,651,https://txschools.net/campus/james-and-margie-marion-elem-043901112
3593,7185,225,057905112,James Bowie Elem,Dallas ISD,B,79,332,https://txschools.net/campus/james-bowie-elem-057905112
3593,7185,225,084910104,James H Ross Elem,Clear Creek ISD,B,79,503,https://txschools.net/campus/james-h-ross-elem-084910104
3593,7185,225,015915055,Jefferson MS,Northside ISD,B,79,933,https://txschools.net/campus/jefferson-ms-015915055
3593,7185,225,057916129,Jess Harben Elem,Richardson ISD,B,79,391,https://txschools.net/campus/jess-harben-elem-057916129
3593,7185,225,246909129,Joe Lee Johnson Elem,Round Rock ISD,B,79,658,https://txschools.net/campus/joe-lee-johnson-elem-246909129
3593,7185,225,108903103,John F Kennedy Fine Arts Academy,Edcouch-Elsa ISD,C,79,367,https://txschools.net/campus/john-f-kennedy-fine-arts-academy-108903103
3593,7185,225,126905001,Joshua HS,Joshua ISD,B,79,1297,https://txschools.net/campus/joshua-hs-126905001
3593,7185,225,092903044,Judson STEAM Academy,Longview ISD,B,79,565,https://txschools.net/campus/judson-steam-academy-092903044
3593,7185,225,227901044,Kealing MS,Austin ISD,A,79,1232,https://txschools.net/campus/kealing-ms-227901044
3593,7185,225,101915045,Kleb Int,Klein ISD,B,79,1200,https://txschools.net/campus/kleb-int-101915045
3593,7185,225,101915101,Kohrville Elem,Klein ISD,B,79,658,https://txschools.net/campus/kohrville-elem-101915101
3593,7185,225,101915113,Krahn Elem,Klein ISD,B,79,723,https://txschools.net/campus/krahn-elem-101915113
3593,7185,225,101915048,Krimmel Intermed,Klein ISD,B,79,1146,https://txschools.net/campus/krimmel-intermed-101915048
3593,7185,225,101915115,Kuehnle Elem,Klein ISD,B,79,725,https://txschools.net/campus/kuehnle-elem-101915115
3593,7185,225,108912007,La Joya Palmview HS,La Joya ISD,B,79,1999,https://txschools.net/campus/la-joya-palmview-hs-108912007
3593,7185,225,227912041,Lago Vista MS,Lago Vista ISD,B,79,411,https://txschools.net/campus/lago-vista-ms-227912041
3593,7185,225,227913101,Lake Travis Elem,Lake Travis ISD,B,79,691,https://txschools.net/campus/lake-travis-elem-227913101
3593,7185,225,061902045,Lamar MS,Lewisville ISD,B,79,669,https://txschools.net/campus/lamar-ms-061902045
3593,7185,225,061911122,Lance Thompson Elem,Northwest ISD,B,79,721,https://txschools.net/campus/lance-thompson-elem-061911122
3593,7185,225,246913127,Larkspur Elem,Leander ISD,C,79,802,https://txschools.net/campus/larkspur-elem-246913127
3593,7185,225,070908108,Larue Miller Elem,Midlothian ISD,B,79,499,https://txschools.net/campus/larue-miller-elem-070908108
3593,7185,225,245901001,Lasara HS,Lasara ISD,C,79,104,https://txschools.net/campus/lasara-hs-245901001
3593,7185,225,101914144,Leonard Elem,Katy ISD,C,79,1006,https://txschools.net/campus/leonard-elem-101914144
3593,7185,225,074909041,Leonard JH,Leonard ISD,B,79,194,https://txschools.net/campus/leonard-jh-074909041
3593,7185,225,057909158,Liberty Grove Elem,Garland ISD,B,79,442,https://txschools.net/campus/liberty-grove-elem-057909158
3593,7185,225,043912105,Light Farms Elem,Prosper ISD,B,79,1042,https://txschools.net/campus/light-farms-elem-043912105
3593,7185,225,226903043,Lone Star MS,San Angelo ISD,C,79,779,https://txschools.net/campus/lone-star-ms-226903043
3593,7185,225,031903120,Long Elem,Harlingen CISD,B,79,451,https://txschools.net/campus/long-elem-031903120
3593,7185,225,152906105,Lubbock-Cooper Central Elem,Lubbock-Cooper ISD,B,79,811,https://txschools.net/campus/lubbock-cooper-central-elem-152906105
3593,7185,225,152906041,Lubbock-Cooper MS,Lubbock-Cooper ISD,B,79,954,https://txschools.net/campus/lubbock-cooper-ms-152906041
3593,7185,225,152906103,Lubbock-Cooper North Elem,Lubbock-Cooper ISD,B,79,839,https://txschools.net/campus/lubbock-cooper-north-elem-152906103
3593,7185,225,108906129,Lucile Hendricks Elem,McAllen ISD,B,79,453,https://txschools.net/campus/lucile-hendricks-elem-108906129
3593,7185,225,129903114,Lucille Nash Elem,Kaufman ISD,C,79,519,https://txschools.net/campus/lucille-nash-elem-129903114
3593,7185,225,101912128,Lyons Elem,Houston ISD,B,79,728,https://txschools.net/campus/lyons-elem-101912128
3593,7185,225,107906106,Malakoff Int,Malakoff ISD,B,79,239,https://txschools.net/campus/malakoff-int-107906106
3593,7185,225,043901106,Max O Vaughan Elem,Allen ISD,B,79,642,https://txschools.net/campus/max-o-vaughan-elem-043901106
3593,7185,225,061901106,McNair Elem,Denton ISD,B,79,621,https://txschools.net/campus/mcnair-elem-061901106
3593,7185,225,101912227,McNamara Elem,Houston ISD,B,79,808,https://txschools.net/campus/mcnamara-elem-101912227
3593,7185,225,014906108,Meadows Elem,Killeen ISD,C,79,965,https://txschools.net/campus/meadows-elem-014906108
3593,7185,225,101917140,Melillo MS,Pasadena ISD,B,79,655,https://txschools.net/campus/melillo-ms-101917140
3593,7185,225,188901134,Mesa Verde Elem,Amarillo ISD,C,79,397,https://txschools.net/campus/mesa-verde-elem-188901134
3593,7185,225,101903144,Miller Int,Alief ISD,B,79,748,https://txschools.net/campus/miller-int-101903144
3593,7185,225,184904041,Millsap MS,Millsap ISD,B,79,269,https://txschools.net/campus/millsap-ms-184904041
3593,7185,225,057914126,Moss Elem,Mesquite ISD,B,79,291,https://txschools.net/campus/moss-elem-057914126
3593,7185,225,057914107,Motley Elem,Mesquite ISD,B,79,233,https://txschools.net/campus/motley-elem-057914107
3593,7185,225,101915126,Mueller Elem,Klein ISD,C,79,439,https://txschools.net/campus/mueller-elem-101915126
3593,7185,225,138903001,Munday Secondary,Munday CISD,B,79,200,https://txschools.net/campus/munday-secondary-138903001
3593,7185,225,209901101,Nancy Smith Elem,Albany ISD,B,79,246,https://txschools.net/campus/nancy-smith-elem-209901101
3593,7185,225,057905156,Nathaniel Hawthorne Elem,Dallas ISD,B,79,495,https://txschools.net/campus/nathaniel-hawthorne-elem-057905156
3593,7185,225,094903102,Navarro Int,Navarro ISD,B,79,747,https://txschools.net/campus/navarro-int-094903102
3593,7185,225,015915041,Neff MS,Northside ISD,C,79,714,https://txschools.net/campus/neff-ms-015915041
3593,7185,225,240903109,Newman Elem,United ISD,B,79,361,https://txschools.net/campus/newman-elem-240903109
3593,7185,225,129901106,Noble Reed,Crandall ISD,C,79,663,https://txschools.net/campus/noble-reed-129901106
3593,7185,225,145906041,Normangee MS,Normangee ISD,B,79,154,https://txschools.net/campus/normangee-ms-145906041
3593,7185,225,101913103,North Bend Elem,Humble ISD,C,79,753,https://txschools.net/campus/north-bend-elem-101913103
3593,7185,225,071905142,North Star Elem,Ysleta ISD,B,79,557,https://txschools.net/campus/north-star-elem-071905142
3593,7185,225,057916106,O Henry Elem,Richardson ISD,B,79,436,https://txschools.net/campus/o-henry-elem-057916106
3593,7185,225,227901047,O Henry MS,Austin ISD,B,79,657,https://txschools.net/campus/o-henry-ms-227901047
3593,7185,225,101913108,Oaks Elem,Humble ISD,B,79,523,https://txschools.net/campus/oaks-elem-101913108
3593,7185,225,200906101,Olfen School,Olfen ISD,B,79,132,https://txschools.net/campus/olfen-school-200906101
3593,7185,225,227901126,Ortega Elem,Austin ISD,B,79,211,https://txschools.net/campus/ortega-elem-227901126
3593,7185,225,212905109,Owens Elem,Tyler ISD,B,79,717,https://txschools.net/campus/owens-elem-212905109
3593,7185,225,091906108,Parker Elem,Sherman ISD,C,79,419,https://txschools.net/campus/parker-elem-091906108
3593,7185,225,015911103,Pecan Valley Elem,East Central ISD,C,79,456,https://txschools.net/campus/pecan-valley-elem-015911103
3593,7185,225,179901001,Perryton HS,Perryton ISD,B,79,538,https://txschools.net/campus/perryton-hs-179901001
3593,7185,225,108913117,PFC Mario Ybarra Elem,Weslaco ISD,B,79,555,https://txschools.net/campus/pfc-mario-ybarra-elem-108913117
3593,7185,225,125905001,Premont Collegiate HS,Premont ISD,B,79,378,https://txschools.net/campus/premont-collegiate-hs-125905001
3593,7185,225,079907044,Quail Valley MS,Fort Bend ISD,B,79,1039,https://txschools.net/campus/quail-valley-ms-079907044
3593,7185,225,220914103,R F Patterson Elem,Kennedale ISD,B,79,323,https://txschools.net/campus/r-f-patterson-elem-220914103
3593,7185,225,043910127,Rasor Elem,Plano ISD,C,79,301,https://txschools.net/campus/rasor-elem-043910127
3593,7185,225,031912115,Raul Garza Jr STEAM Academy,San Benito CISD,B,79,444,https://txschools.net/campus/raul-garza-jr-steam-academy-031912115
3593,7185,225,019906101,Redwater Elem,Redwater ISD,B,79,323,https://txschools.net/campus/redwater-elem-019906101
3593,7185,225,101917115,Richey Elem,Pasadena ISD,C,79,466,https://txschools.net/campus/richey-elem-101917115
3593,7185,225,220905156,Ridglea Hills Elem,Fort Worth ISD,C,79,697,https://txschools.net/campus/ridglea-hills-elem-220905156
3593,7185,225,057903123,Riverchase Ele,Carrollton-Farmers Branch ISD,C,79,464,https://txschools.net/campus/riverchase-ele-057903123
3593,7185,225,043919104,Robert L Puster Elem,Lovejoy ISD,A,79,506,https://txschools.net/campus/robert-l-puster-elem-043919104
3593,7185,225,161922103,Robinson Int,Robinson ISD,B,79,577,https://txschools.net/campus/robinson-int-161922103
3593,7185,225,108911104,Romulo D Martinez Elem,Sharyland ISD,B,79,510,https://txschools.net/campus/romulo-d-martinez-elem-108911104
3593,7185,225,057905264,Ronald E McNair Elem,Dallas ISD,B,79,512,https://txschools.net/campus/ronald-e-mcnair-elem-057905264
3593,7185,225,101921110,Rosehill Elem,Tomball ISD,B,79,772,https://txschools.net/campus/rosehill-elem-101921110
3593,7185,225,227904115,Rowe Lane Elem,Pflugerville ISD,B,79,707,https://txschools.net/campus/rowe-lane-elem-227904115
3593,7185,225,125901105,Saenz Elem,Alice ISD,B,79,453,https://txschools.net/campus/saenz-elem-125901105
3593,7185,225,240903044,Salvador Garcia MS,United ISD,B,79,381,https://txschools.net/campus/salvador-garcia-ms-240903044
3593,7185,225,203901102,San Augustine Elem,San Augustine ISD,B,79,312,https://txschools.net/campus/san-augustine-elem-203901102
3593,7185,225,246908105,Santa Rita Elem,Liberty Hill ISD,B,79,696,https://txschools.net/campus/santa-rita-elem-246908105
3593,7185,225,015909105,Savannah Heights Int,Somerset ISD,B,79,614,https://txschools.net/campus/savannah-heights-int-015909105
3593,7185,225,108907102,Sgt William G Harrell Elem,Mercedes ISD,B,79,424,https://txschools.net/campus/sgt-william-g-harrell-elem-108907102
3593,7185,225,043910108,Shepard Elem,Plano ISD,B,79,394,https://txschools.net/campus/shepard-elem-043910108
3593,7185,225,100904106,Silsbee Elem,Silsbee ISD,B,79,844,https://txschools.net/campus/silsbee-elem-100904106
3593,7185,225,014906136,Skipcha Elem,Killeen ISD,B,79,883,https://txschools.net/campus/skipcha-elem-014906136
3593,7185,225,152903042,Slaton JH,Slaton ISD,C,79,272,https://txschools.net/campus/slaton-jh-152903042
3593,7185,225,043905104,Smith Elem,Frisco ISD,B,79,579,https://txschools.net/campus/smith-elem-043905104
3593,7185,225,184902001,Springtown HS,Springtown ISD,B,79,1168,https://txschools.net/campus/springtown-hs-184902001
3593,7185,225,043905049,Stafford MS,Frisco ISD,B,79,896,https://txschools.net/campus/stafford-ms-043905049
3593,7185,225,127906041,Stamford MS,Stamford ISD,B,79,128,https://txschools.net/campus/stamford-ms-127906041
3593,7185,225,061902117,STEM Academy at Donald Elem,Lewisville ISD,B,79,604,https://txschools.net/campus/stem-academy-at-donald-elem-061902117
3593,7185,225,101912014,Sterling HS,Houston ISD,B,79,1037,https://txschools.net/campus/sterling-hs-101912014
3593,7185,225,015904105,Stonewall/Flanders Elem,Harlandale ISD,B,79,590,https://txschools.net/campus/stonewall-flanders-elem-015904105
3593,7185,225,031903111,Stuart Place Elem,Harlingen CISD,B,79,626,https://txschools.net/campus/stuart-place-elem-031903111
3593,7185,225,031912110,Sullivan Environmental Science Academy,San Benito CISD,B,79,381,https://txschools.net/campus/sullivan-environmental-science-academy-031912110
3593,7185,225,101914110,Sundown Elem,Katy ISD,C,79,646,https://txschools.net/campus/sundown-elem-101914110
3593,7185,225,020906041,Sweeny JH,Sweeny ISD,B,79,410,https://txschools.net/campus/sweeny-jh-020906041
3593,7185,225,079901116,T L Pink Elem,Lamar CISD,B,79,420,https://txschools.net/campus/t-l-pink-elem-079901116
3593,7185,225,057905043,T W Browne MS,Dallas ISD,B,79,481,https://txschools.net/campus/t-w-browne-ms-057905043
3593,7185,225,246911001,Taylor HS,Taylor ISD,B,79,850,https://txschools.net/campus/taylor-hs-246911001
3593,7185,225,158901102,Tenie Holmes Elem,Bay City ISD,C,79,703,https://txschools.net/campus/tenie-holmes-elem-158901102
3593,7185,225,152907042,Terra Vista MS,Frenship ISD,B,79,778,https://txschools.net/campus/terra-vista-ms-152907042
3593,7185,225,079901148,Terrell Elem,Lamar CISD,B,79,694,https://txschools.net/campus/terrell-elem-079901148
3593,7185,225,101916002,The Academy of Viola Dewalt HS,La Porte ISD,B,79,112,https://txschools.net/campus/the-academy-of-viola-dewalt-hs-101916002
3593,7185,225,061902004,The Colony HS,Lewisville ISD,C,79,1724,https://txschools.net/campus/the-colony-hs-061902004
3593,7185,225,057905183,Thomas L Marsalis Elem STEAM Academy,Dallas ISD,B,79,400,https://txschools.net/campus/thomas-l-marsalis-elem-steam-academy-057905183
3593,7185,225,079901143,Thomas R Culver Elem,Lamar CISD,B,79,840,https://txschools.net/campus/thomas-r-culver-elem-079901143
3593,7185,225,158902041,Tidehaven Int,Tidehaven ISD,B,79,229,https://txschools.net/campus/tidehaven-int-158902041
3593,7185,225,227904103,Timmerman Elem,Pflugerville ISD,B,79,387,https://txschools.net/campus/timmerman-elem-227904103
3593,7185,225,133903001,Tivy HS,Kerrville ISD,B,79,1270,https://txschools.net/campus/tivy-hs-133903001
3593,7185,225,220916002,Trinity HS,Hurst-Euless-Bedford ISD,B,79,2733,https://txschools.net/campus/trinity-hs-220916002
3593,7185,225,015910144,Tuscany Heights,North East ISD,B,79,572,https://txschools.net/campus/tuscany-heights-015910144
3593,7185,225,230908041,Union Grove JH,Union Grove ISD,B,79,108,https://txschools.net/campus/union-grove-jh-230908041
3593,7185,225,031901047,Vela MS,Brownsville ISD,B,79,666,https://txschools.net/campus/vela-ms-031901047
3593,7185,225,014906126,Venable Village Elem,Killeen ISD,C,79,533,https://txschools.net/campus/venable-village-elem-014906126
3593,7185,225,126908001,Venus HS,Venus ISD,B,79,665,https://txschools.net/campus/venus-hs-126908001
3593,7185,225,031901117,Villa Nueva Elem,Brownsville ISD,B,79,352,https://txschools.net/campus/villa-nueva-elem-031901117
3593,7185,225,108904124,Villarreal Elem,Edinburg CISD,B,79,512,https://txschools.net/campus/villarreal-elem-108904124
3593,7185,225,130901043,Voss MS,Boerne ISD,B,79,778,https://txschools.net/campus/voss-ms-130901043
3593,7185,225,243903041,W F George MS,Iowa Park CISD,B,79,464,https://txschools.net/campus/w-f-george-ms-243903041
3593,7185,225,057905021,W T White HS,Dallas ISD,B,79,1944,https://txschools.net/campus/w-t-white-hs-057905021
3593,7185,225,184907105,Walsh Elem,Aledo ISD,B,79,625,https://txschools.net/campus/walsh-elem-184907105
3593,7185,225,220905177,Westcliff Elem,Fort Worth ISD,B,79,493,https://txschools.net/campus/westcliff-elem-220905177
3593,7185,225,108908042,White JH,Mission CISD,B,79,793,https://txschools.net/campus/white-jh-108908042
3593,7185,225,246913101,Whitestone Elem,Leander ISD,C,79,769,https://txschools.net/campus/whitestone-elem-246913101
3593,7185,225,057905185,William B Miller Elem,Dallas ISD,B,79,250,https://txschools.net/campus/william-b-miller-elem-057905185
3593,7185,225,102902108,Wm B Travis Elem,Marshall ISD,B,79,474,https://txschools.net/campus/wm-b-travis-elem-102902108
3593,7185,225,101902110,Worsham Elem,Aldine ISD,B,79,592,https://txschools.net/campus/worsham-elem-101902110
3593,7185,225,101907109,Yeager Elem,Cypress-Fairbanks ISD,B,79,700,https://txschools.net/campus/yeager-elem-101907109
3593,7185,225,015907177,Young Men's Leadership Academy,San Antonio ISD,B,79,217,https://txschools.net/campus/young-men-s-leadership-academy-015907177
3593,7185,225,031903114,Zavala Elem,Harlingen CISD,B,79,303,https://txschools.net/campus/zavala-elem-031903114
3819,7185,130,249901041,Alvord MS,Alvord ISD,B,80,183,https://txschools.net/campus/alvord-ms-249901041
3819,7185,130,057909140,Back Elem,Garland ISD,B,80,417,https://txschools.net/campus/back-elem-057909140
3819,7185,130,014903001,Belton HS,Belton ISD,B,80,1736,https://txschools.net/campus/belton-hs-014903001
3819,7185,130,043912118,Betty Jackson Elem,Prosper ISD,B,80,548,https://txschools.net/campus/betty-jackson-elem-043912118
3819,7185,130,043917001,Blue Ridge HS,Blue Ridge ISD,B,80,306,https://txschools.net/campus/blue-ridge-hs-043917001
3819,7185,130,246909118,Bluebonnet Elem,Round Rock ISD,B,80,368,https://txschools.net/campus/bluebonnet-elem-246909118
3819,7185,130,071902059,Bobby Joe Hill PK-8,El Paso ISD,B,80,771,https://txschools.net/campus/bobby-joe-hill-pk-8-071902059
3819,7185,130,043901110,Bolin Elem,Allen ISD,B,80,542,https://txschools.net/campus/bolin-elem-043901110
3819,7185,130,057911102,Bradfield Elem,Highland Park ISD,A,80,596,https://txschools.net/campus/bradfield-elem-057911102
3819,7185,130,249903001,Bridgeport HS,Bridgeport ISD,B,80,633,https://txschools.net/campus/bridgeport-hs-249903001
3819,7185,130,184909101,Brock Int,Brock ISD,B,80,547,https://txschools.net/campus/brock-int-184909101
3819,7185,130,015910142,Bulverde Creek,North East ISD,B,80,828,https://txschools.net/campus/bulverde-creek-015910142
3819,7185,130,057905155,C A Tatum Jr Elem,Dallas ISD,B,80,418,https://txschools.net/campus/c-a-tatum-jr-elem-057905155
3819,7185,130,159901004,C C Winn HS,Eagle Pass ISD,B,80,1781,https://txschools.net/campus/c-c-winn-hs-159901004
3819,7185,130,108908108,Cantu Elem,Mission CISD,B,80,516,https://txschools.net/campus/cantu-elem-108908108
3819,7185,130,101902122,Carmichael Elem,Aldine ISD,B,80,614,https://txschools.net/campus/carmichael-elem-101902122
3819,7185,130,220919001,Carroll Senior HS,Carroll ISD,A,80,1377,https://txschools.net/campus/carroll-senior-hs-220919001
3819,7185,130,220908106,Charlotte Anderson Preparatory Academy,Mansfield ISD,B,80,421,https://txschools.net/campus/charlotte-anderson-preparatory-academy-220908106
3819,7185,130,015915005,Clark HS,Northside ISD,C,80,2637,https://txschools.net/campus/clark-hs-015915005
3819,7185,130,084910051,Clear Creek Int,Clear Creek ISD,B,80,666,https://txschools.net/campus/clear-creek-int-084910051
3819,7185,130,031903041,Coakley MS,Harlingen CISD,B,80,627,https://txschools.net/campus/coakley-ms-031903041
3819,7185,130,147901001,Coolidge HS,Coolidge ISD,B,80,162,https://txschools.net/campus/coolidge-hs-147901001
3819,7185,130,227901057,Covington MS,Austin ISD,C,80,625,https://txschools.net/campus/covington-ms-227901057
3819,7185,130,021901109,Creek View Elem,College Station ISD,B,80,426,https://txschools.net/campus/creek-view-elem-021901109
3819,7185,130,170902073,Cryar Int,Conroe ISD,B,80,797,https://txschools.net/campus/cryar-int-170902073
3819,7185,130,112905101,Cumby Collegiate MS,Cumby Collegiate ISD,C,80,184,https://txschools.net/campus/cumby-collegiate-ms-112905101
3819,7185,130,174902001,Cushing School,Cushing ISD,B,80,294,https://txschools.net/campus/cushing-school-174902001
3819,7185,130,101907015,Cypress Park HS,Cypress-Fairbanks ISD,B,80,3048,https://txschools.net/campus/cypress-park-hs-101907015
3819,7185,130,105906046,D J Red Simon MS,Hays CISD,B,80,875,https://txschools.net/campus/d-j-red-simon-ms-105906046
3819,7185,130,251901001,Denver City HS,Denver City ISD,B,80,492,https://txschools.net/campus/denver-city-hs-251901001
3819,7185,130,146903101,Devers Elem,Devers ISD,A,80,148,https://txschools.net/campus/devers-elem-146903101
3819,7185,130,014906056,Dr Jimmie Don Aycock MS,Killeen ISD,C,80,589,https://txschools.net/campus/dr-jimmie-don-aycock-ms-014906056
3819,7185,130,108909124,Dr William Long Elem,Pharr-San Juan-Alamo ISD,B,80,780,https://txschools.net/campus/dr-william-long-elem-108909124
3819,7185,130,048901001,Eden CISD,Eden CISD,B,80,213,https://txschools.net/campus/eden-cisd-048901001
3819,7185,130,015915234,Ellison Elem,Northside ISD,B,80,731,https://txschools.net/campus/ellison-elem-015915234
3819,7185,130,060914102,Fannindel Elem,Fannindel ISD,B,80,92,https://txschools.net/campus/fannindel-elem-060914102
3819,7185,130,185902101,Farwell Elem,Farwell ISD,B,80,259,https://txschools.net/campus/farwell-elem-185902101
3819,7185,130,057916143,Forest Lane Academy,Richardson ISD,B,80,643,https://txschools.net/campus/forest-lane-academy-057916143
3819,7185,130,057905013,Franklin D Roosevelt HS of Innovation,Dallas ISD,B,80,761,https://txschools.net/campus/franklin-d-roosevelt-hs-of-innovation-057905013
3819,7185,130,126902102,Frazier Elem,Burleson ISD,B,80,502,https://txschools.net/campus/frazier-elem-126902102
3819,7185,130,031901053,Garcia MS,Brownsville ISD,B,80,801,https://txschools.net/campus/garcia-ms-031901053
3819,7185,130,045903103,Garwood Elem,Rice CISD,B,80,113,https://txschools.net/campus/garwood-elem-045903103
3819,7185,130,057905218,George W Truett Elem,Dallas ISD,B,80,955,https://txschools.net/campus/george-w-truett-elem-057905218
3819,7185,130,057905382,Gertrudis Tula and Hector M Flores IDEA,Dallas ISD,B,80,118,https://txschools.net/campus/gertrudis-tula-and-hector-m-flores-idea-057905382
3819,7185,130,188901108,Glenwood Elem,Amarillo ISD,B,80,448,https://txschools.net/campus/glenwood-elem-188901108
3819,7185,130,234904102,Grand Saline Int,Grand Saline ISD,B,80,253,https://txschools.net/campus/grand-saline-int-234904102
3819,7185,130,101912167,Harris R P Elem,Houston ISD,B,80,327,https://txschools.net/campus/harris-r-p-elem-101912167
3819,7185,130,015915188,Hoffmann Elem,Northside ISD,C,80,721,https://txschools.net/campus/hoffmann-elem-015915188
3819,7185,130,057905307,HS Thompson Learning Center,Dallas ISD,B,80,511,https://txschools.net/campus/hs-thompson-learning-center-057905307
3819,7185,130,170902054,Irons JH,Conroe ISD,B,80,1288,https://txschools.net/campus/irons-jh-170902054
3819,7185,130,165901131,James Bowie Fine Arts Academy,Midland ISD,B,80,532,https://txschools.net/campus/james-bowie-fine-arts-academy-165901131
3819,7185,130,220908045,James Coble MS,Mansfield ISD,B,80,711,https://txschools.net/campus/james-coble-ms-220908045
3819,7185,130,043903041,Jerry & Linda Moore MS,Celina ISD,B,80,1456,https://txschools.net/campus/jerry-linda-moore-ms-043903041
3819,7185,130,240901043,Joaquin Cigarroa MS,Laredo ISD,B,80,1011,https://txschools.net/campus/joaquin-cigarroa-ms-240901043
3819,7185,130,240903056,Juan Roberto Ramirez MS,United ISD,B,80,529,https://txschools.net/campus/juan-roberto-ramirez-ms-240903056
3819,7185,130,079907149,Juan Seguin Elem,Fort Bend ISD,B,80,865,https://txschools.net/campus/juan-seguin-elem-079907149
3819,7185,130,139909108,Justiss Elem,Paris ISD,B,80,516,https://txschools.net/campus/justiss-elem-139909108
3819,7185,130,101914102,Katy Elem,Katy ISD,B,80,649,https://txschools.net/campus/katy-elem-101914102
3819,7185,130,057905136,L O Donald Elem,Dallas ISD,B,80,289,https://txschools.net/campus/l-o-donald-elem-057905136
3819,7185,130,084906002,La Marque HS,Texas City ISD,B,80,738,https://txschools.net/campus/la-marque-hs-084906002
3819,7185,130,057916002,Lake Highlands HS,Richardson ISD,B,80,2876,https://txschools.net/campus/lake-highlands-hs-057916002
3819,7185,130,240901042,Lamar MS,Laredo ISD,B,80,1120,https://txschools.net/campus/lamar-ms-240901042
3819,7185,130,101903116,Landis Elem,Alief ISD,C,80,474,https://txschools.net/campus/landis-elem-101903116
3819,7185,130,031906103,Las Yescas Elem,Los Fresnos CISD,B,80,325,https://txschools.net/campus/las-yescas-elem-031906103
3819,7185,130,188901114,Lawndale Elem,Amarillo ISD,B,80,327,https://txschools.net/campus/lawndale-elem-188901114
3819,7185,130,145911002,Leon HS,Leon ISD,B,80,395,https://txschools.net/campus/leon-hs-145911002
3819,7185,130,178904058,Lexington MS,Corpus Christi ISD,B,80,472,https://txschools.net/campus/lexington-ms-178904058
3819,7185,130,220901146,Little Elem,Arlington ISD,B,80,703,https://txschools.net/campus/little-elem-220901146
3819,7185,130,028902045,Lockhart JH,Lockhart ISD,B,80,1476,https://txschools.net/campus/lockhart-jh-028902045
3819,7185,130,101916043,Lomax JH,La Porte ISD,B,80,531,https://txschools.net/campus/lomax-jh-101916043
3819,7185,130,070908105,Longbranch Elem,Midlothian ISD,B,80,732,https://txschools.net/campus/longbranch-elem-070908105
3819,7185,130,070915101,Lorene Smith Kirkpatrick Elem,Maypearl ISD,B,80,487,https://txschools.net/campus/lorene-smith-kirkpatrick-elem-070915101
3819,7185,130,108912041,Lorenzo De Zavala MS,La Joya ISD,B,80,484,https://txschools.net/campus/lorenzo-de-zavala-ms-108912041
3819,7185,130,016901041,Lyndon B Johnson MS,Johnson City ISD,B,80,133,https://txschools.net/campus/lyndon-b-johnson-ms-016901041
3819,7185,130,170903106,Madeley Ranch Elem,Montgomery ISD,B,80,678,https://txschools.net/campus/madeley-ranch-elem-170903106
3819,7185,130,057916115,Mark Twain Elem,Richardson ISD,B,80,516,https://txschools.net/campus/mark-twain-elem-057916115
3819,7185,130,082902041,Mary Harper MS,Dilley ISD,B,80,174,https://txschools.net/campus/mary-harper-ms-082902041
3819,7185,130,220908118,Mary Jo Sheppard Elem,Mansfield ISD,B,80,386,https://txschools.net/campus/mary-jo-sheppard-elem-220908118
3819,7185,130,101914005,Mayde Creek HS,Katy ISD,B,80,2815,https://txschools.net/campus/mayde-creek-hs-101914005
3819,7185,130,079901112,Meyer Elem,Lamar CISD,B,80,504,https://txschools.net/campus/meyer-elem-079901112
3819,7185,130,101912055,Meyerland MS,Houston ISD,B,80,1168,https://txschools.net/campus/meyerland-ms-101912055
3819,7185,130,166903041,Milano JH,Milano ISD,B,80,76,https://txschools.net/campus/milano-jh-166903041
3819,7185,130,101914049,Morton Ranch JH,Katy ISD,B,80,1141,https://txschools.net/campus/morton-ranch-jh-101914049
3819,7185,130,109910101,Mount Calm ISD,Mount Calm ISD,C,80,176,https://txschools.net/campus/mount-calm-isd-109910101
3819,7185,130,080901041,Mt Vernon MS,Mount Vernon ISD,B,80,453,https://txschools.net/campus/mt-vernon-ms-080901041
3819,7185,130,174904002,Nacogdoches HS,Nacogdoches ISD,B,80,1709,https://txschools.net/campus/nacogdoches-hs-174904002
3819,7185,130,015907155,Neal Elem,San Antonio ISD,B,80,493,https://txschools.net/campus/neal-elem-015907155
3819,7185,130,092903126,Ned E Williams Elem,Longview ISD,B,80,325,https://txschools.net/campus/ned-e-williams-elem-092903126
3819,7185,130,079906042,Needville JH,Needville ISD,B,80,585,https://txschools.net/campus/needville-jh-079906042
3819,7185,130,101914058,Nelson JH,Katy ISD,B,80,1185,https://txschools.net/campus/nelson-jh-101914058
3819,7185,130,068901046,Nimitz MS,Ector County ISD,C,80,1274,https://txschools.net/campus/nimitz-ms-068901046
3819,7185,130,014903045,North Belton MS,Belton ISD,B,80,1001,https://txschools.net/campus/north-belton-ms-014903045
3819,7185,130,057905024,North Dallas HS,Dallas ISD,B,80,1170,https://txschools.net/campus/north-dallas-hs-057905024
3819,7185,130,051901001,Paducah School,Paducah ISD,B,80,137,https://txschools.net/campus/paducah-school-051901001
3819,7185,130,249906101,Paradise Elem,Paradise ISD,B,80,419,https://txschools.net/campus/paradise-elem-249906101
3819,7185,130,057916051,Parkhill JH,Richardson ISD,B,80,629,https://txschools.net/campus/parkhill-jh-057916051
3819,7185,130,101912217,Peck Elem,Houston ISD,C,80,322,https://txschools.net/campus/peck-elem-101912217
3819,7185,130,170902041,Peet JH,Conroe ISD,B,80,1379,https://txschools.net/campus/peet-jh-170902041
3819,7185,130,047902041,Perkins MS,De Leon ISD,B,80,134,https://txschools.net/campus/perkins-ms-047902041
3819,7185,130,071902159,Polk Elem,El Paso ISD,B,80,665,https://txschools.net/campus/polk-elem-071902159
3819,7185,130,014906043,Rancier MS,Killeen ISD,C,80,751,https://txschools.net/campus/rancier-ms-014906043
3819,7185,130,057905068,Raul Quintanilla Sr MS STEAM Academy,Dallas ISD,B,80,486,https://txschools.net/campus/raul-quintanilla-sr-ms-steam-academy-057905068
3819,7185,130,015915053,Rawlinson MS,Northside ISD,B,80,1173,https://txschools.net/campus/rawlinson-ms-015915053
3819,7185,130,070912116,Ray Elem,Waxahachie ISD,B,80,416,https://txschools.net/campus/ray-elem-070912116
3819,7185,130,101912224,Red Elem,Houston ISD,B,80,501,https://txschools.net/campus/red-elem-101912224
3819,7185,130,014906137,Richard E Cavazos Elem,Killeen ISD,B,80,516,https://txschools.net/campus/richard-e-cavazos-elem-014906137
3819,7185,130,057916044,Richardson West Technology and Arts Magnet,Richardson ISD,B,80,745,https://txschools.net/campus/richardson-west-technology-and-arts-magnet-057916044
3819,7185,130,214901042,Ringgold MS,Rio Grande City Grulla ISD,B,80,597,https://txschools.net/campus/ringgold-ms-214901042
3819,7185,130,178904003,Roy Miller HS and Metro School of Design,Corpus Christi ISD,B,80,1325,https://txschools.net/campus/roy-miller-hs-and-metro-school-of-design-178904003
3819,7185,130,199902107,Ruth Cherry Elem,Royse City ISD,C,80,564,https://txschools.net/campus/ruth-cherry-elem-199902107
3819,7185,130,084910129,Sandra Mossman Elem,Clear Creek ISD,B,80,873,https://txschools.net/campus/sandra-mossman-elem-084910129
3819,7185,130,084909001,Santa Fe HS,Santa Fe ISD,B,80,1310,https://txschools.net/campus/santa-fe-hs-084909001
3819,7185,130,043905137,Scott Elem,Frisco ISD,B,80,515,https://txschools.net/campus/scott-elem-043905137
3819,7185,130,247901106,South Elem,Floresville ISD,B,80,922,https://txschools.net/campus/south-elem-247901106
3819,7185,130,161903104,Spring Valley Elem,Midway ISD,B,80,484,https://txschools.net/campus/spring-valley-elem-161903104
3819,7185,130,101917123,Stuchbery Elem,Pasadena ISD,B,80,537,https://txschools.net/campus/stuchbery-elem-101917123
3819,7185,130,105904104,Sycamore Springs Elem,Dripping Springs ISD,B,80,679,https://txschools.net/campus/sycamore-springs-elem-105904104
3819,7185,130,153904101,Tahoka Elem,Tahoka ISD,B,80,259,https://txschools.net/campus/tahoka-elem-153904101
3819,7185,130,153904041,Tahoka MS,Tahoka ISD,B,80,130,https://txschools.net/campus/tahoka-ms-153904041
3819,7185,130,101903003,Taylor HS,Alief ISD,B,80,2752,https://txschools.net/campus/taylor-hs-101903003
3819,7185,130,057905277,Thomas Tolbert Elem,Dallas ISD,B,80,343,https://txschools.net/campus/thomas-tolbert-elem-057905277
3819,7185,130,166905101,Thorndale Elem,Thorndale ISD,B,80,265,https://txschools.net/campus/thorndale-elem-166905101
3819,7185,130,061902108,Timber Creek Elem,Lewisville ISD,B,80,405,https://txschools.net/campus/timber-creek-elem-061902108
3819,7185,130,074912041,Trenton MS,Trenton ISD,C,80,245,https://txschools.net/campus/trenton-ms-074912041
3819,7185,130,014910101,Troy Elem,Troy ISD,B,80,365,https://txschools.net/campus/troy-elem-014910101
3819,7185,130,234906041,Van JH,Van ISD,B,80,341,https://txschools.net/campus/van-jh-234906041
3819,7185,130,059902101,Walcott Elem,Walcott ISD,B,80,138,https://txschools.net/campus/walcott-elem-059902101
3819,7185,130,101912258,Whittier Elem,Houston ISD,B,80,306,https://txschools.net/campus/whittier-elem-101912258
3819,7185,130,070912114,Wilemon STEAM Academy,Waxahachie ISD,B,80,634,https://txschools.net/campus/wilemon-steam-academy-070912114
3819,7185,130,221901003,Woodson Center for Excellence,Abilene ISD,B,80,85,https://txschools.net/campus/woodson-center-for-excellence-221901003
3819,7185,130,250905001,Yantis School,Yantis ISD,B,80,151,https://txschools.net/campus/yantis-school-250905001
3950,7185,174,178901101,Agua Dulce Elem,Agua Dulce ISD,B,81,156,https://txschools.net/campus/agua-dulce-elem-178901101
3950,7185,174,101914149,Alfred & Ann Boudny Elem,Katy ISD,B,81,930,https://txschools.net/campus/alfred-ann-boudny-elem-101914149
3950,7185,174,220908101,Alice Ponder Elem,Mansfield ISD,B,81,658,https://txschools.net/campus/alice-ponder-elem-220908101
3950,7185,174,079907018,Almeta Crawford HS,Fort Bend ISD,B,81,1437,https://txschools.net/campus/almeta-crawford-hs-079907018
3950,7185,174,071906101,Anthony Elem,Anthony ISD,B,81,280,https://txschools.net/campus/anthony-elem-071906101
3950,7185,174,220916126,Arbor Creek Elem,Hurst-Euless-Bedford ISD,B,81,678,https://txschools.net/campus/arbor-creek-elem-220916126
3950,7185,174,084910111,Armand Bayou Elem,Clear Creek ISD,B,81,506,https://txschools.net/campus/armand-bayou-elem-084910111
3950,7185,174,101907133,Ault Elem,Cypress-Fairbanks ISD,B,81,912,https://txschools.net/campus/ault-elem-101907133
3950,7185,174,020901104,Bill Hasse Elem,Alvin ISD,B,81,584,https://txschools.net/campus/bill-hasse-elem-020901104
3950,7185,174,116915101,Bland Elem,Bland ISD,B,81,390,https://txschools.net/campus/bland-elem-116915101
3950,7185,174,220901102,Blanton Elem,Arlington ISD,B,81,442,https://txschools.net/campus/blanton-elem-220901102
3950,7185,174,043905115,Boals Elem,Frisco ISD,B,81,555,https://txschools.net/campus/boals-elem-043905115
3950,7185,174,165901101,Bonham Elem,Midland ISD,B,81,678,https://txschools.net/campus/bonham-elem-165901101
3950,7185,174,220905225,Bonnie Brae,Fort Worth ISD,C,81,320,https://txschools.net/campus/bonnie-brae-220905225
3950,7185,174,170902002,Booker T Washington HS,Conroe ISD,B,81,164,https://txschools.net/campus/booker-t-washington-hs-170902002
3950,7185,174,220905104,Boulevard Heights,Fort Worth ISD,B,81,34,https://txschools.net/campus/boulevard-heights-220905104
3950,7185,174,249902101,Boyd Elem,Boyd ISD,B,81,490,https://txschools.net/campus/boyd-elem-249902101
3950,7185,174,160901041,Brady MS,Brady ISD,B,81,195,https://txschools.net/campus/brady-ms-160901041
3950,7185,174,043905108,Bright Acad,Frisco ISD,B,81,511,https://txschools.net/campus/bright-acad-043905108
3950,7185,174,057905001,Bryan Adams HS Leadership Academy,Dallas ISD,B,81,2130,https://txschools.net/campus/bryan-adams-hs-leadership-academy-057905001
3950,7185,174,237904108,Bryan Lowe Elem,Waller ISD,B,81,1052,https://txschools.net/campus/bryan-lowe-elem-237904108
3950,7185,174,246913105,C C Mason Elem,Leander ISD,B,81,649,https://txschools.net/campus/c-c-mason-elem-246913105
3950,7185,174,015901101,Cambridge Elem,Alamo Heights ISD,B,81,785,https://txschools.net/campus/cambridge-elem-015901101
3950,7185,174,015915177,Carnahan Elem,Northside ISD,B,81,432,https://txschools.net/campus/carnahan-elem-015915177
3950,7185,174,105906115,Carpenter Hill Elem,Hays CISD,B,81,518,https://txschools.net/campus/carpenter-hill-elem-105906115
3950,7185,174,178904001,Carroll HS,Corpus Christi ISD,B,81,1887,https://txschools.net/campus/carroll-hs-178904001
3950,7185,174,015910101,Castle Hills Elem,North East ISD,B,81,425,https://txschools.net/campus/castle-hills-elem-015910101
3950,7185,174,220917102,Castleberry Elem,Castleberry ISD,B,81,735,https://txschools.net/campus/castleberry-elem-220917102
3950,7185,174,227909102,Cedar Creek Elem,Eanes ISD,B,81,521,https://txschools.net/campus/cedar-creek-elem-227909102
3950,7185,174,101903104,Chambers Elem,Alief ISD,B,81,524,https://txschools.net/campus/chambers-elem-101903104
3950,7185,174,101919119,Chet Burchett Elem,Spring ISD,C,81,951,https://txschools.net/campus/chet-burchett-elem-101919119
3950,7185,174,015910003,Churchill HS,North East ISD,B,81,2277,https://txschools.net/campus/churchill-hs-015910003
3950,7185,174,243906101,City View Elem,City View ISD,B,81,537,https://txschools.net/campus/city-view-elem-243906101
3950,7185,174,042901001,Coleman HS,Coleman ISD,B,81,212,https://txschools.net/campus/coleman-hs-042901001
3950,7185,174,021901003,College Station HS,College Station ISD,B,81,2123,https://txschools.net/campus/college-station-hs-021901003
3950,7185,174,015915052,Connally MS,Northside ISD,C,81,728,https://txschools.net/campus/connally-ms-015915052
3950,7185,174,129901001,Crandall HS,Crandall ISD,B,81,2183,https://txschools.net/campus/crandall-hs-129901001
3950,7185,174,031901115,Cromack - Castaneda Elem,Brownsville ISD,B,81,721,https://txschools.net/campus/cromack-castaneda-elem-031901115
3950,7185,174,101907013,Cypress Lakes HS,Cypress-Fairbanks ISD,B,81,3036,https://txschools.net/campus/cypress-lakes-hs-101907013
3950,7185,174,071907102,Deanna Davenport Elem,Canutillo ISD,B,81,275,https://txschools.net/campus/deanna-davenport-elem-071907102
3950,7185,174,101908001,Deer Park HS,Deer Park ISD,B,81,4100,https://txschools.net/campus/deer-park-hs-101908001
3950,7185,174,031901129,Del Castillo - Morningside Elem,Brownsville ISD,B,81,484,https://txschools.net/campus/del-castillo-morningside-elem-031901129
3950,7185,174,227901154,Doss Elem,Austin ISD,B,81,934,https://txschools.net/campus/doss-elem-227901154
3950,7185,174,108906128,Dr Pablo Perez,McAllen ISD,B,81,576,https://txschools.net/campus/dr-pablo-perez-108906128
3950,7185,174,101907142,Duryea Elem,Cypress-Fairbanks ISD,C,81,983,https://txschools.net/campus/duryea-elem-101907142
3950,7185,174,057910113,Dwight D Eisenhower Elem,Grand Prairie ISD,B,81,662,https://txschools.net/campus/dwight-d-eisenhower-elem-057910113
3950,7185,174,015911007,East Central CAST Lead HS,East Central ISD,B,81,278,https://txschools.net/campus/east-central-cast-lead-hs-015911007
3950,7185,174,057905305,Ebby Halliday Elem,Dallas ISD,B,81,671,https://txschools.net/campus/ebby-halliday-elem-057905305
3950,7185,174,108904002,Economedes HS,Edinburg CISD,C,81,2614,https://txschools.net/campus/economedes-hs-108904002
3950,7185,174,071909005,El Dorado HS,Socorro ISD,B,81,2008,https://txschools.net/campus/el-dorado-hs-071909005
3950,7185,174,207901001,Eldorado HS,Schleicher ISD,B,81,134,https://txschools.net/campus/eldorado-hs-207901001
3950,7185,174,101913107,Elm Grove Elem,Humble ISD,B,81,553,https://txschools.net/campus/elm-grove-elem-101913107
3950,7185,174,108912126,Evangelina Garza Elem,La Joya ISD,C,81,630,https://txschools.net/campus/evangelina-garza-elem-108912126
3950,7185,174,178904157,Faye Webb Elem,Corpus Christi ISD,B,81,565,https://txschools.net/campus/faye-webb-elem-178904157
3950,7185,174,237904106,Fields Store Elem,Waller ISD,B,81,643,https://txschools.net/campus/fields-store-elem-237904106
3950,7185,174,178914105,Flour Bluff Int,Flour Bluff ISD,B,81,750,https://txschools.net/campus/flour-bluff-int-178914105
3950,7185,174,178914041,Flour Bluff JH,Flour Bluff ISD,B,81,880,https://txschools.net/campus/flour-bluff-jh-178914041
3950,7185,174,015915141,Forester Elem,Northside ISD,B,81,748,https://txschools.net/campus/forester-elem-015915141
3950,7185,174,092903042,Foster MS,Longview ISD,B,81,742,https://txschools.net/campus/foster-ms-092903042
3950,7185,174,071901105,Frank Macias Elem,Clint ISD,B,81,978,https://txschools.net/campus/frank-macias-elem-071901105
3950,7185,174,001904041,Frankston MS,Frankston ISD,B,81,178,https://txschools.net/campus/frankston-ms-001904041
3950,7185,174,220907117,Freedom Elem,Keller ISD,B,81,565,https://txschools.net/campus/freedom-elem-220907117
3950,7185,174,185903001,Friona HS,Friona ISD,B,81,279,https://txschools.net/campus/friona-hs-185903001
3950,7185,174,050902001,Gatesville HS,Gatesville ISD,B,81,732,https://txschools.net/campus/gatesville-hs-050902001
3950,7185,174,043901104,Gene M Reed Elem,Allen ISD,B,81,437,https://txschools.net/campus/gene-m-reed-elem-043901104
3950,7185,174,126911001,Godley HS,Godley ISD,B,81,939,https://txschools.net/campus/godley-hs-126911001
3950,7185,174,101902135,Greenspoint Elem,Aldine ISD,B,81,716,https://txschools.net/campus/greenspoint-elem-101902135
3950,7185,174,147902001,Groesbeck HS,Groesbeck ISD,B,81,463,https://txschools.net/campus/groesbeck-hs-147902001
3950,7185,174,143901041,Hallettsville JH,Hallettsville ISD,B,81,319,https://txschools.net/campus/hallettsville-jh-143901041
3950,7185,174,043910143,Hickey Elem,Plano ISD,B,81,462,https://txschools.net/campus/hickey-elem-043910143
3950,7185,174,129901105,Hollis T Dietz Elem,Crandall ISD,C,81,475,https://txschools.net/campus/hollis-t-dietz-elem-129901105
3950,7185,174,050910110,House Creek Elem,Copperas Cove ISD,B,81,645,https://txschools.net/campus/house-creek-elem-050910110
3950,7185,174,079901110,Huggins Elem,Lamar CISD,B,81,650,https://txschools.net/campus/huggins-elem-079901110
3950,7185,174,220916115,Hurst Hills Elem,Hurst-Euless-Bedford ISD,B,81,469,https://txschools.net/campus/hurst-hills-elem-220916115
3950,7185,174,152910101,Idalou Elem,Idalou ISD,B,81,433,https://txschools.net/campus/idalou-elem-152910101
3950,7185,174,118902101,Irion Elem,Irion County ISD,B,81,182,https://txschools.net/campus/irion-elem-118902101
3950,7185,174,220912109,J A Hargrave Elem,Crowley ISD,C,81,477,https://txschools.net/campus/j-a-hargrave-elem-220912109
3950,7185,174,043912110,Jack and June Furr Elem,Prosper ISD,B,81,733,https://txschools.net/campus/jack-and-june-furr-elem-043912110
3950,7185,174,129902043,Jackson MS,Forney ISD,B,81,894,https://txschools.net/campus/jackson-ms-129902043
3950,7185,174,079901154,James & Marinella Haygood Elem,Lamar CISD,B,81,794,https://txschools.net/campus/james-marinella-haygood-elem-079901154
3950,7185,174,079907154,James C Neill Elem,Fort Bend ISD,B,81,1122,https://txschools.net/campus/james-c-neill-elem-079907154
3950,7185,174,155901002,Jefferson HS,Jefferson ISD,B,81,360,https://txschools.net/campus/jefferson-hs-155901002
3950,7185,174,057905101,John Q Adams Elem,Dallas ISD,B,81,466,https://txschools.net/campus/john-q-adams-elem-057905101
3950,7185,174,061911125,Johnie R Daniel Elem,Northwest ISD,B,81,702,https://txschools.net/campus/johnie-r-daniel-elem-061911125
3950,7185,174,046902121,Johnson Ranch Elem,Comal ISD,B,81,976,https://txschools.net/campus/johnson-ranch-elem-046902121
3950,7185,174,178904151,Jones Elem,Corpus Christi ISD,B,81,494,https://txschools.net/campus/jones-elem-178904151
3950,7185,174,057905271,Julian T Saldivar Elem,Dallas ISD,C,81,622,https://txschools.net/campus/julian-t-saldivar-elem-057905271
3950,7185,174,057905194,K B Polk Center for Academically Talented & Gifted,Dallas ISD,B,81,400,https://txschools.net/campus/k-b-polk-center-for-academically-talented-gifted-057905194
3950,7185,174,015915223,Kallison Elem,Northside ISD,B,81,1156,https://txschools.net/campus/kallison-elem-015915223
3950,7185,174,084901101,Kenneth E Little Elem,Dickinson ISD,B,81,481,https://txschools.net/campus/kenneth-e-little-elem-084901101
3950,7185,174,175907001,Kerens School,Kerens ISD,B,81,692,https://txschools.net/campus/kerens-school-175907001
3950,7185,174,061905001,Krum HS,Krum ISD,B,81,796,https://txschools.net/campus/krum-hs-061905001
3950,7185,174,061902001,Lewisville HS,Lewisville ISD,C,81,3772,https://txschools.net/campus/lewisville-hs-061902001
3950,7185,174,034905102,Linden Elem,Linden-Kildare CISD,B,81,278,https://txschools.net/campus/linden-elem-034905102
3950,7185,174,170903105,Lone Star Elem,Montgomery ISD,B,81,658,https://txschools.net/campus/lone-star-elem-170903105
3950,7185,174,015917043,Losoya MS,Southside ISD,B,81,631,https://txschools.net/campus/losoya-ms-015917043
3950,7185,174,101912198,Love Elem,Houston ISD,B,81,368,https://txschools.net/campus/love-elem-101912198
3950,7185,174,070905105,Lucy Mae McDonald Elem,Ferris ISD,C,81,638,https://txschools.net/campus/lucy-mae-mcdonald-elem-070905105
3950,7185,174,100907103,Lumberton Int,Lumberton ISD,B,81,944,https://txschools.net/campus/lumberton-int-100907103
3950,7185,174,170904042,Lynn Lucas MS,Willis ISD,C,81,844,https://txschools.net/campus/lynn-lucas-ms-170904042
3950,7185,174,101913119,Maplebrook Elem,Humble ISD,B,81,545,https://txschools.net/campus/maplebrook-elem-101913119
3950,7185,174,057905220,Mark Twain School for the Talented and Gifted,Dallas ISD,B,81,256,https://txschools.net/campus/mark-twain-school-for-the-talented-and-gifted-057905220
3950,7185,174,101912289,Martinez C Elem,Houston ISD,B,81,244,https://txschools.net/campus/martinez-c-elem-101912289
3950,7185,174,178904104,Mary Helen Berlanga Elem,Corpus Christi ISD,C,81,580,https://txschools.net/campus/mary-helen-berlanga-elem-178904104
3950,7185,174,157901101,Mason Elem,Mason ISD,B,81,268,https://txschools.net/campus/mason-elem-157901101
3950,7185,174,061902114,McAuliffe Elem,Lewisville ISD,B,81,648,https://txschools.net/campus/mcauliffe-elem-061902114
3950,7185,174,227901165,Mcbee Elem,Austin ISD,B,81,300,https://txschools.net/campus/mcbee-elem-227901165
3950,7185,174,101914116,McRoberts Elem,Katy ISD,B,81,835,https://txschools.net/campus/mcroberts-elem-101914116
3950,7185,174,101917111,Meador Elem,Pasadena ISD,B,81,436,https://txschools.net/campus/meador-elem-101917111
3950,7185,174,101907127,Metcalf Elem,Cypress-Fairbanks ISD,B,81,831,https://txschools.net/campus/metcalf-elem-101907127
3950,7185,174,015915162,Michael Elem,Northside ISD,C,81,526,https://txschools.net/campus/michael-elem-015915162
3950,7185,174,015908112,Miguel Carrillo Jr Elem,South San Antonio ISD,B,81,527,https://txschools.net/campus/miguel-carrillo-jr-elem-015908112
3950,7185,174,014906128,Montague Village Elem,Killeen ISD,B,81,499,https://txschools.net/campus/montague-village-elem-014906128
3950,7185,174,178904004,Moody HS,Corpus Christi ISD,B,81,1230,https://txschools.net/campus/moody-hs-178904004
3950,7185,174,093904042,Navasota JH,Navasota ISD,B,81,686,https://txschools.net/campus/navasota-jh-093904042
3950,7185,174,101906101,Newport Elem,Crosby ISD,B,81,721,https://txschools.net/campus/newport-elem-101906101
3950,7185,174,020901121,Nichols-Mock Elem,Alvin ISD,B,81,573,https://txschools.net/campus/nichols-mock-elem-020901121
3950,7185,174,133903103,Nimitz Elem,Kerrville ISD,B,81,482,https://txschools.net/campus/nimitz-elem-133903103
3950,7185,174,129902003,North Forney HS,Forney ISD,B,81,2753,https://txschools.net/campus/north-forney-hs-129902003
3950,7185,174,071905112,North Loop Elem,Ysleta ISD,B,81,501,https://txschools.net/campus/north-loop-elem-071905112
3950,7185,174,220905008,North Side HS,Fort Worth ISD,B,81,1529,https://txschools.net/campus/north-side-hs-220905008
3950,7185,174,057909134,Northlake Elem,Garland ISD,B,81,484,https://txschools.net/campus/northlake-elem-057909134
3950,7185,174,046902123,Oak Creek Elem,Comal ISD,B,81,739,https://txschools.net/campus/oak-creek-elem-046902123
3950,7185,174,170902005,Oak Ridge HS,Conroe ISD,B,81,2698,https://txschools.net/campus/oak-ridge-hs-170902005
3950,7185,174,050904001,Oglesby School,Oglesby ISD,B,81,257,https://txschools.net/campus/oglesby-school-050904001
3950,7185,174,187910001,Onalaska HS,Onalaska ISD,B,81,489,https://txschools.net/campus/onalaska-hs-187910001
3950,7185,174,071909009,Options HS,Socorro ISD,B,81,132,https://txschools.net/campus/options-hs-071909009
3950,7185,174,230903001,Ore City HS,Ore City ISD,B,81,212,https://txschools.net/campus/ore-city-hs-230903001
3950,7185,174,101903119,Outley Elem,Alief ISD,B,81,773,https://txschools.net/campus/outley-elem-101903119
3950,7185,174,101913122,Park Lakes Elem,Humble ISD,C,81,720,https://txschools.net/campus/park-lakes-elem-101913122
3950,7185,174,014906006,Pathways Academic Campus,Killeen ISD,A,81,247,https://txschools.net/campus/pathways-academic-campus-014906006
3950,7185,174,091906042,Piner MS,Sherman ISD,B,81,681,https://txschools.net/campus/piner-ms-091906042
3950,7185,174,095905122,Plainview Int,Plainview ISD,B,81,507,https://txschools.net/campus/plainview-int-095905122
3950,7185,174,061906101,Ponder Elem,Ponder ISD,B,81,744,https://txschools.net/campus/ponder-elem-061906101
3950,7185,174,057914004,Poteet HS,Mesquite ISD,B,81,1482,https://txschools.net/campus/poteet-hs-057914004
3950,7185,174,031901108,Putegnat Elem,Brownsville ISD,B,81,381,https://txschools.net/campus/putegnat-elem-031901108
3950,7185,174,034907001,Queen City HS,Queen City ISD,B,81,256,https://txschools.net/campus/queen-city-hs-034907001
3950,7185,174,043914105,R V Groves Elem,Wylie ISD,B,81,581,https://txschools.net/campus/r-v-groves-elem-043914105
3950,7185,174,084910128,Ralph Parr Elem,Clear Creek ISD,B,81,691,https://txschools.net/campus/ralph-parr-elem-084910128
3950,7185,174,067907001,Ranger HS,Ranger ISD,B,81,81,https://txschools.net/campus/ranger-hs-067907001
3950,7185,174,137902101,Ricardo Elem,Ricardo ISD,B,81,442,https://txschools.net/campus/ricardo-elem-137902101
3950,7185,174,175911042,Rice Intermediate/MS School,Rice ISD,B,81,331,https://txschools.net/campus/rice-intermediate-ms-school-175911042
3950,7185,174,188902042,River Road MS,River Road ISD,B,81,278,https://txschools.net/campus/river-road-ms-188902042
3950,7185,174,194903102,Rivercrest JH,Rivercrest ISD,B,81,152,https://txschools.net/campus/rivercrest-jh-194903102
3950,7185,174,227901174,Rodriguez Elem,Austin ISD,B,81,341,https://txschools.net/campus/rodriguez-elem-227901174
3950,7185,174,227904119,Ruth Barron Elem,Pflugerville ISD,B,81,589,https://txschools.net/campus/ruth-barron-elem-227904119
3950,7185,174,031912001,San Benito HS,San Benito CISD,B,81,2544,https://txschools.net/campus/san-benito-hs-031912001
3950,7185,174,159901109,San Luis Elem,Eagle Pass ISD,B,81,347,https://txschools.net/campus/san-luis-elem-159901109
3950,7185,174,182904101,Santo Elem,Santo ISD,B,81,273,https://txschools.net/campus/santo-elem-182904101
3950,7185,174,045903102,Sheridan Elem,Rice CISD,B,81,86,https://txschools.net/campus/sheridan-elem-045903102
3950,7185,174,101907132,Sheridan Elem,Cypress-Fairbanks ISD,B,81,903,https://txschools.net/campus/sheridan-elem-101907132
3950,7185,174,188901140,Sleepy Hollow Elem,Amarillo ISD,B,81,508,https://txschools.net/campus/sleepy-hollow-elem-188901140
3950,7185,174,220905167,South Hills Elem,Fort Worth ISD,B,81,619,https://txschools.net/campus/south-hills-elem-220905167
3950,7185,174,015912101,Southwest Elem,Southwest ISD,B,81,772,https://txschools.net/campus/southwest-elem-015912101
3950,7185,174,079907007,Stephen F Austin HS,Fort Bend ISD,B,81,2622,https://txschools.net/campus/stephen-f-austin-hs-079907007
3950,7185,174,070908104,T E Baxter Elem,Midlothian ISD,B,81,617,https://txschools.net/campus/t-e-baxter-elem-070908104
3950,7185,174,101914045,T H McDonald JH,Katy ISD,B,81,928,https://txschools.net/campus/t-h-mcdonald-jh-101914045
3950,7185,174,043905128,Tadlock Elem,Frisco ISD,B,81,423,https://txschools.net/campus/tadlock-elem-043905128
3950,7185,174,129906002,Terrell HS,Terrell ISD,B,81,1415,https://txschools.net/campus/terrell-hs-129906002
3950,7185,174,108906130,Thigpen-Zavala Elem,McAllen ISD,B,81,417,https://txschools.net/campus/thigpen-zavala-elem-108906130
3950,7185,174,105906110,Tobias Elem,Hays CISD,C,81,742,https://txschools.net/campus/tobias-elem-105906110
3950,7185,174,105906103,Tom Green Elem,Hays CISD,C,81,617,https://txschools.net/campus/tom-green-elem-105906103
3950,7185,174,123907109,Tyrrell Elem,Port Arthur ISD,C,81,633,https://txschools.net/campus/tyrrell-elem-123907109
3950,7185,174,230908101,Union Grove Elem,Union Grove ISD,B,81,373,https://txschools.net/campus/union-grove-elem-230908101
3950,7185,174,043905142,Vaughn Elem,Frisco ISD,B,81,563,https://txschools.net/campus/vaughn-elem-043905142
3950,7185,174,057909147,Vernal Lister Elem,Garland ISD,B,81,573,https://txschools.net/campus/vernal-lister-elem-057909147
3950,7185,174,108902046,Veterans MS,Donna ISD,B,81,867,https://txschools.net/campus/veterans-ms-108902046
3950,7185,174,101911122,Victoria Walker Elem,Goose Creek CISD,B,81,641,https://txschools.net/campus/victoria-walker-elem-101911122
3950,7185,174,161916102,West Elem,West ISD,B,81,654,https://txschools.net/campus/west-elem-161916102
3950,7185,174,152901186,Wheelock Elem,Lubbock ISD,B,81,355,https://txschools.net/campus/wheelock-elem-152901186
3950,7185,174,248902101,Wink Elem,Wink-Loving ISD,B,81,233,https://txschools.net/campus/wink-elem-248902101
3950,7185,174,200904101,Winters Elem,Winters ISD,B,81,303,https://txschools.net/campus/winters-elem-200904101
3950,7185,174,057916131,Yale Elem,Richardson ISD,B,81,413,https://txschools.net/campus/yale-elem-057916131
3950,7185,174,062904001,Yorktown HS,Yorktown ISD,B,81,168,https://txschools.net/campus/yorktown-hs-062904001
3950,7185,174,071902147,Zach White Elem,El Paso ISD,B,81,429,https://txschools.net/campus/zach-white-elem-071902147
4125,7185,157,043914042,Ab Harrison Int,Wylie ISD,B,82,1098,https://txschools.net/campus/ab-harrison-int-043914042
4125,7185,157,178904101,Allen Elem,Corpus Christi ISD,B,82,302,https://txschools.net/campus/allen-elem-178904101
4125,7185,157,043902001,Anna HS,Anna ISD,B,82,1791,https://txschools.net/campus/anna-hs-043902001
4125,7185,157,071902103,Aoy Elem,El Paso ISD,B,82,331,https://txschools.net/campus/aoy-elem-071902103
4125,7185,157,061910042,Argyle 6th Grade Center,Argyle ISD,B,82,565,https://txschools.net/campus/argyle-6th-grade-center-061910042
4125,7185,157,220905002,Arlington Heights HS,Fort Worth ISD,B,82,1853,https://txschools.net/campus/arlington-heights-hs-220905002
4125,7185,157,108913042,Armando Cuellar MS,Weslaco ISD,B,82,636,https://txschools.net/campus/armando-cuellar-ms-108913042
4125,7185,157,227901059,Bailey MS,Austin ISD,B,82,759,https://txschools.net/campus/bailey-ms-227901059
4125,7185,157,094902109,Barbara Jordan Int,Schertz-Cibolo-U City ISD,B,82,768,https://txschools.net/campus/barbara-jordan-int-094902109
4125,7185,157,243905046,Barwise MS,Wichita Falls ISD,B,82,769,https://txschools.net/campus/barwise-ms-243905046
4125,7185,157,101913106,Bear Branch Elem,Humble ISD,B,82,621,https://txschools.net/campus/bear-branch-elem-101913106
4125,7185,157,170906042,Bear Branch JH,Magnolia ISD,B,82,763,https://txschools.net/campus/bear-branch-jh-170906042
4125,7185,157,138904001,Benjamin School,Benjamin ISD,B,82,96,https://txschools.net/campus/benjamin-school-138904001
4125,7185,157,057916005,Berkner HS,Richardson ISD,B,82,2261,https://txschools.net/campus/berkner-hs-057916005
4125,7185,157,230901001,Big Sandy HS,Big Sandy ISD,B,82,173,https://txschools.net/campus/big-sandy-hs-230901001
4125,7185,157,116915041,Bland MS,Bland ISD,B,82,164,https://txschools.net/campus/bland-ms-116915041
4125,7185,157,220901051,Boles JH,Arlington ISD,B,82,491,https://txschools.net/campus/boles-jh-220901051
4125,7185,157,241901001,Boling HS,Boling ISD,B,82,336,https://txschools.net/campus/boling-hs-241901001
4125,7185,157,221901103,Bonham Elem,Abilene ISD,B,82,488,https://txschools.net/campus/bonham-elem-221901103
4125,7185,157,101912112,Bonner Elem,Houston ISD,B,82,527,https://txschools.net/campus/bonner-elem-101912112
4125,7185,157,220918001,Boswell HS,Eagle Mt-Saginaw ISD,B,82,2404,https://txschools.net/campus/boswell-hs-220918001
4125,7185,157,068901043,Bowie MS,Ector County ISD,B,82,852,https://txschools.net/campus/bowie-ms-068901043
4125,7185,157,027903001,Burnet HS,Burnet CISD,B,82,954,https://txschools.net/campus/burnet-hs-027903001
4125,7185,157,014906002,C E Ellison HS,Killeen ISD,B,82,1626,https://txschools.net/campus/c-e-ellison-hs-014906002
4125,7185,157,049905001,Callisburg HS,Callisburg ISD,B,82,322,https://txschools.net/campus/callisburg-hs-049905001
4125,7185,157,170902139,Campbell Elem,Conroe ISD,B,82,591,https://txschools.net/campus/campbell-elem-170902139
4125,7185,157,191901041,Canyon JH,Canyon ISD,B,82,564,https://txschools.net/campus/canyon-jh-191901041
4125,7185,157,043903001,Celina HS,Celina ISD,B,82,1516,https://txschools.net/campus/celina-hs-043903001
4125,7185,157,226903001,Central HS,San Angelo ISD,B,82,2744,https://txschools.net/campus/central-hs-226903001
4125,7185,157,108912042,Cesar Chavez MS,La Joya ISD,B,82,581,https://txschools.net/campus/cesar-chavez-ms-108912042
4125,7185,157,057905201,Charles Rice Learning Center,Dallas ISD,B,82,450,https://txschools.net/campus/charles-rice-learning-center-057905201
4125,7185,157,101912027,Chavez HS,Houston ISD,B,82,1570,https://txschools.net/campus/chavez-hs-101912027
4125,7185,157,161920041,China Spring MS,China Spring ISD,B,82,510,https://txschools.net/campus/china-spring-ms-161920041
4125,7185,157,226901001,Christoval HS,Christoval ISD,B,82,369,https://txschools.net/campus/christoval-hs-226901001
4125,7185,157,240903122,Col Santos Benavides Elem,United ISD,B,82,786,https://txschools.net/campus/col-santos-benavides-elem-240903122
4125,7185,157,071902175,Colin L Powell Elem,El Paso ISD,B,82,547,https://txschools.net/campus/colin-l-powell-elem-071902175
4125,7185,157,221901002,Cooper HS,Abilene ISD,B,82,1574,https://txschools.net/campus/cooper-hs-221901002
4125,7185,157,235902106,Crain Elem,Victoria ISD,B,82,532,https://txschools.net/campus/crain-elem-235902106
4125,7185,157,170903108,Creekside Elem,Montgomery ISD,C,82,613,https://txschools.net/campus/creekside-elem-170903108
4125,7185,157,113901002,Crockett HS,Crockett ISD,B,82,371,https://txschools.net/campus/crockett-hs-113901002
4125,7185,157,101912137,De Chaumes Elem,Houston ISD,B,82,623,https://txschools.net/campus/de-chaumes-elem-101912137
4125,7185,157,101912383,Deanda Elem,Houston ISD,B,82,658,https://txschools.net/campus/deanda-elem-101912383
4125,7185,157,019901102,DeKalb Elem,DeKalb ISD,B,82,355,https://txschools.net/campus/dekalb-elem-019901102
4125,7185,157,019901001,DeKalb HS,DeKalb ISD,A,82,285,https://txschools.net/campus/dekalb-hs-019901001
4125,7185,157,144903001,Dime Box School,Dime Box ISD,B,82,169,https://txschools.net/campus/dime-box-school-144903001
4125,7185,157,035901001,Dimmitt HS,Dimmitt ISD,B,82,331,https://txschools.net/campus/dimmitt-hs-035901001
4125,7185,157,108902001,Donna HS,Donna ISD,B,82,1833,https://txschools.net/campus/donna-hs-108902001
4125,7185,157,101902042,Drew Academy,Aldine ISD,B,82,364,https://txschools.net/campus/drew-academy-101902042
4125,7185,157,220901104,Duff Elem,Arlington ISD,B,82,643,https://txschools.net/campus/duff-elem-220901104
4125,7185,157,220915102,Eagle Heights Elem,Azle ISD,B,82,472,https://txschools.net/campus/eagle-heights-elem-220915102
4125,7185,157,246904004,East View HS,Georgetown ISD,B,82,2254,https://txschools.net/campus/east-view-hs-246904004
4125,7185,157,015907003,Edison HS,San Antonio ISD,B,82,1212,https://txschools.net/campus/edison-hs-015907003
4125,7185,157,057905270,Eduardo Mata Montessori School,Dallas ISD,B,82,704,https://txschools.net/campus/eduardo-mata-montessori-school-057905270
4125,7185,157,101915110,Ehrhardt Elem,Klein ISD,B,82,667,https://txschools.net/campus/ehrhardt-elem-101915110
4125,7185,157,241903001,El Campo HS,El Campo ISD,A,82,985,https://txschools.net/campus/el-campo-hs-241903001
4125,7185,157,057910109,Elemlen Ochoa STEM Academy at Ben Milam Elem,Grand Prairie ISD,B,82,661,https://txschools.net/campus/elemlen-ochoa-stem-academy-at-ben-milam-elem-057910109
4125,7185,157,240903058,Elias Herrera MS,United ISD,B,82,1128,https://txschools.net/campus/elias-herrera-ms-240903058
4125,7185,157,101902138,Escamilla Elem,Aldine ISD,B,82,760,https://txschools.net/campus/escamilla-elem-101902138
4125,7185,157,130901102,Fabra Elem,Boerne ISD,B,82,689,https://txschools.net/campus/fabra-elem-130901102
4125,7185,157,185902041,Farwell JH,Farwell ISD,B,82,123,https://txschools.net/campus/farwell-jh-185902041
4125,7185,157,220907042,Fossil Hill MS,Keller ISD,C,82,816,https://txschools.net/campus/fossil-hill-ms-220907042
4125,7185,157,015910130,Fox Run Elem,North East ISD,B,82,569,https://txschools.net/campus/fox-run-elem-015910130
4125,7185,157,057903128,Freeman Elem,Carrollton-Farmers Branch ISD,B,82,594,https://txschools.net/campus/freeman-elem-057903128
4125,7185,157,101912004,Furr HS,Houston ISD,B,82,724,https://txschools.net/campus/furr-hs-101912004
4125,7185,157,227901176,Galindo Elem,Austin ISD,B,82,368,https://txschools.net/campus/galindo-elem-227901176
4125,7185,157,120902101,Ganado Elem,Ganado ISD,B,82,332,https://txschools.net/campus/ganado-elem-120902101
4125,7185,157,057910121,Garner Fine Arts Academy,Grand Prairie ISD,B,82,783,https://txschools.net/campus/garner-fine-arts-academy-057910121
4125,7185,157,011901022,Genesis HS,Bastrop ISD,B,82,86,https://txschools.net/campus/genesis-hs-011901022
4125,7185,157,043907109,Glen Oaks Elem,McKinney ISD,B,82,472,https://txschools.net/campus/glen-oaks-elem-043907109
4125,7185,157,108906124,Gonzalez Elem,McAllen ISD,A,82,854,https://txschools.net/campus/gonzalez-elem-108906124
4125,7185,157,220902114,Grace E Hardeman Elem,Birdville ISD,B,82,581,https://txschools.net/campus/grace-e-hardeman-elem-220902114
4125,7185,157,165901128,Greathouse Elem,Midland ISD,B,82,735,https://txschools.net/campus/greathouse-elem-165901128
4125,7185,157,057903003,Grimes Education Center,Carrollton-Farmers Branch ISD,B,82,86,https://txschools.net/campus/grimes-education-center-057903003
4125,7185,157,071905057,Hanks MS,Ysleta ISD,B,82,936,https://txschools.net/campus/hanks-ms-071905057
4125,7185,157,031903002,Harlingen HS - South,Harlingen CISD,B,82,1995,https://txschools.net/campus/harlingen-hs-south-031903002
4125,7185,157,079901046,Harry Wright JH,Lamar CISD,B,82,1440,https://txschools.net/campus/harry-wright-jh-079901046
4125,7185,157,250902001,Hawkins HS / MS,Hawkins ISD,B,82,409,https://txschools.net/campus/hawkins-hs-ms-250902001
4125,7185,157,015915198,Henderson Elem,Northside ISD,B,82,840,https://txschools.net/campus/henderson-elem-015915198
4125,7185,157,178904106,Hicks Elem,Corpus Christi ISD,B,82,526,https://txschools.net/campus/hicks-elem-178904106
4125,7185,157,188903041,Highland Park MS,Highland Park ISD,B,82,201,https://txschools.net/campus/highland-park-ms-188903041
4125,7185,157,057905006,Hillcrest HS,Dallas ISD,B,82,1414,https://txschools.net/campus/hillcrest-hs-057905006
4125,7185,157,101920105,Hollibrook Elem,Spring Branch ISD,B,82,598,https://txschools.net/campus/hollibrook-elem-101920105
4125,7185,157,101903044,Holub MS,Alief ISD,C,82,679,https://txschools.net/campus/holub-ms-101903044
4125,7185,157,220905137,Hubbard Elem,Fort Worth ISD,C,82,483,https://txschools.net/campus/hubbard-elem-220905137
4125,7185,157,034903041,Hughes Springs JH,Hughes Springs ISD,B,82,211,https://txschools.net/campus/hughes-springs-jh-034903041
4125,7185,157,246906004,Hutto Ninth Grade Center,Hutto ISD,B,82,772,https://txschools.net/campus/hutto-ninth-grade-center-246906004
4125,7185,157,015907138,Irving Dual Language Academy,San Antonio ISD,B,82,554,https://txschools.net/campus/irving-dual-language-academy-015907138
4125,7185,157,057905032,James Madison HS,Dallas ISD,B,82,279,https://txschools.net/campus/james-madison-hs-057905032
4125,7185,157,043918104,John & Barbara Roderick Elem,Community ISD,B,82,690,https://txschools.net/campus/john-barbara-roderick-elem-043918104
4125,7185,157,057905051,John Lewis Social Justice Academy at O W Holmes,Dallas ISD,B,82,295,https://txschools.net/campus/john-lewis-social-justice-academy-at-o-w-holmes-057905051
4125,7185,157,128902001,Kenedy HS,Kenedy ISD,B,82,203,https://txschools.net/campus/kenedy-hs-128902001
4125,7185,157,014906001,Killeen HS,Killeen ISD,B,82,1871,https://txschools.net/campus/killeen-hs-014906001
4125,7185,157,046902122,Kinder Ranch Elem,Comal ISD,B,82,663,https://txschools.net/campus/kinder-ranch-elem-046902122
4125,7185,157,121905041,Kirbyville JH,Kirbyville CISD,B,82,309,https://txschools.net/campus/kirbyville-jh-121905041
4125,7185,157,161906002,La Vega HS,La Vega ISD,B,82,871,https://txschools.net/campus/la-vega-hs-161906002
4125,7185,157,057916042,Lake Highlands MS,Richardson ISD,B,82,1162,https://txschools.net/campus/lake-highlands-ms-057916042
4125,7185,157,245901101,Lasara Elem,Lasara ISD,B,82,226,https://txschools.net/campus/lasara-elem-245901101
4125,7185,157,031906107,Laureles Elem,Los Fresnos CISD,B,82,495,https://txschools.net/campus/laureles-elem-031906107
4125,7185,157,092903004,Lead Academy HS,Longview ISD,B,82,145,https://txschools.net/campus/lead-academy-hs-092903004
4125,7185,157,246908001,Liberty Hill HS,Liberty Hill ISD,B,82,1950,https://txschools.net/campus/liberty-hill-hs-246908001
4125,7185,157,108912116,Lloyd M Bentsen Elem,La Joya ISD,B,82,494,https://txschools.net/campus/lloyd-m-bentsen-elem-108912116
4125,7185,157,034905041,Mae Luster Stephens JH,Linden-Kildare CISD,B,82,134,https://txschools.net/campus/mae-luster-stephens-jh-034905041
4125,7185,157,043910011,McMillen HS,Plano ISD,B,82,1074,https://txschools.net/campus/mcmillen-hs-043910011
4125,7185,157,220905051,Meacham MS,Fort Worth ISD,B,82,638,https://txschools.net/campus/meacham-ms-220905051
4125,7185,157,057914001,Mesquite HS,Mesquite ISD,B,82,2063,https://txschools.net/campus/mesquite-hs-057914001
4125,7185,157,071909002,Montwood HS,Socorro ISD,B,82,2476,https://txschools.net/campus/montwood-hs-071909002
4125,7185,157,071909045,Montwood MS,Socorro ISD,B,82,562,https://txschools.net/campus/montwood-ms-071909045
4125,7185,157,068901126,Murry Fly Elem,Ector County ISD,B,82,993,https://txschools.net/campus/murry-fly-elem-068901126
4125,7185,157,057909008,Naaman Forest HS,Garland ISD,B,82,1806,https://txschools.net/campus/naaman-forest-hs-057909008
4125,7185,157,021902118,Neal Elem,Bryan ISD,B,82,294,https://txschools.net/campus/neal-elem-021902118
4125,7185,157,014906055,Nolan MS,Killeen ISD,B,82,1004,https://txschools.net/campus/nolan-ms-014906055
4125,7185,157,101910108,North Shore Elem,Galena Park ISD,B,82,954,https://txschools.net/campus/north-shore-elem-101910108
4125,7185,157,235904101,Nursery Elem,Nursery ISD,B,82,179,https://txschools.net/campus/nursery-elem-235904101
4125,7185,157,153903001,O'Donnell School,O'Donnell ISD,B,82,235,https://txschools.net/campus/o-donnell-school-153903001
4125,7185,157,031901139,Ortiz Elem,Brownsville ISD,B,82,558,https://txschools.net/campus/ortiz-elem-031901139
4125,7185,157,048903001,Paint Rock School,Paint Rock ISD,B,82,232,https://txschools.net/campus/paint-rock-school-048903001
4125,7185,157,001907001,Palestine HS,Palestine ISD,B,82,954,https://txschools.net/campus/palestine-hs-001907001
4125,7185,157,042905001,Panther Creek School,Panther Creek CISD,B,82,139,https://txschools.net/campus/panther-creek-school-042905001
4125,7185,157,101917001,Pasadena HS,Pasadena ISD,B,82,2136,https://txschools.net/campus/pasadena-hs-101917001
4125,7185,157,082903041,Pearsall JH,Pearsall ISD,B,82,432,https://txschools.net/campus/pearsall-jh-082903041
4125,7185,157,071909011,Pebble Hills HS,Socorro ISD,B,82,2934,https://txschools.net/campus/pebble-hills-hs-071909011
4125,7185,157,007905001,Pleasanton HS,Pleasanton ISD,B,82,948,https://txschools.net/campus/pleasanton-hs-007905001
4125,7185,157,061906041,Ponder JH,Ponder ISD,B,82,432,https://txschools.net/campus/ponder-jh-061906041
4125,7185,157,170902122,Powell Elem,Conroe ISD,A,82,727,https://txschools.net/campus/powell-elem-170902122
4125,7185,157,091901041,Pritchard JH,Bells ISD,B,82,236,https://txschools.net/campus/pritchard-jh-091901041
4125,7185,157,246909113,Purple Sage Elem,Round Rock ISD,B,82,499,https://txschools.net/campus/purple-sage-elem-246909113
4125,7185,157,250904001,Quitman HS,Quitman ISD,B,82,344,https://txschools.net/campus/quitman-hs-250904001
4125,7185,157,152901177,Ramirez Elem,Lubbock ISD,B,82,495,https://txschools.net/campus/ramirez-elem-152901177
4125,7185,157,057903007,Ranchview HS,Carrollton-Farmers Branch ISD,B,82,929,https://txschools.net/campus/ranchview-hs-057903007
4125,7185,157,240903136,Roberto J Santos Elem,United ISD,B,82,589,https://txschools.net/campus/roberto-j-santos-elem-240903136
4125,7185,157,166904103,Rockdale Int,Rockdale ISD,B,82,314,https://txschools.net/campus/rockdale-int-166904103
4125,7185,157,015910004,Roosevelt HS,North East ISD,B,82,2357,https://txschools.net/campus/roosevelt-hs-015910004
4125,7185,157,073905041,Rosebud-Lott MS,Rosebud-Lott ISD,B,82,174,https://txschools.net/campus/rosebud-lott-ms-073905041
4125,7185,157,014906054,Roy J Smith MS,Killeen ISD,B,82,963,https://txschools.net/campus/roy-j-smith-ms-014906054
4125,7185,157,057905117,Rufus C Burleson Elem,Dallas ISD,B,82,459,https://txschools.net/campus/rufus-c-burleson-elem-057905117
4125,7185,157,104903001,Rule School,Rule ISD,B,82,143,https://txschools.net/campus/rule-school-104903001
4125,7185,157,074911001,Savoy HS,Savoy ISD,B,82,114,https://txschools.net/campus/savoy-hs-074911001
4125,7185,157,008902001,Sealy HS,Sealy ISD,B,82,963,https://txschools.net/campus/sealy-hs-008902001
4125,7185,157,015915029,Sotomayor HS,Northside ISD,B,82,2828,https://txschools.net/campus/sotomayor-hs-015915029
4125,7185,157,101920003,Spring Woods HS,Spring Branch ISD,B,82,1821,https://txschools.net/campus/spring-woods-hs-101920003
4125,7185,157,156902101,Stanton Elem,Stanton ISD,B,82,490,https://txschools.net/campus/stanton-elem-156902101
4125,7185,157,246913107,Steiner Ranch Elem,Leander ISD,A,82,378,https://txschools.net/campus/steiner-ranch-elem-246913107
4125,7185,157,112901002,Sulphur Springs HS,Sulphur Springs ISD,B,82,1255,https://txschools.net/campus/sulphur-springs-hs-112901002
4125,7185,157,220908042,T A Howard MS,Mansfield ISD,B,82,688,https://txschools.net/campus/t-a-howard-ms-220908042
4125,7185,157,201910102,Tatum Elem,Tatum ISD,B,82,295,https://txschools.net/campus/tatum-elem-201910102
4125,7185,157,246911041,Taylor MS,Taylor ISD,B,82,609,https://txschools.net/campus/taylor-ms-246911041
4125,7185,157,079907012,Thurgood Marshall HS,Fort Bend ISD,B,82,1548,https://txschools.net/campus/thurgood-marshall-hs-079907012
4125,7185,157,184903042,Tison MS,Weatherford ISD,B,82,921,https://txschools.net/campus/tison-ms-184903042
4125,7185,157,228903001,Trinity HS,Trinity ISD,B,82,368,https://txschools.net/campus/trinity-hs-228903001
4125,7185,157,018904001,Valley Mills HS,Valley Mills ISD,B,82,206,https://txschools.net/campus/valley-mills-hs-018904001
4125,7185,157,105904102,Walnut Springs Elem,Dripping Springs ISD,B,82,755,https://txschools.net/campus/walnut-springs-elem-105904102
4125,7185,157,057909116,Weaver Elem,Garland ISD,B,82,449,https://txschools.net/campus/weaver-elem-057909116
4125,7185,157,161916001,West HS,West ISD,A,82,387,https://txschools.net/campus/west-hs-161916001
4125,7185,157,202905002,West Sabine HS,West Sabine ISD,B,82,296,https://txschools.net/campus/west-sabine-hs-202905002
4125,7185,157,091909041,Whitesboro MS,Whitesboro ISD,B,82,408,https://txschools.net/campus/whitesboro-ms-091909041
4125,7185,157,091910101,Whitewright Elem,Whitewright ISD,B,82,394,https://txschools.net/campus/whitewright-elem-091910101
4125,7185,157,031903116,Wilson Elem,Harlingen CISD,B,82,366,https://txschools.net/campus/wilson-elem-031903116
4125,7185,157,101912019,Worthing HS,Houston ISD,B,82,642,https://txschools.net/campus/worthing-hs-101912019
4283,7185,194,126902101,Academy at Nola Dunn,Burleson ISD,B,83,676,https://txschools.net/campus/academy-at-nola-dunn-126902101
4283,7185,194,152907044,Alcove Trails MS,Frenship ISD,B,83,677,https://txschools.net/campus/alcove-trails-ms-152907044
4283,7185,194,101903114,Alexander Elem,Alief ISD,B,83,558,https://txschools.net/campus/alexander-elem-101903114
4283,7185,194,043905129,Allen Elem,Frisco ISD,A,83,622,https://txschools.net/campus/allen-elem-043905129
4283,7185,194,205901001,Aransas Pass HS,Aransas Pass ISD,B,83,434,https://txschools.net/campus/aransas-pass-hs-205901001
4283,7185,194,015907101,Arnold Elem,San Antonio ISD,B,83,604,https://txschools.net/campus/arnold-elem-015907101
4283,7185,194,068901102,Austin Montessori Magnet,Ector County ISD,B,83,553,https://txschools.net/campus/austin-montessori-magnet-068901102
4283,7185,194,108909041,Austin MS,Pharr-San Juan-Alamo ISD,B,83,817,https://txschools.net/campus/austin-ms-108909041
4283,7185,194,020901120,Bel Nafegar Sanchez Elem,Alvin ISD,B,83,770,https://txschools.net/campus/bel-nafegar-sanchez-elem-020901120
4283,7185,194,091901101,Bells Elem,Bells ISD,B,83,459,https://txschools.net/campus/bells-elem-091901101
4283,7185,194,071909134,Ben Narbuth Elem,Socorro ISD,B,83,1099,https://txschools.net/campus/ben-narbuth-elem-071909134
4283,7185,194,101914141,Bethke Elem,Katy ISD,B,83,938,https://txschools.net/campus/bethke-elem-101914141
4283,7185,194,057916133,Big Springs Elem,Richardson ISD,B,83,386,https://txschools.net/campus/big-springs-elem-057916133
4283,7185,194,246909130,Blackland Prairie Elem,Round Rock ISD,B,83,767,https://txschools.net/campus/blackland-prairie-elem-246909130
4283,7185,194,068901125,Blanton Elem,Ector County ISD,B,83,505,https://txschools.net/campus/blanton-elem-068901125
4283,7185,194,188901042,Bowie MS,Amarillo ISD,B,83,641,https://txschools.net/campus/bowie-ms-188901042
4283,7185,194,101912116,Briargrove Elem,Houston ISD,B,83,829,https://txschools.net/campus/briargrove-elem-101912116
4283,7185,194,181901001,Bridge City HS,Bridge City ISD,B,83,890,https://txschools.net/campus/bridge-city-hs-181901001
4283,7185,194,223901001,Brownfield HS,Brownfield ISD,B,83,438,https://txschools.net/campus/brownfield-hs-223901001
4283,7185,194,227901110,Bryker Woods Elem,Austin ISD,B,83,273,https://txschools.net/campus/bryker-woods-elem-227901110
4283,7185,194,212902041,Bullard MS,Bullard ISD,B,83,453,https://txschools.net/campus/bullard-ms-212902041
4283,7185,194,121903001,Buna HS,Buna ISD,B,83,404,https://txschools.net/campus/buna-hs-121903001
4283,7185,194,121903041,Buna JH,Buna ISD,B,83,289,https://txschools.net/campus/buna-jh-121903041
4283,7185,194,015907002,Burbank HS,San Antonio ISD,B,83,1433,https://txschools.net/campus/burbank-hs-015907002
4283,7185,194,020908102,C J Harris Elem,Pearland ISD,B,83,494,https://txschools.net/campus/c-j-harris-elem-020908102
4283,7185,194,178903103,Calallen West Int,Calallen ISD,B,83,391,https://txschools.net/campus/calallen-west-int-178903103
4283,7185,194,015910140,Canyon Ridge Elem,North East ISD,B,83,425,https://txschools.net/campus/canyon-ridge-elem-015910140
4283,7185,194,101902141,Caraway Elem,Aldine ISD,B,83,588,https://txschools.net/campus/caraway-elem-101902141
4283,7185,194,061911119,Carl E Schluter Elem,Northwest ISD,B,83,753,https://txschools.net/campus/carl-e-schluter-elem-061911119
4283,7185,194,101919124,Carolee Booker Elem,Spring ISD,B,83,668,https://txschools.net/campus/carolee-booker-elem-101919124
4283,7185,194,064903102,Carrizo Springs Elem,Carrizo Springs CISD,C,83,551,https://txschools.net/campus/carrizo-springs-elem-064903102
4283,7185,194,101902107,Carter Academy,Aldine ISD,B,83,789,https://txschools.net/campus/carter-academy-101902107
4283,7185,194,001902041,Cayuga MS,Cayuga ISD,B,83,119,https://txschools.net/campus/cayuga-ms-001902041
4283,7185,194,101920124,Cedar Brook Elem,Spring Branch ISD,B,83,652,https://txschools.net/campus/cedar-brook-elem-101920124
4283,7185,194,057904110,Cedar Hill Collegiate Prep,Cedar Hill ISD,B,83,517,https://txschools.net/campus/cedar-hill-collegiate-prep-057904110
4283,7185,194,174908101,Central Heights Elem,Central Heights ISD,B,83,491,https://txschools.net/campus/central-heights-elem-174908101
4283,7185,194,220907004,Central HS,Keller ISD,B,83,2319,https://txschools.net/campus/central-hs-220907004
4283,7185,194,161920102,China Spring Elem,China Spring ISD,B,83,604,https://txschools.net/campus/china-spring-elem-161920102
4283,7185,194,139905101,Chisum Elem,Chisum ISD,B,83,556,https://txschools.net/campus/chisum-elem-139905101
4283,7185,194,205902102,Clark Elem,Gregory-Portland ISD,B,83,482,https://txschools.net/campus/clark-elem-205902102
4283,7185,194,043910005,Clark HS,Plano ISD,B,83,940,https://txschools.net/campus/clark-hs-043910005
4283,7185,194,126903102,Coleman Elem,Cleburne ISD,B,83,378,https://txschools.net/campus/coleman-elem-126903102
4283,7185,194,168901001,Colorado HS,Colorado ISD,B,83,219,https://txschools.net/campus/colorado-hs-168901001
4283,7185,194,130902001,Comfort HS,Comfort ISD,B,83,328,https://txschools.net/campus/comfort-hs-130902001
4283,7185,194,112908001,Como-Pickton School,Como-Pickton CISD,B,83,751,https://txschools.net/campus/como-pickton-school-112908001
4283,7185,194,043905132,Comstock Elem,Frisco ISD,A,83,633,https://txschools.net/campus/comstock-elem-043905132
4283,7185,194,170902001,Conroe HS,Conroe ISD,B,83,5191,https://txschools.net/campus/conroe-hs-170902001
4283,7185,194,057922109,Cottonwood Creek Elem,Coppell ISD,B,83,349,https://txschools.net/campus/cottonwood-creek-elem-057922109
4283,7185,194,101906106,Crosby Elem,Crosby ISD,B,83,653,https://txschools.net/campus/crosby-elem-101906106
4283,7185,194,107904001,Cross Roads HS,Cross Roads ISD,B,83,142,https://txschools.net/campus/cross-roads-hs-107904001
4283,7185,194,246913104,Cypress Elem,Leander ISD,B,83,481,https://txschools.net/campus/cypress-elem-246913104
4283,7185,194,101907009,Cypress Springs HS,Cypress-Fairbanks ISD,B,83,2562,https://txschools.net/campus/cypress-springs-hs-101907009
4283,7185,194,043912117,Dan Christie Elem,Prosper ISD,B,83,865,https://txschools.net/campus/dan-christie-elem-043912117
4283,7185,194,108904117,De La Vina Elem,Edinburg CISD,B,83,594,https://txschools.net/campus/de-la-vina-elem-108904117
4283,7185,194,101921102,Decker Prairie Elem,Tomball ISD,B,83,666,https://txschools.net/campus/decker-prairie-elem-101921102
4283,7185,194,101908041,Deepwater JH,Deer Park ISD,B,83,584,https://txschools.net/campus/deepwater-jh-101908041
4283,7185,194,071905056,Del Valle MS,Ysleta ISD,B,83,947,https://txschools.net/campus/del-valle-ms-071905056
4283,7185,194,101919123,Donna Lewis Elem,Spring ISD,B,83,687,https://txschools.net/campus/donna-lewis-elem-101919123
4283,7185,194,220916113,Donna Park,Hurst-Euless-Bedford ISD,B,83,417,https://txschools.net/campus/donna-park-220916113
4283,7185,194,061901126,Dorothy P Adkins Elem,Denton ISD,B,83,413,https://txschools.net/campus/dorothy-p-adkins-elem-061901126
4283,7185,194,031912104,Downs Fine Arts Academy,San Benito CISD,B,83,441,https://txschools.net/campus/downs-fine-arts-academy-031912104
4283,7185,194,108905103,Dr Alejo Salinas Jr Elem,Hidalgo ISD,B,83,319,https://txschools.net/campus/dr-alejo-salinas-jr-elem-108905103
4283,7185,194,020908101,E A Lawhon Elem,Pearland ISD,B,83,745,https://txschools.net/campus/e-a-lawhon-elem-020908101
4283,7185,194,227909101,Eanes Elem,Eanes ISD,A,83,510,https://txschools.net/campus/eanes-elem-227909101
4283,7185,194,057905166,Edwin J Kiest Elem,Dallas ISD,B,83,579,https://txschools.net/campus/edwin-j-kiest-elem-057905166
4283,7185,194,031901105,El Jardin Elem,Brownsville ISD,B,83,384,https://txschools.net/campus/el-jardin-elem-031901105
4283,7185,194,121906041,Evadale JH,Evadale ISD,B,83,109,https://txschools.net/campus/evadale-jh-121906041
4283,7185,194,101913124,Fall Creek Elem,Humble ISD,B,83,761,https://txschools.net/campus/fall-creek-elem-101913124
4283,7185,194,079901146,Fletcher Morgan Elem,Lamar CISD,B,83,850,https://txschools.net/campus/fletcher-morgan-elem-079901146
4283,7185,194,129902001,Forney HS,Forney ISD,B,83,2813,https://txschools.net/campus/forney-hs-129902001
4283,7185,194,170902116,Glen Loch Elem,Conroe ISD,B,83,480,https://txschools.net/campus/glen-loch-elem-170902116
4283,7185,194,226903112,Glenmore Elem,San Angelo ISD,B,83,387,https://txschools.net/campus/glenmore-elem-226903112
4283,7185,194,088902104,Goliad Elem,Goliad ISD,B,83,516,https://txschools.net/campus/goliad-elem-088902104
4283,7185,194,199901110,Grace Hartman Elem,Rockwall ISD,B,83,370,https://txschools.net/campus/grace-hartman-elem-199901110
4283,7185,194,101912262,Grissom Elem,Houston ISD,B,83,396,https://txschools.net/campus/grissom-elem-101912262
4283,7185,194,214901041,Grulla MS,Rio Grande City Grulla ISD,B,83,638,https://txschools.net/campus/grulla-ms-214901041
4283,7185,194,170902113,Hailey Elem,Conroe ISD,B,83,565,https://txschools.net/campus/hailey-elem-170902113
4283,7185,194,143901101,Hallettsville Elem,Hallettsville ISD,B,83,441,https://txschools.net/campus/hallettsville-elem-143901101
4283,7185,194,127903001,Hamlin Collegiate HS,Hamlin Collegiate ISD,B,83,182,https://txschools.net/campus/hamlin-collegiate-hs-127903001
4283,7185,194,057909161,Handley STEM Elem,Garland ISD,B,83,491,https://txschools.net/campus/handley-stem-elem-057909161
4283,7185,194,102905041,Harleton JH,Harleton ISD,B,83,170,https://txschools.net/campus/harleton-jh-102905041
4283,7185,194,031903001,Harlingen HS,Harlingen CISD,B,83,2430,https://txschools.net/campus/harlingen-hs-031903001
4283,7185,194,086902101,Harper Elem,Harper ISD,B,83,215,https://txschools.net/campus/harper-elem-086902101
4283,7185,194,101912169,Harvard Elem,Houston ISD,A,83,663,https://txschools.net/campus/harvard-elem-101912169
4283,7185,194,101915103,Haude Elem,Klein ISD,B,83,548,https://txschools.net/campus/haude-elem-101915103
4283,7185,194,123905101,Helena Park Elem,Nederland ISD,B,83,714,https://txschools.net/campus/helena-park-elem-123905101
4283,7185,194,015915104,Helotes Elem,Northside ISD,A,83,308,https://txschools.net/campus/helotes-elem-015915104
4283,7185,194,101912173,Herod Elem,Houston ISD,B,83,647,https://txschools.net/campus/herod-elem-101912173
4283,7185,194,050910102,Hettie Halstead Elem,Copperas Cove ISD,B,83,409,https://txschools.net/campus/hettie-halstead-elem-050910102
4283,7185,194,227904116,Highland Park Elem,Pflugerville ISD,B,83,668,https://txschools.net/campus/highland-park-elem-227904116
4283,7185,194,031903107,Houston Elem,Harlingen CISD,B,83,393,https://txschools.net/campus/houston-elem-031903107
4283,7185,194,043910114,Hughston Elem,Plano ISD,B,83,443,https://txschools.net/campus/hughston-elem-043910114
4283,7185,194,101902076,Impact Leadership Academy,Aldine ISD,B,83,384,https://txschools.net/campus/impact-leadership-academy-101902076
4283,7185,194,015916117,James L Masters,Judson ISD,C,83,682,https://txschools.net/campus/james-l-masters-015916117
4283,7185,194,101914121,Jean & Betty Schmalz Elem,Katy ISD,B,83,1113,https://txschools.net/campus/jean-betty-schmalz-elem-101914121
4283,7185,194,221911110,Jim Ned Int,Jim Ned CISD,B,83,411,https://txschools.net/campus/jim-ned-int-221911110
4283,7185,194,057905192,John F Peeler Elem,Dallas ISD,B,83,349,https://txschools.net/campus/john-f-peeler-elem-057905192
4283,7185,194,084910116,John F Ward Elem,Clear Creek ISD,B,83,532,https://txschools.net/campus/john-f-ward-elem-084910116
4283,7185,194,108909101,John McKeever Elem,Pharr-San Juan-Alamo ISD,B,83,655,https://txschools.net/campus/john-mckeever-elem-108909101
4283,7185,194,057909155,John W Armstrong Elem,Garland ISD,B,83,744,https://txschools.net/campus/john-w-armstrong-elem-057909155
4283,7185,194,101919104,John Winship Elem,Spring ISD,B,83,533,https://txschools.net/campus/john-winship-elem-101919104
4283,7185,194,015915044,Jones MS,Northside ISD,B,83,946,https://txschools.net/campus/jones-ms-015915044
4283,7185,194,015915051,Jordan MS,Northside ISD,B,83,995,https://txschools.net/campus/jordan-ms-015915051
4283,7185,194,015917106,Julian C Gallardo Elem,Southside ISD,B,83,635,https://txschools.net/campus/julian-c-gallardo-elem-015917106
4283,7185,194,128902104,Kenedy Elem,Kenedy ISD,B,83,363,https://txschools.net/campus/kenedy-elem-128902104
4283,7185,194,220914001,Kennedale HS,Kennedale ISD,B,83,916,https://txschools.net/campus/kennedale-hs-220914001
4283,7185,194,248901001,Kermit HS,Kermit ISD,B,83,385,https://txschools.net/campus/kermit-hs-248901001
4283,7185,194,101912189,Kolter Elem,Houston ISD,A,83,773,https://txschools.net/campus/kolter-elem-101912189
4283,7185,194,043911101,Lacy Elem,Princeton ISD,B,83,626,https://txschools.net/campus/lacy-elem-043911101
4283,7185,194,140904102,Littlefield Elem,Littlefield ISD,B,83,238,https://txschools.net/campus/littlefield-elem-140904102
4283,7185,194,188901049,Lorenzo De Zavala MS,Amarillo ISD,B,83,417,https://txschools.net/campus/lorenzo-de-zavala-ms-188901049
4283,7185,194,220905219,Lowery Road,Fort Worth ISD,B,83,444,https://txschools.net/campus/lowery-road-220905219
4283,7185,194,100907041,Lumberton MS,Lumberton ISD,B,83,942,https://txschools.net/campus/lumberton-ms-100907041
4283,7185,194,240901109,MacDonell Elem,Laredo ISD,B,83,397,https://txschools.net/campus/macdonell-elem-240901109
4283,7185,194,154901102,Madisonville Int,Madisonville CISD,B,83,509,https://txschools.net/campus/madisonville-int-154901102
4283,7185,194,108908104,Marcell Elem,Mission CISD,B,83,370,https://txschools.net/campus/marcell-elem-108908104
4283,7185,194,043903107,Margie Moore Vasquez Elem,Celina ISD,B,83,555,https://txschools.net/campus/margie-moore-vasquez-elem-043903107
4283,7185,194,235902118,Martin De Leon Elem,Victoria ISD,B,83,503,https://txschools.net/campus/martin-de-leon-elem-235902118
4283,7185,194,184903108,Martin Elem,Weatherford ISD,B,83,532,https://txschools.net/campus/martin-elem-184903108
4283,7185,194,101917134,Matthys Elem,Pasadena ISD,B,83,410,https://txschools.net/campus/matthys-elem-101917134
4283,7185,194,015915185,Mead Elem,Northside ISD,B,83,784,https://txschools.net/campus/mead-elem-015915185
4283,7185,194,223902001,Meadow School,Meadow ISD,B,83,199,https://txschools.net/campus/meadow-school-223902001
4283,7185,194,062906101,Meyersville Elem,Meyersville ISD,B,83,167,https://txschools.net/campus/meyersville-elem-062906101
4283,7185,194,220916114,Midway Park Elem,Hurst-Euless-Bedford ISD,B,83,617,https://txschools.net/campus/midway-park-elem-220916114
4283,7185,194,057910130,Mike Moseley Elem,Grand Prairie ISD,B,83,626,https://txschools.net/campus/mike-moseley-elem-057910130
4283,7185,194,071902131,Milam Elem,El Paso ISD,B,83,846,https://txschools.net/campus/milam-elem-071902131
4283,7185,194,043905141,Miller Elem,Frisco ISD,B,83,566,https://txschools.net/campus/miller-elem-043905141
4283,7185,194,101907110,Millsap Elem,Cypress-Fairbanks ISD,B,83,798,https://txschools.net/campus/millsap-elem-101907110
4283,7185,194,220905144,Mitchell Boulevard Elem,Fort Worth ISD,B,83,372,https://txschools.net/campus/mitchell-boulevard-elem-220905144
4283,7185,194,057905162,Mockingbird Elem,Dallas ISD,B,83,571,https://txschools.net/campus/mockingbird-elem-057905162
4283,7185,194,057905005,Moises E Molina HS,Dallas ISD,B,83,1736,https://txschools.net/campus/moises-e-molina-hs-057905005
4283,7185,194,212906112,Mozelle Brown Elem,Whitehouse ISD,B,83,609,https://txschools.net/campus/mozelle-brown-elem-212906112
4283,7185,194,046902120,Mt Valley Elem,Comal ISD,B,83,500,https://txschools.net/campus/mt-valley-elem-046902120
4283,7185,194,071909109,Myrtle Cooper Elem,Socorro ISD,B,83,547,https://txschools.net/campus/myrtle-cooper-elem-071909109
4283,7185,194,101912394,Neff Elem,Houston ISD,B,83,664,https://txschools.net/campus/neff-elem-101912394
4283,7185,194,043908105,North Creek Elem,Melissa ISD,B,83,787,https://txschools.net/campus/north-creek-elem-043908105
4283,7185,194,220916105,North Euless Elem,Hurst-Euless-Bedford ISD,B,83,571,https://txschools.net/campus/north-euless-elem-220916105
4283,7185,194,071909103,O'Shea Keleher Whole Child Academy,Socorro ISD,B,83,715,https://txschools.net/campus/o-shea-keleher-whole-child-academy-071909103
4283,7185,194,101902115,Odom Elem,Aldine ISD,B,83,288,https://txschools.net/campus/odom-elem-101902115
4283,7185,194,001907041,Palestine JH,Palestine ISD,B,83,484,https://txschools.net/campus/palestine-jh-001907041
4283,7185,194,246913120,Parkside Elem,Leander ISD,B,83,800,https://txschools.net/campus/parkside-elem-246913120
4283,7185,194,021901203,Pecan Trail Int,College Station ISD,B,83,795,https://txschools.net/campus/pecan-trail-int-021901203
4283,7185,194,101920110,Pine Shadows Elem,Spring Branch ISD,B,83,791,https://txschools.net/campus/pine-shadows-elem-101920110
4283,7185,194,043910010,Plano West Senior HS,Plano ISD,B,83,2484,https://txschools.net/campus/plano-west-senior-hs-043910010
4283,7185,194,246909117,Pond Springs Elem,Round Rock ISD,B,83,476,https://txschools.net/campus/pond-springs-elem-246909117
4283,7185,194,015908107,Price Elem,South San Antonio ISD,B,83,338,https://txschools.net/campus/price-elem-015908107
4283,7185,194,071909131,Purple Heart Elem,Socorro ISD,B,83,904,https://txschools.net/campus/purple-heart-elem-071909131
4283,7185,194,101917044,Queens Int,Pasadena ISD,B,83,482,https://txschools.net/campus/queens-int-101917044
4283,7185,194,240903132,Radcliffe & Sue Killam Elem,United ISD,B,83,610,https://txschools.net/campus/radcliffe-sue-killam-elem-240903132
4283,7185,194,170902124,Reaves Elem,Conroe ISD,B,83,663,https://txschools.net/campus/reaves-elem-170902124
4283,7185,194,020901115,Red Duke Elem,Alvin ISD,B,83,677,https://txschools.net/campus/red-duke-elem-020901115
4283,7185,194,071901102,Red Sands Elem,Clint ISD,B,83,575,https://txschools.net/campus/red-sands-elem-071901102
4283,7185,194,004901001,Rockport-Fulton HS,Rockport-Fulton ISD,B,83,889,https://txschools.net/campus/rockport-fulton-hs-004901001
4283,7185,194,069901001,Rocksprings K-12,Rocksprings ISD,B,83,201,https://txschools.net/campus/rocksprings-k-12-069901001
4283,7185,194,101912113,Roderick R Paige Elem,Houston ISD,B,83,363,https://txschools.net/campus/roderick-r-paige-elem-101912113
4283,7185,194,220905256,Rolling Hills Elem,Fort Worth ISD,B,83,630,https://txschools.net/campus/rolling-hills-elem-220905256
4283,7185,194,177901001,Roscoe Collegiate HS,Roscoe Collegiate ISD,B,83,294,https://txschools.net/campus/roscoe-collegiate-hs-177901001
4283,7185,194,165901109,Sam Houston Collegiate Preparatory Elem,Midland ISD,B,83,535,https://txschools.net/campus/sam-houston-collegiate-preparatory-elem-165901109
4283,7185,194,102902107,Sam Houston Elem,Marshall ISD,B,83,485,https://txschools.net/campus/sam-houston-elem-102902107
4283,7185,194,061901119,Savannah Elem,Denton ISD,B,83,635,https://txschools.net/campus/savannah-elem-061901119
4283,7185,194,043910148,Schell Elem,Plano ISD,B,83,443,https://txschools.net/campus/schell-elem-043910148
4283,7185,194,101912240,Sherman Elem,Houston ISD,B,83,416,https://txschools.net/campus/sherman-elem-101912240
4283,7185,194,100905105,Sour Lake Elem,Hardin-Jefferson ISD,B,83,722,https://txschools.net/campus/sour-lake-elem-100905105
4283,7185,194,220905166,South Hi Mount Elem,Fort Worth ISD,B,83,483,https://txschools.net/campus/south-hi-mount-elem-220905166
4283,7185,194,101917118,South Houston Elem,Pasadena ISD,B,83,390,https://txschools.net/campus/south-houston-elem-101917118
4283,7185,194,156902001,Stanton HS,Stanton ISD,B,83,322,https://txschools.net/campus/stanton-hs-156902001
4283,7185,194,061902048,STEM Academy at Forestwood MS,Lewisville ISD,A,83,899,https://txschools.net/campus/stem-academy-at-forestwood-ms-061902048
4283,7185,194,112910001,Sulphur Bluff ISD,Sulphur Bluff ISD,B,83,195,https://txschools.net/campus/sulphur-bluff-isd-112910001
4283,7185,194,227901138,Summitt Elem,Austin ISD,B,83,745,https://txschools.net/campus/summitt-elem-227901138
4283,7185,194,220907130,Sunset Valley Elem,Keller ISD,B,83,588,https://txschools.net/campus/sunset-valley-elem-220907130
4283,7185,194,240901125,T Sanchez Elem / H Ochoa Elem,Laredo ISD,B,83,490,https://txschools.net/campus/t-sanchez-elem-h-ochoa-elem-240901125
4283,7185,194,246909131,Teravista Elem,Round Rock ISD,B,83,793,https://txschools.net/campus/teravista-elem-246909131
4283,7185,194,084906001,Texas City HS,Texas City ISD,B,83,1642,https://txschools.net/campus/texas-city-hs-084906001
4283,7185,194,068901009,The STEM Academy,Ector County ISD,A,83,762,https://txschools.net/campus/the-stem-academy-068901009
4283,7185,194,101915106,Theiss Elem,Klein ISD,B,83,601,https://txschools.net/campus/theiss-elem-101915106
4283,7185,194,220907005,Timber Creek HS,Keller ISD,B,83,2819,https://txschools.net/campus/timber-creek-hs-220907005
4283,7185,194,101907141,Tipps Elem,Cypress-Fairbanks ISD,B,83,918,https://txschools.net/campus/tipps-elem-101907141
4283,7185,194,061902134,Tom Hicks Elem,Lewisville ISD,B,83,531,https://txschools.net/campus/tom-hicks-elem-061902134
4283,7185,194,070903104,Travis Elem,Ennis ISD,B,83,272,https://txschools.net/campus/travis-elem-070903104
4283,7185,194,108904111,Travis Elem,Edinburg CISD,B,83,343,https://txschools.net/campus/travis-elem-108904111
4283,7185,194,240903041,United MS,United ISD,B,83,998,https://txschools.net/campus/united-ms-240903041
4283,7185,194,046901111,Veramendi Elem,New Braunfels ISD,B,83,617,https://txschools.net/campus/veramendi-elem-046901111
4283,7185,194,015910147,Vineyard Ranch Elem,North East ISD,A,83,715,https://txschools.net/campus/vineyard-ranch-elem-015910147
4283,7185,194,057905048,W H Gaston MS,Dallas ISD,B,83,500,https://txschools.net/campus/w-h-gaston-ms-057905048
4283,7185,194,184903001,Weatherford HS,Weatherford ISD,B,83,2385,https://txschools.net/campus/weatherford-hs-184903001
4283,7185,194,044902101,Wellington Elem,Wellington ISD,B,83,229,https://txschools.net/campus/wellington-elem-044902101
4283,7185,194,123910008,West Brook Sr HS,Beaumont ISD,B,83,2166,https://txschools.net/campus/west-brook-sr-hs-123910008
4283,7185,194,057905250,Whitney M Young Jr Elem,Dallas ISD,B,83,379,https://txschools.net/campus/whitney-m-young-jr-elem-057905250
4283,7185,194,101913105,Woodland Hills Elem,Humble ISD,B,83,532,https://txschools.net/campus/woodland-hills-elem-101913105
4283,7185,194,057906109,Woodridge Fine Arts and Gifted Academy,Desoto ISD,C,83,419,https://txschools.net/campus/woodridge-fine-arts-and-gifted-academy-057906109
4283,7185,194,057905022,Woodrow Wilson HS,Dallas ISD,B,83,1739,https://txschools.net/campus/woodrow-wilson-hs-057905022
4283,7185,194,227901152,Wooldridge Elem,Austin ISD,B,83,348,https://txschools.net/campus/wooldridge-elem-227901152
4283,7185,194,062903041,Yoakum JH,Yoakum ISD,B,83,280,https://txschools.net/campus/yoakum-jh-062903041
4283,7185,194,101912247,Young Elem,Houston ISD,B,83,357,https://txschools.net/campus/young-elem-101912247
4283,7185,194,057905046,Young Men's Leadership Academy at Fred F Florence,Dallas ISD,B,83,379,https://txschools.net/campus/young-men-s-leadership-academy-at-fred-f-florence-057905046
4478,7185,103,111901102,Acton Elem,Granbury ISD,B,84,858,https://txschools.net/campus/acton-elem-111901102
4478,7185,103,043901102,Alton Boyd Elem,Allen ISD,B,84,391,https://txschools.net/campus/alton-boyd-elem-043901102
4478,7185,103,093901101,Anderson-Shiro Elem,Anderson-Shiro CISD,B,84,437,https://txschools.net/campus/anderson-shiro-elem-093901101
4478,7185,103,071904041,Ann M Garcia-Enriquez MS,San Elizario ISD,B,84,394,https://txschools.net/campus/ann-m-garcia-enriquez-ms-071904041
4478,7185,103,101917041,Beverly Hills Int,Pasadena ISD,B,84,721,https://txschools.net/campus/beverly-hills-int-101917041
4478,7185,103,057905235,Birdie Alexander Elem,Dallas ISD,B,84,301,https://txschools.net/campus/birdie-alexander-elem-057905235
4478,7185,103,101917051,Bondy Int,Pasadena ISD,B,84,891,https://txschools.net/campus/bondy-int-101917051
4478,7185,103,185901001,Bovina HS,Bovina ISD,B,84,116,https://txschools.net/campus/bovina-hs-185901001
4478,7185,103,220901004,Bowie HS,Arlington ISD,B,84,2065,https://txschools.net/campus/bowie-hs-220901004
4478,7185,103,227901107,Brentwood Elem,Austin ISD,A,84,694,https://txschools.net/campus/brentwood-elem-227901107
4478,7185,103,227909106,Bridge Point Elem,Eanes ISD,A,84,574,https://txschools.net/campus/bridge-point-elem-227909106
4478,7185,103,015910050,Bush MS,North East ISD,B,84,778,https://txschools.net/campus/bush-ms-015910050
4478,7185,103,101902131,Bussey Elem,Aldine ISD,B,84,419,https://txschools.net/campus/bussey-elem-101902131
4478,7185,103,061911007,Byron Nelson HS,Northwest ISD,B,84,2996,https://txschools.net/campus/byron-nelson-hs-061911007
4478,7185,103,108913043,Central MS,Weslaco ISD,B,84,1057,https://txschools.net/campus/central-ms-108913043
4478,7185,103,020908106,Challenger Elem,Pearland ISD,A,84,613,https://txschools.net/campus/challenger-elem-020908106
4478,7185,103,204901001,Coldspring-Oakhurst HS,Coldspring-Oakhurst CISD,B,84,477,https://txschools.net/campus/coldspring-oakhurst-hs-204901001
4478,7185,103,220906102,Colleyville Elem,Grapevine-Colleyville ISD,A,84,376,https://txschools.net/campus/colleyville-elem-220906102
4478,7185,103,220905117,Como Elem,Fort Worth ISD,B,84,386,https://txschools.net/campus/como-elem-220905117
4478,7185,103,161901001,Crawford HS,Crawford ISD,B,84,307,https://txschools.net/campus/crawford-hs-161901001
4478,7185,103,101907007,Cypress Falls HS,Cypress-Fairbanks ISD,B,84,2957,https://txschools.net/campus/cypress-falls-hs-101907007
4478,7185,103,220905119,Daggett Elem,Fort Worth ISD,B,84,520,https://txschools.net/campus/daggett-elem-220905119
4478,7185,103,057905203,Dan D Rogers Elem,Dallas ISD,B,84,476,https://txschools.net/campus/dan-d-rogers-elem-057905203
4478,7185,103,178904154,Dawson Elem,Corpus Christi ISD,B,84,561,https://txschools.net/campus/dawson-elem-178904154
4478,7185,103,101908105,Deer Park Elem,Deer Park ISD,B,84,667,https://txschools.net/campus/deer-park-elem-101908105
4478,7185,103,071901103,Desert Hills Elem,Clint ISD,B,84,898,https://txschools.net/campus/desert-hills-elem-071901103
4478,7185,103,101912115,Durham Elem,Houston ISD,B,84,498,https://txschools.net/campus/durham-elem-101912115
4478,7185,103,108912108,E B Reyna Elem,La Joya ISD,B,84,542,https://txschools.net/campus/e-b-reyna-elem-108912108
4478,7185,103,067903001,Eastland HS,Eastland ISD,B,84,256,https://txschools.net/campus/eastland-hs-067903001
4478,7185,103,020901046,Fairview JH,Alvin ISD,B,84,679,https://txschools.net/campus/fairview-jh-020901046
4478,7185,103,220902117,Foster Village Elem,Birdville ISD,A,84,409,https://txschools.net/campus/foster-village-elem-220902117
4478,7185,103,149901101,George West Elem,George West ISD,A,84,243,https://txschools.net/campus/george-west-elem-149901101
4478,7185,103,149901041,George West JH,George West ISD,A,84,164,https://txschools.net/campus/george-west-jh-149901041
4478,7185,103,213901041,Glen Rose JH School,Glen Rose ISD,B,84,494,https://txschools.net/campus/glen-rose-jh-school-213901041
4478,7185,103,178904056,Grant MS,Corpus Christi ISD,B,84,756,https://txschools.net/campus/grant-ms-178904056
4478,7185,103,113902002,Grapeland HS,Grapeland ISD,A,84,163,https://txschools.net/campus/grapeland-hs-113902002
4478,7185,103,033901001,Groom School,Groom ISD,B,84,112,https://txschools.net/campus/groom-school-033901001
4478,7185,103,098904101,Gus Birdwell Elem,Spearman ISD,B,84,322,https://txschools.net/campus/gus-birdwell-elem-098904101
4478,7185,103,101912049,Hamilton MS,Houston ISD,B,84,964,https://txschools.net/campus/hamilton-ms-101912049
4478,7185,103,015915184,Hatchett Elem,Northside ISD,B,84,572,https://txschools.net/campus/hatchett-elem-015915184
4478,7185,103,101912050,Holland MS,Houston ISD,B,84,440,https://txschools.net/campus/holland-ms-101912050
4478,7185,103,101903124,Holmquist Elem,Alief ISD,B,84,680,https://txschools.net/campus/holmquist-elem-101903124
4478,7185,103,091905001,Howe HS,Howe ISD,B,84,346,https://txschools.net/campus/howe-hs-091905001
4478,7185,103,246906001,Hutto HS,Hutto ISD,C,84,2467,https://txschools.net/campus/hutto-hs-246906001
4478,7185,103,057909045,Jackson Technology Center,Garland ISD,B,84,1138,https://txschools.net/campus/jackson-technology-center-057909045
4478,7185,103,246907001,Jarrell HS,Jarrell ISD,B,84,1145,https://txschools.net/campus/jarrell-hs-246907001
4478,7185,103,101912006,Jones Futures Academy,Houston ISD,B,84,342,https://txschools.net/campus/jones-futures-academy-101912006
4478,7185,103,227901198,Joslin Elem,Austin ISD,B,84,245,https://txschools.net/campus/joslin-elem-227901198
4478,7185,103,079901141,Kathleen Joerger Lindsey Elem,Lamar CISD,A,84,841,https://txschools.net/campus/kathleen-joerger-lindsey-elem-079901141
4478,7185,103,043901111,Kerr Elem,Allen ISD,A,84,612,https://txschools.net/campus/kerr-elem-043901111
4478,7185,103,105906101,Kyle Elem,Hays CISD,B,84,638,https://txschools.net/campus/kyle-elem-105906101
4478,7185,103,057905159,L L Hotchkiss Elem,Dallas ISD,B,84,511,https://txschools.net/campus/l-l-hotchkiss-elem-057905159
4478,7185,103,123905104,Langham Elem,Nederland ISD,B,84,544,https://txschools.net/campus/langham-elem-123905104
4478,7185,103,101917137,Laura Welch Bush Elem,Pasadena ISD,B,84,529,https://txschools.net/campus/laura-welch-bush-elem-101917137
4478,7185,103,070905104,Lee Longino Elem,Ferris ISD,B,84,475,https://txschools.net/campus/lee-longino-elem-070905104
4478,7185,103,101916106,Lomax Elem,La Porte ISD,B,84,484,https://txschools.net/campus/lomax-elem-101916106
4478,7185,103,043905008,Lone Star HS,Frisco ISD,B,84,1923,https://txschools.net/campus/lone-star-hs-043905008
4478,7185,103,246908102,Louine Noble Elem,Liberty Hill ISD,B,84,808,https://txschools.net/campus/louine-noble-elem-246908102
4478,7185,103,066903042,Lucy Aragon JH,Freer ISD,B,84,133,https://txschools.net/campus/lucy-aragon-jh-066903042
4478,7185,103,245902106,Lyford Elem,Lyford CISD,B,84,667,https://txschools.net/campus/lyford-elem-245902106
4478,7185,103,016901001,Lyndon B Johnson HS,Johnson City ISD,A,84,225,https://txschools.net/campus/lyndon-b-johnson-hs-016901001
4478,7185,103,015915117,Meadow Village Elem,Northside ISD,B,84,329,https://txschools.net/campus/meadow-village-elem-015915117
4478,7185,103,240901044,Memorial MS,Laredo ISD,B,84,647,https://txschools.net/campus/memorial-ms-240901044
4478,7185,103,043910131,Miller Elem,Plano ISD,B,84,328,https://txschools.net/campus/miller-elem-043910131
4478,7185,103,108904115,Monte Cristo Elem,Edinburg CISD,B,84,540,https://txschools.net/campus/monte-cristo-elem-108904115
4478,7185,103,015908110,Neil Armstrong Elem,South San Antonio ISD,B,84,391,https://txschools.net/campus/neil-armstrong-elem-015908110
4478,7185,103,170908001,New Caney HS,New Caney ISD,B,84,2027,https://txschools.net/campus/new-caney-hs-170908001
4478,7185,103,176902002,Newton HS,Newton ISD,B,84,282,https://txschools.net/campus/newton-hs-176902002
4478,7185,103,220902047,North Ridge MS,Birdville ISD,B,84,635,https://txschools.net/campus/north-ridge-ms-220902047
4478,7185,103,220907114,Parkwood Hill Int,Keller ISD,B,84,968,https://txschools.net/campus/parkwood-hill-int-220907114
4478,7185,103,013902101,Pawnee Elem / JH/HS,Pawnee ISD,C,84,252,https://txschools.net/campus/pawnee-elem-jh-hs-013902101
4478,7185,103,019912200,Pleasant Grove Int,Pleasant Grove ISD,B,84,511,https://txschools.net/campus/pleasant-grove-int-019912200
4478,7185,103,061901117,Providence Elem,Denton ISD,B,84,504,https://txschools.net/campus/providence-elem-061901117
4478,7185,103,126905041,R C Loflin MS,Joshua ISD,B,84,689,https://txschools.net/campus/r-c-loflin-ms-126905041
4478,7185,103,108909045,R Yzaguirre MS,Pharr-San Juan-Alamo ISD,B,84,735,https://txschools.net/campus/r-yzaguirre-ms-108909045
4478,7185,103,057916003,Richardson HS,Richardson ISD,A,84,2610,https://txschools.net/campus/richardson-hs-057916003
4478,7185,103,126907001,Rio Vista HS,Rio Vista ISD,B,84,280,https://txschools.net/campus/rio-vista-hs-126907001
4478,7185,103,071909101,Robert R Rojas Elem,Socorro ISD,B,84,483,https://txschools.net/campus/robert-r-rojas-elem-071909101
4478,7185,103,220908115,Roberta Tipps Academy,Mansfield ISD,B,84,462,https://txschools.net/campus/roberta-tipps-academy-220908115
4478,7185,103,061902139,Rockbrook Elem,Lewisville ISD,C,84,573,https://txschools.net/campus/rockbrook-elem-061902139
4478,7185,103,166904001,Rockdale HS,Rockdale ISD,B,84,421,https://txschools.net/campus/rockdale-hs-166904001
4478,7185,103,043905102,Rogers Elem,Frisco ISD,B,84,448,https://txschools.net/campus/rogers-elem-043905102
4478,7185,103,214903041,Roma MS,Roma ISD,B,84,774,https://txschools.net/campus/roma-ms-214903041
4478,7185,103,108911105,Ruben Hinojosa Elem,Sharyland ISD,B,84,462,https://txschools.net/campus/ruben-hinojosa-elem-108911105
4478,7185,103,042903001,Santa Anna Secondary,Santa Anna ISD,B,84,101,https://txschools.net/campus/santa-anna-secondary-042903001
4478,7185,103,129910001,Scurry-Rosser HS,Scurry-Rosser ISD,A,84,346,https://txschools.net/campus/scurry-rosser-hs-129910001
4478,7185,103,178904122,Shaw Elem,Corpus Christi ISD,B,84,582,https://txschools.net/campus/shaw-elem-178904122
4478,7185,103,057905025,Skyline HS,Dallas ISD,A,84,3552,https://txschools.net/campus/skyline-hs-057905025
4478,7185,103,020902103,Southside Elem,Angleton ISD,B,84,297,https://txschools.net/campus/southside-elem-020902103
4478,7185,103,057916118,Spring Creek Elem,Richardson ISD,A,84,440,https://txschools.net/campus/spring-creek-elem-057916118
4478,7185,103,079910041,Stafford MS,Stafford MSD,B,84,712,https://txschools.net/campus/stafford-ms-079910041
4478,7185,103,061902145,STEM Academy at Memorial Elem,Lewisville ISD,A,84,807,https://txschools.net/campus/stem-academy-at-memorial-elem-061902145
4478,7185,103,015915050,Stinson MS,Northside ISD,B,84,844,https://txschools.net/campus/stinson-ms-015915050
4478,7185,103,015915132,Timberwilde Elem,Northside ISD,B,84,408,https://txschools.net/campus/timberwilde-elem-015915132
4478,7185,103,101913046,Timberwood MS,Humble ISD,B,84,936,https://txschools.net/campus/timberwood-ms-101913046
4478,7185,103,071902168,Tippin Elem,El Paso ISD,B,84,762,https://txschools.net/campus/tippin-elem-071902168
4478,7185,103,214901044,Veterans MS,Rio Grande City Grulla ISD,B,84,708,https://txschools.net/campus/veterans-ms-214901044
4478,7185,103,152901188,Williams Elem,Lubbock ISD,B,84,309,https://txschools.net/campus/williams-elem-152901188
4478,7185,103,043910003,Williams HS,Plano ISD,B,84,864,https://txschools.net/campus/williams-hs-043910003
4478,7185,103,170906105,Willie E Williams Elem,Magnolia ISD,B,84,790,https://txschools.net/campus/willie-e-williams-elem-170906105
4478,7185,103,101912260,Windsor Village Elem,Houston ISD,B,84,548,https://txschools.net/campus/windsor-village-elem-101912260
4478,7185,103,200904001,Winters HS,Winters ISD,B,84,128,https://txschools.net/campus/winters-hs-200904001
4478,7185,103,188901142,Woodlands Elem,Amarillo ISD,A,84,437,https://txschools.net/campus/woodlands-elem-188901142
4478,7185,103,003906001,Zavalla HS,Zavalla ISD,A,84,145,https://txschools.net/campus/zavalla-hs-003906001
4582,7185,155,178901001,Agua Dulce HS,Agua Dulce ISD,B,85,231,https://txschools.net/campus/agua-dulce-hs-178901001
4582,7185,155,084902007,Aim College & Career Prep,Galveston ISD,A,85,77,https://txschools.net/campus/aim-college-career-prep-084902007
4582,7185,155,249901001,Alvord HS,Alvord ISD,A,85,238,https://txschools.net/campus/alvord-hs-249901001
4582,7185,155,227901009,Anderson HS,Austin ISD,B,85,2173,https://txschools.net/campus/anderson-hs-227901009
4582,7185,155,057905280,Anne Frank Elem,Dallas ISD,B,85,1052,https://txschools.net/campus/anne-frank-elem-057905280
4582,7185,155,220905055,Applied Learning Acad,Fort Worth ISD,B,85,352,https://txschools.net/campus/applied-learning-acad-220905055
4582,7185,155,109912001,Aquilla School,Aquilla ISD,B,85,321,https://txschools.net/campus/aquilla-school-109912001
4582,7185,155,079907133,Arizona Fleming Elem,Fort Bend ISD,B,85,416,https://txschools.net/campus/arizona-fleming-elem-079907133
4582,7185,155,101913008,Atascocita HS,Humble ISD,B,85,3582,https://txschools.net/campus/atascocita-hs-101913008
4582,7185,155,188901041,Austin MS,Amarillo ISD,B,85,710,https://txschools.net/campus/austin-ms-188901041
4582,7185,155,194902001,Avery School,Avery ISD,A,85,295,https://txschools.net/campus/avery-school-194902001
4582,7185,155,195902001,Balmorhea ISD Educational Community,Balmorhea ISD,B,85,149,https://txschools.net/campus/balmorhea-isd-educational-community-195902001
4582,7185,155,010902001,Bandera HS,Bandera ISD,C,85,666,https://txschools.net/campus/bandera-hs-010902001
4582,7185,155,071905001,Bel Air HS,Ysleta ISD,A,85,1683,https://txschools.net/campus/bel-air-hs-071905001
4582,7185,155,071905055,Bel Air MS,Ysleta ISD,B,85,930,https://txschools.net/campus/bel-air-ms-071905055
4582,7185,155,170902129,Birnham Woods Elem,Conroe ISD,B,85,795,https://txschools.net/campus/birnham-woods-elem-170902129
4582,7185,155,071902105,Bliss Elem,El Paso ISD,A,85,592,https://txschools.net/campus/bliss-elem-071902105
4582,7185,155,160901001,Brady HS,Brady ISD,B,85,232,https://txschools.net/campus/brady-hs-160901001
4582,7185,155,170908116,Brookwood Forest Elem,New Caney ISD,B,85,735,https://txschools.net/campus/brookwood-forest-elem-170908116
4582,7185,155,145901002,Buffalo HS,Buffalo ISD,A,85,273,https://txschools.net/campus/buffalo-hs-145901002
4582,7185,155,046902049,Bulverde MS,Comal ISD,B,85,849,https://txschools.net/campus/bulverde-ms-046902049
4582,7185,155,188904041,Bushland JH,Bushland ISD,B,85,357,https://txschools.net/campus/bushland-jh-188904041
4582,7185,155,046902001,Canyon HS,Comal ISD,B,85,2522,https://txschools.net/campus/canyon-hs-046902001
4582,7185,155,220919003,Carroll HS,Carroll ISD,A,85,1310,https://txschools.net/campus/carroll-hs-220919003
4582,7185,155,057904043,Cedar Hill Collegiate Academy,Cedar Hill ISD,B,85,338,https://txschools.net/campus/cedar-hill-collegiate-academy-057904043
4582,7185,155,210901001,Center HS,Center ISD,A,85,643,https://txschools.net/campus/center-hs-210901001
4582,7185,155,133901001,Center Point HS,Center Point ISD,B,85,155,https://txschools.net/campus/center-point-hs-133901001
4582,7185,155,129905103,Central Elem,Mabank ISD,B,85,713,https://txschools.net/campus/central-elem-129905103
4582,7185,155,014906015,Chaparral HS,Killeen ISD,B,85,2185,https://txschools.net/campus/chaparral-hs-014906015
4582,7185,155,071902045,Charles MS,El Paso ISD,B,85,355,https://txschools.net/campus/charles-ms-071902045
4582,7185,155,007901001,Charlotte HS,Charlotte ISD,B,85,125,https://txschools.net/campus/charlotte-hs-007901001
4582,7185,155,206903001,Cherokee School,Cherokee ISD,B,85,127,https://txschools.net/campus/cherokee-school-206903001
4582,7185,155,240903046,Clark MS,United ISD,B,85,501,https://txschools.net/campus/clark-ms-240903046
4582,7185,155,184907102,Coder Elem,Aledo ISD,A,85,556,https://txschools.net/campus/coder-elem-184907102
4582,7185,155,229901101,Colmesneil Elem,Colmesneil ISD,B,85,208,https://txschools.net/campus/colmesneil-elem-229901101
4582,7185,155,220901137,Corey Fine Arts / Dual Language Academy,Arlington ISD,A,85,496,https://txschools.net/campus/corey-fine-arts-dual-language-academy-220901137
4582,7185,155,071902005,Coronado HS,El Paso ISD,B,85,2581,https://txschools.net/campus/coronado-hs-071902005
4582,7185,155,021902105,Crockett Elem,Bryan ISD,B,85,453,https://txschools.net/campus/crockett-elem-021902105
4582,7185,155,101907002,Cy-Fair HS,Cypress-Fairbanks ISD,B,85,3169,https://txschools.net/campus/cy-fair-hs-101907002
4582,7185,155,101907010,Cypress Ridge HS,Cypress-Fairbanks ISD,B,85,2692,https://txschools.net/campus/cypress-ridge-hs-101907010
4582,7185,155,105905041,Danforth JH,Wimberley ISD,B,85,583,https://txschools.net/campus/danforth-jh-105905041
4582,7185,155,101907145,Danish Elem,Cypress-Fairbanks ISD,B,85,851,https://txschools.net/campus/danish-elem-101907145
4582,7185,155,043901116,David and Lynda Olson Elem,Allen ISD,B,85,674,https://txschools.net/campus/david-and-lynda-olson-elem-043901116
4582,7185,155,108906046,De Leon MS,McAllen ISD,B,85,668,https://txschools.net/campus/de-leon-ms-108906046
4582,7185,155,091906112,Dillingham Elem,Sherman ISD,B,85,330,https://txschools.net/campus/dillingham-elem-091906112
4582,7185,155,241902001,East Bernard HS,East Bernard ISD,A,85,298,https://txschools.net/campus/east-bernard-hs-241902001
4582,7185,155,074905101,Ector Elem,Ector ISD,B,85,110,https://txschools.net/campus/ector-elem-074905101
4582,7185,155,057905265,Eladio R Martinez Learning Center,Dallas ISD,B,85,529,https://txschools.net/campus/eladio-r-martinez-learning-center-057905265
4582,7185,155,220918002,Elmer C Watson HS,Eagle Mt-Saginaw ISD,A,85,98,https://txschools.net/campus/elmer-c-watson-hs-220918002
4582,7185,155,101912149,Emerson Elem,Houston ISD,B,85,928,https://txschools.net/campus/emerson-elem-101912149
4582,7185,155,107905001,Eustace HS,Eustace ISD,B,85,496,https://txschools.net/campus/eustace-hs-107905001
4582,7185,155,043904001,Farmersville HS,Farmersville ISD,A,85,810,https://txschools.net/campus/farmersville-hs-043904001
4582,7185,155,015915059,Folks MS,Northside ISD,B,85,1523,https://txschools.net/campus/folks-ms-015915059
4582,7185,155,108904046,Francisco Barrientes MS,Edinburg CISD,B,85,1046,https://txschools.net/campus/francisco-barrientes-ms-108904046
4582,7185,155,001904001,Frankston HS,Frankston ISD,A,85,235,https://txschools.net/campus/frankston-hs-001904001
4582,7185,155,015917105,Freedom Elem,Southside ISD,B,85,530,https://txschools.net/campus/freedom-elem-015917105
4582,7185,155,170902120,Galatas Elem,Conroe ISD,A,85,670,https://txschools.net/campus/galatas-elem-170902120
4582,7185,155,246904001,Georgetown HS,Georgetown ISD,B,85,2028,https://txschools.net/campus/georgetown-hs-246904001
4582,7185,155,220908107,Glenn Harmon Elem,Mansfield ISD,B,85,394,https://txschools.net/campus/glenn-harmon-elem-220908107
4582,7185,155,227901062,Gorzycki MS,Austin ISD,A,85,1307,https://txschools.net/campus/gorzycki-ms-227901062
4582,7185,155,101910105,Green Valley Elem,Galena Park ISD,B,85,598,https://txschools.net/campus/green-valley-elem-101910105
4582,7185,155,116905002,Greenville HS,Greenville ISD,B,85,1519,https://txschools.net/campus/greenville-hs-116905002
4582,7185,155,123914041,Hamshire-Fannett MS,Hamshire-Fannett ISD,B,85,457,https://txschools.net/campus/hamshire-fannett-ms-123914041
4582,7185,155,230905001,Harmony HS,Harmony ISD,B,85,258,https://txschools.net/campus/harmony-hs-230905001
4582,7185,155,035902001,Hart ISD,Hart ISD,B,85,208,https://txschools.net/campus/hart-isd-035902001
4582,7185,155,101912175,Hobby Elem,Houston ISD,B,85,417,https://txschools.net/campus/hobby-elem-101912175
4582,7185,155,140905102,HP Webb Elem,Olton ISD,B,85,285,https://txschools.net/campus/hp-webb-elem-140905102
4582,7185,155,003904101,Huntington Elem,Huntington ISD,B,85,491,https://txschools.net/campus/huntington-elem-003904101
4582,7185,155,152910041,Idalou MS,Idalou ISD,B,85,312,https://txschools.net/campus/idalou-ms-152910041
4582,7185,155,220905062,Int'l Newcomer Acad,Fort Worth ISD,C,85,232,https://txschools.net/campus/int-l-newcomer-acad-220905062
4582,7185,155,108909047,Jaime Escalante MS,Pharr-San Juan-Alamo ISD,B,85,518,https://txschools.net/campus/jaime-escalante-ms-108909047
4582,7185,155,071909129,James P Butler Elem,Socorro ISD,B,85,908,https://txschools.net/campus/james-p-butler-elem-071909129
4582,7185,155,015907007,Jefferson HS,San Antonio ISD,B,85,1574,https://txschools.net/campus/jefferson-hs-015907007
4582,7185,155,057905042,Judge Louis A Bedford Jr Law Academy,Dallas ISD,B,85,333,https://txschools.net/campus/judge-louis-a-bedford-jr-law-academy-057905042
4582,7185,155,128901041,Karnes City JH,Karnes City ISD,B,85,204,https://txschools.net/campus/karnes-city-jh-128901041
4582,7185,155,101903107,Kennedy Elem,Alief ISD,B,85,471,https://txschools.net/campus/kennedy-elem-101903107
4582,7185,155,057903122,Kent Elem,Carrollton-Farmers Branch ISD,A,85,501,https://txschools.net/campus/kent-elem-057903122
4582,7185,155,178904002,King HS,Corpus Christi ISD,B,85,1231,https://txschools.net/campus/king-hs-178904002
4582,7185,155,057905059,L V Stockard MS,Dallas ISD,B,85,644,https://txschools.net/campus/l-v-stockard-ms-057905059
4582,7185,155,129905105,Lakeview Elem,Mabank ISD,B,85,499,https://txschools.net/campus/lakeview-elem-129905105
4582,7185,155,105906121,Lamont Ramage Elem,Hays CISD,B,85,698,https://txschools.net/campus/lamont-ramage-elem-105906121
4582,7185,155,101912075,Lawson MS,Houston ISD,B,85,952,https://txschools.net/campus/lawson-ms-101912075
4582,7185,155,246913001,Leander HS,Leander ISD,B,85,2136,https://txschools.net/campus/leander-hs-246913001
4582,7185,155,246913042,Leander MS,Leander ISD,B,85,945,https://txschools.net/campus/leander-ms-246913042
4582,7185,155,049907001,Lindsay HS,Lindsay ISD,B,85,237,https://txschools.net/campus/lindsay-hs-049907001
4582,7185,155,043905144,Liscano Elem,Frisco ISD,A,85,582,https://txschools.net/campus/liscano-elem-043905144
4582,7185,155,057910119,Lorenzo De Zavala Environmental Science Academy,Grand Prairie ISD,B,85,669,https://txschools.net/campus/lorenzo-de-zavala-environmental-science-academy-057910119
4582,7185,155,152906042,Lubbock-Cooper Laura Bush MS,Lubbock-Cooper ISD,B,85,909,https://txschools.net/campus/lubbock-cooper-laura-bush-ms-152906042
4582,7185,155,019910101,Malta Elem,Malta ISD,B,85,208,https://txschools.net/campus/malta-elem-019910101
4582,7185,155,057905182,Marcus Leadership Academy,Dallas ISD,B,85,692,https://txschools.net/campus/marcus-leadership-academy-057905182
4582,7185,155,161908002,Mart HS,Mart ISD,B,85,259,https://txschools.net/campus/mart-hs-161908002
4582,7185,155,234905001,Martins Mill HS,Martins Mill ISD,A,85,234,https://txschools.net/campus/martins-mill-hs-234905001
4582,7185,155,070915001,Maypearl HS,Maypearl ISD,B,85,356,https://txschools.net/campus/maypearl-hs-070915001
4582,7185,155,220905146,Moore M H Elem,Fort Worth ISD,B,85,461,https://txschools.net/campus/moore-m-h-elem-220905146
4582,7185,155,057916132,Moss Haven Elem,Richardson ISD,B,85,469,https://txschools.net/campus/moss-haven-elem-057916132
4582,7185,155,057905188,Mount Auburn STEAM Academy,Dallas ISD,B,85,505,https://txschools.net/campus/mount-auburn-steam-academy-057905188
4582,7185,155,079906041,Needville MS,Needville ISD,B,85,848,https://txschools.net/campus/needville-ms-079906041
4582,7185,155,152902041,New Deal MS,New Deal ISD,B,85,225,https://txschools.net/campus/new-deal-ms-152902041
4582,7185,155,037908001,New Summerfield School,New Summerfield ISD,B,85,512,https://txschools.net/campus/new-summerfield-school-037908001
4582,7185,155,057912004,Nimitz HS,Irving ISD,B,85,2253,https://txschools.net/campus/nimitz-hs-057912004
4582,7185,155,101912477,North Forest HS,Houston ISD,A,85,773,https://txschools.net/campus/north-forest-hs-101912477
4582,7185,155,170903043,Oak Hills JH,Montgomery ISD,B,85,1310,https://txschools.net/campus/oak-hills-jh-170903043
4582,7185,155,140905002,Olton HS,Olton ISD,B,85,186,https://txschools.net/campus/olton-hs-140905002
4582,7185,155,101914013,Paetow HS,Katy ISD,B,85,3119,https://txschools.net/campus/paetow-hs-101914013
4582,7185,155,139909042,Paris JH,Paris ISD,B,85,529,https://txschools.net/campus/paris-jh-139909042
4582,7185,155,227901143,Patton Elem,Austin ISD,B,85,711,https://txschools.net/campus/patton-elem-227901143
4582,7185,155,015907158,Pershing Elem,San Antonio ISD,B,85,309,https://txschools.net/campus/pershing-elem-015907158
4582,7185,155,172905002,Pewitt HS,Pewitt CISD,A,85,244,https://txschools.net/campus/pewitt-hs-172905002
4582,7185,155,043910001,Plano Sr HS,Plano ISD,B,85,2128,https://txschools.net/campus/plano-sr-hs-043910001
4582,7185,155,169909001,Prairie Valley School,Prairie Valley ISD,B,85,138,https://txschools.net/campus/prairie-valley-school-169909001
4582,7185,155,139912001,Prairiland HS,Prairiland ISD,B,85,278,https://txschools.net/campus/prairiland-hs-139912001
4582,7185,155,108909007,PSJA Southwest Early College HS,Pharr-San Juan-Alamo ISD,B,85,1459,https://txschools.net/campus/psja-southwest-early-college-hs-108909007
4582,7185,155,099903001,Quanah HS,Quanah ISD,A,85,127,https://txschools.net/campus/quanah-hs-099903001
4582,7185,155,015915167,Raba Elem,Northside ISD,B,85,551,https://txschools.net/campus/raba-elem-015915167
4582,7185,155,061901008,Ray Braswell HS,Denton ISD,B,85,2738,https://txschools.net/campus/ray-braswell-hs-061901008
4582,7185,155,220912044,Richard Allie MS,Crowley ISD,B,85,1009,https://txschools.net/campus/richard-allie-ms-220912044
4582,7185,155,043912007,Richland HS,Prosper ISD,A,85,1794,https://txschools.net/campus/richland-hs-043912007
4582,7185,155,071905005,Riverside HS,Ysleta ISD,A,85,920,https://txschools.net/campus/riverside-hs-071905005
4582,7185,155,108904006,Robert R Vela HS,Edinburg CISD,B,85,2097,https://txschools.net/campus/robert-r-vela-hs-108904006
4582,7185,155,152908041,Roosevelt JH,Roosevelt ISD,B,85,264,https://txschools.net/campus/roosevelt-jh-152908041
4582,7185,155,199902002,Royse City HS,Royse City ISD,B,85,2914,https://txschools.net/campus/royse-city-hs-199902002
4582,7185,155,037907102,Rusk Elem,Rusk ISD,B,85,274,https://txschools.net/campus/rusk-elem-037907102
4582,7185,155,050910042,S C Lee JH,Copperas Cove ISD,B,85,910,https://txschools.net/campus/s-c-lee-jh-050910042
4582,7185,155,117903001,Sanford-Fritch HS,Sanford-Fritch ISD,B,85,222,https://txschools.net/campus/sanford-fritch-hs-117903001
4582,7185,155,061908001,Sanger HS,Sanger ISD,B,85,864,https://txschools.net/campus/sanger-hs-061908001
4582,7185,155,043910047,Schimelpfenig MS,Plano ISD,A,85,999,https://txschools.net/campus/schimelpfenig-ms-043910047
4582,7185,155,220901009,Seguin HS,Arlington ISD,B,85,1616,https://txschools.net/campus/seguin-hs-220901009
4582,7185,155,015916125,Selma Elem,Judson ISD,B,85,465,https://txschools.net/campus/selma-elem-015916125
4582,7185,155,220907108,Shady Grove Elem,Keller ISD,A,85,393,https://txschools.net/campus/shady-grove-elem-220907108
4582,7185,155,101912081,Sharpstown International School,Houston ISD,B,85,1359,https://txschools.net/campus/sharpstown-international-school-101912081
4582,7185,155,046902041,Smithson Valley MS,Comal ISD,A,85,928,https://txschools.net/campus/smithson-valley-ms-046902041
4582,7185,155,071909041,Socorro MS,Socorro ISD,B,85,502,https://txschools.net/campus/socorro-ms-071909041
4582,7185,155,101917003,South Houston HS,Pasadena ISD,B,85,1980,https://txschools.net/campus/south-houston-hs-101917003
4582,7185,155,084910044,Space Center Int,Clear Creek ISD,B,85,778,https://txschools.net/campus/space-center-int-084910044
4582,7185,155,101915044,Strack Int,Klein ISD,B,85,1332,https://txschools.net/campus/strack-int-101915044
4582,7185,155,211902041,Stratford JH,Stratford ISD,B,85,131,https://txschools.net/campus/stratford-jh-211902041
4582,7185,155,182905001,Strawn School,Strawn ISD,B,85,172,https://txschools.net/campus/strawn-school-182905001
4582,7185,155,105904042,Sycamore Springs MS,Dripping Springs ISD,A,85,1085,https://txschools.net/campus/sycamore-springs-ms-105904042
4582,7185,155,079901144,Tamarron Elem,Lamar CISD,B,85,1056,https://txschools.net/campus/tamarron-elem-079901144
4582,7185,155,057905303,Thelma Elizabeht Page Richardson Elem,Dallas ISD,B,85,499,https://txschools.net/campus/thelma-elizabeht-page-richardson-elem-057905303
4582,7185,155,246908106,Tierra Rosa Elem,Liberty Hill ISD,B,85,836,https://txschools.net/campus/tierra-rosa-elem-246908106
4582,7185,155,126905043,Tom and Nita Nichols MS,Joshua ISD,B,85,705,https://txschools.net/campus/tom-and-nita-nichols-ms-126905043
4582,7185,155,101921042,Tomball JH,Tomball ISD,B,85,790,https://txschools.net/campus/tomball-jh-101921042
4582,7185,155,071908001,Tornillo HS,Tornillo ISD,B,85,225,https://txschools.net/campus/tornillo-hs-071908001
4582,7185,155,099903041,Travis MS,Quanah ISD,B,85,86,https://txschools.net/campus/travis-ms-099903041
4582,7185,155,101907048,Truitt MS,Cypress-Fairbanks ISD,B,85,1265,https://txschools.net/campus/truitt-ms-101907048
4582,7185,155,178912001,Tuloso-Midway HS,Tuloso-Midway ISD,B,85,1066,https://txschools.net/campus/tuloso-midway-hs-178912001
4582,7185,155,178912041,Tuloso-Midway MS,Tuloso-Midway ISD,B,85,920,https://txschools.net/campus/tuloso-midway-ms-178912041
4582,7185,155,043910004,Vines HS,Plano ISD,B,85,1072,https://txschools.net/campus/vines-hs-043910004
4582,7185,155,108902048,W A Todd MS,Donna ISD,B,85,625,https://txschools.net/campus/w-a-todd-ms-108902048
4582,7185,155,021901043,Wellborn MS,College Station ISD,A,85,850,https://txschools.net/campus/wellborn-ms-021901043
4582,7185,155,227913106,West Cypress Hills Elem,Lake Travis ISD,B,85,546,https://txschools.net/campus/west-cypress-hills-elem-227913106
4582,7185,155,191901043,West Plains JH,Canyon ISD,B,85,638,https://txschools.net/campus/west-plains-jh-191901043
4582,7185,155,246913121,Westside Elem,Leander ISD,B,85,457,https://txschools.net/campus/westside-elem-246913121
4582,7185,155,250907001,Winnsboro HS,Winnsboro ISD,B,85,438,https://txschools.net/campus/winnsboro-hs-250907001
4582,7185,155,174906041,Woden JH,Woden ISD,B,85,195,https://txschools.net/campus/woden-jh-174906041
4738,7185,238,126905103,A G Elder Elem,Joshua ISD,A,86,629,https://txschools.net/campus/a-g-elder-elem-126905103
4738,7185,238,108913113,A N Rico Elem,Weslaco ISD,B,86,754,https://txschools.net/campus/a-n-rico-elem-108913113
4738,7185,238,031901133,Aiken Elem,Brownsville ISD,B,86,598,https://txschools.net/campus/aiken-elem-031901133
4738,7185,238,101919109,Anderson Elem,Spring ISD,B,86,585,https://txschools.net/campus/anderson-elem-101919109
4738,7185,238,205902104,Andrews Elem,Gregory-Portland ISD,B,86,499,https://txschools.net/campus/andrews-elem-205902104
4738,7185,238,184907106,Annetta Elem,Aledo ISD,A,86,668,https://txschools.net/campus/annetta-elem-184907106
4738,7185,238,127901001,Anson HS,Anson ISD,A,86,181,https://txschools.net/campus/anson-hs-127901001
4738,7185,238,057905105,Arcadia Park Elem,Dallas ISD,B,86,546,https://txschools.net/campus/arcadia-park-elem-057905105
4738,7185,238,159901121,Armando Cerna Elem,Eagle Pass ISD,B,86,557,https://txschools.net/campus/armando-cerna-elem-159901121
4738,7185,238,057905209,Ascher Silberstein Elem,Dallas ISD,A,86,563,https://txschools.net/campus/ascher-silberstein-elem-057905209
4738,7185,238,220901149,Ashworth Elem,Arlington ISD,B,86,487,https://txschools.net/campus/ashworth-elem-220901149
4738,7185,238,031903102,Austin Elem,Harlingen CISD,B,86,297,https://txschools.net/campus/austin-elem-031903102
4738,7185,238,196901102,Austwell-Tivoli Elem,Austwell-Tivoli ISD,B,86,63,https://txschools.net/campus/austwell-tivoli-elem-196901102
4738,7185,238,079901002,B F Terry HS,Lamar CISD,A,86,1685,https://txschools.net/campus/b-f-terry-hs-079901002
4738,7185,238,101911125,Banuelos Elem,Goose Creek CISD,B,86,729,https://txschools.net/campus/banuelos-elem-101911125
4738,7185,238,079907141,Barbara Jordan Elem,Fort Bend ISD,B,86,407,https://txschools.net/campus/barbara-jordan-elem-079907141
4738,7185,238,178904152,Barnes Elem,Corpus Christi ISD,B,86,700,https://txschools.net/campus/barnes-elem-178904152
4738,7185,238,227909105,Barton Creek Elem,Eanes ISD,A,86,677,https://txschools.net/campus/barton-creek-elem-227909105
4738,7185,238,170906104,Bear Branch Elem,Magnolia ISD,A,86,481,https://txschools.net/campus/bear-branch-elem-170906104
4738,7185,238,031903110,Ben Milam Elem,Harlingen CISD,B,86,354,https://txschools.net/campus/ben-milam-elem-031903110
4738,7185,238,031901048,Besteiro MS,Brownsville ISD,B,86,511,https://txschools.net/campus/besteiro-ms-031901048
4738,7185,238,114901001,Big Spring HS,Big Spring ISD,B,86,869,https://txschools.net/campus/big-spring-hs-114901001
4738,7185,238,105906113,Blanco Vista Elem,Hays CISD,B,86,764,https://txschools.net/campus/blanco-vista-elem-105906113
4738,7185,238,227901185,Blazier Elem,Austin ISD,B,86,701,https://txschools.net/campus/blazier-elem-227901185
4738,7185,238,072904101,Bluff Dale,Bluff Dale ISD,B,86,226,https://txschools.net/campus/bluff-dale-072904101
4738,7185,238,031903103,Bonham Elem,Harlingen CISD,B,86,471,https://txschools.net/campus/bonham-elem-031903103
4738,7185,238,028902107,Borchert Loop Elem,Lockhart ISD,A,86,432,https://txschools.net/campus/borchert-loop-elem-028902107
4738,7185,238,057916122,Bowie Elem,Richardson ISD,A,86,655,https://txschools.net/campus/bowie-elem-057916122
4738,7185,238,031901144,Breeden Elem,Brownsville ISD,B,86,495,https://txschools.net/campus/breeden-elem-031901144
4738,7185,238,071902056,Brown MS,El Paso ISD,B,86,680,https://txschools.net/campus/brown-ms-071902056
4738,7185,238,107902041,Brownsboro JH,Brownsboro ISD,B,86,401,https://txschools.net/campus/brownsboro-jh-107902041
4738,7185,238,240904041,Bruni MS,Webb CISD,B,86,45,https://txschools.net/campus/bruni-ms-240904041
4738,7185,238,246909114,Brushy Creek Elem,Round Rock ISD,A,86,450,https://txschools.net/campus/brushy-creek-elem-246909114
4738,7185,238,101912124,Burnet Elem,Houston ISD,B,86,307,https://txschools.net/campus/burnet-elem-101912124
4738,7185,238,165901127,Bush Elem,Midland ISD,B,86,512,https://txschools.net/campus/bush-elem-165901127
4738,7185,238,084910112,C D Landolt Elem,Clear Creek ISD,B,86,740,https://txschools.net/campus/c-d-landolt-elem-084910112
4738,7185,238,116901041,Caddo Mills MS,Caddo Mills ISD,B,86,502,https://txschools.net/campus/caddo-mills-ms-116901041
4738,7185,238,101912287,Cage Elem,Houston ISD,A,86,310,https://txschools.net/campus/cage-elem-101912287
4738,7185,238,015907114,Cameron Elem,San Antonio ISD,A,86,365,https://txschools.net/campus/cameron-elem-015907114
4738,7185,238,108902112,Capt D Salinas II STEAM Academy,Donna ISD,A,86,410,https://txschools.net/campus/capt-d-salinas-ii-steam-academy-108902112
4738,7185,238,064903001,Carrizo Springs HS,Carrizo Springs CISD,B,86,534,https://txschools.net/campus/carrizo-springs-hs-064903001
4738,7185,238,057903102,Carrollton Elem,Carrollton-Farmers Branch ISD,A,86,682,https://txschools.net/campus/carrollton-elem-057903102
4738,7185,238,246904102,Carver Elem,Georgetown ISD,B,86,694,https://txschools.net/campus/carver-elem-246904102
4738,7185,238,057905287,Celestino Mauricio Soto Jr Elem,Dallas ISD,B,86,417,https://txschools.net/campus/celestino-mauricio-soto-jr-elem-057905287
4738,7185,238,240903120,Charles Borchers Elem,United ISD,B,86,506,https://txschools.net/campus/charles-borchers-elem-240903120
4738,7185,238,220902109,Cheney Hills Elem,Birdville ISD,B,86,666,https://txschools.net/campus/cheney-hills-elem-220902109
4738,7185,238,240903105,Clark Elem,United ISD,A,86,350,https://txschools.net/campus/clark-elem-240903105
4738,7185,238,114902041,Coahoma JH,Coahoma ISD,B,86,244,https://txschools.net/campus/coahoma-jh-114902041
4738,7185,238,057910123,Colin Powell Elem,Grand Prairie ISD,A,86,629,https://txschools.net/campus/colin-powell-elem-057910123
4738,7185,238,047901001,Comanche HS,Comanche ISD,B,86,345,https://txschools.net/campus/comanche-hs-047901001
4738,7185,238,129902106,Crosby Elem,Forney ISD,B,86,611,https://txschools.net/campus/crosby-elem-129902106
4738,7185,238,062901001,Cuero HS,Cuero ISD,B,86,594,https://txschools.net/campus/cuero-hs-062901001
4738,7185,238,031905106,David G Sanchez Elem,La Feria ISD,B,86,374,https://txschools.net/campus/david-g-sanchez-elem-031905106
4738,7185,238,057909126,Davis Elem,Garland ISD,B,86,416,https://txschools.net/campus/davis-elem-057909126
4738,7185,238,031903106,Dishman Elem,Harlingen CISD,A,86,302,https://txschools.net/campus/dishman-elem-031903106
4738,7185,238,108911109,Donna Wernecke Elem,Sharyland ISD,B,86,600,https://txschools.net/campus/donna-wernecke-elem-108911109
4738,7185,238,057905361,Downtown Montessori at Ida B Wells Academy,Dallas ISD,A,86,318,https://txschools.net/campus/downtown-montessori-at-ida-b-wells-academy-057905361
4738,7185,238,057905072,Dr Frederick Douglass Todd Sr MS,Dallas ISD,B,86,438,https://txschools.net/campus/dr-frederick-douglass-todd-sr-ms-057905072
4738,7185,238,031903122,Dr Hesiquio Rodriguez Elem,Harlingen CISD,B,86,644,https://txschools.net/campus/dr-hesiquio-rodriguez-elem-031903122
4738,7185,238,240901003,Dr Leo Cigarroa HS,Laredo ISD,B,86,1314,https://txschools.net/campus/dr-leo-cigarroa-hs-240901003
4738,7185,238,094904041,Dr Tom Dekunder MS,Marion ISD,B,86,457,https://txschools.net/campus/dr-tom-dekunder-ms-094904041
4738,7185,238,171901107,Dumas North Elem,Dumas ISD,A,86,686,https://txschools.net/campus/dumas-north-elem-171901107
4738,7185,238,205902103,East Cliff Elem,Gregory-Portland ISD,B,86,468,https://txschools.net/campus/east-cliff-elem-205902103
4738,7185,238,025902109,East Elem,Brownwood ISD,A,86,268,https://txschools.net/campus/east-elem-025902109
4738,7185,238,120901042,Edna JH,Edna ISD,B,86,318,https://txschools.net/campus/edna-jh-120901042
4738,7185,238,031901123,Egly Elem,Brownsville ISD,B,86,508,https://txschools.net/campus/egly-elem-031901123
4738,7185,238,015907141,Elemoise Japhet Elem,San Antonio ISD,B,86,557,https://txschools.net/campus/elemoise-japhet-elem-015907141
4738,7185,238,031914101,Elma E Barrera Elem,Santa Rosa ISD,B,86,329,https://txschools.net/campus/elma-e-barrera-elem-031914101
4738,7185,238,108904116,Escandon Elem,Edinburg CISD,B,86,606,https://txschools.net/campus/escandon-elem-108904116
4738,7185,238,046902127,Farias-Spitzer Elem,Comal ISD,B,86,671,https://txschools.net/campus/farias-spitzer-elem-046902127
4738,7185,238,057905289,Felix G Botello Personalized Learning Elem,Dallas ISD,B,86,587,https://txschools.net/campus/felix-g-botello-personalized-learning-elem-057905289
4738,7185,238,070905002,Ferris HS,Ferris ISD,B,86,914,https://txschools.net/campus/ferris-hs-070905002
4738,7185,238,247901041,Floresville MS,Floresville ISD,B,86,872,https://txschools.net/campus/floresville-ms-247901041
4738,7185,238,247901104,Floresville North Elem,Floresville ISD,B,86,709,https://txschools.net/campus/floresville-north-elem-247901104
4738,7185,238,227909104,Forest Trail Elem,Eanes ISD,A,86,564,https://txschools.net/campus/forest-trail-elem-227909104
4738,7185,238,086901041,Fredericksburg MS,Fredericksburg ISD,B,86,621,https://txschools.net/campus/fredericksburg-ms-086901041
4738,7185,238,068901111,Gonzales Elem,Ector County ISD,B,86,309,https://txschools.net/campus/gonzales-elem-068901111
4738,7185,238,057903105,Good Elem,Carrollton-Farmers Branch ISD,A,86,610,https://txschools.net/campus/good-elem-057903105
4738,7185,238,015907131,Green Elem at Riverside Park,San Antonio ISD,B,86,356,https://txschools.net/campus/green-elem-at-riverside-park-015907131
4738,7185,238,094902112,Green Valley Elem,Schertz-Cibolo-U City ISD,B,86,468,https://txschools.net/campus/green-valley-elem-094902112
4738,7185,238,101912058,Gregory-Lincoln Ed Ctr,Houston ISD,B,86,384,https://txschools.net/campus/gregory-lincoln-ed-ctr-101912058
4738,7185,238,129902111,Griffin Elem,Forney ISD,A,86,827,https://txschools.net/campus/griffin-elem-129902111
4738,7185,238,108912104,Guillermo Flores Elem,La Joya ISD,B,86,429,https://txschools.net/campus/guillermo-flores-elem-108912104
4738,7185,238,043905113,Gunstream Elem,Frisco ISD,A,86,693,https://txschools.net/campus/gunstream-elem-043905113
4738,7185,238,240901121,H B Zachry Elem,Laredo ISD,A,86,582,https://txschools.net/campus/h-b-zachry-elem-240901121
4738,7185,238,057907106,H Bob Daniel Sr Elem,Duncanville ISD,B,86,356,https://txschools.net/campus/h-bob-daniel-sr-elem-057907106
4738,7185,238,057905149,Hall Personalized Learning Academy at Oak Cliff,Dallas ISD,B,86,451,https://txschools.net/campus/hall-personalized-learning-academy-at-oak-cliff-057905149
4738,7185,238,101915120,Hassler Elem,Klein ISD,A,86,668,https://txschools.net/campus/hassler-elem-101915120
4738,7185,238,014906138,Haynes Elem,Killeen ISD,B,86,779,https://txschools.net/campus/haynes-elem-014906138
4738,7185,238,021902107,Henderson Elem,Bryan ISD,B,86,504,https://txschools.net/campus/henderson-elem-021902107
4738,7185,238,108909108,Henry Ford Elem,Pharr-San Juan-Alamo ISD,B,86,586,https://txschools.net/campus/henry-ford-elem-108909108
4738,7185,238,101912286,Herrera Elem,Houston ISD,B,86,679,https://txschools.net/campus/herrera-elem-101912286
4738,7185,238,108905101,Hidalgo Elem,Hidalgo ISD,A,86,434,https://txschools.net/campus/hidalgo-elem-108905101
4738,7185,238,015910123,Hidden Forest Elem,North East ISD,A,86,521,https://txschools.net/campus/hidden-forest-elem-015910123
4738,7185,238,109905001,Hubbard HS,Hubbard ISD,B,86,204,https://txschools.net/campus/hubbard-hs-109905001
4738,7185,238,043910120,Huffman Elem,Plano ISD,B,86,460,https://txschools.net/campus/huffman-elem-043910120
4738,7185,238,020901007,Iowa Colony HS,Alvin ISD,B,86,1856,https://txschools.net/campus/iowa-colony-hs-020901007
4738,7185,238,092903122,J L Everhart Magnet Elem,Longview ISD,B,86,422,https://txschools.net/campus/j-l-everhart-magnet-elem-092903122
4738,7185,238,101917042,Jackson Int,Pasadena ISD,B,86,461,https://txschools.net/campus/jackson-int-101917042
4738,7185,238,084901105,Jake Silbernagel Elem,Dickinson ISD,B,86,478,https://txschools.net/campus/jake-silbernagel-elem-084901105
4738,7185,238,108909042,Jesus - Jesse - Vela Jr MS,Pharr-San Juan-Alamo ISD,B,86,650,https://txschools.net/campus/jesus-jesse-vela-jr-ms-108909042
4738,7185,238,057905173,Jesus Moroles Expressive Arts Vanguard,Dallas ISD,B,86,606,https://txschools.net/campus/jesus-moroles-expressive-arts-vanguard-057905173
4738,7185,238,031914041,Jo Nelson MS,Santa Rosa ISD,B,86,195,https://txschools.net/campus/jo-nelson-ms-031914041
4738,7185,238,043912103,John A Baker Elem,Prosper ISD,B,86,546,https://txschools.net/campus/john-a-baker-elem-043912103
4738,7185,238,243901103,John G Tower Elem,Burkburnett ISD,B,86,453,https://txschools.net/campus/john-g-tower-elem-243901103
4738,7185,238,057905114,John Neely Bryan Elem,Dallas ISD,B,86,463,https://txschools.net/campus/john-neely-bryan-elem-057905114
4738,7185,238,092903123,Johnston-McQueen Elem,Longview ISD,B,86,444,https://txschools.net/campus/johnston-mcqueen-elem-092903123
4738,7185,238,246909124,Jollyville Elem,Round Rock ISD,B,86,645,https://txschools.net/campus/jollyville-elem-246909124
4738,7185,238,212905112,Jones Elem,Tyler ISD,A,86,296,https://txschools.net/campus/jones-elem-212905112
4738,7185,238,057905107,Jose 'Joe' May Elem,Dallas ISD,A,86,707,https://txschools.net/campus/jose-joe-may-elem-057905107
4738,7185,238,043912115,Joyce Hall Elem,Prosper ISD,A,86,714,https://txschools.net/campus/joyce-hall-elem-043912115
4738,7185,238,057910128,Juan N Seguin Elem,Grand Prairie ISD,B,86,447,https://txschools.net/campus/juan-n-seguin-elem-057910128
4738,7185,238,108912120,Juan Seguin Elem,La Joya ISD,B,86,579,https://txschools.net/campus/juan-seguin-elem-108912120
4738,7185,238,031912116,Judge Oscar De La Fuente Elem,San Benito CISD,B,86,295,https://txschools.net/campus/judge-oscar-de-la-fuente-elem-031912116
4738,7185,238,101915002,Klein Forest HS,Klein ISD,B,86,3201,https://txschools.net/campus/klein-forest-hs-101915002
4738,7185,238,101915117,Klenk Elem,Klein ISD,A,86,757,https://txschools.net/campus/klenk-elem-101915117
4738,7185,238,071902166,Kohlberg Elem,El Paso ISD,B,86,415,https://txschools.net/campus/kohlberg-elem-071902166
4738,7185,238,101915121,Kreinhop Elem,Klein ISD,B,86,797,https://txschools.net/campus/kreinhop-elem-101915121
4738,7185,238,031912114,La Paloma Elem,San Benito CISD,B,86,464,https://txschools.net/campus/la-paloma-elem-031912114
4738,7185,238,101916103,La Porte Elem,La Porte ISD,A,86,488,https://txschools.net/campus/la-porte-elem-101916103
4738,7185,238,247903001,La Vernia HS,La Vernia ISD,B,86,1046,https://txschools.net/campus/la-vernia-hs-247903001
4738,7185,238,108914001,La Villa Early College HS,La Villa ISD,B,86,171,https://txschools.net/campus/la-villa-early-college-hs-108914001
4738,7185,238,170902108,Lamar Elem,Conroe ISD,A,86,650,https://txschools.net/campus/lamar-elem-170902108
4738,7185,238,188901113,Landergin Elem,Amarillo ISD,B,86,271,https://txschools.net/campus/landergin-elem-188901113
4738,7185,238,101912192,Lantrip Elem,Houston ISD,B,86,351,https://txschools.net/campus/lantrip-elem-101912192
4738,7185,238,107910041,Lapoynor JH,Lapoynor ISD,B,86,91,https://txschools.net/campus/lapoynor-jh-107910041
4738,7185,238,057905154,Larry G Smith Elem,Dallas ISD,B,86,746,https://txschools.net/campus/larry-g-smith-elem-057905154
4738,7185,238,019914101,Leary Elem,Leary ISD,A,86,106,https://txschools.net/campus/leary-elem-019914101
4738,7185,238,079907132,Lexington Creek Elem,Fort Bend ISD,A,86,466,https://txschools.net/campus/lexington-creek-elem-079907132
4738,7185,238,034905002,Linden-Kildare HS,Linden-Kildare CISD,A,86,173,https://txschools.net/campus/linden-kildare-hs-034905002
4738,7185,238,049907101,Lindsay Elem,Lindsay ISD,B,86,267,https://txschools.net/campus/lindsay-elem-049907101
4738,7185,238,160905001,Lohn School,Lohn ISD,B,86,109,https://txschools.net/campus/lohn-school-160905001
4738,7185,238,101912059,Long Academy,Houston ISD,B,86,566,https://txschools.net/campus/long-academy-101912059
4738,7185,238,046901002,Long Creek HS,New Braunfels ISD,B,86,1181,https://txschools.net/campus/long-creek-hs-046901002
4738,7185,238,031906041,Los Cuates MS,Los Fresnos CISD,A,86,822,https://txschools.net/campus/los-cuates-ms-031906041
4738,7185,238,084901102,Louis G and Elemva C Lobit Elem,Dickinson ISD,B,86,1552,https://txschools.net/campus/louis-g-and-elemva-c-lobit-elem-084901102
4738,7185,238,057909139,Luna Elem,Garland ISD,A,86,536,https://txschools.net/campus/luna-elem-057909139
4738,7185,238,245902001,Lyford HS,Lyford CISD,B,86,427,https://txschools.net/campus/lyford-hs-245902001
4738,7185,238,057909057,Lyles Collegiate MS,Garland ISD,B,86,807,https://txschools.net/campus/lyles-collegiate-ms-057909057
4738,7185,238,108904131,Macaria Dela Garza Gorena Elem,Edinburg CISD,B,86,531,https://txschools.net/campus/macaria-dela-garza-gorena-elem-108904131
4738,7185,238,043910135,McCall Elem,Plano ISD,A,86,482,https://txschools.net/campus/mccall-elem-043910135
4738,7185,238,090903001,McLean School,McLean ISD,B,86,177,https://txschools.net/campus/mclean-school-090903001
4738,7185,238,108907006,Mercedes Early College Academy,Mercedes ISD,A,86,328,https://txschools.net/campus/mercedes-early-college-academy-108907006
4738,7185,238,020901116,Meridiana Elem,Alvin ISD,A,86,825,https://txschools.net/campus/meridiana-elem-020901116
4738,7185,238,165901113,Milam Elem,Midland ISD,B,86,567,https://txschools.net/campus/milam-elem-165901113
4738,7185,238,112907001,Miller Grove School,Miller Grove ISD,B,86,314,https://txschools.net/campus/miller-grove-school-112907001
4738,7185,238,101912264,Mitchell Elem,Houston ISD,B,86,477,https://txschools.net/campus/mitchell-elem-101912264
4738,7185,238,057916108,Mohawk Elem,Richardson ISD,A,86,495,https://txschools.net/campus/mohawk-elem-057916108
4738,7185,238,152901023,Monterey HS,Lubbock ISD,A,86,2019,https://txschools.net/campus/monterey-hs-152901023
4738,7185,238,043905124,Mooneyham Elem,Frisco ISD,A,86,458,https://txschools.net/campus/mooneyham-elem-043905124
4738,7185,238,227904112,Murchison Elem,Pflugerville ISD,A,86,616,https://txschools.net/campus/murchison-elem-227904112
4738,7185,238,227910113,Newton Collins Elem,Del Valle ISD,B,86,694,https://txschools.net/campus/newton-collins-elem-227910113
4738,7185,238,101910114,Normandy Crossing Elem,Galena Park ISD,B,86,597,https://txschools.net/campus/normandy-crossing-elem-101910114
4738,7185,238,043905140,Norris Elem,Frisco ISD,A,86,528,https://txschools.net/campus/norris-elem-043905140
4738,7185,238,101910003,North Shore Senior High,Galena Park ISD,B,86,4150,https://txschools.net/campus/north-shore-senior-high-101910003
4738,7185,238,020902102,Northside Elem,Angleton ISD,B,86,422,https://txschools.net/campus/northside-elem-020902102
4738,7185,238,126902104,Norwood Elem,Burleson ISD,B,86,423,https://txschools.net/campus/norwood-elem-126902104
4738,7185,238,015910131,Oak Meadow Elem,North East ISD,A,86,412,https://txschools.net/campus/oak-meadow-elem-015910131
4738,7185,238,170902109,Oak Ridge Elem,Conroe ISD,B,86,555,https://txschools.net/campus/oak-ridge-elem-170902109
4738,7185,238,220905150,Oakhurst Elem,Fort Worth ISD,B,86,485,https://txschools.net/campus/oakhurst-elem-220905150
4738,7185,238,092904105,Parkway Elem,Pine Tree ISD,B,86,696,https://txschools.net/campus/parkway-elem-092904105
4738,7185,238,101919108,Pearl M Hirsch Elem,Spring ISD,B,86,602,https://txschools.net/campus/pearl-m-hirsch-elem-101919108
4738,7185,238,031901121,Perez Elem,Brownsville ISD,B,86,597,https://txschools.net/campus/perez-elem-031901121
4738,7185,238,092904041,Pine Tree JH,Pine Tree ISD,B,86,696,https://txschools.net/campus/pine-tree-jh-092904041
4738,7185,238,091913101,Pottsboro Elem,Pottsboro ISD,A,86,488,https://txschools.net/campus/pottsboro-elem-091913101
4738,7185,238,101910112,Purple Sage Elem,Galena Park ISD,B,86,441,https://txschools.net/campus/purple-sage-elem-101910112
4738,7185,238,031912108,Rangerville Elem,San Benito CISD,B,86,180,https://txschools.net/campus/rangerville-elem-031912108
4738,7185,238,046902113,Rebecca Creek Elem,Comal ISD,A,86,610,https://txschools.net/campus/rebecca-creek-elem-046902113
4738,7185,238,101903113,Rees Elem,Alief ISD,A,86,518,https://txschools.net/campus/rees-elem-101903113
4738,7185,238,237904109,Richard T Mcreavy Elem,Waller ISD,A,86,591,https://txschools.net/campus/richard-t-mcreavy-elem-237904109
4738,7185,238,071902055,Richardson MS,El Paso ISD,B,86,778,https://txschools.net/campus/richardson-ms-071902055
4738,7185,238,161903042,River Valley MS,Midway ISD,A,86,929,https://txschools.net/campus/river-valley-ms-161903042
4738,7185,238,057905050,Robert T Hill MS,Dallas ISD,B,86,492,https://txschools.net/campus/robert-t-hill-ms-057905050
4738,7185,238,101912231,Roosevelt Elem,Houston ISD,B,86,379,https://txschools.net/campus/roosevelt-elem-101912231
4738,7185,238,240903115,Ruiz Elem,United ISD,B,86,616,https://txschools.net/campus/ruiz-elem-240903115
4738,7185,238,101914148,Russell & Cindi Faldyn Elem,Katy ISD,B,86,1126,https://txschools.net/campus/russell-cindi-faldyn-elem-101914148
4738,7185,238,015909104,S/Sgt Michael P Barrera Veterans Elem,Somerset ISD,B,86,563,https://txschools.net/campus/s-sgt-michael-p-barrera-veterans-elem-015909104
4738,7185,238,014906135,Saegert Elem,Killeen ISD,B,86,877,https://txschools.net/campus/saegert-elem-014906135
4738,7185,238,108912117,Sam Fordyce Elem,La Joya ISD,B,86,349,https://txschools.net/campus/sam-fordyce-elem-108912117
4738,7185,238,108913103,Sam Houston Elem,Weslaco ISD,A,86,752,https://txschools.net/campus/sam-houston-elem-108913103
4738,7185,238,061911109,Samuel Beck Elem,Northwest ISD,A,86,609,https://txschools.net/campus/samuel-beck-elem-061911109
4738,7185,238,246904112,San Gabriel Elem,Georgetown ISD,A,86,350,https://txschools.net/campus/san-gabriel-elem-246904112
4738,7185,238,057905207,San Jacinto Elem,Dallas ISD,B,86,465,https://txschools.net/campus/san-jacinto-elem-057905207
4738,7185,238,101908104,San Jacinto Elem,Deer Park ISD,B,86,849,https://txschools.net/campus/san-jacinto-elem-101908104
4738,7185,238,240901116,Santo Nino Elem,Laredo ISD,A,86,511,https://txschools.net/campus/santo-nino-elem-240901116
4738,7185,238,101915119,Schultz Elem,Klein ISD,B,86,677,https://txschools.net/campus/schultz-elem-101915119
4738,7185,238,057914114,Seabourn Elem,Mesquite ISD,B,86,529,https://txschools.net/campus/seabourn-elem-057914114
4738,7185,238,008902104,Sealy Elem,Sealy ISD,B,86,656,https://txschools.net/campus/sealy-elem-008902104
4738,7185,238,046901104,Seele Elem,New Braunfels ISD,B,86,379,https://txschools.net/campus/seele-elem-046901104
4738,7185,238,079907120,Settlers Way Elem,Fort Bend ISD,A,86,639,https://txschools.net/campus/settlers-way-elem-079907120
4738,7185,238,101920113,Shadow Oaks Elem,Spring Branch ISD,B,86,444,https://txschools.net/campus/shadow-oaks-elem-101920113
4738,7185,238,020908103,Shadycrest Elem,Pearland ISD,A,86,481,https://txschools.net/campus/shadycrest-elem-020908103
4738,7185,238,031901111,Sharp Elem,Brownsville ISD,A,86,417,https://txschools.net/campus/sharp-elem-031901111
4738,7185,238,220902107,Smithfield Elem,Birdville ISD,A,86,669,https://txschools.net/campus/smithfield-elem-220902107
4738,7185,238,220902108,Snow Heights Elem,Birdville ISD,A,86,376,https://txschools.net/campus/snow-heights-elem-220902108
4738,7185,238,057905386,Solar Prep for Boys at John F Kennedy,Dallas ISD,A,86,423,https://txschools.net/campus/solar-prep-for-boys-at-john-f-kennedy-057905386
4738,7185,238,170908110,Sorters Mill Elem,New Caney ISD,B,86,763,https://txschools.net/campus/sorters-mill-elem-170908110
4738,7185,238,057905016,South Oak Cliff HS,Dallas ISD,A,86,1535,https://txschools.net/campus/south-oak-cliff-hs-057905016
4738,7185,238,071909048,Spec Rafael Hernando MS,Socorro ISD,A,86,704,https://txschools.net/campus/spec-rafael-hernando-ms-071909048
4738,7185,238,184902107,Springtown Reno Elem,Springtown ISD,B,86,356,https://txschools.net/campus/springtown-reno-elem-184902107
4738,7185,238,061902129,STEM Academy at Bridlewood Elem,Lewisville ISD,A,86,558,https://txschools.net/campus/stem-academy-at-bridlewood-elem-061902129
4738,7185,238,061902055,STEM Academy at Clayton Downing MS,Lewisville ISD,A,86,606,https://txschools.net/campus/stem-academy-at-clayton-downing-ms-061902055
4738,7185,238,072903001,Stephenville HS,Stephenville ISD,A,86,1073,https://txschools.net/campus/stephenville-hs-072903001
4738,7185,238,015915161,Steubing Elem,Northside ISD,B,86,468,https://txschools.net/campus/steubing-elem-015915161
4738,7185,238,015910133,Stone Oak Elem,North East ISD,A,86,821,https://txschools.net/campus/stone-oak-elem-015910133
4738,7185,238,101913120,Summerwood Elem,Humble ISD,B,86,676,https://txschools.net/campus/summerwood-elem-101913120
4738,7185,238,057919201,Sunnyvale Int,Sunnyvale ISD,A,86,498,https://txschools.net/campus/sunnyvale-int-057919201
4738,7185,238,057905018,Sunset HS,Dallas ISD,B,86,2027,https://txschools.net/campus/sunset-hs-057905018
4738,7185,238,240901107,Tarver Elem,Laredo ISD,A,86,396,https://txschools.net/campus/tarver-elem-240901107
4738,7185,238,015904043,Terrell Wells MS,Harlandale ISD,B,86,552,https://txschools.net/campus/terrell-wells-ms-015904043
4738,7185,238,101902117,Thompson Elem,Aldine ISD,B,86,472,https://txschools.net/campus/thompson-elem-101902117
4738,7185,238,101912243,Thompson Elem,Houston ISD,B,86,378,https://txschools.net/campus/thompson-elem-101912243
4738,7185,238,057909136,Toler Elem,Garland ISD,B,86,451,https://txschools.net/campus/toler-elem-057909136
4738,7185,238,071902143,Travis Elem,El Paso ISD,A,86,161,https://txschools.net/campus/travis-elem-071902143
4738,7185,238,108904106,Trevino Elem,Edinburg CISD,A,86,665,https://txschools.net/campus/trevino-elem-108904106
4738,7185,238,234906001,Van HS,Van ISD,B,86,718,https://txschools.net/campus/van-hs-234906001
4738,7185,238,184907101,Vandagriff Elem,Aledo ISD,A,86,622,https://txschools.net/campus/vandagriff-elem-184907101
4738,7185,238,031901126,Vermillion Road Elem,Brownsville ISD,B,86,608,https://txschools.net/campus/vermillion-road-elem-031901126
4738,7185,238,057905153,Victor H Hexter Elem,Dallas ISD,B,86,536,https://txschools.net/campus/victor-h-hexter-elem-057905153
4738,7185,238,079901150,Viola Gilmore Randle Elem,Lamar CISD,B,86,916,https://txschools.net/campus/viola-gilmore-randle-elem-079901150
4738,7185,238,057905109,W A Blair Elem,Dallas ISD,B,86,357,https://txschools.net/campus/w-a-blair-elem-057905109
4738,7185,238,015917102,W M Pearce Pri,Southside ISD,B,86,522,https://txschools.net/campus/w-m-pearce-pri-015917102
4738,7185,238,057905224,Walnut Hill International Leadership Academy,Dallas ISD,A,86,574,https://txschools.net/campus/walnut-hill-international-leadership-academy-057905224
4738,7185,238,070912002,Waxahachie HS,Waxahachie ISD,B,86,3029,https://txschools.net/campus/waxahachie-hs-070912002
4738,7185,238,101920116,Westwood Elem,Spring Branch ISD,B,86,472,https://txschools.net/campus/westwood-elem-101920116
4738,7185,238,015915114,Westwood Terrace Elem,Northside ISD,B,86,432,https://txschools.net/campus/westwood-terrace-elem-015915114
4738,7185,238,101912257,Whidby Elem,Houston ISD,B,86,328,https://txschools.net/campus/whidby-elem-101912257
4738,7185,238,212906041,Whitehouse JH,Whitehouse ISD,A,86,772,https://txschools.net/campus/whitehouse-jh-212906041
4738,7185,238,227904117,Wieland Elem,Pflugerville ISD,B,86,368,https://txschools.net/campus/wieland-elem-227904117
4738,7185,238,105904106,Wildwood Springs Elem,Dripping Springs ISD,A,86,553,https://txschools.net/campus/wildwood-springs-elem-105904106
4738,7185,238,227901166,Williams Elem,Austin ISD,B,86,357,https://txschools.net/campus/williams-elem-227901166
4738,7185,238,015907174,Wilson Elem,San Antonio ISD,B,86,362,https://txschools.net/campus/wilson-elem-015907174
4738,7185,238,101907118,Wilson Elem,Cypress-Fairbanks ISD,B,86,709,https://txschools.net/campus/wilson-elem-101907118
4738,7185,238,057905229,Winnetka Elem,Dallas ISD,B,86,686,https://txschools.net/campus/winnetka-elem-057905229
4738,7185,238,070911102,Wooden Elem,Red Oak ISD,B,86,484,https://txschools.net/campus/wooden-elem-070911102
4738,7185,238,220905184,Worth Heights Elem,Fort Worth ISD,B,86,425,https://txschools.net/campus/worth-heights-elem-220905184
4738,7185,238,221912103,Wylie West Int,Wylie ISD,A,86,454,https://txschools.net/campus/wylie-west-int-221912103
4738,7185,238,062903102,Yoakum Int,Yoakum ISD,B,86,288,https://txschools.net/campus/yoakum-int-062903102
4738,7185,238,031901132,Yturria Elem,Brownsville ISD,A,86,528,https://txschools.net/campus/yturria-elem-031901132
4977,7185,144,020901001,Alvin HS,Alvin ISD,B,87,2646,https://txschools.net/campus/alvin-hs-020901001
4977,7185,144,071906001,Anthony HS,Anthony ISD,B,87,235,https://txschools.net/campus/anthony-hs-071906001
4977,7185,144,220901001,Arlington HS,Arlington ISD,B,87,2677,https://txschools.net/campus/arlington-hs-220901001
4977,7185,144,057914125,Austin Elem,Mesquite ISD,B,87,279,https://txschools.net/campus/austin-elem-057914125
4977,7185,144,034902001,Avinger School,Avinger ISD,B,87,103,https://txschools.net/campus/avinger-school-034902001
4977,7185,144,220915001,Azle HS,Azle ISD,B,87,2126,https://txschools.net/campus/azle-hs-220915001
4977,7185,144,101907125,Bang Elem,Cypress-Fairbanks ISD,B,87,900,https://txschools.net/campus/bang-elem-101907125
4977,7185,144,025901001,Bangs HS,Bangs ISD,B,87,204,https://txschools.net/campus/bangs-hs-025901001
4977,7185,144,011901001,Bastrop HS,Bastrop ISD,B,87,1739,https://txschools.net/campus/bastrop-hs-011901001
4977,7185,144,011901041,Bastrop MS,Bastrop ISD,B,87,642,https://txschools.net/campus/bastrop-ms-011901041
4977,7185,144,101912268,Benbrook Elem,Houston ISD,B,87,398,https://txschools.net/campus/benbrook-elem-101912268
4977,7185,144,101915107,Benfer Elem,Klein ISD,B,87,636,https://txschools.net/campus/benfer-elem-101915107
4977,7185,144,101915124,Benignus Elem,Klein ISD,A,87,741,https://txschools.net/campus/benignus-elem-101915124
4977,7185,144,116915001,Bland HS,Bland ISD,A,87,223,https://txschools.net/campus/bland-hs-116915001
4977,7185,144,057912041,Bowie MS,Irving ISD,B,87,714,https://txschools.net/campus/bowie-ms-057912041
4977,7185,144,015915134,Braun Station Elem,Northside ISD,B,87,349,https://txschools.net/campus/braun-station-elem-015915134
4977,7185,144,161919001,Bruceville-Eddy HS,Bruceville-Eddy ISD,B,87,178,https://txschools.net/campus/bruceville-eddy-hs-161919001
4977,7185,144,109902001,Bynum School,Bynum ISD,B,87,174,https://txschools.net/campus/bynum-school-109902001
4977,7185,144,220917001,Castleberry HS,Castleberry ISD,A,87,1062,https://txschools.net/campus/castleberry-hs-220917001
4977,7185,144,170906106,Cedric C Smith,Magnolia ISD,A,87,722,https://txschools.net/campus/cedric-c-smith-170906106
4977,7185,144,101913129,Centennial Elem,Humble ISD,B,87,1092,https://txschools.net/campus/centennial-elem-101913129
4977,7185,144,123905041,Central MS,Nederland ISD,B,87,553,https://txschools.net/campus/central-ms-123905041
4977,7185,144,246909135,Chandler Oaks Elem,Round Rock ISD,A,87,548,https://txschools.net/campus/chandler-oaks-elem-246909135
4977,7185,144,071902012,Chapin HS,El Paso ISD,B,87,1729,https://txschools.net/campus/chapin-hs-071902012
4977,7185,144,229906001,Chester HS,Chester ISD,B,87,110,https://txschools.net/campus/chester-hs-229906001
4977,7185,144,038901102,Childress Elem,Childress ISD,B,87,418,https://txschools.net/campus/childress-elem-038901102
4977,7185,144,178904146,Club Estates,Corpus Christi ISD,B,87,406,https://txschools.net/campus/club-estates-178904146
4977,7185,144,114902001,Coahoma HS,Coahoma ISD,B,87,305,https://txschools.net/campus/coahoma-hs-114902001
4977,7185,144,101916105,College Park Elem,La Porte ISD,A,87,432,https://txschools.net/campus/college-park-elem-101916105
4977,7185,144,152901070,Commander William C McCool Academy,Lubbock ISD,A,87,452,https://txschools.net/campus/commander-william-c-mccool-academy-152901070
4977,7185,144,018908001,Cranfills Gap School,Cranfills Gap ISD,B,87,116,https://txschools.net/campus/cranfills-gap-school-018908001
4977,7185,144,043914044,Davis Int,Wylie ISD,A,87,963,https://txschools.net/campus/davis-int-043914044
4977,7185,144,194905001,Detroit MS HS,Detroit ISD,A,87,139,https://txschools.net/campus/detroit-ms-hs-194905001
4977,7185,144,199901109,Dorris A Jones Elem,Rockwall ISD,B,87,492,https://txschools.net/campus/dorris-a-jones-elem-199901109
4977,7185,144,212905125,Dr Bryan C Jack Elem,Tyler ISD,B,87,706,https://txschools.net/campus/dr-bryan-c-jack-elem-212905125
4977,7185,144,079901011,Dr Thomas E Randle HS,Lamar CISD,B,87,2013,https://txschools.net/campus/dr-thomas-e-randle-hs-079901011
4977,7185,144,234903001,Edgewood HS,Edgewood ISD,B,87,301,https://txschools.net/campus/edgewood-hs-234903001
4977,7185,144,071902006,El Paso HS,El Paso ISD,B,87,1575,https://txschools.net/campus/el-paso-hs-071902006
4977,7185,144,130901103,Fair Oaks Ranch Elem,Boerne ISD,A,87,786,https://txschools.net/campus/fair-oaks-ranch-elem-130901103
4977,7185,144,186902001,Fort Stockton High,Fort Stockton ISD,B,87,650,https://txschools.net/campus/fort-stockton-high-186902001
4977,7185,144,057905079,Francisco Pancho Medrano JH,Dallas ISD,B,87,600,https://txschools.net/campus/francisco-pancho-medrano-jh-057905079
4977,7185,144,066903002,Freer HS,Freer ISD,B,87,195,https://txschools.net/campus/freer-hs-066903002
4977,7185,144,046902115,Freiheit Elem,Comal ISD,B,87,629,https://txschools.net/campus/freiheit-elem-046902115
4977,7185,144,120902001,Ganado HS,Ganado ISD,B,87,217,https://txschools.net/campus/ganado-hs-120902001
4977,7185,144,230902002,Gilmer HS,Gilmer ISD,B,87,880,https://txschools.net/campus/gilmer-hs-230902002
4977,7185,144,252901001,Graham HS,Graham ISD,B,87,664,https://txschools.net/campus/graham-hs-252901001
4977,7185,144,101915104,Greenwood Forest Elem,Klein ISD,B,87,456,https://txschools.net/campus/greenwood-forest-elem-101915104
4977,7185,144,101924109,H M Carroll Elem,Sheldon ISD,B,87,528,https://txschools.net/campus/h-m-carroll-elem-101924109
4977,7185,144,043910044,Haggard MS,Plano ISD,B,87,808,https://txschools.net/campus/haggard-ms-043910044
4977,7185,144,244901001,Harrold School,Harrold ISD,B,87,159,https://txschools.net/campus/harrold-school-244901001
4977,7185,144,225907001,Harts Bluff Early College HS,Harts Bluff ISD,A,87,212,https://txschools.net/campus/harts-bluff-early-college-hs-225907001
4977,7185,144,124901001,Hebbronville HS,Jim Hogg County ISD,B,87,290,https://txschools.net/campus/hebbronville-hs-124901001
4977,7185,144,043905007,Heritage HS,Frisco ISD,B,87,2008,https://txschools.net/campus/heritage-hs-043905007
4977,7185,144,057909125,Hillside Acad for Excel,Garland ISD,A,87,444,https://txschools.net/campus/hillside-acad-for-excel-057909125
4977,7185,144,191901113,Hillside Elem,Canyon ISD,B,87,350,https://txschools.net/campus/hillside-elem-191901113
4977,7185,144,061910101,Hilltop Elem,Argyle ISD,A,87,741,https://txschools.net/campus/hilltop-elem-061910101
4977,7185,144,101912395,Hines-Caldwell,Houston ISD,B,87,619,https://txschools.net/campus/hines-caldwell-101912395
4977,7185,144,071901004,Horizon HS,Clint ISD,B,87,1402,https://txschools.net/campus/horizon-hs-071901004
4977,7185,144,101912178,Horn Elem,Houston ISD,A,87,752,https://txschools.net/campus/horn-elem-101912178
4977,7185,144,057914005,Horn HS,Mesquite ISD,B,87,2690,https://txschools.net/campus/horn-hs-057914005
4977,7185,144,003902001,Hudson HS,Hudson ISD,A,87,767,https://txschools.net/campus/hudson-hs-003902001
4977,7185,144,003902041,Hudson MS,Hudson ISD,A,87,656,https://txschools.net/campus/hudson-ms-003902041
4977,7185,144,186903001,Iraan HS,Iraan-Sheffield Collegiate ISD,B,87,101,https://txschools.net/campus/iraan-hs-186903001
4977,7185,144,029901102,Jackson/Roosevelt Elem,Calhoun County ISD,A,87,810,https://txschools.net/campus/jackson-roosevelt-elem-029901102
4977,7185,144,246904041,James Tippit MS,Georgetown ISD,B,87,808,https://txschools.net/campus/james-tippit-ms-246904041
4977,7185,144,220902119,John D Spicer Elem,Birdville ISD,B,87,441,https://txschools.net/campus/john-d-spicer-elem-220902119
4977,7185,144,130901104,Kendall Elem,Boerne ISD,B,87,554,https://txschools.net/campus/kendall-elem-130901104
4977,7185,144,121905001,Kirbyville HS,Kirbyville CISD,B,87,430,https://txschools.net/campus/kirbyville-hs-121905001
4977,7185,144,100903002,Kountze HS,Kountze ISD,B,87,306,https://txschools.net/campus/kountze-hs-100903002
4977,7185,144,075902001,La Grange HS,La Grange ISD,B,87,607,https://txschools.net/campus/la-grange-hs-075902001
4977,7185,144,079901001,Lamar Cons HS,Lamar CISD,B,87,1414,https://txschools.net/campus/lamar-cons-hs-079901001
4977,7185,144,057903121,Landry Elem,Carrollton-Farmers Branch ISD,B,87,449,https://txschools.net/campus/landry-elem-057903121
4977,7185,144,178902041,Lillion E Luehrs JH,Bishop CISD,B,87,334,https://txschools.net/campus/lillion-e-luehrs-jh-178902041
4977,7185,144,111902003,Lipan HS,Lipan ISD,B,87,255,https://txschools.net/campus/lipan-hs-111902003
4977,7185,144,057905275,Louise Wolff Kahn Elem,Dallas ISD,B,87,512,https://txschools.net/campus/louise-wolff-kahn-elem-057905275
4977,7185,144,043911004,Lovelady HS,Princeton ISD,B,87,1566,https://txschools.net/campus/lovelady-hs-043911004
4977,7185,144,152906004,Lubbock-Cooper Liberty HS,Lubbock-Cooper ISD,A,87,827,https://txschools.net/campus/lubbock-cooper-liberty-hs-152906004
4977,7185,144,057912003,MacArthur HS,Irving ISD,B,87,2243,https://txschools.net/campus/macarthur-hs-057912003
4977,7185,144,154901001,Madisonville HS,Madisonville CISD,A,87,680,https://txschools.net/campus/madisonville-hs-154901001
4977,7185,144,220908002,Mansfield Summit HS,Mansfield ISD,A,87,1872,https://txschools.net/campus/mansfield-summit-hs-220908002
4977,7185,144,220905114,Manuel Jara Elem,Fort Worth ISD,B,87,514,https://txschools.net/campus/manuel-jara-elem-220905114
4977,7185,144,174909001,Martinsville School,Martinsville ISD,B,87,315,https://txschools.net/campus/martinsville-school-174909001
4977,7185,144,108906001,McAllen HS,McAllen ISD,A,87,2080,https://txschools.net/campus/mcallen-hs-108906001
4977,7185,144,108906048,Michael E Fossum MS,McAllen ISD,A,87,807,https://txschools.net/campus/michael-e-fossum-ms-108906048
4977,7185,144,039905001,Midway School,Midway ISD,B,87,128,https://txschools.net/campus/midway-school-039905001
4977,7185,144,166903102,Milano Elem,Milano ISD,B,87,197,https://txschools.net/campus/milano-elem-166903102
4977,7185,144,101912299,Milne Elem,Houston ISD,B,87,428,https://txschools.net/campus/milne-elem-101912299
4977,7185,144,015915195,Mireles Elem,Northside ISD,B,87,715,https://txschools.net/campus/mireles-elem-015915195
4977,7185,144,101914130,Morton Ranch Elem,Katy ISD,B,87,944,https://txschools.net/campus/morton-ranch-elem-101914130
4977,7185,144,201907101,Mt Enterprise Elem,Mount Enterprise ISD,B,87,242,https://txschools.net/campus/mt-enterprise-elem-201907101
4977,7185,144,049902001,Muenster HS,Muenster ISD,A,87,264,https://txschools.net/campus/muenster-hs-049902001
4977,7185,144,108912112,Narciso Cavazos,La Joya ISD,B,87,476,https://txschools.net/campus/narciso-cavazos-108912112
4977,7185,144,093904002,Navasota HS,Navasota ISD,B,87,934,https://txschools.net/campus/navasota-hs-093904002
4977,7185,144,057909156,Nita Pearson Elem,Garland ISD,B,87,427,https://txschools.net/campus/nita-pearson-elem-057909156
4977,7185,144,126905104,North Joshua Elem,Joshua ISD,A,87,737,https://txschools.net/campus/north-joshua-elem-126905104
4977,7185,144,069902001,Nueces Canyon JH/HS,Nueces Canyon CISD,B,87,102,https://txschools.net/campus/nueces-canyon-jh-hs-069902001
4977,7185,144,145907002,Oakwood HS,Oakwood ISD,B,87,81,https://txschools.net/campus/oakwood-hs-145907002
4977,7185,144,227901171,Palm Elem,Austin ISD,B,87,299,https://txschools.net/campus/palm-elem-227901171
4977,7185,144,031906106,Palmer-Laakso Elem,Los Fresnos CISD,A,87,520,https://txschools.net/campus/palmer-laakso-elem-031906106
4977,7185,144,090904001,Pampa HS,Pampa ISD,B,87,958,https://txschools.net/campus/pampa-hs-090904001
4977,7185,144,071905003,Parkland HS,Ysleta ISD,A,87,1542,https://txschools.net/campus/parkland-hs-071905003
4977,7185,144,227904001,Pflugerville HS,Pflugerville ISD,B,87,1813,https://txschools.net/campus/pflugerville-hs-227904001
4977,7185,144,043910006,Plano East Sr HS,Plano ISD,A,87,2976,https://txschools.net/campus/plano-east-sr-hs-043910006
4977,7185,144,031909001,Port Isabel Early College HS,Point Isabel ISD,A,87,566,https://txschools.net/campus/port-isabel-early-college-hs-031909001
4977,7185,144,061902126,Prairie Trail Elem,Lewisville ISD,B,87,646,https://txschools.net/campus/prairie-trail-elem-061902126
4977,7185,144,178904005,Ray HS,Corpus Christi ISD,B,87,1432,https://txschools.net/campus/ray-hs-178904005
4977,7185,144,214901001,Rio Grande City HS,Rio Grande City Grulla ISD,B,87,1617,https://txschools.net/campus/rio-grande-city-hs-214901001
4977,7185,144,079907140,Rita Drabek Elem,Fort Bend ISD,B,87,489,https://txschools.net/campus/rita-drabek-elem-079907140
4977,7185,144,021901112,River Bend Elem,College Station ISD,A,87,531,https://txschools.net/campus/river-bend-elem-021901112
4977,7185,144,105904103,Rooster Springs Elem,Dripping Springs ISD,A,87,757,https://txschools.net/campus/rooster-springs-elem-105904103
4977,7185,144,170902103,Runyan Elem,Conroe ISD,B,87,582,https://txschools.net/campus/runyan-elem-170902103
4977,7185,144,015911111,Salado Elem,East Central ISD,B,87,616,https://txschools.net/campus/salado-elem-015911111
4977,7185,144,101910116,Sam Houston Elem,Galena Park ISD,B,87,643,https://txschools.net/campus/sam-houston-elem-101910116
4977,7185,144,074917101,Sam Rayburn Elem,Sam Rayburn ISD,B,87,260,https://txschools.net/campus/sam-rayburn-elem-074917101
4977,7185,144,101917002,Sam Rayburn HS,Pasadena ISD,B,87,2406,https://txschools.net/campus/sam-rayburn-hs-101917002
4977,7185,144,057905015,Seagoville HS,Dallas ISD,B,87,1656,https://txschools.net/campus/seagoville-hs-057905015
4977,7185,144,057905069,Seagoville MS,Dallas ISD,B,87,1000,https://txschools.net/campus/seagoville-ms-057905069
4977,7185,144,012901101,Seymour Elem,Seymour ISD,A,87,258,https://txschools.net/campus/seymour-elem-012901101
4977,7185,144,070912107,Shackelford Elem,Waxahachie ISD,B,87,403,https://txschools.net/campus/shackelford-elem-070912107
4977,7185,144,199901113,Sharon Shannon Elem,Rockwall ISD,B,87,570,https://txschools.net/campus/sharon-shannon-elem-199901113
4977,7185,144,057909120,Shorehaven Elem,Garland ISD,A,87,346,https://txschools.net/campus/shorehaven-elem-057909120
4977,7185,144,178904134,Smith Elem,Corpus Christi ISD,B,87,415,https://txschools.net/campus/smith-elem-178904134
4977,7185,144,021901101,South Knoll Elem,College Station ISD,B,87,582,https://txschools.net/campus/south-knoll-elem-021901101
4977,7185,144,101911017,Stuart Career Tech HS,Goose Creek CISD,A,87,612,https://txschools.net/campus/stuart-career-tech-hs-101911017
4977,7185,144,043908108,Sumeer Elem,Melissa ISD,B,87,1064,https://txschools.net/campus/sumeer-elem-043908108
4977,7185,144,220912043,Summer Creek MS,Crowley ISD,B,87,1031,https://txschools.net/campus/summer-creek-ms-220912043
4977,7185,144,020906002,Sweeny HS,Sweeny ISD,B,87,541,https://txschools.net/campus/sweeny-hs-020906002
4977,7185,144,187907102,Timber Creek Elem,Livingston ISD,B,87,522,https://txschools.net/campus/timber-creek-elem-187907102
4977,7185,144,220907046,Timberview MS,Keller ISD,B,87,941,https://txschools.net/campus/timberview-ms-220907046
4977,7185,144,212905003,Tyler HS,Tyler ISD,B,87,2066,https://txschools.net/campus/tyler-hs-212905003
4977,7185,144,108916102,Valley View Elem,Valley View ISD,A,87,422,https://txschools.net/campus/valley-view-elem-108916102
4977,7185,144,235902013,Victoria East HS,Victoria ISD,B,87,1799,https://txschools.net/campus/victoria-east-hs-235902013
4977,7185,144,235902014,Victoria West HS,Victoria ISD,B,87,1699,https://txschools.net/campus/victoria-west-hs-235902014
4977,7185,144,130901108,Viola Wilson Elem,Boerne ISD,A,87,491,https://txschools.net/campus/viola-wilson-elem-130901108
4977,7185,144,235902006,Visd Success Academy,Victoria ISD,B,87,212,https://txschools.net/campus/visd-success-academy-235902006
4977,7185,144,057905002,W H Adamson HS,Dallas ISD,A,87,1318,https://txschools.net/campus/w-h-adamson-hs-057905002
4977,7185,144,089905102,Waelder School,Waelder ISD,B,87,588,https://txschools.net/campus/waelder-school-089905102
4977,7185,144,237904002,Waller HS,Waller ISD,B,87,3164,https://txschools.net/campus/waller-hs-237904002
4977,7185,144,220919103,Walnut Grove Elem,Carroll ISD,A,87,604,https://txschools.net/campus/walnut-grove-elem-220919103
4977,7185,144,020901107,Walt Disney Elem,Alvin ISD,B,87,450,https://txschools.net/campus/walt-disney-elem-020901107
4977,7185,144,101912016,Washington B T HS,Houston ISD,A,87,704,https://txschools.net/campus/washington-b-t-hs-101912016
4977,7185,144,045905041,Weimar JH,Weimar ISD,A,87,223,https://txschools.net/campus/weimar-jh-045905041
4977,7185,144,178915001,West Oso HS,West Oso ISD,A,87,464,https://txschools.net/campus/west-oso-hs-178915001
4977,7185,144,062903001,Yoakum HS,Yoakum ISD,B,87,458,https://txschools.net/campus/yoakum-hs-062903001
4977,7185,144,084911103,Zue S Bales Int,Friendswood ISD,A,87,573,https://txschools.net/campus/zue-s-bales-int-084911103
5122,7185,207,021901001,A & M Cons HS,College Station ISD,B,88,2167,https://txschools.net/campus/a-m-cons-hs-021901001
5122,7185,207,095901101,Abernathy Elem,Abernathy ISD,B,88,375,https://txschools.net/campus/abernathy-elem-095901101
5122,7185,207,079901149,Adriane Mathews Gray Elem,Lamar CISD,B,88,676,https://txschools.net/campus/adriane-mathews-gray-elem-079901149
5122,7185,207,015907026,Advanced Learning Academy,San Antonio ISD,B,88,1104,https://txschools.net/campus/advanced-learning-academy-015907026
5122,7185,207,108909130,Allen & William Arnold Elem,Pharr-San Juan-Alamo ISD,A,88,691,https://txschools.net/campus/allen-william-arnold-elem-108909130
5122,7185,207,079907162,Alyssa Ferguson Elem,Fort Bend ISD,A,88,746,https://txschools.net/campus/alyssa-ferguson-elem-079907162
5122,7185,207,101907051,Aragon MS,Cypress-Fairbanks ISD,B,88,1436,https://txschools.net/campus/aragon-ms-101907051
5122,7185,207,061910001,Argyle HS,Argyle ISD,A,88,1736,https://txschools.net/campus/argyle-hs-061910001
5122,7185,207,084910122,Art and Pat Goforth Elem,Clear Creek ISD,B,88,734,https://txschools.net/campus/art-and-pat-goforth-elem-084910122
5122,7185,207,101912001,Austin HS,Houston ISD,B,88,977,https://txschools.net/campus/austin-hs-101912001
5122,7185,207,161918101,Axtell Elem,Axtell ISD,A,88,352,https://txschools.net/campus/axtell-elem-161918101
5122,7185,207,227901187,Baldwin Elem,Austin ISD,A,88,507,https://txschools.net/campus/baldwin-elem-227901187
5122,7185,207,084902001,Ball HS,Galveston ISD,B,88,1931,https://txschools.net/campus/ball-hs-084902001
5122,7185,207,057912005,Barbara Cardwell Career Preparatory Center,Irving ISD,A,88,241,https://txschools.net/campus/barbara-cardwell-career-preparatory-center-057912005
5122,7185,207,101912234,Baylor College of Medicine Biotech Academy at Rusk,Houston ISD,A,88,356,https://txschools.net/campus/baylor-college-of-medicine-biotech-academy-at-rusk-101912234
5122,7185,207,220916044,Bedford JH,Hurst-Euless-Bedford ISD,A,88,998,https://txschools.net/campus/bedford-jh-220916044
5122,7185,207,015915060,Bernal MS,Northside ISD,B,88,1349,https://txschools.net/campus/bernal-ms-015915060
5122,7185,207,043910128,Bethany Elem,Plano ISD,A,88,250,https://txschools.net/campus/bethany-elem-043910128
5122,7185,207,101912042,Black MS,Houston ISD,A,88,1230,https://txschools.net/campus/black-ms-101912042
5122,7185,207,025904001,Blanket School,Blanket ISD,B,88,151,https://txschools.net/campus/blanket-school-025904001
5122,7185,207,015915181,Blattman Elem,Northside ISD,A,88,450,https://txschools.net/campus/blattman-elem-015915181
5122,7185,207,130901041,Boerne MS North,Boerne ISD,A,88,912,https://txschools.net/campus/boerne-ms-north-130901041
5122,7185,207,014909044,Bonham MS,Temple ISD,B,88,638,https://txschools.net/campus/bonham-ms-014909044
5122,7185,207,188901048,Bonham MS,Amarillo ISD,A,88,877,https://txschools.net/campus/bonham-ms-188901048
5122,7185,207,043905109,Borchardt Elem,Frisco ISD,A,88,591,https://txschools.net/campus/borchardt-elem-043905109
5122,7185,207,117901041,Borger MS,Borger ISD,B,88,339,https://txschools.net/campus/borger-ms-117901041
5122,7185,207,015915150,Brauchle Elem,Northside ISD,B,88,381,https://txschools.net/campus/brauchle-elem-015915150
5122,7185,207,198901041,Bremond MS,Bremond ISD,B,88,98,https://txschools.net/campus/bremond-ms-198901041
5122,7185,207,061902049,Briarhill MS,Lewisville ISD,A,88,827,https://txschools.net/campus/briarhill-ms-061902049
5122,7185,207,015915058,Briscoe MS,Northside ISD,B,88,1435,https://txschools.net/campus/briscoe-ms-015915058
5122,7185,207,184909041,Brock JH,Brock ISD,B,88,534,https://txschools.net/campus/brock-jh-184909041
5122,7185,207,041901001,Bronte ISD,Bronte ISD,A,88,224,https://txschools.net/campus/bronte-isd-041901001
5122,7185,207,101912120,Browning Elem,Houston ISD,A,88,317,https://txschools.net/campus/browning-elem-101912120
5122,7185,207,101912121,Bruce Elem,Houston ISD,B,88,293,https://txschools.net/campus/bruce-elem-101912121
5122,7185,207,126902006,Burleson Centennial HS,Burleson ISD,B,88,2006,https://txschools.net/campus/burleson-centennial-hs-126902006
5122,7185,207,246909127,Caldwell Heights Elem,Round Rock ISD,B,88,567,https://txschools.net/campus/caldwell-heights-elem-246909127
5122,7185,207,084910130,Campbell Elem,Clear Creek ISD,A,88,797,https://txschools.net/campus/campbell-elem-084910130
5122,7185,207,188901002,Caprock HS,Amarillo ISD,A,88,2013,https://txschools.net/campus/caprock-hs-188901002
5122,7185,207,064903041,Carrizo Springs JH,Carrizo Springs CISD,B,88,291,https://txschools.net/campus/carrizo-springs-jh-064903041
5122,7185,207,246913041,Cedar Park MS,Leander ISD,A,88,1439,https://txschools.net/campus/cedar-park-ms-246913041
5122,7185,207,199901112,Celia Hays Elem,Rockwall ISD,A,88,540,https://txschools.net/campus/celia-hays-elem-199901112
5122,7185,207,161903110,Chapel Park Elem,Midway ISD,A,88,510,https://txschools.net/campus/chapel-park-elem-161903110
5122,7185,207,084910101,Clear Lake City Elem,Clear Creek ISD,A,88,474,https://txschools.net/campus/clear-lake-city-elem-084910101
5122,7185,207,043905121,Corbell Elem,Frisco ISD,B,88,464,https://txschools.net/campus/corbell-elem-043905121
5122,7185,207,126902003,Crossroads HS,Burleson ISD,B,88,56,https://txschools.net/campus/crossroads-hs-126902003
5122,7185,207,057905360,D A Hulcy STEAM MS,Dallas ISD,A,88,364,https://txschools.net/campus/d-a-hulcy-steam-ms-057905360
5122,7185,207,020910101,Damon Elem,Damon ISD,B,88,87,https://txschools.net/campus/damon-elem-020910101
5122,7185,207,146902002,Dayton HS,Dayton ISD,B,88,1665,https://txschools.net/campus/dayton-hs-146902002
5122,7185,207,079901045,Dean Leaman JH,Lamar CISD,A,88,2670,https://txschools.net/campus/dean-leaman-jh-079901045
5122,7185,207,101908042,Deer Park JH,Deer Park ISD,B,88,887,https://txschools.net/campus/deer-park-jh-101908042
5122,7185,207,084901061,Dickinson JH,Dickinson ISD,B,88,1146,https://txschools.net/campus/dickinson-jh-084901061
5122,7185,207,070908109,Dolores McClatchey Elem,Midlothian ISD,A,88,565,https://txschools.net/campus/dolores-mcclatchey-elem-070908109
5122,7185,207,246904040,Douglas Benold MS,Georgetown ISD,B,88,785,https://txschools.net/campus/douglas-benold-ms-246904040
5122,7185,207,043907043,Dowell MS,McKinney ISD,A,88,975,https://txschools.net/campus/dowell-ms-043907043
5122,7185,207,108909122,Drs Reed - Mock Elem,Pharr-San Juan-Alamo ISD,A,88,486,https://txschools.net/campus/drs-reed-mock-elem-108909122
5122,7185,207,079907041,Dulles MS,Fort Bend ISD,B,88,1214,https://txschools.net/campus/dulles-ms-079907041
5122,7185,207,171901108,Dumas South Elem,Dumas ISD,B,88,669,https://txschools.net/campus/dumas-south-elem-171901108
5122,7185,207,025909041,Early MS,Early ISD,B,88,250,https://txschools.net/campus/early-ms-025909041
5122,7185,207,043908042,East Cardinal MS,Melissa ISD,A,88,1303,https://txschools.net/campus/east-cardinal-ms-043908042
5122,7185,207,071905043,Eastwood MS,Ysleta ISD,B,88,1246,https://txschools.net/campus/eastwood-ms-071905043
5122,7185,207,108904048,Elias Longoria Sr MS,Edinburg CISD,B,88,808,https://txschools.net/campus/elias-longoria-sr-ms-108904048
5122,7185,207,108906119,Escandon Elem,McAllen ISD,B,88,428,https://txschools.net/campus/escandon-elem-108906119
5122,7185,207,220905223,Esperanza Elem,Fort Worth ISD,B,88,436,https://txschools.net/campus/esperanza-elem-220905223
5122,7185,207,084901051,Eugene 'Gene' Kranz JH,Dickinson ISD,B,88,872,https://txschools.net/campus/eugene-gene-kranz-jh-084901051
5122,7185,207,101908044,Fairmont JH,Deer Park ISD,A,88,687,https://txschools.net/campus/fairmont-jh-101908044
5122,7185,207,057903109,Farmers Branch Elem,Carrollton-Farmers Branch ISD,B,88,536,https://txschools.net/campus/farmers-branch-elem-057903109
5122,7185,207,043907041,Faubion MS,McKinney ISD,B,88,1100,https://txschools.net/campus/faubion-ms-043907041
5122,7185,207,108906114,Fields Elem,McAllen ISD,A,88,407,https://txschools.net/campus/fields-elem-108906114
5122,7185,207,079907045,First Colony MS,Fort Bend ISD,A,88,1228,https://txschools.net/campus/first-colony-ms-079907045
5122,7185,207,242906001,Fort Elliott School,Fort Elliott CISD,B,88,133,https://txschools.net/campus/fort-elliott-school-242906001
5122,7185,207,071902010,Franklin HS,El Paso ISD,A,88,2587,https://txschools.net/campus/franklin-hs-071902010
5122,7185,207,101915131,French Elem,Klein ISD,A,88,789,https://txschools.net/campus/french-elem-101915131
5122,7185,207,043905001,Frisco HS,Frisco ISD,B,88,1777,https://txschools.net/campus/frisco-hs-043905001
5122,7185,207,015915144,Galm Elem,Northside ISD,B,88,518,https://txschools.net/campus/galm-elem-015915144
5122,7185,207,057912122,Gilbert F M Elem,Irving ISD,B,88,722,https://txschools.net/campus/gilbert-f-m-elem-057912122
5122,7185,207,230902103,Gilmer Int,Gilmer ISD,A,88,410,https://txschools.net/campus/gilmer-int-230902103
5122,7185,207,187903041,Goodrich MS,Goodrich ISD,A,88,58,https://txschools.net/campus/goodrich-ms-187903041
5122,7185,207,101907052,Goodson MS,Cypress-Fairbanks ISD,A,88,1348,https://txschools.net/campus/goodson-ms-101907052
5122,7185,207,111901001,Granbury HS,Granbury ISD,B,88,2230,https://txschools.net/campus/granbury-hs-111901001
5122,7185,207,234904001,Grand Saline HS,Grand Saline ISD,B,88,359,https://txschools.net/campus/grand-saline-hs-234904001
5122,7185,207,095903001,Hale Center HS,Hale Center ISD,A,88,175,https://txschools.net/campus/hale-center-hs-095903001
5122,7185,207,235902044,Harold Cade MS,Victoria ISD,B,88,696,https://txschools.net/campus/harold-cade-ms-235902044
5122,7185,207,084906102,Heights Elem,Texas City ISD,A,88,403,https://txschools.net/campus/heights-elem-084906102
5122,7185,207,237902041,Hempstead MS,Hempstead ISD,B,88,318,https://txschools.net/campus/hempstead-ms-237902041
5122,7185,207,015915045,Hobby MS,Northside ISD,B,88,1190,https://txschools.net/campus/hobby-ms-015915045
5122,7185,207,043905139,Hosp Elem,Frisco ISD,A,88,572,https://txschools.net/campus/hosp-elem-043905139
5122,7185,207,227913042,Hudson Bend MS,Lake Travis ISD,A,88,758,https://txschools.net/campus/hudson-bend-ms-227913042
5122,7185,207,220916043,Hurst JH,Hurst-Euless-Bedford ISD,A,88,940,https://txschools.net/campus/hurst-jh-220916043
5122,7185,207,220907121,Independence Elem,Keller ISD,B,88,409,https://txschools.net/campus/independence-elem-220907121
5122,7185,207,043905116,Isbell Elem,Frisco ISD,A,88,563,https://txschools.net/campus/isbell-elem-043905116
5122,7185,207,070907001,Italy HS,Italy ISD,B,88,283,https://txschools.net/campus/italy-hs-070907001
5122,7185,207,071905007,J M Hanks HS,Ysleta ISD,A,88,1323,https://txschools.net/campus/j-m-hanks-hs-071905007
5122,7185,207,020901049,Jackie Doucet Caffey JH,Alvin ISD,B,88,593,https://txschools.net/campus/jackie-doucet-caffey-jh-020901049
5122,7185,207,220914102,James F Delaney Elem,Kennedale ISD,B,88,408,https://txschools.net/campus/james-f-delaney-elem-220914102
5122,7185,207,108905102,JC Kelly Elem,Hidalgo ISD,A,88,271,https://txschools.net/campus/jc-kelly-elem-108905102
5122,7185,207,071903103,Johanna Odonnell Int,Fabens ISD,B,88,422,https://txschools.net/campus/johanna-odonnell-int-071903103
5122,7185,207,057905121,John W Carpenter Elem,Dallas ISD,B,88,202,https://txschools.net/campus/john-w-carpenter-elem-057905121
5122,7185,207,021902108,Johnson Elem,Bryan ISD,A,88,404,https://txschools.net/campus/johnson-elem-021902108
5122,7185,207,007902041,Jourdanton JH,Jourdanton ISD,B,88,353,https://txschools.net/campus/jourdanton-jh-007902041
5122,7185,207,101914001,Katy HS,Katy ISD,B,88,3388,https://txschools.net/campus/katy-hs-101914001
5122,7185,207,126906001,Keene HS,Keene ISD,B,88,368,https://txschools.net/campus/keene-hs-126906001
5122,7185,207,108909046,Kennedy MS,Pharr-San Juan-Alamo ISD,A,88,539,https://txschools.net/campus/kennedy-ms-108909046
5122,7185,207,015916041,Kirby MS,Judson ISD,B,88,218,https://txschools.net/campus/kirby-ms-015916041
5122,7185,207,101902130,Kujawa Elem,Aldine ISD,B,88,537,https://txschools.net/campus/kujawa-elem-101902130
5122,7185,207,031912112,La Encantada Elem,San Benito CISD,A,88,492,https://txschools.net/campus/la-encantada-elem-031912112
5122,7185,207,075902041,La Grange MS,La Grange ISD,A,88,293,https://txschools.net/campus/la-grange-ms-075902041
5122,7185,207,057916107,Lake Highlands Elem,Richardson ISD,A,88,690,https://txschools.net/campus/lake-highlands-elem-057916107
5122,7185,207,220910001,Lake Worth HS,Lake Worth ISD,B,88,891,https://txschools.net/campus/lake-worth-hs-220910001
5122,7185,207,061911106,Lakeview Elem,Northwest ISD,A,88,456,https://txschools.net/campus/lakeview-elem-061911106
5122,7185,207,220916118,Lakewood Elem,Hurst-Euless-Bedford ISD,B,88,560,https://txschools.net/campus/lakewood-elem-220916118
5122,7185,207,101912008,Lamar HS,Houston ISD,B,88,2780,https://txschools.net/campus/lamar-hs-101912008
5122,7185,207,205903043,Leon Taylor MS,Ingleside ISD,B,88,475,https://txschools.net/campus/leon-taylor-ms-205903043
5122,7185,207,220907120,Liberty Elem,Keller ISD,A,88,367,https://txschools.net/campus/liberty-elem-220907120
5122,7185,207,084910117,Lloyd R Ferguson Elem,Clear Creek ISD,A,88,639,https://txschools.net/campus/lloyd-r-ferguson-elem-084910117
5122,7185,207,043901118,Lois Lindsey Elem,Allen ISD,A,88,780,https://txschools.net/campus/lois-lindsey-elem-043901118
5122,7185,207,101912010,Madison HS,Houston ISD,A,88,1429,https://txschools.net/campus/madison-hs-101912010
5122,7185,207,101902145,Marcella Elem,Aldine ISD,B,88,625,https://txschools.net/campus/marcella-elem-101902145
5122,7185,207,101912480,Marshall Elem,Houston ISD,B,88,405,https://txschools.net/campus/marshall-elem-101912480
5122,7185,207,126903103,Marti Elem,Cleburne ISD,B,88,444,https://txschools.net/campus/marti-elem-126903103
5122,7185,207,057905274,Mary McLeod Bethune Elem,Dallas ISD,A,88,562,https://txschools.net/campus/mary-mcleod-bethune-elem-057905274
5122,7185,207,157901041,Mason JH,Mason ISD,A,88,213,https://txschools.net/campus/mason-jh-157901041
5122,7185,207,220905124,Maude I Logan Elem,Fort Worth ISD,B,88,448,https://txschools.net/campus/maude-i-logan-elem-220905124
5122,7185,207,101917122,McMasters Elem,Pasadena ISD,B,88,328,https://txschools.net/campus/mcmasters-elem-101917122
5122,7185,207,061911042,Medlin MS,Northwest ISD,A,88,1133,https://txschools.net/campus/medlin-ms-061911042
5122,7185,207,020901108,Melba Passmore Elem,Alvin ISD,B,88,578,https://txschools.net/campus/melba-passmore-elem-020901108
5122,7185,207,101912204,Memorial Elem,Houston ISD,A,88,465,https://txschools.net/campus/memorial-elem-101912204
5122,7185,207,046902111,Mh Specht Elem,Comal ISD,A,88,678,https://txschools.net/campus/mh-specht-elem-046902111
5122,7185,207,101919107,Mildred Jenkins Elem,Spring ISD,B,88,624,https://txschools.net/campus/mildred-jenkins-elem-101919107
5122,7185,207,057922105,Mockingbird Elem,Coppell ISD,A,88,435,https://txschools.net/campus/mockingbird-elem-057922105
5122,7185,207,101917129,Moore Elem,Pasadena ISD,B,88,331,https://txschools.net/campus/moore-elem-101917129
5122,7185,207,227901052,Murchison MS,Austin ISD,A,88,1254,https://txschools.net/campus/murchison-ms-227901052
5122,7185,207,043910054,Murphy MS,Plano ISD,A,88,997,https://txschools.net/campus/murphy-ms-043910054
5122,7185,207,015915160,Myers Elem,Northside ISD,B,88,438,https://txschools.net/campus/myers-elem-015915160
5122,7185,207,245903041,Myra Green MS,Raymondville ISD,A,88,396,https://txschools.net/campus/myra-green-ms-245903041
5122,7185,207,220908126,Nancy Neal Elem,Mansfield ISD,A,88,438,https://txschools.net/campus/nancy-neal-elem-220908126
5122,7185,207,220905151,Natha Howell Elem,Fort Worth ISD,B,88,306,https://txschools.net/campus/natha-howell-elem-220905151
5122,7185,207,094903041,Navarro JH,Navarro ISD,B,88,701,https://txschools.net/campus/navarro-jh-094903041
5122,7185,207,153905102,New Home Elem,New Home ISD,B,88,342,https://txschools.net/campus/new-home-elem-153905102
5122,7185,207,101915112,Nitsch Elem,Klein ISD,A,88,619,https://txschools.net/campus/nitsch-elem-101915112
5122,7185,207,220919107,Old Union Elem,Carroll ISD,A,88,455,https://txschools.net/campus/old-union-elem-220919107
5122,7185,207,101912338,Ortiz MS,Houston ISD,A,88,650,https://txschools.net/campus/ortiz-ms-101912338
5122,7185,207,053001001,Ozona HS,Crockett County Consolidated CSD,B,88,211,https://txschools.net/campus/ozona-hs-053001001
5122,7185,207,031901122,Palm Grove Elem,Brownsville ISD,B,88,292,https://txschools.net/campus/palm-grove-elem-031901122
5122,7185,207,182906101,Palo Pinto Elem,Palo Pinto ISD,A,88,92,https://txschools.net/campus/palo-pinto-elem-182906101
5122,7185,207,139909002,Paris HS,Paris ISD,B,88,932,https://txschools.net/campus/paris-hs-139909002
5122,7185,207,220907109,Park Glen Elem,Keller ISD,A,88,483,https://txschools.net/campus/park-glen-elem-220907109
5122,7185,207,091903002,Pathways HS,Denison ISD,A,88,60,https://txschools.net/campus/pathways-hs-091903002
5122,7185,207,094901108,Patlan Elem,Seguin ISD,B,88,448,https://txschools.net/campus/patlan-elem-094901108
5122,7185,207,251902001,Plains HS,Plains ISD,B,88,118,https://txschools.net/campus/plains-hs-251902001
5122,7185,207,019912041,Pleasant Grove MS,Pleasant Grove ISD,A,88,552,https://txschools.net/campus/pleasant-grove-ms-019912041
5122,7185,207,247904041,Poth JH,Poth ISD,A,88,239,https://txschools.net/campus/poth-jh-247904041
5122,7185,207,091913041,Pottsboro MS,Pottsboro ISD,B,88,454,https://txschools.net/campus/pottsboro-ms-091913041
5122,7185,207,061914109,Prestwick Elem,Little Elm ISD,A,88,430,https://txschools.net/campus/prestwick-elem-061914109
5122,7185,207,043905131,Purefoy Elem,Frisco ISD,A,88,615,https://txschools.net/campus/purefoy-elem-043905131
5122,7185,207,246909133,Redbud Elem,Round Rock ISD,B,88,587,https://txschools.net/campus/redbud-elem-246909133
5122,7185,207,019906041,Redwater JH,Redwater ISD,B,88,182,https://txschools.net/campus/redwater-jh-019906041
5122,7185,207,057916045,Richardson North JH,Richardson ISD,A,88,537,https://txschools.net/campus/richardson-north-jh-057916045
5122,7185,207,057916112,Richardson Terrace Elem,Richardson ISD,A,88,462,https://txschools.net/campus/richardson-terrace-elem-057916112
5122,7185,207,071905044,Riverside MS,Ysleta ISD,B,88,647,https://txschools.net/campus/riverside-ms-071905044
5122,7185,207,071905141,Robbin E L Washington International Elem,Ysleta ISD,B,88,368,https://txschools.net/campus/robbin-e-l-washington-international-elem-071905141
5122,7185,207,057909145,Robert B Sewell Elem,Garland ISD,B,88,706,https://txschools.net/campus/robert-b-sewell-elem-057909145
5122,7185,207,101907140,Robison Elem,Cypress-Fairbanks ISD,A,88,1086,https://txschools.net/campus/robison-elem-101907140
5122,7185,207,020901042,Rodeo Palms JH,Alvin ISD,B,88,894,https://txschools.net/campus/rodeo-palms-jh-020901042
5122,7185,207,068901119,Ross Elem,Ector County ISD,B,88,494,https://txschools.net/campus/ross-elem-068901119
5122,7185,207,101907059,Rowe MS,Cypress-Fairbanks ISD,B,88,1508,https://txschools.net/campus/rowe-ms-101907059
5122,7185,207,071909042,Salvador Sanchez MS,Socorro ISD,A,88,530,https://txschools.net/campus/salvador-sanchez-ms-071909042
5122,7185,207,245904041,San Perlita MS,San Perlita ISD,B,88,34,https://txschools.net/campus/san-perlita-ms-245904041
5122,7185,207,137904101,Santa Gertrudis School,Santa Gertrudis ISD,A,88,427,https://txschools.net/campus/santa-gertrudis-school-137904101
5122,7185,207,129910041,Scurry-Rosser MS,Scurry-Rosser ISD,B,88,389,https://txschools.net/campus/scurry-rosser-ms-129910041
5122,7185,207,029901107,Seadrift School,Calhoun County ISD,B,88,195,https://txschools.net/campus/seadrift-school-029901107
5122,7185,207,061902058,Shadow Ridge MS,Lewisville ISD,A,88,645,https://txschools.net/campus/shadow-ridge-ms-061902058
5122,7185,207,152909041,Shallowater MS,Shallowater ISD,A,88,407,https://txschools.net/campus/shallowater-ms-152909041
5122,7185,207,070912115,Simpson Elem,Waxahachie ISD,B,88,568,https://txschools.net/campus/simpson-elem-070912115
5122,7185,207,188901128,South Lawn Elem,Amarillo ISD,B,88,323,https://txschools.net/campus/south-lawn-elem-188901128
5122,7185,207,220905014,Southwest HS,Fort Worth ISD,B,88,1058,https://txschools.net/campus/southwest-hs-220905014
5122,7185,207,057909138,Spring Creek Elem,Garland ISD,B,88,699,https://txschools.net/campus/spring-creek-elem-057909138
5122,7185,207,092907042,Spring Hill JH,Spring Hill ISD,A,88,445,https://txschools.net/campus/spring-hill-jh-092907042
5122,7185,207,057909154,Steadham Elem,Garland ISD,B,88,497,https://txschools.net/campus/steadham-elem-057909154
5122,7185,207,247906001,Stockdale HS,Stockdale ISD,A,88,266,https://txschools.net/campus/stockdale-hs-247906001
5122,7185,207,101913014,Summer Creek HS,Humble ISD,B,88,4114,https://txschools.net/campus/summer-creek-hs-101913014
5122,7185,207,191901104,Sundown Lane Elem,Canyon ISD,A,88,343,https://txschools.net/campus/sundown-lane-elem-191901104
5122,7185,207,171902041,Sunray MS,Sunray Collegiate ISD,B,88,117,https://txschools.net/campus/sunray-ms-171902041
5122,7185,207,101912068,Tanglewood MS,Houston ISD,B,88,817,https://txschools.net/campus/tanglewood-ms-101912068
5122,7185,207,061907041,Terrie McNabb MS,Aubrey ISD,B,88,483,https://txschools.net/campus/terrie-mcnabb-ms-061907041
5122,7185,207,071902178,Tom Lea Jr Elem,El Paso ISD,B,88,831,https://txschools.net/campus/tom-lea-jr-elem-071902178
5122,7185,207,101921105,Tomball Int,Tomball ISD,A,88,633,https://txschools.net/campus/tomball-int-101921105
5122,7185,207,057922108,Town Center Elem,Coppell ISD,A,88,452,https://txschools.net/campus/town-center-elem-057922108
5122,7185,207,220916111,Trinity Lakes Elem,Hurst-Euless-Bedford ISD,B,88,621,https://txschools.net/campus/trinity-lakes-elem-220916111
5122,7185,207,101912251,Twain Elem,Houston ISD,A,88,860,https://txschools.net/campus/twain-elem-101912251
5122,7185,207,246913005,Vandegrift HS,Leander ISD,A,88,2338,https://txschools.net/campus/vandegrift-hs-246913005
5122,7185,207,057905049,W E Greiner Exploratory Arts Academy,Dallas ISD,A,88,1206,https://txschools.net/campus/w-e-greiner-exploratory-arts-academy-057905049
5122,7185,207,043901042,W E Pete Ford MS,Allen ISD,A,88,713,https://txschools.net/campus/w-e-pete-ford-ms-043901042
5122,7185,207,019907113,Wake Village Elem,Texarkana ISD,B,88,538,https://txschools.net/campus/wake-village-elem-019907113
5122,7185,207,046901107,Walnut Springs Elem,New Braunfels ISD,B,88,353,https://txschools.net/campus/walnut-springs-elem-046901107
5122,7185,207,045905102,Weimar Elem,Weimar ISD,B,88,298,https://txschools.net/campus/weimar-elem-045905102
5122,7185,207,061902130,Wellington Elem,Lewisville ISD,A,88,716,https://txschools.net/campus/wellington-elem-061902130
5122,7185,207,101912099,West Briar MS,Houston ISD,B,88,844,https://txschools.net/campus/west-briar-ms-101912099
5122,7185,207,008901105,West End Elem,Bellville ISD,A,88,147,https://txschools.net/campus/west-end-elem-008901105
5122,7185,207,101912036,Westside HS,Houston ISD,A,88,2477,https://txschools.net/campus/westside-hs-101912036
5122,7185,207,242903001,Wheeler School,Wheeler ISD,B,88,341,https://txschools.net/campus/wheeler-school-242903001
5122,7185,207,014906120,Willow Springs Elem,Killeen ISD,B,88,592,https://txschools.net/campus/willow-springs-elem-014906120
5122,7185,207,005904101,Windthorst Elem,Windthorst ISD,A,88,234,https://txschools.net/campus/windthorst-elem-005904101
5122,7185,207,015916043,Woodlake Hills MS,Judson ISD,B,88,277,https://txschools.net/campus/woodlake-hills-ms-015916043
5122,7185,207,221912001,Wylie HS,Wylie ISD,B,88,1578,https://txschools.net/campus/wylie-hs-221912001
5122,7185,207,221912041,Wylie West JH,Wylie ISD,A,88,1032,https://txschools.net/campus/wylie-west-jh-221912041
5122,7185,207,249905104,Young Elem,Decatur ISD,B,88,447,https://txschools.net/campus/young-elem-249905104
5122,7185,207,071905046,Ysleta MS,Ysleta ISD,B,88,622,https://txschools.net/campus/ysleta-ms-071905046
5122,7185,207,057905100,Zan Wesley Holmes Jr MS,Dallas ISD,B,88,505,https://txschools.net/campus/zan-wesley-holmes-jr-ms-057905100
5330,7185,124,220917101,A V Cato Elem,Castleberry ISD,B,89,605,https://txschools.net/campus/a-v-cato-elem-220917101
5330,7185,124,020901101,Alvin Elem,Alvin ISD,B,89,581,https://txschools.net/campus/alvin-elem-020901101
5330,7185,124,101912105,Anderson Elem,Houston ISD,B,89,567,https://txschools.net/campus/anderson-elem-101912105
5330,7185,124,084910125,Arlyne & Alan Weber Elem,Clear Creek ISD,A,89,701,https://txschools.net/campus/arlyne-alan-weber-elem-084910125
5330,7185,124,161918001,Axtell HS,Axtell ISD,A,89,238,https://txschools.net/campus/axtell-hs-161918001
5330,7185,124,057905180,B H Macon Elem,Dallas ISD,B,89,504,https://txschools.net/campus/b-h-macon-elem-057905180
5330,7185,124,220916116,Bell Manor Elem,Hurst-Euless-Bedford ISD,A,89,578,https://txschools.net/campus/bell-manor-elem-220916116
5330,7185,124,220905103,Benbrook Elem,Fort Worth ISD,B,89,378,https://txschools.net/campus/benbrook-elem-220905103
5330,7185,124,066902041,Bernarda Jaime JH,San Diego ISD,B,89,332,https://txschools.net/campus/bernarda-jaime-jh-066902041
5330,7185,124,071909122,Bill Sybert School,Socorro ISD,B,89,732,https://txschools.net/campus/bill-sybert-school-071909122
5330,7185,124,101915127,Blackshear Elem,Klein ISD,A,89,664,https://txschools.net/campus/blackshear-elem-101915127
5330,7185,124,061901122,Blanton Elem,Denton ISD,A,89,439,https://txschools.net/campus/blanton-elem-061901122
5330,7185,124,175902001,Blooming Grove HS,Blooming Grove ISD,B,89,294,https://txschools.net/campus/blooming-grove-hs-175902001
5330,7185,124,240903128,Bonnie L Garcia Elem,United ISD,B,89,637,https://txschools.net/campus/bonnie-l-garcia-elem-240903128
5330,7185,124,057916128,Brentfield Elem,Richardson ISD,A,89,816,https://txschools.net/campus/brentfield-elem-057916128
5330,7185,124,220908043,Brooks Wester MS,Mansfield ISD,A,89,980,https://txschools.net/campus/brooks-wester-ms-220908043
5330,7185,124,084910118,Brookwood Elem,Clear Creek ISD,A,89,783,https://txschools.net/campus/brookwood-elem-084910118
5330,7185,124,212902101,Bullard Elem,Bullard ISD,A,89,434,https://txschools.net/campus/bullard-elem-212902101
5330,7185,124,126902001,Burleson HS,Burleson ISD,B,89,1741,https://txschools.net/campus/burleson-hs-126902001
5330,7185,124,043907113,C T Eddins Elem,McKinney ISD,A,89,382,https://txschools.net/campus/c-t-eddins-elem-043907113
5330,7185,124,234902041,Canton JH,Canton ISD,A,89,551,https://txschools.net/campus/canton-jh-234902041
5330,7185,124,101921111,Canyon Pointe Elem,Tomball ISD,A,89,828,https://txschools.net/campus/canyon-pointe-elem-101921111
5330,7185,124,220907125,Caprock Elem,Keller ISD,A,89,594,https://txschools.net/campus/caprock-elem-220907125
5330,7185,124,108908102,Castro Elem,Mission CISD,B,89,280,https://txschools.net/campus/castro-elem-108908102
5330,7185,124,225906001,Chapel Hill HS,Chapel Hill ISD,A,89,283,https://txschools.net/campus/chapel-hill-hs-225906001
5330,7185,124,220905127,Christene C Moss Elem,Fort Worth ISD,B,89,415,https://txschools.net/campus/christene-c-moss-elem-220905127
5330,7185,124,043912111,Chuck and Cindy Stuber Elem,Prosper ISD,A,89,946,https://txschools.net/campus/chuck-and-cindy-stuber-elem-043912111
5330,7185,124,079907117,Colony Bend Elem,Fort Bend ISD,A,89,465,https://txschools.net/campus/colony-bend-elem-079907117
5330,7185,124,043918001,Community HS,Community ISD,B,89,1482,https://txschools.net/campus/community-hs-043918001
5330,7185,124,101907130,Copeland Elem,Cypress-Fairbanks ISD,A,89,936,https://txschools.net/campus/copeland-elem-101907130
5330,7185,124,152901020,Coronado HS,Lubbock ISD,B,89,1732,https://txschools.net/campus/coronado-hs-152901020
5330,7185,124,078901001,Crowell School,Crowell ISD,B,89,172,https://txschools.net/campus/crowell-school-078901001
5330,7185,124,084910127,Darwin L Gilmore Elem,Clear Creek ISD,A,89,679,https://txschools.net/campus/darwin-l-gilmore-elem-084910127
5330,7185,124,188901105,Eastridge Elem,Amarillo ISD,B,89,510,https://txschools.net/campus/eastridge-elem-188901105
5330,7185,124,101920103,Edgewood Elem,Spring Branch ISD,B,89,476,https://txschools.net/campus/edgewood-elem-101920103
5330,7185,124,102906001,Elysian Fields HS,Elysian Fields ISD,B,89,207,https://txschools.net/campus/elysian-fields-hs-102906001
5330,7185,124,070903002,Ennis HS,Ennis ISD,B,89,1821,https://txschools.net/campus/ennis-hs-070903002
5330,7185,124,253901107,Fidel and andrea R Villarreal Elem,Zapata County ISD,B,89,447,https://txschools.net/campus/fidel-and-andrea-r-villarreal-elem-253901107
5330,7185,124,178914101,Flour Bluff Elem,Flour Bluff ISD,B,89,748,https://txschools.net/campus/flour-bluff-elem-178914101
5330,7185,124,240903123,Franklin D Roosevelt Elem,United ISD,B,89,623,https://txschools.net/campus/franklin-d-roosevelt-elem-240903123
5330,7185,124,101912157,Garden Oaks Montessori,Houston ISD,A,89,747,https://txschools.net/campus/garden-oaks-montessori-101912157
5330,7185,124,057905190,George Peabody Elem,Dallas ISD,B,89,310,https://txschools.net/campus/george-peabody-elem-057905190
5330,7185,124,170902119,Giesinger Elem,Conroe ISD,B,89,654,https://txschools.net/campus/giesinger-elem-170902119
5330,7185,124,182901001,Gordon School,Gordon ISD,A,89,240,https://txschools.net/campus/gordon-school-182901001
5330,7185,124,220906001,Grapevine HS,Grapevine-Colleyville ISD,A,89,1628,https://txschools.net/campus/grapevine-hs-220906001
5330,7185,124,071902044,Guillen MS,El Paso ISD,B,89,417,https://txschools.net/campus/guillen-ms-071902044
5330,7185,124,043911104,Harper Elem,Princeton ISD,B,89,764,https://txschools.net/campus/harper-elem-043911104
5330,7185,124,104901041,Haskell JH,Haskell CISD,A,89,111,https://txschools.net/campus/haskell-jh-104901041
5330,7185,124,059901043,Hereford Preparatory Academy,Hereford ISD,A,89,266,https://txschools.net/campus/hereford-preparatory-academy-059901043
5330,7185,124,191901115,Heritage Hills Elem,Canyon ISD,A,89,474,https://txschools.net/campus/heritage-hills-elem-191901115
5330,7185,124,079907123,Highlands Elem,Fort Bend ISD,A,89,493,https://txschools.net/campus/highlands-elem-079907123
5330,7185,124,015907136,Hillcrest Elem,San Antonio ISD,B,89,392,https://txschools.net/campus/hillcrest-elem-015907136
5330,7185,124,084910120,I W and Eleanor Hyde Elem,Clear Creek ISD,A,89,599,https://txschools.net/campus/i-w-and-eleanor-hyde-elem-084910120
5330,7185,124,057912006,Jack E Singley Academy,Irving ISD,A,89,1688,https://txschools.net/campus/jack-e-singley-academy-057912006
5330,7185,124,101910113,James B Havard Elem,Galena Park ISD,A,89,646,https://txschools.net/campus/james-b-havard-elem-101910113
5330,7185,124,071909116,Jane A Hambric School,Socorro ISD,B,89,705,https://txschools.net/campus/jane-a-hambric-school-071909116
5330,7185,124,084901043,John and Shamarion Barber MS,Dickinson ISD,B,89,569,https://txschools.net/campus/john-and-shamarion-barber-ms-084901043
5330,7185,124,079901139,John Arredondo Elem,Lamar CISD,B,89,719,https://txschools.net/campus/john-arredondo-elem-079901139
5330,7185,124,126902109,Judy Hajek Elem,Burleson ISD,B,89,618,https://txschools.net/campus/judy-hajek-elem-126902109
5330,7185,124,101912007,Kashmere HS,Houston ISD,B,89,601,https://txschools.net/campus/kashmere-hs-101912007
5330,7185,124,170903107,Keenan Elem,Montgomery ISD,A,89,663,https://txschools.net/campus/keenan-elem-170903107
5330,7185,124,220907001,Keller HS,Keller ISD,A,89,2856,https://txschools.net/campus/keller-hs-220907001
5330,7185,124,220907041,Keller MS,Keller ISD,A,89,907,https://txschools.net/campus/keller-ms-220907041
5330,7185,124,061912001,Lake Dallas HS,Lake Dallas ISD,A,89,1227,https://txschools.net/campus/lake-dallas-hs-061912001
5330,7185,124,101921103,Lakewood Elem,Tomball ISD,A,89,721,https://txschools.net/campus/lakewood-elem-101921103
5330,7185,124,046901105,Lamar Elem,New Braunfels ISD,A,89,515,https://txschools.net/campus/lamar-elem-046901105
5330,7185,124,071902125,Lamar Elem,El Paso ISD,B,89,213,https://txschools.net/campus/lamar-elem-071902125
5330,7185,124,141901001,Lampasas HS,Lampasas ISD,A,89,1133,https://txschools.net/campus/lampasas-hs-141901001
5330,7185,124,057905158,Lida Hooe Elem,Dallas ISD,B,89,292,https://txschools.net/campus/lida-hooe-elem-057905158
5330,7185,124,140904041,Littlefield JH,Littlefield ISD,B,89,257,https://txschools.net/campus/littlefield-jh-140904041
5330,7185,124,150901101,Llano Elem,Llano ISD,A,89,412,https://txschools.net/campus/llano-elem-150901101
5330,7185,124,241906001,Louise HS,Louise ISD,B,89,143,https://txschools.net/campus/louise-hs-241906001
5330,7185,124,129905001,Mabank HS,Mabank ISD,A,89,1169,https://txschools.net/campus/mabank-hs-129905001
5330,7185,124,170906002,Magnolia West HS,Magnolia ISD,A,89,2271,https://txschools.net/campus/magnolia-west-hs-170906002
5330,7185,124,079907156,Malala Yousafzai,Fort Bend ISD,A,89,1079,https://txschools.net/campus/malala-yousafzai-079907156
5330,7185,124,094904001,Marion HS,Marion ISD,A,89,516,https://txschools.net/campus/marion-hs-094904001
5330,7185,124,227901005,Mccallum HS,Austin ISD,A,89,1952,https://txschools.net/campus/mccallum-hs-227901005
5330,7185,124,043905012,Memorial HS,Frisco ISD,B,89,1518,https://txschools.net/campus/memorial-hs-043905012
5330,7185,124,108906002,Memorial HS,McAllen ISD,A,89,2022,https://txschools.net/campus/memorial-hs-108906002
5330,7185,124,096904001,Memphis HS,Memphis ISD,B,89,110,https://txschools.net/campus/memphis-hs-096904001
5330,7185,124,108906111,Milam Elem,McAllen ISD,A,89,835,https://txschools.net/campus/milam-elem-108906111
5330,7185,124,243905121,Milam Elem,Wichita Falls ISD,B,89,395,https://txschools.net/campus/milam-elem-243905121
5330,7185,124,200902101,Miles Elem,Miles ISD,A,89,281,https://txschools.net/campus/miles-elem-200902101
5330,7185,124,071909130,Mission Ridge,Socorro ISD,B,89,1044,https://txschools.net/campus/mission-ridge-071909130
5330,7185,124,235902117,Mission Valley Elem,Victoria ISD,A,89,259,https://txschools.net/campus/mission-valley-elem-235902117
5330,7185,124,170903042,Montgomery JH,Montgomery ISD,B,89,1056,https://txschools.net/campus/montgomery-jh-170903042
5330,7185,124,246909122,Old Town Elem,Round Rock ISD,A,89,556,https://txschools.net/campus/old-town-elem-246909122
5330,7185,124,031906108,Olmito Elem,Los Fresnos CISD,A,89,512,https://txschools.net/campus/olmito-elem-031906108
5330,7185,124,220905010,Paschal HS,Fort Worth ISD,B,89,2065,https://txschools.net/campus/paschal-hs-220905010
5330,7185,124,032902041,Pittsburg JH,Pittsburg ISD,A,89,317,https://txschools.net/campus/pittsburg-jh-032902041
5330,7185,124,031901002,Porter Early College HS,Brownsville ISD,B,89,1434,https://txschools.net/campus/porter-early-college-hs-031901002
5330,7185,124,108910104,Progreso Elem,Progreso ISD,B,89,269,https://txschools.net/campus/progreso-elem-108910104
5330,7185,124,020902108,Rancho Isabella Elem,Angleton ISD,B,89,300,https://txschools.net/campus/rancho-isabella-elem-020902108
5330,7185,124,070911001,Red Oak HS,Red Oak ISD,B,89,2273,https://txschools.net/campus/red-oak-hs-070911001
5330,7185,124,043905047,Roach MS,Frisco ISD,A,89,870,https://txschools.net/campus/roach-ms-043905047
5330,7185,124,161922041,Robinson JH,Robinson ISD,B,89,375,https://txschools.net/campus/robinson-jh-161922041
5330,7185,124,235902125,Rodolfo Torres Elem,Victoria ISD,B,89,374,https://txschools.net/campus/rodolfo-torres-elem-235902125
5330,7185,124,220908041,Rogene Worley MS,Mansfield ISD,B,89,613,https://txschools.net/campus/rogene-worley-ms-220908041
5330,7185,124,014907102,Rogers Elem,Rogers ISD,B,89,384,https://txschools.net/campus/rogers-elem-014907102
5330,7185,124,246913004,Rouse HS,Leander ISD,A,89,2370,https://txschools.net/campus/rouse-hs-246913004
5330,7185,124,021902112,Sam Houston Elem,Bryan ISD,A,89,480,https://txschools.net/campus/sam-houston-elem-021902112
5330,7185,124,084910042,Seabrook Int,Clear Creek ISD,B,89,876,https://txschools.net/campus/seabrook-int-084910042
5330,7185,124,101912373,Seguin Elem,Houston ISD,B,89,372,https://txschools.net/campus/seguin-elem-101912373
5330,7185,124,210903002,Shelbyville School,Shelbyville ISD,B,89,862,https://txschools.net/campus/shelbyville-school-210903002
5330,7185,124,043905111,Spears Elem,Frisco ISD,A,89,653,https://txschools.net/campus/spears-elem-043905111
5330,7185,124,079910001,Stafford HS,Stafford MSD,A,89,1088,https://txschools.net/campus/stafford-hs-079910001
5330,7185,124,079901114,Stephen F Austin Elem,Lamar CISD,A,89,442,https://txschools.net/campus/stephen-f-austin-elem-079901114
5330,7185,124,031901054,Stillman MS,Brownsville ISD,A,89,921,https://txschools.net/campus/stillman-ms-031901054
5330,7185,124,101914055,Stockdick JH,Katy ISD,B,89,1093,https://txschools.net/campus/stockdick-jh-101914055
5330,7185,124,086901103,Stonewall Elem,Fredericksburg ISD,A,89,96,https://txschools.net/campus/stonewall-elem-086901103
5330,7185,124,101917049,Thompson Int,Pasadena ISD,B,89,849,https://txschools.net/campus/thompson-int-101917049
5330,7185,124,212905049,Three Lakes MS,Tyler ISD,B,89,1017,https://txschools.net/campus/three-lakes-ms-212905049
5330,7185,124,212905001,Tyler Legacy HS,Tyler ISD,B,89,2792,https://txschools.net/campus/tyler-legacy-hs-212905001
5330,7185,124,108916042,Valley View JH,Valley View ISD,A,89,510,https://txschools.net/campus/valley-view-jh-108916042
5330,7185,124,130901106,Van Raub Elem,Boerne ISD,A,89,760,https://txschools.net/campus/van-raub-elem-130901106
5330,7185,124,061911110,W R Hatfield Elem,Northwest ISD,B,89,731,https://txschools.net/campus/w-r-hatfield-elem-061911110
5330,7185,124,044902041,Wellington JH,Wellington ISD,A,89,119,https://txschools.net/campus/wellington-jh-044902041
5330,7185,124,220902111,West Birdville Elem,Birdville ISD,B,89,598,https://txschools.net/campus/west-birdville-elem-220902111
5330,7185,124,161916042,West MS,West ISD,A,89,297,https://txschools.net/campus/west-ms-161916042
5330,7185,124,091910041,Whitewright MS,Whitewright ISD,A,89,185,https://txschools.net/campus/whitewright-ms-091910041
5330,7185,124,170902045,Wilkerson Int,Conroe ISD,B,89,675,https://txschools.net/campus/wilkerson-int-170902045
5330,7185,124,246913117,William J Winkley Elem,Leander ISD,B,89,678,https://txschools.net/campus/william-j-winkley-elem-246913117
5330,7185,124,084911104,Windsong Elem,Friendswood ISD,A,89,604,https://txschools.net/campus/windsong-elem-084911104
5330,7185,124,188901135,Wolflin Elem,Amarillo ISD,B,89,356,https://txschools.net/campus/wolflin-elem-188901135
5330,7185,124,062904102,Yorktown Elem,Yorktown ISD,A,89,249,https://txschools.net/campus/yorktown-elem-062904102
5455,7185,280,077901101,A B Duncan Collegiate Elem,Floydada Collegiate ISD,A,90,289,https://txschools.net/campus/a-b-duncan-collegiate-elem-077901101
5455,7185,280,057909143,Abbett Elem,Garland ISD,A,90,621,https://txschools.net/campus/abbett-elem-057909143
5455,7185,280,221901001,Abilene HS,Abilene ISD,B,90,1796,https://txschools.net/campus/abilene-hs-221901001
5455,7185,280,108913110,Airport Elem,Weslaco ISD,B,90,726,https://txschools.net/campus/airport-elem-108913110
5455,7185,280,212905010,Alvin V Anderson Rise Academy,Tyler ISD,A,90,77,https://txschools.net/campus/alvin-v-anderson-rise-academy-212905010
5455,7185,280,108909118,Amanda Garza-Pena Elem,Pharr-San Juan-Alamo ISD,A,90,535,https://txschools.net/campus/amanda-garza-pena-elem-108909118
5455,7185,280,002901001,Andrews HS,Andrews ISD,A,90,1175,https://txschools.net/campus/andrews-hs-002901001
5455,7185,280,046902110,Arlon R Seay Elem,Comal ISD,A,90,610,https://txschools.net/campus/arlon-r-seay-elem-046902110
5455,7185,280,108909120,Arnoldo Cantu Sr Elem,Pharr-San Juan-Alamo ISD,B,90,570,https://txschools.net/campus/arnoldo-cantu-sr-elem-108909120
5455,7185,280,015915178,Aue Elem,Northside ISD,A,90,497,https://txschools.net/campus/aue-elem-015915178
5455,7185,280,057909123,B H Freeman at Golden Meadows Elem,Garland ISD,A,90,579,https://txschools.net/campus/b-h-freeman-at-golden-meadows-elem-057909123
5455,7185,280,106901101,Baker Elem,Canadian ISD,A,90,133,https://txschools.net/campus/baker-elem-106901101
5455,7185,280,178904041,Baker MS,Corpus Christi ISD,A,90,857,https://txschools.net/campus/baker-ms-178904041
5455,7185,280,220901158,Beckham Elem,Arlington ISD,A,90,356,https://txschools.net/campus/beckham-elem-220901158
5455,7185,280,101919112,Beneke Elem,Spring ISD,B,90,560,https://txschools.net/campus/beneke-elem-101919112
5455,7185,280,101915129,Bernshausen Elem,Klein ISD,A,90,642,https://txschools.net/campus/bernshausen-elem-101915129
5455,7185,280,108904104,Betts Elem,Edinburg CISD,B,90,520,https://txschools.net/campus/betts-elem-108904104
5455,7185,280,057903131,Blair Elem,Carrollton-Farmers Branch ISD,A,90,623,https://txschools.net/campus/blair-elem-057903131
5455,7185,280,034909001,Bloomburg School,Bloomburg ISD,B,90,202,https://txschools.net/campus/bloomburg-school-034909001
5455,7185,280,109913001,Blum ISD,Blum ISD,A,90,335,https://txschools.net/campus/blum-isd-109913001
5455,7185,280,130901042,Boerne MS South,Boerne ISD,A,90,977,https://txschools.net/campus/boerne-ms-south-130901042
5455,7185,280,101908043,Bonnette JH,Deer Park ISD,B,90,622,https://txschools.net/campus/bonnette-jh-101908043
5455,7185,280,031903104,Bowie Elem,Harlingen CISD,A,90,351,https://txschools.net/campus/bowie-elem-031903104
5455,7185,280,079901102,Bowie Elem,Lamar CISD,B,90,517,https://txschools.net/campus/bowie-elem-079901102
5455,7185,280,057909119,Bradfield Elem,Garland ISD,B,90,510,https://txschools.net/campus/bradfield-elem-057909119
5455,7185,280,015915023,Brandeis HS,Northside ISD,B,90,2579,https://txschools.net/campus/brandeis-hs-015915023
5455,7185,280,057912116,Brandenburg Elem,Irving ISD,B,90,892,https://txschools.net/campus/brandenburg-elem-057912116
5455,7185,280,020905002,Brazoswood HS,Brazosport ISD,B,90,2410,https://txschools.net/campus/brazoswood-hs-020905002
5455,7185,280,215901001,Breckenridge HS,Breckenridge ISD,A,90,358,https://txschools.net/campus/breckenridge-hs-215901001
5455,7185,280,198901101,Bremond Elem,Bremond ISD,A,90,211,https://txschools.net/campus/bremond-elem-198901101
5455,7185,280,101915109,Brill Elem,Klein ISD,A,90,679,https://txschools.net/campus/brill-elem-101915109
5455,7185,280,031901140,Brite Elem,Brownsville ISD,A,90,544,https://txschools.net/campus/brite-elem-031901140
5455,7185,280,101912119,Brookline Elem,Houston ISD,A,90,515,https://txschools.net/campus/brookline-elem-101912119
5455,7185,280,107902001,Brownsboro HS,Brownsboro ISD,B,90,776,https://txschools.net/campus/brownsboro-hs-107902001
5455,7185,280,119901001,Bryson School,Bryson ISD,B,90,262,https://txschools.net/campus/bryson-school-119901001
5455,7185,280,071902004,Burges HS,El Paso ISD,A,90,1337,https://txschools.net/campus/burges-hs-071902004
5455,7185,280,015915166,Burke Elem,Northside ISD,B,90,516,https://txschools.net/campus/burke-elem-015915166
5455,7185,280,220905107,Burton Hill Elem,Fort Worth ISD,A,90,356,https://txschools.net/campus/burton-hill-elem-220905107
5455,7185,280,239903001,Burton HS,Burton ISD,A,90,256,https://txschools.net/campus/burton-hs-239903001
5455,7185,280,212905110,Caldwell Arts Academy,Tyler ISD,A,90,627,https://txschools.net/campus/caldwell-arts-academy-212905110
5455,7185,280,043901114,Carlena Chandler Elem,Allen ISD,B,90,685,https://txschools.net/campus/carlena-chandler-elem-043901114
5455,7185,280,227901173,Casey Elem,Austin ISD,B,90,558,https://txschools.net/campus/casey-elem-227901173
5455,7185,280,015912006,CAST STEM HS,Southwest ISD,A,90,233,https://txschools.net/campus/cast-stem-hs-015912006
5455,7185,280,246913002,Cedar Park HS,Leander ISD,A,90,2241,https://txschools.net/campus/cedar-park-hs-246913002
5455,7185,280,116902001,Celeste HS,Celeste ISD,A,90,143,https://txschools.net/campus/celeste-hs-116902001
5455,7185,280,057909129,Classical Center at Vial Elem,Garland ISD,A,90,591,https://txschools.net/campus/classical-center-at-vial-elem-057909129
5455,7185,280,084910001,Clear Creek HS,Clear Creek ISD,A,90,2338,https://txschools.net/campus/clear-creek-hs-084910001
5455,7185,280,028902101,Clear Fork Elem,Lockhart ISD,A,90,363,https://txschools.net/campus/clear-fork-elem-028902101
5455,7185,280,178904009,Coles HS and Educational Center,Corpus Christi ISD,A,90,115,https://txschools.net/campus/coles-hs-and-educational-center-178904009
5455,7185,280,220902014,Collegiate Academy of Birdville (ECHS),Birdville ISD,A,90,151,https://txschools.net/campus/collegiate-academy-of-birdville-echs-220902014
5455,7185,280,066902101,Collins-Parr Elem,San Diego ISD,B,90,650,https://txschools.net/campus/collins-parr-elem-066902101
5455,7185,280,045902001,Columbus HS,Columbus ISD,B,90,507,https://txschools.net/campus/columbus-hs-045902001
5455,7185,280,116903001,Commerce HS,Commerce ISD,B,90,441,https://txschools.net/campus/commerce-hs-116903001
5455,7185,280,220905021,Como Success Academy,Fort Worth ISD,A,90,428,https://txschools.net/campus/como-success-academy-220905021
5455,7185,280,015907024,Cooper Academy at Navarro,San Antonio ISD,A,90,365,https://txschools.net/campus/cooper-academy-at-navarro-015907024
5455,7185,280,057922043,Coppell MS West,Coppell ISD,A,90,1281,https://txschools.net/campus/coppell-ms-west-057922043
5455,7185,280,227904111,Copperfield Elem,Pflugerville ISD,B,90,494,https://txschools.net/campus/copperfield-elem-227904111
5455,7185,280,015916106,Crestview Elem,Judson ISD,A,90,532,https://txschools.net/campus/crestview-elem-015916106
5455,7185,280,030901001,Cross Plains HS,Cross Plains ISD,B,90,170,https://txschools.net/campus/cross-plains-hs-030901001
5455,7185,280,021901202,Cypress Grove Int,College Station ISD,B,90,529,https://txschools.net/campus/cypress-grove-int-021901202
5455,7185,280,057905023,David W Carter HS,Dallas ISD,A,90,909,https://txschools.net/campus/david-w-carter-hs-057905023
5455,7185,280,071905008,Del Valle HS,Ysleta ISD,A,90,1658,https://txschools.net/campus/del-valle-hs-071905008
5455,7185,280,163901001,Devine HS,Devine ISD,B,90,537,https://txschools.net/campus/devine-hs-163901001
5455,7185,280,074904001,Dodd City School,Dodd City ISD,A,90,319,https://txschools.net/campus/dodd-city-school-074904001
5455,7185,280,079901142,Don Carter Elem,Lamar CISD,A,90,778,https://txschools.net/campus/don-carter-elem-079901142
5455,7185,280,246913130,Donald Lewis Hisle,Leander ISD,A,90,575,https://txschools.net/campus/donald-lewis-hisle-246913130
5455,7185,280,031906110,Dora Romero Elem,Los Fresnos CISD,A,90,560,https://txschools.net/campus/dora-romero-elem-031906110
5455,7185,280,199901108,Dorothy Smith Pullen Elem,Rockwall ISD,A,90,534,https://txschools.net/campus/dorothy-smith-pullen-elem-199901108
5455,7185,280,057905318,Dr Elba and Domingo Garcia West Dallas STEM School,Dallas ISD,B,90,174,https://txschools.net/campus/dr-elba-and-domingo-garcia-west-dallas-stem-school-057905318
5455,7185,280,108904128,Dr Kay Teer Crawford Elem,Edinburg CISD,A,90,619,https://txschools.net/campus/dr-kay-teer-crawford-elem-108904128
5455,7185,280,057905012,Dr L G Pinkston Sr HS,Dallas ISD,A,90,1174,https://txschools.net/campus/dr-l-g-pinkston-sr-hs-057905012
5455,7185,280,108913109,Dr R E Margo Elem,Weslaco ISD,B,90,1117,https://txschools.net/campus/dr-r-e-margo-elem-108913109
5455,7185,280,079907001,Dulles HS,Fort Bend ISD,B,90,2128,https://txschools.net/campus/dulles-hs-079907001
5455,7185,280,159901001,Eagle Pass HS,Eagle Pass ISD,A,90,2249,https://txschools.net/campus/eagle-pass-hs-159901001
5455,7185,280,071905106,Eastwood Knolls International,Ysleta ISD,A,90,825,https://txschools.net/campus/eastwood-knolls-international-071905106
5455,7185,280,084910102,Ed H White Elem,Clear Creek ISD,A,90,630,https://txschools.net/campus/ed-h-white-elem-084910102
5455,7185,280,108909119,Edith & Ethel Carman Elem,Pharr-San Juan-Alamo ISD,B,90,729,https://txschools.net/campus/edith-ethel-carman-elem-108909119
5455,7185,280,079901047,Ella Banks JH,Lamar CISD,A,90,1544,https://txschools.net/campus/ella-banks-jh-079901047
5455,7185,280,101912259,Ella J Baker Montessori School,Houston ISD,B,90,642,https://txschools.net/campus/ella-j-baker-montessori-school-101912259
5455,7185,280,043905126,Elliott Elem,Frisco ISD,A,90,415,https://txschools.net/campus/elliott-elem-043905126
5455,7185,280,101915105,Epps Island Elem,Klein ISD,B,90,716,https://txschools.net/campus/epps-island-elem-101915105
5455,7185,280,049906001,Era School,Era ISD,A,90,517,https://txschools.net/campus/era-school-049906001
5455,7185,280,057909128,Ethridge Elem,Garland ISD,B,90,603,https://txschools.net/campus/ethridge-elem-057909128
5455,7185,280,220904003,Everman Academy HS,Everman ISD,B,90,56,https://txschools.net/campus/everman-academy-hs-220904003
5455,7185,280,057905056,Ewell D Walker MS,Dallas ISD,B,90,611,https://txschools.net/campus/ewell-d-walker-ms-057905056
5455,7185,280,143906101,Ezzell School,Ezzell ISD,B,90,124,https://txschools.net/campus/ezzell-school-143906101
5455,7185,280,043904041,Farmersville JH,Farmersville ISD,B,90,375,https://txschools.net/campus/farmersville-jh-043904041
5455,7185,280,246902041,Florence MS,Florence ISD,B,90,249,https://txschools.net/campus/florence-ms-246902041
5455,7185,280,077901001,Floydada Collegiate HS,Floydada Collegiate ISD,B,90,224,https://txschools.net/campus/floydada-collegiate-hs-077901001
5455,7185,280,101912047,Fonville MS,Houston ISD,A,90,555,https://txschools.net/campus/fonville-ms-101912047
5455,7185,280,186902102,Fort Stockton Alamo Elem,Fort Stockton ISD,B,90,271,https://txschools.net/campus/fort-stockton-alamo-elem-186902102
5455,7185,280,243905111,Fowler Elem,Wichita Falls ISD,A,90,532,https://txschools.net/campus/fowler-elem-243905111
5455,7185,280,015907126,Franklin Elem,San Antonio ISD,A,90,387,https://txschools.net/campus/franklin-elem-015907126
5455,7185,280,015915193,Franklin Elem,Northside ISD,B,90,609,https://txschools.net/campus/franklin-elem-015915193
5455,7185,280,101912156,Frost Elem,Houston ISD,B,90,402,https://txschools.net/campus/frost-elem-101912156
5455,7185,280,015914101,Ft Sam Houston Elem,Ft Sam Houston ISD,B,90,775,https://txschools.net/campus/ft-sam-houston-elem-015914101
5455,7185,280,079901010,Fulshear HS,Lamar CISD,A,90,3260,https://txschools.net/campus/fulshear-hs-079901010
5455,7185,280,227901064,Garcia YMLA,Austin ISD,B,90,243,https://txschools.net/campus/garcia-ymla-227901064
5455,7185,280,101912158,Garden Villas Elem,Houston ISD,A,90,321,https://txschools.net/campus/garden-villas-elem-101912158
5455,7185,280,184911101,Garner College and Career Preparatory Academy,Garner ISD,B,90,352,https://txschools.net/campus/garner-college-and-career-preparatory-academy-184911101
5455,7185,280,174903101,Garrison Elem,Garrison ISD,A,90,342,https://txschools.net/campus/garrison-elem-174903101
5455,7185,280,108909107,Geraldine Palmer Elem,Pharr-San Juan-Alamo ISD,B,90,646,https://txschools.net/campus/geraldine-palmer-elem-108909107
5455,7185,280,161925101,Gholson ISD,Gholson ISD,B,90,227,https://txschools.net/campus/gholson-isd-161925101
5455,7185,280,213901001,Glen Rose HS,Glen Rose ISD,A,90,613,https://txschools.net/campus/glen-rose-hs-213901001
5455,7185,280,031901130,Gonzalez Elem,Brownsville ISD,A,90,576,https://txschools.net/campus/gonzalez-elem-031901130
5455,7185,280,165902001,Greenwood HS,Greenwood ISD,B,90,1002,https://txschools.net/campus/greenwood-hs-165902001
5455,7185,280,101912162,Gregg Elem,Houston ISD,A,90,248,https://txschools.net/campus/gregg-elem-101912162
5455,7185,280,205902001,Gregory-Portland HS,Gregory-Portland ISD,B,90,1538,https://txschools.net/campus/gregory-portland-hs-205902001
5455,7185,280,214901102,Grulla Elem,Rio Grande City Grulla ISD,A,90,437,https://txschools.net/campus/grulla-elem-214901102
5455,7185,280,043910129,Gulledge Elem,Plano ISD,A,90,621,https://txschools.net/campus/gulledge-elem-043910129
5455,7185,280,015904108,H W Schulze Elem,Harlandale ISD,B,90,728,https://txschools.net/campus/h-w-schulze-elem-015904108
5455,7185,280,102904041,Hallsville JH,Hallsville ISD,B,90,771,https://txschools.net/campus/hallsville-jh-102904041
5455,7185,280,031901001,Hanna Early College HS,Brownsville ISD,A,90,1846,https://txschools.net/campus/hanna-early-college-hs-031901001
5455,7185,280,015910136,Hardy Oak Elem,North East ISD,A,90,580,https://txschools.net/campus/hardy-oak-elem-015910136
5455,7185,280,057905230,Harry C Withers Elem,Dallas ISD,A,90,451,https://txschools.net/campus/harry-c-withers-elem-057905230
5455,7185,280,220916045,Harwood JH,Hurst-Euless-Bedford ISD,A,90,1062,https://txschools.net/campus/harwood-jh-220916045
5455,7185,280,061901118,Hawk Elem,Denton ISD,A,90,609,https://txschools.net/campus/hawk-elem-061901118
5455,7185,280,015917104,Heritage Elem,Southside ISD,B,90,548,https://txschools.net/campus/heritage-elem-015917104
5455,7185,280,220906107,Heritage Elem,Grapevine-Colleyville ISD,A,90,592,https://txschools.net/campus/heritage-elem-220906107
5455,7185,280,101907106,Holbrook Elem,Cypress-Fairbanks ISD,A,90,713,https://txschools.net/campus/holbrook-elem-101907106
5455,7185,280,108906106,Houston Elem,McAllen ISD,A,90,380,https://txschools.net/campus/houston-elem-108906106
5455,7185,280,101912310,Houston Math Science and Technology Center,Houston ISD,A,90,2074,https://txschools.net/campus/houston-math-science-and-technology-center-101912310
5455,7185,280,015910135,Huebner Elem,North East ISD,A,90,460,https://txschools.net/campus/huebner-elem-015910135
5455,7185,280,071909107,Hueco Elem,Socorro ISD,B,90,570,https://txschools.net/campus/hueco-elem-071909107
5455,7185,280,101913101,Humble Elem,Humble ISD,A,90,601,https://txschools.net/campus/humble-elem-101913101
5455,7185,280,043910145,Hunt Elem,Plano ISD,A,90,433,https://txschools.net/campus/hunt-elem-043910145
5455,7185,280,220907044,Indian Springs MS,Keller ISD,A,90,900,https://txschools.net/campus/indian-springs-ms-220907044
5455,7185,280,170906103,J L Lyon Elem,Magnolia ISD,A,90,758,https://txschools.net/campus/j-l-lyon-elem-170906103
5455,7185,280,101910106,Jacinto City Elem,Galena Park ISD,A,90,644,https://txschools.net/campus/jacinto-city-elem-101910106
5455,7185,280,105906001,Jack C Hays HS,Hays CISD,B,90,2314,https://txschools.net/campus/jack-c-hays-hs-105906001
5455,7185,280,101912181,Janowski Elem,Houston ISD,B,90,394,https://txschools.net/campus/janowski-elem-101912181
5455,7185,280,220905070,Jean McClung MS,Fort Worth ISD,B,90,483,https://txschools.net/campus/jean-mcclung-ms-220905070
5455,7185,280,101914115,Jeanette Hayes Elem,Katy ISD,A,90,498,https://txschools.net/campus/jeanette-hayes-elem-101914115
5455,7185,280,061911045,John M Tidwell MS,Northwest ISD,A,90,1064,https://txschools.net/campus/john-m-tidwell-ms-061911045
5455,7185,280,126905003,Joshua HS Ninth Grade Campus,Joshua ISD,A,90,463,https://txschools.net/campus/joshua-hs-ninth-grade-campus-126905003
5455,7185,280,240903118,Juarez/Lincoln Elem,United ISD,A,90,482,https://txschools.net/campus/juarez-lincoln-elem-240903118
5455,7185,280,101914138,Keiko Davidson Elem,Katy ISD,A,90,799,https://txschools.net/campus/keiko-davidson-elem-101914138
5455,7185,280,031901143,Keller Elem,Brownsville ISD,B,90,527,https://txschools.net/campus/keller-elem-031901143
5455,7185,280,240903121,Kennedy Zapata Elem,United ISD,A,90,312,https://txschools.net/campus/kennedy-zapata-elem-240903121
5455,7185,280,101913002,Kingwood HS,Humble ISD,A,90,2845,https://txschools.net/campus/kingwood-hs-101913002
5455,7185,280,101915004,Klein Collins HS,Klein ISD,A,90,3239,https://txschools.net/campus/klein-collins-hs-101915004
5455,7185,280,101915001,Klein HS,Klein ISD,A,90,3494,https://txschools.net/campus/klein-hs-101915001
5455,7185,280,246913046,Knox Wiley MS,Leander ISD,A,90,929,https://txschools.net/campus/knox-wiley-ms-246913046
5455,7185,280,219905001,Kress HS,Kress ISD,A,90,127,https://txschools.net/campus/kress-hs-219905001
5455,7185,280,108904113,L B Johnson Elem,Edinburg CISD,B,90,413,https://txschools.net/campus/l-b-johnson-elem-108904113
5455,7185,280,101916001,La Porte HS,La Porte ISD,A,90,2082,https://txschools.net/campus/la-porte-hs-101916001
5455,7185,280,057909005,Lakeview Centennial HS,Garland ISD,A,90,2066,https://txschools.net/campus/lakeview-centennial-hs-057909005
5455,7185,280,015915187,Langley Elem,Northside ISD,B,90,740,https://txschools.net/campus/langley-elem-015915187
5455,7185,280,020901112,Laura Ingalls Wilder Elem,Alvin ISD,A,90,640,https://txschools.net/campus/laura-ingalls-wilder-elem-020901112
5455,7185,280,221911101,Lawn Elem,Jim Ned CISD,A,90,288,https://txschools.net/campus/lawn-elem-221911101
5455,7185,280,079907006,Lawrence E Elkins HS,Fort Bend ISD,B,90,2850,https://txschools.net/campus/lawrence-e-elkins-hs-079907006
5455,7185,280,108908109,Leal Elem,Mission CISD,A,90,420,https://txschools.net/campus/leal-elem-108908109
5455,7185,280,101911002,Lee HS,Goose Creek CISD,B,90,1742,https://txschools.net/campus/lee-hs-101911002
5455,7185,280,061902135,Liberty Elem,Lewisville ISD,A,90,550,https://txschools.net/campus/liberty-elem-061902135
5455,7185,280,159901120,Liberty Elem,Eagle Pass ISD,A,90,576,https://txschools.net/campus/liberty-elem-159901120
5455,7185,280,108909044,Liberty MS,Pharr-San Juan-Alamo ISD,A,90,708,https://txschools.net/campus/liberty-ms-108909044
5455,7185,280,178906101,London Elem,London ISD,A,90,538,https://txschools.net/campus/london-elem-178906101
5455,7185,280,178906001,London HS,London ISD,A,90,587,https://txschools.net/campus/london-hs-178906001
5455,7185,280,116906041,Lone Oak MS,Lone Oak ISD,B,90,240,https://txschools.net/campus/lone-oak-ms-116906041
5455,7185,280,186902040,Lone Star Virtual Academy,Fort Stockton ISD,A,90,5498,https://txschools.net/campus/lone-star-virtual-academy-186902040
5455,7185,280,031906104,Lopez-Riggins Elem,Los Fresnos CISD,B,90,527,https://txschools.net/campus/lopez-riggins-elem-031906104
5455,7185,280,161907101,Lorena Elem,Lorena ISD,A,90,393,https://txschools.net/campus/lorena-elem-161907101
5455,7185,280,152906104,Lubbock-Cooper West Elem,Lubbock-Cooper ISD,A,90,584,https://txschools.net/campus/lubbock-cooper-west-elem-152906104
5455,7185,280,220905157,Luella Merrett Elem,Fort Worth ISD,B,90,471,https://txschools.net/campus/luella-merrett-elem-220905157
5455,7185,280,245902041,Lyford MS,Lyford CISD,B,90,272,https://txschools.net/campus/lyford-ms-245902041
5455,7185,280,240903009,Lyndon B Johnson,United ISD,A,90,3190,https://txschools.net/campus/lyndon-b-johnson-240903009
5455,7185,280,108909043,Lyndon B Johnson MS,Pharr-San Juan-Alamo ISD,A,90,1043,https://txschools.net/campus/lyndon-b-johnson-ms-108909043
5455,7185,280,152901170,Maedgen Elem,Lubbock ISD,B,90,324,https://txschools.net/campus/maedgen-elem-152901170
5455,7185,280,170906109,Magnolia Parkway Elem,Magnolia ISD,A,90,727,https://txschools.net/campus/magnolia-parkway-elem-170906109
5455,7185,280,101915132,Mahaffey Elem,Klein ISD,A,90,835,https://txschools.net/campus/mahaffey-elem-101915132
5455,7185,280,057905152,Margaret B Henderson Elem,Dallas ISD,A,90,317,https://txschools.net/campus/margaret-b-henderson-elem-057905152
5455,7185,280,020901103,Mark Twain Elem,Alvin ISD,A,90,643,https://txschools.net/campus/mark-twain-elem-020901103
5455,7185,280,031901104,Martin Elem,Brownsville ISD,B,90,359,https://txschools.net/campus/martin-elem-031901104
5455,7185,280,220901005,Martin HS,Arlington ISD,A,90,3325,https://txschools.net/campus/martin-hs-220901005
5455,7185,280,020901111,Mary Burks Marek Elem,Alvin ISD,A,90,706,https://txschools.net/campus/mary-burks-marek-elem-020901111
5455,7185,280,227901123,Mathews Elem,Austin ISD,A,90,377,https://txschools.net/campus/mathews-elem-227901123
5455,7185,280,043905052,Maus MS,Frisco ISD,A,90,766,https://txschools.net/campus/maus-ms-043905052
5455,7185,280,184907108,McKinney Elem,Aledo ISD,A,90,580,https://txschools.net/campus/mckinney-elem-184907108
5455,7185,280,220905050,McLean MS,Fort Worth ISD,B,90,768,https://txschools.net/campus/mclean-ms-220905050
5455,7185,280,163908001,Medina Valley HS,Medina Valley ISD,B,90,2852,https://txschools.net/campus/medina-valley-hs-163908001
5455,7185,280,043912113,Mike and Janie Reeves Elem,Prosper ISD,A,90,818,https://txschools.net/campus/mike-and-janie-reeves-elem-043912113
5455,7185,280,105906006,Moe and Gene Johnson HS,Hays CISD,B,90,2959,https://txschools.net/campus/moe-and-gene-johnson-hs-105906006
5455,7185,280,101919019,Momentum HS,Spring ISD,B,90,171,https://txschools.net/campus/momentum-hs-101919019
5455,7185,280,108915001,Monte Alto HS,Monte Alto ISD,B,90,235,https://txschools.net/campus/monte-alto-hs-108915001
5455,7185,280,170903002,Montgomery HS,Montgomery ISD,A,90,1467,https://txschools.net/campus/montgomery-hs-170903002
5455,7185,280,161910041,Moody MS,Moody ISD,B,90,221,https://txschools.net/campus/moody-ms-161910041
5455,7185,280,101914009,Morton Ranch HS,Katy ISD,B,90,2906,https://txschools.net/campus/morton-ranch-hs-101914009
5455,7185,280,126902103,Mound Elem,Burleson ISD,A,90,407,https://txschools.net/campus/mound-elem-126902103
5455,7185,280,225902041,Mount Pleasant JH,Mount Pleasant ISD,B,90,702,https://txschools.net/campus/mount-pleasant-jh-225902041
5455,7185,280,236901042,New Waverly JH,New Waverly ISD,B,90,179,https://txschools.net/campus/new-waverly-jh-236901042
5455,7185,280,101902005,Nimitz HS,Aldine ISD,A,90,2570,https://txschools.net/campus/nimitz-hs-101902005
5455,7185,280,071902161,Nixon Elem,El Paso ISD,B,90,441,https://txschools.net/campus/nixon-elem-071902161
5455,7185,280,220912002,North Crowley HS,Crowley ISD,B,90,3025,https://txschools.net/campus/north-crowley-hs-220912002
5455,7185,280,101919122,Northgate Elem,Spring ISD,B,90,602,https://txschools.net/campus/northgate-elem-101919122
5455,7185,280,101912003,Northside HS,Houston ISD,A,90,918,https://txschools.net/campus/northside-hs-101912003
5455,7185,280,015915016,O'Connor HS,Northside ISD,B,90,2443,https://txschools.net/campus/o-connor-hs-015915016
5455,7185,280,220912107,Oakmont Elem,Crowley ISD,B,90,519,https://txschools.net/campus/oakmont-elem-220912107
5455,7185,280,199901111,Ouida Springer,Rockwall ISD,A,90,488,https://txschools.net/campus/ouida-springer-199901111
5455,7185,280,079907138,Oyster Creek Elem,Fort Bend ISD,A,90,801,https://txschools.net/campus/oyster-creek-elem-079907138
5455,7185,280,053001041,Ozona MS,Crockett County Consolidated CSD,B,90,148,https://txschools.net/campus/ozona-ms-053001041
5455,7185,280,071905042,Parkland Pre-Engineering MS,Ysleta ISD,A,90,1100,https://txschools.net/campus/parkland-pre-engineering-ms-071905042
5455,7185,280,227904007,Pflugerville Academic and Career Education (Pace),Pflugerville ISD,B,90,83,https://txschools.net/campus/pflugerville-academic-and-career-education-pace-227904007
5455,7185,280,126905105,Plum Creek Elem,Joshua ISD,A,90,459,https://txschools.net/campus/plum-creek-elem-126905105
5455,7185,280,184901001,Poolville HS,Poolville ISD,A,90,188,https://txschools.net/campus/poolville-hs-184901001
5455,7185,280,123908001,Port Neches-Groves HS,Port Neches-Groves ISD,B,90,1635,https://txschools.net/campus/port-neches-groves-hs-123908001
5455,7185,280,057905322,Prestonwood Montessori at E D Walker,Dallas ISD,B,90,455,https://txschools.net/campus/prestonwood-montessori-at-e-d-walker-057905322
5455,7185,280,101910109,Pyburn Elem,Galena Park ISD,A,90,429,https://txschools.net/campus/pyburn-elem-101910109
5455,7185,280,043912101,R Steve Folsom Elem,Prosper ISD,A,90,874,https://txschools.net/campus/r-steve-folsom-elem-043912101
5455,7185,280,057903126,Rainwater Elem,Carrollton-Farmers Branch ISD,A,90,419,https://txschools.net/campus/rainwater-elem-057903126
5455,7185,280,071905114,Ramona Elem STEM Academy,Ysleta ISD,A,90,348,https://txschools.net/campus/ramona-elem-stem-academy-071905114
5455,7185,280,246908104,Rancho Sienna Elem,Liberty Hill ISD,A,90,756,https://txschools.net/campus/rancho-sienna-elem-246908104
5455,7185,280,031906109,Rancho Verde Elem,Los Fresnos CISD,A,90,739,https://txschools.net/campus/rancho-verde-elem-031906109
5455,7185,280,231902001,Rankin School,Rankin ISD,A,90,300,https://txschools.net/campus/rankin-school-231902001
5455,7185,280,108908114,Raquel Cavazos Elem,Mission CISD,A,90,497,https://txschools.net/campus/raquel-cavazos-elem-108908114
5455,7185,280,108909115,Raul Longoria Elem,Pharr-San Juan-Alamo ISD,A,90,567,https://txschools.net/campus/raul-longoria-elem-108909115
5455,7185,280,245903001,Raymondville HS,Raymondville ISD,B,90,509,https://txschools.net/campus/raymondville-hs-245903001
5455,7185,280,043905114,Riddle Elem,Frisco ISD,A,90,563,https://txschools.net/campus/riddle-elem-043905114
5455,7185,280,067908001,Rising Star HS,Rising Star ISD,A,90,81,https://txschools.net/campus/rising-star-hs-067908001
5455,7185,280,101912228,River Oaks Elem,Houston ISD,A,90,732,https://txschools.net/campus/river-oaks-elem-101912228
5455,7185,280,101914123,Roberta Wright Rylander Elem,Katy ISD,A,90,945,https://txschools.net/campus/roberta-wright-rylander-elem-101914123
5455,7185,280,161922102,Robinson Elem,Robinson ISD,A,90,323,https://txschools.net/campus/robinson-elem-161922102
5455,7185,280,021901105,Rock Prairie Elem,College Station ISD,A,90,469,https://txschools.net/campus/rock-prairie-elem-021901105
5455,7185,280,101913047,Ross Sterling MS,Humble ISD,B,90,886,https://txschools.net/campus/ross-sterling-ms-101913047
5455,7185,280,101915114,Roth Elem,Klein ISD,B,90,621,https://txschools.net/campus/roth-elem-101915114
5455,7185,280,075908101,Round Top-Carmine Elem,Round Top-Carmine ISD,A,90,119,https://txschools.net/campus/round-top-carmine-elem-075908101
5455,7185,280,075908001,Round Top-Carmine HS,Round Top-Carmine ISD,B,90,118,https://txschools.net/campus/round-top-carmine-hs-075908001
5455,7185,280,084909103,Roy J Wollam Elem,Santa Fe ISD,B,90,578,https://txschools.net/campus/roy-j-wollam-elem-084909103
5455,7185,280,123913001,Sabine Pass School,Sabine Pass ISD,B,90,373,https://txschools.net/campus/sabine-pass-school-123913001
5455,7185,280,108904118,San Carlos Elem,Edinburg CISD,B,90,426,https://txschools.net/campus/san-carlos-elem-108904118
5455,7185,280,245904101,San Perlita Elem,San Perlita ISD,A,90,86,https://txschools.net/campus/san-perlita-elem-245904101
5455,7185,280,222901001,Sanderson Schools,Terrell County ISD,B,90,108,https://txschools.net/campus/sanderson-schools-222901001
5455,7185,280,108909121,Santos Livas Elem,Pharr-San Juan-Alamo ISD,A,90,465,https://txschools.net/campus/santos-livas-elem-108909121
5455,7185,280,101912353,School at St George Place,Houston ISD,B,90,710,https://txschools.net/campus/school-at-st-george-place-101912353
5455,7185,280,043907044,Scott Morgan Johnson MS,McKinney ISD,B,90,1306,https://txschools.net/campus/scott-morgan-johnson-ms-043907044
5455,7185,280,129910101,Scurry-Rosser Elem,Scurry-Rosser ISD,B,90,317,https://txschools.net/campus/scurry-rosser-elem-129910101
5455,7185,280,043905122,Sem Elem,Frisco ISD,A,90,598,https://txschools.net/campus/sem-elem-043905122
5455,7185,280,061912105,Shady Shores Elem,Lake Dallas ISD,B,90,627,https://txschools.net/campus/shady-shores-elem-061912105
5455,7185,280,108911042,Sharyland North JH,Sharyland ISD,A,90,799,https://txschools.net/campus/sharyland-north-jh-108911042
5455,7185,280,243905123,Sheppard AFB Elem,Wichita Falls ISD,A,90,296,https://txschools.net/campus/sheppard-afb-elem-243905123
5455,7185,280,015909006,Shirleen Zacharias Early Clge Leadership Academy,Somerset ISD,A,90,140,https://txschools.net/campus/shirleen-zacharias-early-clge-leadership-academy-015909006
5455,7185,280,057905212,Shirley Isom-Newsome Montessori Academy at Harry S,Dallas ISD,B,90,523,https://txschools.net/campus/shirley-isom-newsome-montessori-academy-at-harry-s-057905212
5455,7185,280,220906110,Silver Lake Elem,Grapevine-Colleyville ISD,B,90,404,https://txschools.net/campus/silver-lake-elem-220906110
5455,7185,280,015909101,Somerset Elem,Somerset ISD,A,90,732,https://txschools.net/campus/somerset-elem-015909101
5455,7185,280,043905130,Sonntag Elem,Frisco ISD,B,90,416,https://txschools.net/campus/sonntag-elem-043905130
5455,7185,280,101917138,South Belt Elem,Pasadena ISD,A,90,631,https://txschools.net/campus/south-belt-elem-101917138
5455,7185,280,188901127,South Georgia Elem,Amarillo ISD,B,90,390,https://txschools.net/campus/south-georgia-elem-188901127
5455,7185,280,101912244,Southmayd Elem,Houston ISD,B,90,292,https://txschools.net/campus/southmayd-elem-101912244
5455,7185,280,015912001,Southwest HS,Southwest ISD,B,90,2285,https://txschools.net/campus/southwest-hs-015912001
5455,7185,280,101917131,Sparks Elem,Pasadena ISD,A,90,363,https://txschools.net/campus/sparks-elem-101917131
5455,7185,280,101920114,Spring Branch Elem,Spring Branch ISD,B,90,528,https://txschools.net/campus/spring-branch-elem-101920114
5455,7185,280,101920043,Spring Branch MS,Spring Branch ISD,A,90,1135,https://txschools.net/campus/spring-branch-ms-101920043
5455,7185,280,191901116,Spring Canyon Elem,Canyon ISD,B,90,451,https://txschools.net/campus/spring-canyon-elem-191901116
5455,7185,280,101919051,Springwoods Village MS,Spring ISD,B,90,581,https://txschools.net/campus/springwoods-village-ms-101919051
5455,7185,280,101911003,Sterling HS,Goose Creek CISD,A,90,2174,https://txschools.net/campus/sterling-hs-101911003
5455,7185,280,101912163,Sugar Grove Academy,Houston ISD,A,90,627,https://txschools.net/campus/sugar-grove-academy-101912163
5455,7185,280,057905161,Sylvia Mendez Crew Leadership Academy,Dallas ISD,B,90,469,https://txschools.net/campus/sylvia-mendez-crew-leadership-academy-057905161
5455,7185,280,188901005,Tascosa HS,Amarillo ISD,A,90,2102,https://txschools.net/campus/tascosa-hs-188901005
5455,7185,280,201910002,Tatum HS,Tatum ISD,A,90,402,https://txschools.net/campus/tatum-hs-201910002
5455,7185,280,081904102,Teague Elem,Teague ISD,A,90,464,https://txschools.net/campus/teague-elem-081904102
5455,7185,280,101917007,Tegeler Community School,Pasadena ISD,A,90,174,https://txschools.net/campus/tegeler-community-school-101917007
5455,7185,280,152504001,Texas Tech University K-12,Texas Tech University K-12,B,90,829,https://txschools.net/campus/texas-tech-university-k-12-152504001
5455,7185,280,129902044,Themer MS,Forney ISD,B,90,729,https://txschools.net/campus/themer-ms-129902044
5455,7185,280,101910111,Tice Elem,Galena Park ISD,A,90,687,https://txschools.net/campus/tice-elem-101910111
5455,7185,280,220906104,Timberline Elem,Grapevine-Colleyville ISD,B,90,544,https://txschools.net/campus/timberline-elem-220906104
5455,7185,280,057905175,Umphrey Lee Elem,Dallas ISD,A,90,480,https://txschools.net/campus/umphrey-lee-elem-057905175
5455,7185,280,214903109,Veterans Memorial Elem,Roma ISD,A,90,439,https://txschools.net/campus/veterans-memorial-elem-214903109
5455,7185,280,178904015,Veterans Memorial HS,Corpus Christi ISD,A,90,1987,https://txschools.net/campus/veterans-memorial-hs-178904015
5455,7185,280,235902114,Vickers Elem,Victoria ISD,A,90,504,https://txschools.net/campus/vickers-elem-235902114
5455,7185,280,031906102,Villareal Elem,Los Fresnos CISD,A,90,460,https://txschools.net/campus/villareal-elem-031906102
5455,7185,280,101912254,Wesley Elem,Houston ISD,A,90,233,https://txschools.net/campus/wesley-elem-101912254
5455,7185,280,020902104,Westside Elem,Angleton ISD,B,90,1002,https://txschools.net/campus/westside-elem-020902104
5455,7185,280,152901187,Whiteside Elem,Lubbock ISD,A,90,433,https://txschools.net/campus/whiteside-elem-152901187
5455,7185,280,057922106,Wilson Elem,Coppell ISD,A,90,513,https://txschools.net/campus/wilson-elem-057922106
5455,7185,280,105905001,Wimberley HS,Wimberley ISD,B,90,857,https://txschools.net/campus/wimberley-hs-105905001
5455,7185,280,071901101,Wm David Surratt Elem,Clint ISD,B,90,913,https://txschools.net/campus/wm-david-surratt-elem-071901101
5455,7185,280,101910110,Woodland Acres Elem,Galena Park ISD,A,90,420,https://txschools.net/campus/woodland-acres-elem-101910110
5455,7185,280,101912127,Woodson School,Houston ISD,A,90,408,https://txschools.net/campus/woodson-school-101912127
5455,7185,280,224902001,Woodson School,Woodson ISD,B,90,158,https://txschools.net/campus/woodson-school-224902001
5455,7185,280,057905352,Young Women's STEAM Academy at Balch Springs Middl,Dallas ISD,B,90,659,https://txschools.net/campus/young-women-s-steam-academy-at-balch-springs-middl-057905352
5455,7185,280,253901106,Zapata South Elem,Zapata County ISD,B,90,388,https://txschools.net/campus/zapata-south-elem-253901106
5455,7185,280,101915128,Zwink Elem,Klein ISD,B,90,806,https://txschools.net/campus/zwink-elem-101915128
5736,7185,255,108902045,A P Solis MS,Donna ISD,A,91,601,https://txschools.net/campus/a-p-solis-ms-108902045
5736,7185,255,014901001,Academy HS,Academy ISD,B,91,542,https://txschools.net/campus/academy-hs-014901001
5736,7185,255,015907117,Agnes Cotton Academy,San Antonio ISD,A,91,453,https://txschools.net/campus/agnes-cotton-academy-015907117
5736,7185,255,125901001,Alice HS,Alice ISD,A,91,1201,https://txschools.net/campus/alice-hs-125901001
5736,7185,255,108908107,Alton Elem,Mission CISD,B,91,349,https://txschools.net/campus/alton-elem-108908107
5736,7185,255,043910140,Andrews Elem,Plano ISD,A,91,374,https://txschools.net/campus/andrews-elem-043910140
5736,7185,255,101907058,Anthony MS,Cypress-Fairbanks ISD,A,91,1410,https://txschools.net/campus/anthony-ms-101907058
5736,7185,255,240903053,Antonio Gonzalez MS,United ISD,A,91,645,https://txschools.net/campus/antonio-gonzalez-ms-240903053
5736,7185,255,057916050,Apollo JH,Richardson ISD,B,91,576,https://txschools.net/campus/apollo-jh-057916050
5736,7185,255,061902047,Arbor Creek MS,Lewisville ISD,A,91,941,https://txschools.net/campus/arbor-creek-ms-061902047
5736,7185,255,057905169,Arthur Kramer Elem,Dallas ISD,A,91,418,https://txschools.net/campus/arthur-kramer-elem-057905169
5736,7185,255,108904043,B L Garza MS,Edinburg CISD,A,91,997,https://txschools.net/campus/b-l-garza-ms-108904043
5736,7185,255,030903001,Baird HS,Baird ISD,A,91,141,https://txschools.net/campus/baird-hs-030903001
5736,7185,255,025901041,Bangs MS,Bangs ISD,A,91,194,https://txschools.net/campus/bangs-ms-025901041
5736,7185,255,246908109,Bar W Elem,Liberty Hill ISD,A,91,632,https://txschools.net/campus/bar-w-elem-246908109
5736,7185,255,227901182,Baranoff Elem,Austin ISD,A,91,764,https://txschools.net/campus/baranoff-elem-227901182
5736,7185,255,084901107,Bay Colony Elem,Dickinson ISD,A,91,523,https://txschools.net/campus/bay-colony-elem-084901107
5736,7185,255,015915180,Beard Elem,Northside ISD,A,91,458,https://txschools.net/campus/beard-elem-015915180
5736,7185,255,183901001,Beckville Jr-Sr High School,Beckville ISD,A,91,350,https://txschools.net/campus/beckville-jr-sr-high-school-183901001
5736,7185,255,101912151,Bell Elem,Houston ISD,B,91,496,https://txschools.net/campus/bell-elem-101912151
5736,7185,255,220916001,Bell HS,Hurst-Euless-Bedford ISD,A,91,2423,https://txschools.net/campus/bell-hs-220916001
5736,7185,255,014903025,Belton New Tech HS at Waskow,Belton ISD,B,91,266,https://txschools.net/campus/belton-new-tech-hs-at-waskow-014903025
5736,7185,255,108904047,Betty Harwell MS,Edinburg CISD,B,91,1196,https://txschools.net/campus/betty-harwell-ms-108904047
5736,7185,255,043912043,Bill Hays MS,Prosper ISD,A,91,1145,https://txschools.net/campus/bill-hays-ms-043912043
5736,7185,255,043905118,Bledsoe Elem,Frisco ISD,A,91,606,https://txschools.net/campus/bledsoe-elem-043905118
5736,7185,255,148901001,Booker JH/HS,Booker ISD,B,91,166,https://txschools.net/campus/booker-jh-hs-148901001
5736,7185,255,015907001,Brackenridge HS,San Antonio ISD,A,91,1577,https://txschools.net/campus/brackenridge-hs-015907001
5736,7185,255,008903001,Brazos HS,Brazos ISD,A,91,300,https://txschools.net/campus/brazos-hs-008903001
5736,7185,255,079901043,Briscoe JH,Lamar CISD,A,91,1454,https://txschools.net/campus/briscoe-jh-079901043
5736,7185,255,170902127,Broadway Elem,Conroe ISD,A,91,847,https://txschools.net/campus/broadway-elem-170902127
5736,7185,255,152901207,Brown Elem,Lubbock ISD,B,91,389,https://txschools.net/campus/brown-elem-152901207
5736,7185,255,108906044,Brown MS,McAllen ISD,A,91,521,https://txschools.net/campus/brown-ms-108906044
5736,7185,255,025902001,Brownwood HS,Brownwood ISD,B,91,866,https://txschools.net/campus/brownwood-hs-025902001
5736,7185,255,101907162,Byrd Elem,Cypress-Fairbanks ISD,A,91,1287,https://txschools.net/campus/byrd-elem-101907162
5736,7185,255,094902003,Byron P Steele II HS,Schertz-Cibolo-U City ISD,A,91,2857,https://txschools.net/campus/byron-p-steele-ii-hs-094902003
5736,7185,255,178903001,Calallen HS,Calallen ISD,A,91,1157,https://txschools.net/campus/calallen-hs-178903001
5736,7185,255,191901111,Canyon Int,Canyon ISD,A,91,539,https://txschools.net/campus/canyon-int-191901111
5736,7185,255,046902003,Canyon Lake HS,Comal ISD,A,91,1021,https://txschools.net/campus/canyon-lake-hs-046902003
5736,7185,255,246913045,Canyon Ridge MS,Leander ISD,A,91,889,https://txschools.net/campus/canyon-ridge-ms-246913045
5736,7185,255,101914051,Cardiff JH,Katy ISD,A,91,741,https://txschools.net/campus/cardiff-jh-101914051
5736,7185,255,046901103,Carl Schurz Elem,New Braunfels ISD,B,91,336,https://txschools.net/campus/carl-schurz-elem-046901103
5736,7185,255,201913001,Carlisle School,Carlisle ISD,B,91,656,https://txschools.net/campus/carlisle-school-201913001
5736,7185,255,183902001,Carthage HS,Carthage ISD,A,91,760,https://txschools.net/campus/carthage-hs-183902001
5736,7185,255,227901112,Casis Elem,Austin ISD,A,91,642,https://txschools.net/campus/casis-elem-227901112
5736,7185,255,015907028,CAST Med HS,San Antonio ISD,B,91,203,https://txschools.net/campus/cast-med-hs-015907028
5736,7185,255,227904048,Cele MS,Pflugerville ISD,A,91,790,https://txschools.net/campus/cele-ms-227904048
5736,7185,255,116902041,Celeste JH,Celeste ISD,A,91,95,https://txschools.net/campus/celeste-jh-116902041
5736,7185,255,007901101,Charlotte Elem,Charlotte ISD,A,91,196,https://txschools.net/campus/charlotte-elem-007901101
5736,7185,255,071909128,Chester E Jordan,Socorro ISD,B,91,679,https://txschools.net/campus/chester-e-jordan-071909128
5736,7185,255,043911041,Clark MS,Princeton ISD,A,91,520,https://txschools.net/campus/clark-ms-043911041
5736,7185,255,057909047,Classical Center at Brandenburg MS,Garland ISD,A,91,1059,https://txschools.net/campus/classical-center-at-brandenburg-ms-057909047
5736,7185,255,084910011,Clear Falls HS,Clear Creek ISD,A,91,2517,https://txschools.net/campus/clear-falls-hs-084910011
5736,7185,255,101912048,Clifton MS,Houston ISD,B,91,288,https://txschools.net/campus/clifton-ms-101912048
5736,7185,255,070912045,Coleman JH,Waxahachie ISD,B,91,778,https://txschools.net/campus/coleman-jh-070912045
5736,7185,255,095902001,Cotton Center School,Cotton Center ISD,A,91,97,https://txschools.net/campus/cotton-center-school-095902001
5736,7185,255,170902077,Cox Int,Conroe ISD,A,91,1035,https://txschools.net/campus/cox-int-170902077
5736,7185,255,105902102,Crockett Elem,San Marcos CISD,A,91,459,https://txschools.net/campus/crockett-elem-105902102
5736,7185,255,188901043,Crockett MS,Amarillo ISD,B,91,746,https://txschools.net/campus/crockett-ms-188901043
5736,7185,255,057910009,Crosswinds Accelerated HS,Grand Prairie ISD,A,91,318,https://txschools.net/campus/crosswinds-accelerated-hs-057910009
5736,7185,255,101907011,Cypress Woods HS,Cypress-Fairbanks ISD,A,91,3538,https://txschools.net/campus/cypress-woods-hs-101907011
5736,7185,255,057905071,Dallas Environmental Science Academy,Dallas ISD,A,91,425,https://txschools.net/campus/dallas-environmental-science-academy-057905071
5736,7185,255,020904041,Danbury MS,Danbury ISD,A,91,145,https://txschools.net/campus/danbury-ms-020904041
5736,7185,255,246909107,Deep Wood Elem,Round Rock ISD,A,91,419,https://txschools.net/campus/deep-wood-elem-246909107
5736,7185,255,101913112,Deerwood Elem,Humble ISD,A,91,630,https://txschools.net/campus/deerwood-elem-101913112
5736,7185,255,003905001,Diboll HS,Diboll ISD,A,91,462,https://txschools.net/campus/diboll-hs-003905001
5736,7185,255,043914104,Dodd Elem,Wylie ISD,A,91,536,https://txschools.net/campus/dodd-elem-043914104
5736,7185,255,108912049,Domingo Trevino MS,La Joya ISD,B,91,489,https://txschools.net/campus/domingo-trevino-ms-108912049
5736,7185,255,240901102,Don Jose Gallego,Laredo ISD,A,91,528,https://txschools.net/campus/don-jose-gallego-240901102
5736,7185,255,043914109,Don Whitt Elem,Wylie ISD,A,91,645,https://txschools.net/campus/don-whitt-elem-043914109
5736,7185,255,043914046,Dr Al Draper Intermed,Wylie ISD,A,91,913,https://txschools.net/campus/dr-al-draper-intermed-043914046
5736,7185,255,101917016,Dr Kirk Lewis Career and Technical HS,Pasadena ISD,A,91,1531,https://txschools.net/campus/dr-kirk-lewis-career-and-technical-hs-101917016
5736,7185,255,043907116,Earl & Lottie Wolford Elem,McKinney ISD,A,91,419,https://txschools.net/campus/earl-lottie-wolford-elem-043907116
5736,7185,255,070908045,Earl & Marthalu Dieterich MS,Midlothian ISD,A,91,1006,https://txschools.net/campus/earl-marthalu-dieterich-ms-070908045
5736,7185,255,120901001,Edna HS,Edna ISD,B,91,434,https://txschools.net/campus/edna-hs-120901001
5736,7185,255,207901041,Eldorado MS,Schleicher ISD,B,91,107,https://txschools.net/campus/eldorado-ms-207901041
5736,7185,255,043905013,Emerson HS,Frisco ISD,B,91,1853,https://txschools.net/campus/emerson-hs-043905013
5736,7185,255,246909123,Fern Bluff Elem,Round Rock ISD,A,91,605,https://txschools.net/campus/fern-bluff-elem-246909123
5736,7185,255,101912062,Fleming McReynolds MS,Houston ISD,B,91,270,https://txschools.net/campus/fleming-mcreynolds-ms-101912062
5736,7185,255,043901107,Flossie Floyd Green Elem,Allen ISD,A,91,508,https://txschools.net/campus/flossie-floyd-green-elem-043901107
5736,7185,255,129902002,Forney Learning Academy,Forney ISD,A,91,92,https://txschools.net/campus/forney-learning-academy-129902002
5736,7185,255,114904001,Forsan HS,Forsan ISD,B,91,365,https://txschools.net/campus/forsan-hs-114904001
5736,7185,255,101915133,Fox Elem,Klein ISD,A,91,901,https://txschools.net/campus/fox-elem-101915133
5736,7185,255,101914015,Freeman HS,Katy ISD,A,91,1551,https://txschools.net/campus/freeman-hs-101914015
5736,7185,255,101910041,Galena Park MS,Galena Park ISD,A,91,885,https://txschools.net/campus/galena-park-ms-101910041
5736,7185,255,046902102,Garden Ridge Elem,Comal ISD,A,91,458,https://txschools.net/campus/garden-ridge-elem-046902102
5736,7185,255,129906110,Global Leadership Academy,Terrell ISD,A,91,211,https://txschools.net/campus/global-leadership-academy-129906110
5736,7185,255,088902001,Goliad HS,Goliad ISD,B,91,385,https://txschools.net/campus/goliad-hs-088902001
5736,7185,255,046902104,Goodwin Frazier Elem,Comal ISD,B,91,663,https://txschools.net/campus/goodwin-frazier-elem-046902104
5736,7185,255,043914041,Grady Burnett JH,Wylie ISD,A,91,1090,https://txschools.net/campus/grady-burnett-jh-043914041
5736,7185,255,220902120,Green Valley Elem,Birdville ISD,A,91,399,https://txschools.net/campus/green-valley-elem-220902120
5736,7185,255,021901110,Greens Prairie Elem,College Station ISD,A,91,506,https://txschools.net/campus/greens-prairie-elem-021901110
5736,7185,255,098901041,Gruver JH,Gruver ISD,A,91,114,https://txschools.net/campus/gruver-jh-098901041
5736,7185,255,091917001,Gunter HS,Gunter ISD,A,91,385,https://txschools.net/campus/gunter-hs-091917001
5736,7185,255,031903044,Gutierrez MS,Harlingen CISD,A,91,774,https://txschools.net/campus/gutierrez-ms-031903044
5736,7185,255,101902013,Hall Success Academy,Aldine ISD,A,91,174,https://txschools.net/campus/hall-success-academy-101902013
5736,7185,255,143901001,Hallettsville HS,Hallettsville ISD,A,91,369,https://txschools.net/campus/hallettsville-hs-143901001
5736,7185,255,100905041,Hardin-Jefferson JH,Hardin-Jefferson ISD,B,91,683,https://txschools.net/campus/hardin-jefferson-jh-100905041
5736,7185,255,029901101,Harrison/Jefferson/Madison Elem,Calhoun County ISD,B,91,666,https://txschools.net/campus/harrison-jefferson-madison-elem-029901101
5736,7185,255,101912051,Hartman MS,Houston ISD,A,91,568,https://txschools.net/campus/hartman-ms-101912051
5736,7185,255,202903101,Hemphill Elem,Hemphill ISD,A,91,308,https://txschools.net/campus/hemphill-elem-202903101
5736,7185,255,202903041,Hemphill MS,Hemphill ISD,A,91,216,https://txschools.net/campus/hemphill-ms-202903041
5736,7185,255,201902001,Henderson HS,Henderson ISD,B,91,963,https://txschools.net/campus/henderson-hs-201902001
5736,7185,255,130901107,Herff Elem,Boerne ISD,A,91,571,https://txschools.net/campus/herff-elem-130901107
5736,7185,255,101916102,Heritage Elem,La Porte ISD,A,91,380,https://txschools.net/campus/heritage-elem-101916102
5736,7185,255,123905102,Highland Park Elem,Nederland ISD,A,91,544,https://txschools.net/campus/highland-park-elem-123905102
5736,7185,255,227901155,Hill Elem,Austin ISD,A,91,796,https://txschools.net/campus/hill-elem-227901155
5736,7185,255,101915050,Hofius Int,Klein ISD,A,91,1279,https://txschools.net/campus/hofius-int-101915050
5736,7185,255,014905041,Holland MS,Holland ISD,A,91,169,https://txschools.net/campus/holland-ms-014905041
5736,7185,255,071909105,Horizon Heights Elem,Socorro ISD,A,91,921,https://txschools.net/campus/horizon-heights-elem-071909105
5736,7185,255,199901102,Howard Dobbs Elem,Rockwall ISD,B,91,449,https://txschools.net/campus/howard-dobbs-elem-199901102
5736,7185,255,043905051,Hunt MS,Frisco ISD,A,91,834,https://txschools.net/campus/hunt-ms-043905051
5736,7185,255,133902101,Hunt School,Hunt ISD,A,91,211,https://txschools.net/campus/hunt-school-133902101
5736,7185,255,057911103,Hyer Elem,Highland Park ISD,A,91,479,https://txschools.net/campus/hyer-elem-057911103
5736,7185,255,205903001,Ingleside HS,Ingleside ISD,B,91,610,https://txschools.net/campus/ingleside-hs-205903001
5736,7185,255,020901050,Iowa Colony JH,Alvin ISD,B,91,738,https://txschools.net/campus/iowa-colony-jh-020901050
5736,7185,255,220917041,Irma Marsh MS,Castleberry ISD,A,91,821,https://txschools.net/campus/irma-marsh-ms-220917041
5736,7185,255,129903112,J R Phillips Elem,Kaufman ISD,B,91,372,https://txschools.net/campus/j-r-phillips-elem-129903112
5736,7185,255,101916101,Jennie Reid Elem,La Porte ISD,B,91,372,https://txschools.net/campus/jennie-reid-elem-101916101
5736,7185,255,101907003,Jersey Village HS,Cypress-Fairbanks ISD,B,91,3186,https://txschools.net/campus/jersey-village-hs-101907003
5736,7185,255,101914124,Joella Exley Elem,Katy ISD,A,91,817,https://txschools.net/campus/joella-exley-elem-101914124
5736,7185,255,246909110,Kathy Caraway Elem,Round Rock ISD,A,91,500,https://txschools.net/campus/kathy-caraway-elem-246909110
5736,7185,255,101914041,Katy JH,Katy ISD,A,91,1196,https://txschools.net/campus/katy-jh-101914041
5736,7185,255,126906041,Keene JH,Keene ISD,A,91,246,https://txschools.net/campus/keene-jh-126906041
5736,7185,255,101907143,Keith Elem,Cypress-Fairbanks ISD,A,91,1020,https://txschools.net/campus/keith-elem-101907143
5736,7185,255,227904046,Kelly Lane MS,Pflugerville ISD,A,91,934,https://txschools.net/campus/kelly-lane-ms-227904046
5736,7185,255,079907005,Kempner HS,Fort Bend ISD,B,91,1813,https://txschools.net/campus/kempner-hs-079907005
5736,7185,255,170902046,Knox JH,Conroe ISD,A,91,1372,https://txschools.net/campus/knox-jh-170902046
5736,7185,255,020905043,Lake Jackson Int,Brazosport ISD,B,91,733,https://txschools.net/campus/lake-jackson-int-020905043
5736,7185,255,014903108,Lakewood Elem,Belton ISD,A,91,591,https://txschools.net/campus/lakewood-elem-014903108
5736,7185,255,226903123,Lamar Elem,San Angelo ISD,B,91,533,https://txschools.net/campus/lamar-elem-226903123
5736,7185,255,101907005,Langham Creek HS,Cypress-Fairbanks ISD,B,91,2976,https://txschools.net/campus/langham-creek-hs-101907005
5736,7185,255,107910001,Lapoynor HS,Lapoynor ISD,A,91,159,https://txschools.net/campus/lapoynor-hs-107910001
5736,7185,255,043905011,Lebanon Trail HS,Frisco ISD,A,91,2095,https://txschools.net/campus/lebanon-trail-hs-043905011
5736,7185,255,101915111,Lemm Elem,Klein ISD,A,91,608,https://txschools.net/campus/lemm-elem-101915111
5736,7185,255,043912116,Lilyana Elem,Prosper ISD,A,91,865,https://txschools.net/campus/lilyana-elem-043912116
5736,7185,255,220908046,Linda Jobe MS,Mansfield ISD,B,91,824,https://txschools.net/campus/linda-jobe-ms-220908046
5736,7185,255,092903001,Longview HS,Longview ISD,A,91,2317,https://txschools.net/campus/longview-hs-092903001
5736,7185,255,240903047,Los Obispos MS,United ISD,A,91,579,https://txschools.net/campus/los-obispos-ms-240903047
5736,7185,255,241906101,Louise Elem,Louise ISD,A,91,261,https://txschools.net/campus/louise-elem-241906101
5736,7185,255,241906041,Louise JH,Louise ISD,A,91,106,https://txschools.net/campus/louise-jh-241906041
5736,7185,255,152901022,Lubbock HS,Lubbock ISD,A,91,1891,https://txschools.net/campus/lubbock-hs-152901022
5736,7185,255,100907001,Lumberton HS,Lumberton ISD,A,91,1190,https://txschools.net/campus/lumberton-hs-100907001
5736,7185,255,101912201,MacGregor Elem,Houston ISD,A,91,374,https://txschools.net/campus/macgregor-elem-101912201
5736,7185,255,107906001,Malakoff HS,Malakoff ISD,A,91,402,https://txschools.net/campus/malakoff-hs-107906001
5736,7185,255,079901111,Manford Williams Elem,Lamar CISD,A,91,696,https://txschools.net/campus/manford-williams-elem-079901111
5736,7185,255,227907002,Manor Excel Academy,Manor ISD,B,91,152,https://txschools.net/campus/manor-excel-academy-227907002
5736,7185,255,043901115,Mary Evans Elem,Allen ISD,A,91,560,https://txschools.net/campus/mary-evans-elem-043901115
5736,7185,255,057916142,Math/Science/Tech Magnet,Richardson ISD,A,91,669,https://txschools.net/campus/math-science-tech-magnet-057916142
5736,7185,255,108906123,McAuliffe Elem,McAllen ISD,B,91,372,https://txschools.net/campus/mcauliffe-elem-108906123
5736,7185,255,246909004,McNeil HS,Round Rock ISD,A,91,2646,https://txschools.net/campus/mcneil-hs-246909004
5736,7185,255,108913111,Memorial Elem,Weslaco ISD,A,91,1057,https://txschools.net/campus/memorial-elem-108913111
5736,7185,255,101920001,Memorial HS,Spring Branch ISD,A,91,2669,https://txschools.net/campus/memorial-hs-101920001
5736,7185,255,031903042,Memorial MS,Harlingen CISD,A,91,698,https://txschools.net/campus/memorial-ms-031903042
5736,7185,255,108912044,Memorial MS,La Joya ISD,A,91,613,https://txschools.net/campus/memorial-ms-108912044
5736,7185,255,101914044,Memorial Parkway JH,Katy ISD,A,91,793,https://txschools.net/campus/memorial-parkway-jh-101914044
5736,7185,255,101924043,Michael R Null MS,Sheldon ISD,B,91,1031,https://txschools.net/campus/michael-r-null-ms-101924043
5736,7185,255,031903045,Moises Vela MS,Harlingen CISD,A,91,747,https://txschools.net/campus/moises-vela-ms-031903045
5736,7185,255,246913126,Monta Jane Akin Elem,Leander ISD,A,91,817,https://txschools.net/campus/monta-jane-akin-elem-246913126
5736,7185,255,169908101,Montague Elem,Montague ISD,A,91,170,https://txschools.net/campus/montague-elem-169908101
5736,7185,255,043912046,Moseley MS,Prosper ISD,A,91,1391,https://txschools.net/campus/moseley-ms-043912046
5736,7185,255,225902001,Mount Pleasant HS,Mount Pleasant ISD,A,91,1491,https://txschools.net/campus/mount-pleasant-hs-225902001
5736,7185,255,138903101,Munday Elem,Munday CISD,A,91,175,https://txschools.net/campus/munday-elem-138903101
5736,7185,255,094903001,Navarro HS,Navarro ISD,B,91,788,https://txschools.net/campus/navarro-hs-094903001
5736,7185,255,169902001,Nocona HS,Nocona ISD,A,91,240,https://txschools.net/campus/nocona-hs-169902001
5736,7185,255,220907111,North Riverside Elem,Keller ISD,A,91,460,https://txschools.net/campus/north-riverside-elem-220907111
5736,7185,255,111901106,Oak Woods School,Granbury ISD,A,91,525,https://txschools.net/campus/oak-woods-school-111901106
5736,7185,255,046901042,Oakrun MS,New Braunfels ISD,A,91,1024,https://txschools.net/campus/oakrun-ms-046901042
5736,7185,255,205905001,Odem HS,Odem-Edroy ISD,B,91,265,https://txschools.net/campus/odem-hs-205905001
5736,7185,255,220905229,Overton Park Elem,Fort Worth ISD,A,91,533,https://txschools.net/campus/overton-park-elem-220905229
5736,7185,255,031901003,Pace Early College HS,Brownsville ISD,B,91,1579,https://txschools.net/campus/pace-early-college-hs-031901003
5736,7185,255,188901004,Palo Duro HS,Amarillo ISD,A,91,1815,https://txschools.net/campus/palo-duro-hs-188901004
5736,7185,255,043905014,Panther Creek HS,Frisco ISD,B,91,1352,https://txschools.net/campus/panther-creek-hs-043905014
5736,7185,255,020908001,Pearland HS,Pearland ISD,A,91,3388,https://txschools.net/campus/pearland-hs-020908001
5736,7185,255,184908001,Peaster HS,Peaster ISD,A,91,482,https://txschools.net/campus/peaster-hs-184908001
5736,7185,255,119903001,Perrin School,Perrin-Whitt CISD,A,91,306,https://txschools.net/campus/perrin-school-119903001
5736,7185,255,178902103,Petronila Elem,Bishop CISD,A,91,86,https://txschools.net/campus/petronila-elem-178902103
5736,7185,255,092904001,Pine Tree HS,Pine Tree ISD,B,91,1267,https://txschools.net/campus/pine-tree-hs-092904001
5736,7185,255,101912220,Pleasantville Elem,Houston ISD,A,91,181,https://txschools.net/campus/pleasantville-elem-101912220
5736,7185,255,105906041,R C Barton MS,Hays CISD,A,91,1006,https://txschools.net/campus/r-c-barton-ms-105906041
5736,7185,255,084901041,R D McAdams JH,Dickinson ISD,B,91,893,https://txschools.net/campus/r-d-mcadams-jh-084901041
5736,7185,255,196903001,Refugio HS,Refugio ISD,B,91,190,https://txschools.net/campus/refugio-hs-196903001
5736,7185,255,043912042,Reynolds MS,Prosper ISD,A,91,1464,https://txschools.net/campus/reynolds-ms-043912042
5736,7185,255,071901045,Ricardo Estrada MS,Clint ISD,B,91,577,https://txschools.net/campus/ricardo-estrada-ms-071901045
5736,7185,255,188902001,River Road HS,River Road ISD,A,91,351,https://txschools.net/campus/river-road-hs-188902001
5736,7185,255,015910139,Roan Forest Elem,North East ISD,A,91,869,https://txschools.net/campus/roan-forest-elem-015910139
5736,7185,255,061911107,Roanoke Elem,Northwest ISD,B,91,652,https://txschools.net/campus/roanoke-elem-061911107
5736,7185,255,015908044,Robert C Zamora MS,South San Antonio ISD,B,91,638,https://txschools.net/campus/robert-c-zamora-ms-015908044
5736,7185,255,101907152,Robinson Elem,Cypress-Fairbanks ISD,A,91,897,https://txschools.net/campus/robinson-elem-101907152
5736,7185,255,198903101,Roland Reynolds Elem,Franklin ISD,A,91,587,https://txschools.net/campus/roland-reynolds-elem-198903101
5736,7185,255,152901189,Roscoe Wilson Elem,Lubbock ISD,A,91,554,https://txschools.net/campus/roscoe-wilson-elem-152901189
5736,7185,255,057909009,Rowlett HS,Garland ISD,B,91,2009,https://txschools.net/campus/rowlett-hs-057909009
5736,7185,255,227901065,Sadler Means YWLA,Austin ISD,B,91,222,https://txschools.net/campus/sadler-means-ywla-227901065
5736,7185,255,031913042,Santa Maria MS,Santa Maria ISD,B,91,104,https://txschools.net/campus/santa-maria-ms-031913042
5736,7185,255,226903120,Santa Rita Elem,San Angelo ISD,A,91,369,https://txschools.net/campus/santa-rita-elem-226903120
5736,7185,255,079907050,Sartartia MS,Fort Bend ISD,A,91,1286,https://txschools.net/campus/sartartia-ms-079907050
5736,7185,255,101912024,Scarborough HS,Houston ISD,A,91,588,https://txschools.net/campus/scarborough-hs-101912024
5736,7185,255,125901107,Schallert Elem,Alice ISD,A,91,618,https://txschools.net/campus/schallert-elem-125901107
5736,7185,255,165901125,Scharbauer Elem,Midland ISD,B,91,527,https://txschools.net/campus/scharbauer-elem-165901125
5736,7185,255,071905117,Scotsdale Elem,Ysleta ISD,A,91,761,https://txschools.net/campus/scotsdale-elem-071905117
5736,7185,255,083903001,Seminole HS,Seminole ISD,A,91,809,https://txschools.net/campus/seminole-hs-083903001
5736,7185,255,108911001,Sharyland HS,Sharyland ISD,A,91,1504,https://txschools.net/campus/sharyland-hs-108911001
5736,7185,255,101912239,Shearn Elem,Houston ISD,B,91,447,https://txschools.net/campus/shearn-elem-101912239
5736,7185,255,047905001,Sidney School,Sidney ISD,A,91,115,https://txschools.net/campus/sidney-school-047905001
5736,7185,255,079907137,Sienna Crossing Elem,Fort Bend ISD,A,91,997,https://txschools.net/campus/sienna-crossing-elem-079907137
5736,7185,255,205906001,Sinton HS,Sinton ISD,B,91,527,https://txschools.net/campus/sinton-hs-205906001
5736,7185,255,043910133,Skaggs Elem,Plano ISD,A,91,335,https://txschools.net/campus/skaggs-elem-043910133
5736,7185,255,043919042,Sloan Creek Int,Lovejoy ISD,A,91,558,https://txschools.net/campus/sloan-creek-int-043919042
5736,7185,255,227901060,Small MS,Austin ISD,A,91,1233,https://txschools.net/campus/small-ms-227901060
5736,7185,255,046902002,Smithson Valley HS,Comal ISD,A,91,2088,https://txschools.net/campus/smithson-valley-hs-046902002
5736,7185,255,011904002,Smithville HS,Smithville ISD,B,91,527,https://txschools.net/campus/smithville-hs-011904002
5736,7185,255,015909041,Somerset JH,Somerset ISD,A,91,633,https://txschools.net/campus/somerset-jh-015909041
5736,7185,255,170903104,Stewart Creek Elem,Montgomery ISD,A,91,400,https://txschools.net/campus/stewart-creek-elem-170903104
5736,7185,255,170902055,Stockton JH,Conroe ISD,A,91,1365,https://txschools.net/campus/stockton-jh-170902055
5736,7185,255,246909007,Stony Point HS,Round Rock ISD,A,91,2330,https://txschools.net/campus/stony-point-hs-246909007
5736,7185,255,220905171,Tanglewood Elem,Fort Worth ISD,A,91,541,https://txschools.net/campus/tanglewood-elem-220905171
5736,7185,255,015910056,Tejeda MS,North East ISD,A,91,969,https://txschools.net/campus/tejeda-ms-015910056
5736,7185,255,101912077,Thomas MS,Houston ISD,B,91,366,https://txschools.net/campus/thomas-ms-101912077
5736,7185,255,246912101,Thrall Elem,Thrall ISD,A,91,393,https://txschools.net/campus/thrall-elem-246912101
5736,7185,255,210905001,Timpson School,Timpson ISD,B,91,718,https://txschools.net/campus/timpson-school-210905001
5736,7185,255,101912374,Tinsley Elem,Houston ISD,B,91,548,https://txschools.net/campus/tinsley-elem-101912374
5736,7185,255,101921001,Tomball HS,Tomball ISD,A,91,3386,https://txschools.net/campus/tomball-hs-101921001
5736,7185,255,107906104,Tool Elem,Malakoff ISD,A,91,214,https://txschools.net/campus/tool-elem-107906104
5736,7185,255,188901047,Travis MS,Amarillo ISD,B,91,551,https://txschools.net/campus/travis-ms-188901047
5736,7185,255,212904041,Troup MS,Troup ISD,B,91,247,https://txschools.net/campus/troup-ms-212904041
5736,7185,255,240903043,United South MS,United ISD,A,91,817,https://txschools.net/campus/united-south-ms-240903043
5736,7185,255,165901004,Viola M Coleman HS,Midland ISD,A,91,148,https://txschools.net/campus/viola-m-coleman-hs-165901004
5736,7185,255,246913003,Vista Ridge HS,Leander ISD,A,91,2458,https://txschools.net/campus/vista-ridge-hs-246913003
5736,7185,255,101912015,Waltrip HS,Houston ISD,A,91,1519,https://txschools.net/campus/waltrip-hs-101912015
5736,7185,255,101907149,Warner Elem,Cypress-Fairbanks ISD,A,91,1117,https://txschools.net/campus/warner-elem-101907149
5736,7185,255,129902041,Warren MS,Forney ISD,B,91,725,https://txschools.net/campus/warren-ms-129902041
5736,7185,255,057909115,Watson Technology Center,Garland ISD,A,91,560,https://txschools.net/campus/watson-technology-center-057909115
5736,7185,255,057905372,West Dallas JH,Dallas ISD,B,91,341,https://txschools.net/campus/west-dallas-jh-057905372
5736,7185,255,101921119,West Int,Tomball ISD,B,91,634,https://txschools.net/campus/west-int-101921119
5736,7185,255,101913049,West Lake MS,Humble ISD,B,91,1265,https://txschools.net/campus/west-lake-ms-101913049
5736,7185,255,191901005,West Plains HS,Canyon ISD,B,91,1276,https://txschools.net/campus/west-plains-hs-191901005
5736,7185,255,168903001,Westbrook School,Westbrook ISD,A,91,217,https://txschools.net/campus/westbrook-school-168903001
5736,7185,255,101912017,Westbury HS,Houston ISD,A,91,1756,https://txschools.net/campus/westbury-hs-101912017
5736,7185,255,073904101,Westphalia Elem,Westphalia ISD,A,91,148,https://txschools.net/campus/westphalia-elem-073904101
5736,7185,255,057916048,Westwood Math Science Leadership Magnet,Richardson ISD,A,91,642,https://txschools.net/campus/westwood-math-science-leadership-magnet-057916048
5736,7185,255,116908001,WH Ford HS,Quinlan ISD,B,91,832,https://txschools.net/campus/wh-ford-hs-116908001
5736,7185,255,033904001,White Deer HS,White Deer ISD,A,91,149,https://txschools.net/campus/white-deer-hs-033904001
5736,7185,255,071902052,Wiggs MS,El Paso ISD,A,91,935,https://txschools.net/campus/wiggs-ms-071902052
5736,7185,255,079907013,William B Travis HS,Fort Bend ISD,B,91,3163,https://txschools.net/campus/william-b-travis-hs-079907013
5736,7185,255,071909043,William D Slider MS,Socorro ISD,A,91,587,https://txschools.net/campus/william-d-slider-ms-071909043
5736,7185,255,043912044,William Rushing MS,Prosper ISD,A,91,1094,https://txschools.net/campus/william-rushing-ms-043912044
5736,7185,255,220907110,Willis Lane Elem,Keller ISD,A,91,527,https://txschools.net/campus/willis-lane-elem-220907110
5736,7185,255,043908107,Willow Wood Elem,Melissa ISD,A,91,836,https://txschools.net/campus/willow-wood-elem-043908107
5736,7185,255,068901045,Wilson & Young Medal of Honor MS,Ector County ISD,B,91,1191,https://txschools.net/campus/wilson-young-medal-of-honor-ms-068901045
5736,7185,255,123905042,Wilson MS,Nederland ISD,A,91,692,https://txschools.net/campus/wilson-ms-123905042
5736,7185,255,174906001,Woden HS,Woden ISD,B,91,211,https://txschools.net/campus/woden-hs-174906001
5736,7185,255,101914129,Woodcreek Elem,Katy ISD,A,91,1203,https://txschools.net/campus/woodcreek-elem-101914129
5736,7185,255,101913048,Woodcreek MS,Humble ISD,A,91,1099,https://txschools.net/campus/woodcreek-ms-101913048
5736,7185,255,101910043,Woodland Acres MS,Galena Park ISD,A,91,513,https://txschools.net/campus/woodland-acres-ms-101910043
5736,7185,255,220901049,Young JH,Arlington ISD,B,91,684,https://txschools.net/campus/young-jh-220901049
5736,7185,255,178904142,Zavala Elem,Corpus Christi ISD,B,91,389,https://txschools.net/campus/zavala-elem-178904142
5736,7185,255,227901146,Zilker Elem,Austin ISD,A,91,537,https://txschools.net/campus/zilker-elem-227901146
5992,7185,480,095901041,Abernathy MS,Abernathy ISD,A,92,183,https://txschools.net/campus/abernathy-ms-095901041
5992,7185,480,180903001,Adrian School,Adrian ISD,A,92,136,https://txschools.net/campus/adrian-school-180903001
5992,7185,480,101905043,Aguirre JH,Channelview ISD,A,92,947,https://txschools.net/campus/aguirre-jh-101905043
5992,7185,480,108909113,Aida C Escobar Elem,Pharr-San Juan-Alamo ISD,A,92,718,https://txschools.net/campus/aida-c-escobar-elem-108909113
5992,7185,480,059901101,Aikman Elem,Hereford ISD,A,92,454,https://txschools.net/campus/aikman-elem-059901101
5992,7185,480,250906001,Alba-Golden HS,Alba-Golden ISD,A,92,402,https://txschools.net/campus/alba-golden-hs-250906001
5992,7185,480,184907001,Aledo HS,Aledo ISD,A,92,1723,https://txschools.net/campus/aledo-hs-184907001
5992,7185,480,108904129,Alfonso Ramirez Elem,Edinburg CISD,A,92,673,https://txschools.net/campus/alfonso-ramirez-elem-108904129
5992,7185,480,108909112,Alfred Sorensen Elem,Pharr-San Juan-Alamo ISD,A,92,557,https://txschools.net/campus/alfred-sorensen-elem-108909112
5992,7185,480,220905101,Alice Carlson Applied Lrn Ctr,Fort Worth ISD,A,92,382,https://txschools.net/campus/alice-carlson-applied-lrn-ctr-220905101
5992,7185,480,220905220,Alice D Contreras,Fort Worth ISD,A,92,455,https://txschools.net/campus/alice-d-contreras-220905220
5992,7185,480,126901001,Alvarado HS,Alvarado ISD,A,92,1122,https://txschools.net/campus/alvarado-hs-126901001
5992,7185,480,043905105,Anderson Elem,Frisco ISD,A,92,682,https://txschools.net/campus/anderson-elem-043905105
5992,7185,480,093901001,Anderson-Shiro Jr/Sr HS,Anderson-Shiro CISD,A,92,507,https://txschools.net/campus/anderson-shiro-jr-sr-hs-093901001
5992,7185,480,020902001,Angleton HS,Angleton ISD,A,92,2194,https://txschools.net/campus/angleton-hs-020902001
5992,7185,480,220908124,Annette Perry Elem,Mansfield ISD,A,92,585,https://txschools.net/campus/annette-perry-elem-220908124
5992,7185,480,071906041,Anthony MS,Anthony ISD,A,92,166,https://txschools.net/campus/anthony-ms-071906041
5992,7185,480,101912478,Arabic Immersion Magnet School,Houston ISD,A,92,676,https://txschools.net/campus/arabic-immersion-magnet-school-101912478
5992,7185,480,005901001,Archer City HS,Archer City ISD,A,92,207,https://txschools.net/campus/archer-city-hs-005901001
5992,7185,480,191901106,Arden Road Elem,Canyon ISD,A,92,362,https://txschools.net/campus/arden-road-elem-191901106
5992,7185,480,061910041,Argyle MS,Argyle ISD,A,92,1045,https://txschools.net/campus/argyle-ms-061910041
5992,7185,480,246913044,Artie L Henry MS,Leander ISD,A,92,1255,https://txschools.net/campus/artie-l-henry-ms-246913044
5992,7185,480,220908207,Asa E Low Jr Int,Mansfield ISD,B,92,704,https://txschools.net/campus/asa-e-low-jr-int-220908207
5992,7185,480,101912273,Ashford Elem,Houston ISD,A,92,532,https://txschools.net/campus/ashford-elem-101912273
5992,7185,480,101913044,Atascocita MS,Humble ISD,B,92,931,https://txschools.net/campus/atascocita-ms-101913044
5992,7185,480,101917124,Atkinson Elem,Pasadena ISD,A,92,395,https://txschools.net/campus/atkinson-elem-101917124
5992,7185,480,108909048,Audie Murphy MS,Pharr-San Juan-Alamo ISD,A,92,803,https://txschools.net/campus/audie-murphy-ms-108909048
5992,7185,480,170906110,Audubon Elem,Magnolia ISD,A,92,668,https://txschools.net/campus/audubon-elem-170906110
5992,7185,480,108909126,Augusto Guerra Elem,Pharr-San Juan-Alamo ISD,A,92,717,https://txschools.net/campus/augusto-guerra-elem-108909126
5992,7185,480,108904101,Austin Elem,Edinburg CISD,A,92,344,https://txschools.net/campus/austin-elem-108904101
5992,7185,480,227901002,Austin HS,Austin ISD,A,92,2292,https://txschools.net/campus/austin-hs-227901002
5992,7185,480,057909052,B G Hudson MS,Garland ISD,A,92,1059,https://txschools.net/campus/b-g-hudson-ms-057909052
5992,7185,480,020908113,Barbara Cockrell Elem,Pearland ISD,A,92,754,https://txschools.net/campus/barbara-cockrell-elem-020908113
5992,7185,480,240903131,Barbara Fasken Elem,United ISD,B,92,680,https://txschools.net/campus/barbara-fasken-elem-240903131
5992,7185,480,036902045,Barbers Hill Int South,Barbers Hill ISD,A,92,968,https://txschools.net/campus/barbers-hill-int-south-036902045
5992,7185,480,043910132,Barksdale Elem,Plano ISD,A,92,563,https://txschools.net/campus/barksdale-elem-043910132
5992,7185,480,152901155,Bayless Elem,Lubbock ISD,B,92,418,https://txschools.net/campus/bayless-elem-152901155
5992,7185,480,084910050,Bayside Int,Clear Creek ISD,B,92,904,https://txschools.net/campus/bayside-int-084910050
5992,7185,480,057909101,Beaver Technology Center,Garland ISD,A,92,545,https://txschools.net/campus/beaver-technology-center-057909101
5992,7185,480,227913103,Bee Cave Elem,Lake Travis ISD,A,92,800,https://txschools.net/campus/bee-cave-elem-227913103
5992,7185,480,031901135,Benavides Elem,Brownsville ISD,A,92,810,https://txschools.net/campus/benavides-elem-031901135
5992,7185,480,108909136,Berta S Palacios Elem,Pharr-San Juan-Alamo ISD,A,92,465,https://txschools.net/campus/berta-s-palacios-elem-108909136
5992,7185,480,020905111,Bess Brannen Elem,Brazosport ISD,A,92,721,https://txschools.net/campus/bess-brannen-elem-020905111
5992,7185,480,220907118,Bette Perot Elem,Keller ISD,A,92,478,https://txschools.net/campus/bette-perot-elem-220907118
5992,7185,480,043901117,Beverly Cheatham Elem,Allen ISD,A,92,696,https://txschools.net/campus/beverly-cheatham-elem-043901117
5992,7185,480,199901114,Billie Stevenson Elem,Rockwall ISD,A,92,738,https://txschools.net/campus/billie-stevenson-elem-199901114
5992,7185,480,057905371,Biomedical Preparatory at UT Southwestern,Dallas ISD,A,92,332,https://txschools.net/campus/biomedical-preparatory-at-ut-southwestern-057905371
5992,7185,480,101907139,Birkes Elem,Cypress-Fairbanks ISD,A,92,911,https://txschools.net/campus/birkes-elem-101907139
5992,7185,480,130901001,Boerne HS,Boerne ISD,A,92,1534,https://txschools.net/campus/boerne-hs-130901001
5992,7185,480,212905104,Bonner Elem,Tyler ISD,B,92,375,https://txschools.net/campus/bonner-elem-212905104
5992,7185,480,008903041,Brazos MS,Brazos ISD,A,92,198,https://txschools.net/campus/brazos-ms-008903041
5992,7185,480,020905001,Brazosport HS,Brazosport ISD,B,92,800,https://txschools.net/campus/brazosport-hs-020905001
5992,7185,480,220908128,Brenda Norwood Elem,Mansfield ISD,A,92,830,https://txschools.net/campus/brenda-norwood-elem-220908128
5992,7185,480,184909001,Brock HS,Brock ISD,A,92,607,https://txschools.net/campus/brock-hs-184909001
5992,7185,480,121902001,Brookeland HS,Brookeland ISD,B,92,184,https://txschools.net/campus/brookeland-hs-121902001
5992,7185,480,101914142,Bryant Elem,Katy ISD,A,92,1149,https://txschools.net/campus/bryant-elem-101914142
5992,7185,480,101912122,Burbank Elem,Houston ISD,A,92,689,https://txschools.net/campus/burbank-elem-101912122
5992,7185,480,170902121,Bush Elem,Conroe ISD,A,92,651,https://txschools.net/campus/bush-elem-170902121
5992,7185,480,220901129,Butler Elem,Arlington ISD,A,92,578,https://txschools.net/campus/butler-elem-220901129
5992,7185,480,050910104,C R Clements/Hollie Parsons Elem,Copperas Cove ISD,A,92,796,https://txschools.net/campus/c-r-clements-hollie-parsons-elem-050910104
5992,7185,480,071909133,Cactus Trails,Socorro ISD,A,92,1029,https://txschools.net/campus/cactus-trails-071909133
5992,7185,480,116901001,Caddo Mills HS,Caddo Mills ISD,A,92,910,https://txschools.net/campus/caddo-mills-hs-116901001
5992,7185,480,101914143,Campbell Elem,Katy ISD,A,92,1136,https://txschools.net/campus/campbell-elem-101914143
5992,7185,480,071909104,Campestre Elem,Socorro ISD,A,92,473,https://txschools.net/campus/campestre-elem-071909104
5992,7185,480,106901001,Canadian HS,Canadian ISD,A,92,248,https://txschools.net/campus/canadian-hs-106901001
5992,7185,480,108904122,Cano-Gonzalez Elem,Edinburg CISD,B,92,379,https://txschools.net/campus/cano-gonzalez-elem-108904122
5992,7185,480,108904114,Canterbury Elem,Edinburg CISD,A,92,617,https://txschools.net/campus/canterbury-elem-108904114
5992,7185,480,234902001,Canton HS,Canton ISD,A,92,647,https://txschools.net/campus/canton-hs-234902001
5992,7185,480,057922113,Canyon Ranch Elem,Coppell ISD,A,92,673,https://txschools.net/campus/canyon-ranch-elem-057922113
5992,7185,480,108909128,Carmen Anaya Elem,Pharr-San Juan-Alamo ISD,A,92,390,https://txschools.net/campus/carmen-anaya-elem-108909128
5992,7185,480,220908123,Carol Holt Elem,Mansfield ISD,A,92,435,https://txschools.net/campus/carol-holt-elem-220908123
5992,7185,480,079907151,Carolyn and Vernon Madden Elem,Fort Bend ISD,A,92,886,https://txschools.net/campus/carolyn-and-vernon-madden-elem-079907151
5992,7185,480,227904122,Carpenter Elem,Pflugerville ISD,B,92,610,https://txschools.net/campus/carpenter-elem-227904122
5992,7185,480,031912103,Cash Elem,San Benito CISD,A,92,569,https://txschools.net/campus/cash-elem-031912103
5992,7185,480,015907027,CAST Tech HS,San Antonio ISD,B,92,427,https://txschools.net/campus/cast-tech-hs-015907027
5992,7185,480,061902136,Castle Hills Elem,Lewisville ISD,A,92,625,https://txschools.net/campus/castle-hills-elem-061902136
5992,7185,480,163908103,Castroville Elem,Medina Valley ISD,A,92,636,https://txschools.net/campus/castroville-elem-163908103
5992,7185,480,108906047,Cathey MS,McAllen ISD,A,92,837,https://txschools.net/campus/cathey-ms-108906047
5992,7185,480,108904123,Cavazos Elem,Edinburg CISD,B,92,482,https://txschools.net/campus/cavazos-elem-108904123
5992,7185,480,057905126,Central Elem,Dallas ISD,A,92,603,https://txschools.net/campus/central-elem-057905126
5992,7185,480,174908041,Central Heights MS,Central Heights ISD,A,92,281,https://txschools.net/campus/central-heights-ms-174908041
5992,7185,480,229906101,Chester Elem,Chester ISD,A,92,76,https://txschools.net/campus/chester-elem-229906101
5992,7185,480,073901001,Chilton School,Chilton ISD,A,92,574,https://txschools.net/campus/chilton-school-073901001
5992,7185,480,174901001,Chireno HS,Chireno ISD,A,92,124,https://txschools.net/campus/chireno-hs-174901001
5992,7185,480,246909043,Chisholm Trail MS,Round Rock ISD,A,92,739,https://txschools.net/campus/chisholm-trail-ms-246909043
5992,7185,480,139905041,Chisum MS,Chisum ISD,A,92,284,https://txschools.net/campus/chisum-ms-139905041
5992,7185,480,130901105,Cibolo Creek Elem,Boerne ISD,A,92,441,https://txschools.net/campus/cibolo-creek-elem-130901105
5992,7185,480,170902080,Clark Int,Conroe ISD,A,92,972,https://txschools.net/campus/clark-int-170902080
5992,7185,480,014906116,Clarke Elem,Killeen ISD,A,92,475,https://txschools.net/campus/clarke-elem-014906116
5992,7185,480,057905205,Clinton P Russell Elem,Dallas ISD,A,92,407,https://txschools.net/campus/clinton-p-russell-elem-057905205
5992,7185,480,043905053,Cobb MS,Frisco ISD,A,92,808,https://txschools.net/campus/cobb-ms-043905053
5992,7185,480,071902110,Coldwell Elem,El Paso ISD,A,92,330,https://txschools.net/campus/coldwell-elem-071902110
5992,7185,480,220906042,Colleyville MS,Grapevine-Colleyville ISD,A,92,621,https://txschools.net/campus/colleyville-ms-220906042
5992,7185,480,079907128,Colony Meadows Elem,Fort Bend ISD,A,92,632,https://txschools.net/campus/colony-meadows-elem-079907128
5992,7185,480,050910041,Copperas Cove JH,Copperas Cove ISD,B,92,831,https://txschools.net/campus/copperas-cove-jh-050910041
5992,7185,480,079901125,Cora Thomas Elem,Lamar CISD,A,92,694,https://txschools.net/campus/cora-thomas-elem-079901125
5992,7185,480,101912133,Cornelius Elem,Houston ISD,A,92,720,https://txschools.net/campus/cornelius-elem-101912133
5992,7185,480,161901101,Crawford Elem,Crawford ISD,A,92,278,https://txschools.net/campus/crawford-elem-161901101
5992,7185,480,178904160,Creekside Elem,Corpus Christi ISD,A,92,497,https://txschools.net/campus/creekside-elem-178904160
5992,7185,480,101913043,Creekwood MS,Humble ISD,A,92,1135,https://txschools.net/campus/creekwood-ms-101913043
5992,7185,480,101912290,Crespo Elem,Houston ISD,A,92,507,https://txschools.net/campus/crespo-elem-101912290
5992,7185,480,152907104,Crestview Elem,Frenship ISD,A,92,649,https://txschools.net/campus/crestview-elem-152907104
5992,7185,480,101906001,Crosby HS,Crosby ISD,B,92,2179,https://txschools.net/campus/crosby-hs-101906001
5992,7185,480,107904041,Cross Roads JH,Cross Roads ISD,A,92,112,https://txschools.net/campus/cross-roads-jh-107904041
5992,7185,480,220906044,Cross Timbers MS,Grapevine-Colleyville ISD,A,92,810,https://txschools.net/campus/cross-timbers-ms-220906044
5992,7185,480,101910044,Cunningham MS,Galena Park ISD,A,92,760,https://txschools.net/campus/cunningham-ms-101910044
5992,7185,480,043905103,Curtsinger Elem,Frisco ISD,A,92,561,https://txschools.net/campus/curtsinger-elem-043905103
5992,7185,480,043912104,Cynthia A Cockrell Elem,Prosper ISD,A,92,752,https://txschools.net/campus/cynthia-a-cockrell-elem-043912104
5992,7185,480,101907004,Cypress Creek HS,Cypress-Fairbanks ISD,B,92,3029,https://txschools.net/campus/cypress-creek-hs-101907004
5992,7185,480,240901119,D D Hachar Elem,Laredo ISD,A,92,405,https://txschools.net/campus/d-d-hachar-elem-240901119
5992,7185,480,020904001,Danbury HS,Danbury ISD,A,92,209,https://txschools.net/campus/danbury-hs-020904001
5992,7185,480,137903042,De La Paz MS,Riviera ISD,B,92,101,https://txschools.net/campus/de-la-paz-ms-137903042
5992,7185,480,047902101,De Leon Elem,De Leon ISD,A,92,295,https://txschools.net/campus/de-leon-elem-047902101
5992,7185,480,101912138,De Zavala Elem,Houston ISD,A,92,218,https://txschools.net/campus/de-zavala-elem-101912138
5992,7185,480,101912045,Deady MS,Houston ISD,A,92,360,https://txschools.net/campus/deady-ms-101912045
5992,7185,480,170902074,Deretchin Elem,Conroe ISD,A,92,1071,https://txschools.net/campus/deretchin-elem-170902074
5992,7185,480,220905122,Diamond Hill Elem,Fort Worth ISD,A,92,442,https://txschools.net/campus/diamond-hill-elem-220905122
5992,7185,480,108912111,Diaz-Villarreal Elem,La Joya ISD,B,92,517,https://txschools.net/campus/diaz-villarreal-elem-108912111
5992,7185,480,084901001,Dickinson HS,Dickinson ISD,A,92,3755,https://txschools.net/campus/dickinson-hs-084901001
5992,7185,480,079907153,Donald Leonetti Elem,Fort Bend ISD,A,92,970,https://txschools.net/campus/donald-leonetti-elem-079907153
5992,7185,480,043901113,Dr E T Boon Elem,Allen ISD,A,92,764,https://txschools.net/campus/dr-e-t-boon-elem-043901113
5992,7185,480,043907046,Dr Jack Cockrill MS,McKinney ISD,A,92,1172,https://txschools.net/campus/dr-jack-cockrill-ms-043907046
5992,7185,480,240903130,Dr Malakoff Elem,United ISD,A,92,557,https://txschools.net/campus/dr-malakoff-elem-240903130
5992,7185,480,108904127,Dr Thomas Esparza Elem,Edinburg CISD,B,92,485,https://txschools.net/campus/dr-thomas-esparza-elem-108904127
5992,7185,480,105904041,Dripping Springs MS,Dripping Springs ISD,A,92,908,https://txschools.net/campus/dripping-springs-ms-105904041
5992,7185,480,072902101,Dublin Elem,Dublin ISD,A,92,371,https://txschools.net/campus/dublin-elem-072902101
5992,7185,480,036903001,East Chambers HS,East Chambers ISD,A,92,470,https://txschools.net/campus/east-chambers-hs-036903001
5992,7185,480,071905120,East Point Elem,Ysleta ISD,A,92,522,https://txschools.net/campus/east-point-elem-071905120
5992,7185,480,071909050,Eastlake MS,Socorro ISD,A,92,884,https://txschools.net/campus/eastlake-ms-071909050
5992,7185,480,071905124,Eastwood Heights Elem,Ysleta ISD,A,92,513,https://txschools.net/campus/eastwood-heights-elem-071905124
5992,7185,480,071905107,Edgemere International School,Ysleta ISD,A,92,605,https://txschools.net/campus/edgemere-international-school-071905107
5992,7185,480,101914114,Edna Mae Fielder Elem,Katy ISD,A,92,955,https://txschools.net/campus/edna-mae-fielder-elem-101914114
5992,7185,480,071909115,Elfida Chavez Elem,Socorro ISD,A,92,597,https://txschools.net/campus/elfida-chavez-elem-071909115
5992,7185,480,101912148,Elrod Elem,Houston ISD,A,92,650,https://txschools.net/campus/elrod-elem-101912148
5992,7185,480,246909139,Elsa England Elem,Round Rock ISD,A,92,1020,https://txschools.net/campus/elsa-england-elem-246909139
5992,7185,480,101912342,Energized for Excellence Academy Inc MS,Houston ISD,A,92,530,https://txschools.net/campus/energized-for-excellence-academy-inc-ms-101912342
5992,7185,480,108912121,Enrique Kiki Camarena Elem,La Joya ISD,A,92,715,https://txschools.net/campus/enrique-kiki-camarena-elem-108912121
5992,7185,480,220916042,Euless JH,Hurst-Euless-Bedford ISD,A,92,1003,https://txschools.net/campus/euless-jh-220916042
5992,7185,480,121906101,Evadale Elem,Evadale ISD,A,92,223,https://txschools.net/campus/evadale-elem-121906101
5992,7185,480,128904001,Falls City HS,Falls City ISD,B,92,198,https://txschools.net/campus/falls-city-hs-128904001
5992,7185,480,101907135,Farney Elem,Cypress-Fairbanks ISD,A,92,955,https://txschools.net/campus/farney-elem-101907135
5992,7185,480,031901043,Faulk MS,Brownsville ISD,A,92,791,https://txschools.net/campus/faulk-ms-031901043
5992,7185,480,101912152,Field Elem,Houston ISD,A,92,559,https://txschools.net/campus/field-elem-101912152
5992,7185,480,043905107,Fisher Elem,Frisco ISD,A,92,613,https://txschools.net/campus/fisher-elem-043905107
5992,7185,480,075901102,Flatonia Elem,Flatonia ISD,A,92,356,https://txschools.net/campus/flatonia-elem-075901102
5992,7185,480,220907102,Florence Elem,Keller ISD,A,92,451,https://txschools.net/campus/florence-elem-220907102
5992,7185,480,178914001,Flour Bluff HS,Flour Bluff ISD,A,92,1895,https://txschools.net/campus/flour-bluff-hs-178914001
5992,7185,480,061902112,Flower Mound Elem,Lewisville ISD,A,92,489,https://txschools.net/campus/flower-mound-elem-061902112
5992,7185,480,101912476,Forest Brook MS,Houston ISD,A,92,550,https://txschools.net/campus/forest-brook-ms-101912476
5992,7185,480,246909126,Forest Creek Elem,Round Rock ISD,A,92,682,https://txschools.net/campus/forest-creek-elem-246909126
5992,7185,480,021901108,Forest Ridge,College Station ISD,A,92,481,https://txschools.net/campus/forest-ridge-021901108
5992,7185,480,061902128,Forest Vista Elem,Lewisville ISD,A,92,718,https://txschools.net/campus/forest-vista-elem-061902128
5992,7185,480,043905048,Fowler MS,Frisco ISD,A,92,862,https://txschools.net/campus/fowler-ms-043905048
5992,7185,480,043901108,Frances E Norton Elem,Allen ISD,A,92,592,https://txschools.net/campus/frances-e-norton-elem-043901108
5992,7185,480,101915125,Frank Elem,Klein ISD,A,92,673,https://txschools.net/campus/frank-elem-101915125
5992,7185,480,198903041,Franklin MS,Franklin ISD,A,92,419,https://txschools.net/campus/franklin-ms-198903041
5992,7185,480,240903134,Freedom Elem,United ISD,A,92,675,https://txschools.net/campus/freedom-elem-240903134
5992,7185,480,234909001,Fruitvale HS,Fruitvale ISD,A,92,92,https://txschools.net/campus/fruitvale-hs-234909001
5992,7185,480,226903111,Ft Concho Elem,San Angelo ISD,A,92,472,https://txschools.net/campus/ft-concho-elem-226903111
5992,7185,480,101910104,Galena Park Elem,Galena Park ISD,B,92,577,https://txschools.net/campus/galena-park-elem-101910104
5992,7185,480,101910002,Galena Park HS,Galena Park ISD,A,92,1792,https://txschools.net/campus/galena-park-hs-101910002
5992,7185,480,031901106,Garden Park Elem,Brownsville ISD,A,92,340,https://txschools.net/campus/garden-park-elem-031901106
5992,7185,480,057909002,Garland HS,Garland ISD,A,92,2129,https://txschools.net/campus/garland-hs-057909002
5992,7185,480,220919043,George Dawson MS,Carroll ISD,A,92,577,https://txschools.net/campus/george-dawson-ms-220919043
5992,7185,480,079901009,George Ranch HS,Lamar CISD,A,92,2213,https://txschools.net/campus/george-ranch-hs-079901009
5992,7185,480,149901102,George West Pri,George West ISD,A,92,350,https://txschools.net/campus/george-west-pri-149901102
5992,7185,480,057905276,Gilbert Cuellar Sr Elem,Dallas ISD,A,92,628,https://txschools.net/campus/gilbert-cuellar-sr-elem-057905276
5992,7185,480,020905113,Gladys Polk Elem,Brazosport ISD,A,92,396,https://txschools.net/campus/gladys-polk-elem-020905113
5992,7185,480,101907136,Gleason Elem,Cypress-Fairbanks ISD,A,92,940,https://txschools.net/campus/gleason-elem-101907136
5992,7185,480,220905132,Glen Park Elem,Fort Worth ISD,A,92,425,https://txschools.net/campus/glen-park-elem-220905132
5992,7185,480,020901114,Glenn York Elem,Alvin ISD,A,92,708,https://txschools.net/campus/glenn-york-elem-020901114
5992,7185,480,167901002,Goldthwaite MS,Goldthwaite ISD,A,92,118,https://txschools.net/campus/goldthwaite-ms-167901002
5992,7185,480,101911015,Goose Creek Memorial,Goose Creek CISD,A,92,2110,https://txschools.net/campus/goose-creek-memorial-101911015
5992,7185,480,108909127,Graciela Garcia Elem,Pharr-San Juan-Alamo ISD,A,92,384,https://txschools.net/campus/graciela-garcia-elem-108909127
5992,7185,480,101921117,Grand Oaks Elem,Tomball ISD,A,92,620,https://txschools.net/campus/grand-oaks-elem-101921117
5992,7185,480,170902016,Grand Oaks HS,Conroe ISD,B,92,3905,https://txschools.net/campus/grand-oaks-hs-170902016
5992,7185,480,220906041,Grapevine MS,Grapevine-Colleyville ISD,B,92,618,https://txschools.net/campus/grapevine-ms-220906041
5992,7185,480,205902041,Gregory-Portland MS,Gregory-Portland ISD,B,92,1192,https://txschools.net/campus/gregory-portland-ms-205902041
5992,7185,480,043905046,Griffin MS,Frisco ISD,A,92,655,https://txschools.net/campus/griffin-ms-043905046
5992,7185,480,147902042,Groesbeck MS,Groesbeck ISD,B,92,235,https://txschools.net/campus/groesbeck-ms-147902042
5992,7185,480,101912369,Gross Elem,Houston ISD,A,92,321,https://txschools.net/campus/gross-elem-101912369
5992,7185,480,071909102,H D Hilley Elem,Socorro ISD,B,92,470,https://txschools.net/campus/h-d-hilley-elem-071909102
5992,7185,480,101907128,Hairgrove Elem,Cypress-Fairbanks ISD,A,92,805,https://txschools.net/campus/hairgrove-elem-101907128
5992,7185,480,101907126,Hamilton Elem,Cypress-Fairbanks ISD,A,92,972,https://txschools.net/campus/hamilton-elem-101907126
5992,7185,480,101907049,Hamilton MS,Cypress-Fairbanks ISD,A,92,1491,https://txschools.net/campus/hamilton-ms-101907049
5992,7185,480,219901001,Happy HS,Happy ISD,A,92,117,https://txschools.net/campus/happy-hs-219901001
5992,7185,480,014906007,Harker Heights HS,Killeen ISD,A,92,2175,https://txschools.net/campus/harker-heights-hs-014906007
5992,7185,480,102905001,Harleton HS,Harleton ISD,A,92,198,https://txschools.net/campus/harleton-hs-102905001
5992,7185,480,015910106,Harmony Hills Elem,North East ISD,A,92,355,https://txschools.net/campus/harmony-hills-elem-015910106
5992,7185,480,108911108,Harry Shimotsu Elem,Sharyland ISD,A,92,580,https://txschools.net/campus/harry-shimotsu-elem-108911108
5992,7185,480,043910134,Haun Elem,Plano ISD,A,92,448,https://txschools.net/campus/haun-elem-043910134
5992,7185,480,071902119,Hawkins Elem,El Paso ISD,A,92,255,https://txschools.net/campus/hawkins-elem-071902119
5992,7185,480,061902008,Hebron HS,Lewisville ISD,B,92,3618,https://txschools.net/campus/hebron-hs-061902008
5992,7185,480,057905077,Hector P Garcia MS,Dallas ISD,A,92,664,https://txschools.net/campus/hector-p-garcia-ms-057905077
5992,7185,480,043910125,Hedgcoxe Elem,Plano ISD,A,92,358,https://txschools.net/campus/hedgcoxe-elem-043910125
5992,7185,480,065902001,Hedley School,Hedley ISD,B,92,85,https://txschools.net/campus/hedley-school-065902001
5992,7185,480,101912170,Helms Elem,Houston ISD,A,92,522,https://txschools.net/campus/helms-elem-101912170
5992,7185,480,101912171,Henderson J Elem,Houston ISD,A,92,346,https://txschools.net/campus/henderson-j-elem-101912171
5992,7185,480,072903041,Henderson JH,Stephenville ISD,A,92,534,https://txschools.net/campus/henderson-jh-072903041
5992,7185,480,039902001,Henrietta HS,Henrietta ISD,A,92,273,https://txschools.net/campus/henrietta-hs-039902001
5992,7185,480,057909142,Herfurth Elem,Garland ISD,A,92,612,https://txschools.net/campus/herfurth-elem-057909142
5992,7185,480,199901044,Herman E Utley MS,Rockwall ISD,A,92,824,https://txschools.net/campus/herman-e-utley-ms-199901044
5992,7185,480,105902107,Hernandez Elem,San Marcos CISD,A,92,557,https://txschools.net/campus/hernandez-elem-105902107
5992,7185,480,057909133,Hickman Elem,Garland ISD,A,92,453,https://txschools.net/campus/hickman-elem-057909133
5992,7185,480,108905104,Hidalgo Park Elem,Hidalgo ISD,A,92,216,https://txschools.net/campus/hidalgo-park-elem-108905104
5992,7185,480,220907112,Hidden Lakes Elem,Keller ISD,A,92,384,https://txschools.net/campus/hidden-lakes-elem-220907112
5992,7185,480,015911106,Highland Forest Elem,East Central ISD,A,92,738,https://txschools.net/campus/highland-forest-elem-015911106
5992,7185,480,188903001,Highland Park HS,Highland Park ISD,A,92,205,https://txschools.net/campus/highland-park-hs-188903001
5992,7185,480,043910138,Hightower Elem,Plano ISD,A,92,442,https://txschools.net/campus/hightower-elem-043910138
5992,7185,480,123905103,Hillcrest Elem,Nederland ISD,A,92,761,https://txschools.net/campus/hillcrest-elem-123905103
5992,7185,480,046902112,Hoffmann Lane Elem,Comal ISD,A,92,712,https://txschools.net/campus/hoffmann-lane-elem-046902112
5992,7185,480,101912053,Hogg MS,Houston ISD,A,92,1149,https://txschools.net/campus/hogg-ms-101912053
5992,7185,480,152901166,Honey Elem,Lubbock ISD,A,92,434,https://txschools.net/campus/honey-elem-152901166
5992,7185,480,074907041,Honey Grove MS,Honey Grove ISD,A,92,153,https://txschools.net/campus/honey-grove-ms-074907041
5992,7185,480,072903104,Hook Elem,Stephenville ISD,A,92,471,https://txschools.net/campus/hook-elem-072903104
5992,7185,480,123907103,Houston Elem,Port Arthur ISD,A,92,699,https://txschools.net/campus/houston-elem-123907103
5992,7185,480,178904117,Houston Elem,Corpus Christi ISD,B,92,333,https://txschools.net/campus/houston-elem-178904117
5992,7185,480,101912034,HS for Law and Justice,Houston ISD,A,92,410,https://txschools.net/campus/hs-for-law-and-justice-101912034
5992,7185,480,031901134,Hudson Elem,Brownsville ISD,A,92,768,https://txschools.net/campus/hudson-elem-031901134
5992,7185,480,101920107,Hunters Creek Elem,Spring Branch ISD,A,92,537,https://txschools.net/campus/hunters-creek-elem-101920107
5992,7185,480,071909051,Hurshel Antwine MS,Socorro ISD,B,92,707,https://txschools.net/campus/hurshel-antwine-ms-071909051
5992,7185,480,120905041,Industrial JH,Industrial ISD,A,92,260,https://txschools.net/campus/industrial-jh-120905041
5992,7185,480,133904101,Ingram Elem,Ingram ISD,A,92,660,https://txschools.net/campus/ingram-elem-133904101
5992,7185,480,133904001,Ingram Tom Moore HS,Ingram ISD,A,92,443,https://txschools.net/campus/ingram-tom-moore-hs-133904001
5992,7185,480,018906001,Iredell School,Iredell ISD,A,92,137,https://txschools.net/campus/iredell-school-018906001
5992,7185,480,079907054,James Bowie MS,Fort Bend ISD,A,92,1500,https://txschools.net/campus/james-bowie-ms-079907054
5992,7185,480,101914118,James E Williams Elem,Katy ISD,A,92,842,https://txschools.net/campus/james-e-williams-elem-101914118
5992,7185,480,043912119,Jana L Thomson Elem,Prosper ISD,A,92,622,https://txschools.net/campus/jana-l-thomson-elem-043912119
5992,7185,480,061910105,Jane Ruestmann Elem,Argyle ISD,A,92,842,https://txschools.net/campus/jane-ruestmann-elem-061910105
5992,7185,480,070908110,Jean Coleman Elem,Midlothian ISD,A,92,662,https://txschools.net/campus/jean-coleman-elem-070908110
5992,7185,480,108904105,Jefferson Elem,Edinburg CISD,A,92,506,https://txschools.net/campus/jefferson-elem-108904105
5992,7185,480,043901119,Jenny Preston Elem,Allen ISD,A,92,647,https://txschools.net/campus/jenny-preston-elem-043901119
5992,7185,480,105906120,Jim Cullen Elem,Hays CISD,A,92,495,https://txschools.net/campus/jim-cullen-elem-105906120
5992,7185,480,221911001,Jim Ned HS,Jim Ned CISD,B,92,454,https://txschools.net/campus/jim-ned-hs-221911001
5992,7185,480,221911041,Jim Ned MS,Jim Ned CISD,A,92,271,https://txschools.net/campus/jim-ned-ms-221911041
5992,7185,480,210902001,Joaquin Schools,Joaquin ISD,A,92,695,https://txschools.net/campus/joaquin-schools-210902001
5992,7185,480,214901105,John & Olive Hinojosa Elem,Rio Grande City Grulla ISD,A,92,394,https://txschools.net/campus/john-olive-hinojosa-elem-214901105
5992,7185,480,108909106,John Doedyns Elem,Pharr-San Juan-Alamo ISD,B,92,387,https://txschools.net/campus/john-doedyns-elem-108909106
5992,7185,480,071909124,John Drugan School,Socorro ISD,A,92,1037,https://txschools.net/campus/john-drugan-school-071909124
5992,7185,480,129902101,Johnson Elem,Forney ISD,A,92,725,https://txschools.net/campus/johnson-elem-129902101
5992,7185,480,108912110,Jose De Escandon Elem,La Joya ISD,A,92,583,https://txschools.net/campus/jose-de-escandon-elem-108912110
5992,7185,480,079901127,Judge James C Adolphus Elem,Lamar CISD,A,92,1031,https://txschools.net/campus/judge-james-c-adolphus-elem-079901127
5992,7185,480,178904055,Kaffie MS,Corpus Christi ISD,B,92,787,https://txschools.net/campus/kaffie-ms-178904055
5992,7185,480,101915108,Kaiser Elem,Klein ISD,A,92,742,https://txschools.net/campus/kaiser-elem-101915108
5992,7185,480,128901001,Karnes City HS,Karnes City ISD,A,92,271,https://txschools.net/campus/karnes-city-hs-128901001
5992,7185,480,116901102,Kathryn Griffis Elem,Caddo Mills ISD,A,92,468,https://txschools.net/campus/kathryn-griffis-elem-116901102
5992,7185,480,220907101,Keller-Harvel Elem,Keller ISD,A,92,464,https://txschools.net/campus/keller-harvel-elem-220907101
5992,7185,480,108909117,Kelly-Pharr Elem,Pharr-San Juan-Alamo ISD,B,92,516,https://txschools.net/campus/kelly-pharr-elem-108909117
5992,7185,480,101912188,Kennedy Elem,Houston ISD,B,92,458,https://txschools.net/campus/kennedy-elem-101912188
5992,7185,480,101912389,Ketelsen Elem,Houston ISD,A,92,339,https://txschools.net/campus/ketelsen-elem-101912389
5992,7185,480,101912079,Key MS,Houston ISD,A,92,423,https://txschools.net/campus/key-ms-101912079
5992,7185,480,227901180,Kiker Elem,Austin ISD,A,92,715,https://txschools.net/campus/kiker-elem-227901180
5992,7185,480,101913042,Kingwood MS,Humble ISD,B,92,998,https://txschools.net/campus/kingwood-ms-101913042
5992,7185,480,101915005,Klein Cain HS,Klein ISD,A,92,3750,https://txschools.net/campus/klein-cain-hs-101915005
5992,7185,480,170903004,Lake Creek HS,Montgomery ISD,A,92,1686,https://txschools.net/campus/lake-creek-hs-170903004
5992,7185,480,227913001,Lake Travis HS,Lake Travis ISD,A,92,3421,https://txschools.net/campus/lake-travis-hs-227913001
5992,7185,480,057922107,Lakeside Elem,Coppell ISD,A,92,365,https://txschools.net/campus/lakeside-elem-057922107
5992,7185,480,227913102,Lakeway Elem,Lake Travis ISD,A,92,491,https://txschools.net/campus/lakeway-elem-227913102
5992,7185,480,057905171,Lakewood Elem,Dallas ISD,A,92,1075,https://txschools.net/campus/lakewood-elem-057905171
5992,7185,480,071905133,Lancaster Elem,Ysleta ISD,A,92,491,https://txschools.net/campus/lancaster-elem-071905133
5992,7185,480,101912057,Lanier MS,Houston ISD,A,92,1484,https://txschools.net/campus/lanier-ms-101912057
5992,7185,480,057903120,Las Colinas Elem,Carrollton-Farmers Branch ISD,A,92,474,https://txschools.net/campus/las-colinas-elem-057903120
5992,7185,480,185904001,Lazbuddie School,Lazbuddie ISD,A,92,127,https://txschools.net/campus/lazbuddie-school-185904001
5992,7185,480,108902115,Le Noir Elem,Donna ISD,A,92,550,https://txschools.net/campus/le-noir-elem-108902115
5992,7185,480,108904107,Lee Elem,Edinburg CISD,B,92,346,https://txschools.net/campus/lee-elem-108904107
5992,7185,480,227901121,Lee Elem,Austin ISD,A,92,416,https://txschools.net/campus/lee-elem-227901121
5992,7185,480,246908043,Legacy Ranch MS,Liberty Hill ISD,A,92,787,https://txschools.net/campus/legacy-ranch-ms-246908043
5992,7185,480,101916107,Leo A Rizzuto Elem,La Porte ISD,B,92,536,https://txschools.net/campus/leo-a-rizzuto-elem-101916107
5992,7185,480,015915152,Leon Springs Elem,Northside ISD,A,92,396,https://txschools.net/campus/leon-springs-elem-015915152
5992,7185,480,110902001,Levelland HS,Levelland ISD,A,92,768,https://txschools.net/campus/levelland-hs-110902001
5992,7185,480,146906001,Liberty HS,Liberty ISD,B,92,757,https://txschools.net/campus/liberty-hs-146906001
5992,7185,480,246909138,Linda Herrington Elem,Round Rock ISD,A,92,838,https://txschools.net/campus/linda-herrington-elem-246909138
5992,7185,480,199901115,Linda Lyon Elem,Rockwall ISD,A,92,767,https://txschools.net/campus/linda-lyon-elem-199901115
5992,7185,480,072909001,Lingleville School,Lingleville ISD,B,92,264,https://txschools.net/campus/lingleville-school-072909001
5992,7185,480,181908001,Lit Cypr-Mrceville HS,Little Cypress-Mauriceville CISD,A,92,993,https://txschools.net/campus/lit-cypr-mrceville-hs-181908001
5992,7185,480,150901041,Llano JH,Llano ISD,A,92,444,https://txschools.net/campus/llano-jh-150901041
5992,7185,480,071905109,Loma Terrace Elem,Ysleta ISD,A,92,560,https://txschools.net/campus/loma-terrace-elem-071905109
5992,7185,480,101912196,Longfellow Elem,Houston ISD,A,92,587,https://txschools.net/campus/longfellow-elem-101912196
5992,7185,480,057912048,Lorenzo De Zavala MS,Irving ISD,A,92,779,https://txschools.net/campus/lorenzo-de-zavala-ms-057912048
5992,7185,480,015915236,Los Reyes Elem,Northside ISD,A,92,445,https://txschools.net/campus/los-reyes-elem-015915236
5992,7185,480,113903002,Lovelady JH HS,Lovelady ISD,A,92,256,https://txschools.net/campus/lovelady-jh-hs-113903002
5992,7185,480,101912199,Lovett Elem,Houston ISD,A,92,649,https://txschools.net/campus/lovett-elem-101912199
5992,7185,480,101907116,Lowery Elem,Cypress-Fairbanks ISD,A,92,653,https://txschools.net/campus/lowery-elem-101907116
5992,7185,480,071909119,Lujan-Chavez Elem,Socorro ISD,A,92,865,https://txschools.net/campus/lujan-chavez-elem-071909119
5992,7185,480,129905041,Mabank JH,Mabank ISD,B,92,640,https://txschools.net/campus/mabank-jh-129905041
5992,7185,480,101910107,MacArthur Elem,Galena Park ISD,A,92,522,https://txschools.net/campus/macarthur-elem-101910107
5992,7185,480,020908114,Magnolia Elem,Pearland ISD,A,92,693,https://txschools.net/campus/magnolia-elem-020908114
5992,7185,480,170906043,Magnolia Parkway JH,Magnolia ISD,B,92,741,https://txschools.net/campus/magnolia-parkway-jh-170906043
5992,7185,480,020901002,Manvel HS,Alvin ISD,A,92,2233,https://txschools.net/campus/manvel-hs-020901002
5992,7185,480,020901047,Manvel JH,Alvin ISD,B,92,689,https://txschools.net/campus/manvel-jh-020901047
5992,7185,480,108909134,Marcia R Garza,Pharr-San Juan-Alamo ISD,A,92,524,https://txschools.net/campus/marcia-r-garza-108909134
5992,7185,480,061902002,Marcus HS,Lewisville ISD,A,92,3004,https://txschools.net/campus/marcus-hs-061902002
5992,7185,480,071902177,Marguerite J Lundy Elem,El Paso ISD,A,92,830,https://txschools.net/campus/marguerite-j-lundy-elem-071902177
5992,7185,480,101912061,Marshall MS,Houston ISD,A,92,336,https://txschools.net/campus/marshall-ms-101912061
5992,7185,480,240901001,Martin HS,Laredo ISD,A,92,1968,https://txschools.net/campus/martin-hs-240901001
5992,7185,480,211902102,Mary Allen Elem,Stratford ISD,A,92,216,https://txschools.net/campus/mary-allen-elem-211902102
5992,7185,480,220908206,Mary Lillard I S,Mansfield ISD,A,92,697,https://txschools.net/campus/mary-lillard-i-s-220908206
5992,7185,480,019903001,Maud School,Maud ISD,A,92,459,https://txschools.net/campus/maud-school-019903001
5992,7185,480,199901043,Maurine Cain MS,Rockwall ISD,A,92,1225,https://txschools.net/campus/maurine-cain-ms-199901043
5992,7185,480,101912179,McGowen Elem,Houston ISD,B,92,418,https://txschools.net/campus/mcgowen-elem-101912179
5992,7185,480,043905138,McSpedden Elem,Frisco ISD,A,92,709,https://txschools.net/campus/mcspedden-elem-043905138
5992,7185,480,220916122,Meadow Creek Elem,Hurst-Euless-Bedford ISD,A,92,622,https://txschools.net/campus/meadow-creek-elem-220916122
5992,7185,480,163908043,Medina Valley Loma Alta MS,Medina Valley ISD,B,92,1232,https://txschools.net/campus/medina-valley-loma-alta-ms-163908043
5992,7185,480,094901002,Mercer & Blumberg Lrn Ctr,Seguin ISD,A,92,65,https://txschools.net/campus/mercer-blumberg-lrn-ctr-094901002
5992,7185,480,175910001,Mildred HS,Mildred ISD,A,92,450,https://txschools.net/campus/mildred-hs-175910001
5992,7185,480,152901195,Miller Elem,Lubbock ISD,A,92,665,https://txschools.net/campus/miller-elem-152901195
5992,7185,480,101917048,Miller Int,Pasadena ISD,A,92,722,https://txschools.net/campus/miller-int-101917048
5992,7185,480,101919120,Milton Cooper Elem,Spring ISD,A,92,700,https://txschools.net/campus/milton-cooper-elem-101919120
5992,7185,480,240901110,Milton Elem,Laredo ISD,A,92,600,https://txschools.net/campus/milton-elem-240901110
5992,7185,480,108908110,Mims Elem,Mission CISD,A,92,663,https://txschools.net/campus/mims-elem-108908110
5992,7185,480,182903001,Mineral Wells Schools,Mineral Wells ISD,B,92,3215,https://txschools.net/campus/mineral-wells-schools-182903001
5992,7185,480,043905145,Minett Elem,Frisco ISD,A,92,644,https://txschools.net/campus/minett-elem-043905145
5992,7185,480,071901104,Montana Vista Elem,Clint ISD,A,92,450,https://txschools.net/campus/montana-vista-elem-071901104
5992,7185,480,161910001,Moody HS,Moody ISD,A,92,205,https://txschools.net/campus/moody-hs-161910001
5992,7185,480,227904121,Mott Elem,Pflugerville ISD,A,92,638,https://txschools.net/campus/mott-elem-227904121
5992,7185,480,143902001,Moulton HS,Moulton ISD,A,92,119,https://txschools.net/campus/moulton-hs-143902001
5992,7185,480,014906121,Mountain View Elem,Killeen ISD,B,92,769,https://txschools.net/campus/mountain-view-elem-014906121
5992,7185,480,043912114,Mrs Jerry Bryant Elem,Prosper ISD,A,92,971,https://txschools.net/campus/mrs-jerry-bryant-elem-043912114
5992,7185,480,009901001,Muleshoe HS,Muleshoe ISD,A,92,351,https://txschools.net/campus/muleshoe-hs-009901001
5992,7185,480,101912054,Navarro MS,Houston ISD,A,92,302,https://txschools.net/campus/navarro-ms-101912054
5992,7185,480,159901105,Nellie Mae Glass Elem,Eagle Pass ISD,B,92,401,https://txschools.net/campus/nellie-mae-glass-elem-159901105
5992,7185,480,046901001,New Braunfels HS,New Braunfels ISD,A,92,1648,https://txschools.net/campus/new-braunfels-hs-046901001
5992,7185,480,153905001,New Home Secondary School,New Home ISD,A,92,343,https://txschools.net/campus/new-home-secondary-school-153905001
5992,7185,480,252902002,Newcastle School,Newcastle ISD,B,92,231,https://txschools.net/campus/newcastle-school-252902002
5992,7185,480,043905136,Newman Elem,Frisco ISD,A,92,638,https://txschools.net/campus/newman-elem-043905136
5992,7185,480,246909042,Noel Grisham MS,Round Rock ISD,A,92,572,https://txschools.net/campus/noel-grisham-ms-246909042
5992,7185,480,014906115,Nolanville Elem,Killeen ISD,B,92,677,https://txschools.net/campus/nolanville-elem-014906115
5992,7185,480,145906001,Normangee HS,Normangee ISD,B,92,200,https://txschools.net/campus/normangee-hs-145906001
5992,7185,480,112906001,North Hopkins HS,North Hopkins ISD,A,92,234,https://txschools.net/campus/north-hopkins-hs-112906001
5992,7185,480,101910042,North Shore MS,Galena Park ISD,A,92,1274,https://txschools.net/campus/north-shore-ms-101910042
5992,7185,480,101914109,Nottingham Country Elem,Katy ISD,A,92,785,https://txschools.net/campus/nottingham-country-elem-101914109
5992,7185,480,101920121,Nottingham Elem,Spring Branch ISD,A,92,719,https://txschools.net/campus/nottingham-elem-101920121
5992,7185,480,020905109,O M Roberts Elem,Brazosport ISD,A,92,631,https://txschools.net/campus/o-m-roberts-elem-020905109
5992,7185,480,101914122,Odessa Kilpatrick Elem,Katy ISD,A,92,931,https://txschools.net/campus/odessa-kilpatrick-elem-101914122
5992,7185,480,043905120,Ogle Elem,Frisco ISD,A,92,486,https://txschools.net/campus/ogle-elem-043905120
5992,7185,480,015910111,Olmos Elem,North East ISD,A,92,465,https://txschools.net/campus/olmos-elem-015910111
5992,7185,480,125903001,Orange Grove HS,Orange Grove ISD,A,92,482,https://txschools.net/campus/orange-grove-hs-125903001
5992,7185,480,220901055,Ousley JH,Arlington ISD,A,92,777,https://txschools.net/campus/ousley-jh-220901055
5992,7185,480,014906132,Oveta Culp Hobby Elem,Killeen ISD,A,92,676,https://txschools.net/campus/oveta-culp-hobby-elem-014906132
5992,7185,480,043914103,P M Akin Elem,Wylie ISD,A,92,547,https://txschools.net/campus/p-m-akin-elem-043914103
5992,7185,480,070910041,Palmer MS,Palmer ISD,B,92,402,https://txschools.net/campus/palmer-ms-070910041
5992,7185,480,031901137,Paredes Elem,Brownsville ISD,A,92,813,https://txschools.net/campus/paredes-elem-031901137
5992,7185,480,161903109,Park Hill Elem,Midway ISD,A,92,706,https://txschools.net/campus/park-hill-elem-161903109
5992,7185,480,071905113,Parkland Elem,Ysleta ISD,A,92,480,https://txschools.net/campus/parkland-elem-071905113
5992,7185,480,020908043,Pearland JH South,Pearland ISD,B,92,766,https://txschools.net/campus/pearland-jh-south-020908043
5992,7185,480,071905131,Pebble Hills Elem,Ysleta ISD,A,92,485,https://txschools.net/campus/pebble-hills-elem-071905131
5992,7185,480,031901141,Pena Elem,Brownsville ISD,A,92,503,https://txschools.net/campus/pena-elem-031901141
5992,7185,480,159901122,Perfecto Mancha Elem,Eagle Pass ISD,B,92,508,https://txschools.net/campus/perfecto-mancha-elem-159901122
5992,7185,480,101903110,Petrosky Elem,Alief ISD,A,92,452,https://txschools.net/campus/petrosky-elem-101903110
5992,7185,480,013903001,Pettus Secondary,Pettus ISD,B,92,206,https://txschools.net/campus/pettus-secondary-013903001
5992,7185,480,043905133,Phillips Elem,Frisco ISD,A,92,551,https://txschools.net/campus/phillips-elem-043905133
5992,7185,480,240901111,Pierce Elem,Laredo ISD,A,92,625,https://txschools.net/campus/pierce-elem-240901111
5992,7185,480,101912218,Pilgrim Academy,Houston ISD,A,92,1155,https://txschools.net/campus/pilgrim-academy-101912218
5992,7185,480,191901114,Pinnacle Int,Canyon ISD,B,92,603,https://txschools.net/campus/pinnacle-int-191901114
5992,7185,480,020901118,Pomona Elem,Alvin ISD,A,92,706,https://txschools.net/campus/pomona-elem-020901118
5992,7185,480,101907147,Postma Elem,Cypress-Fairbanks ISD,A,92,815,https://txschools.net/campus/postma-elem-101907147
5992,7185,480,091913001,Pottsboro HS,Pottsboro ISD,A,92,421,https://txschools.net/campus/pottsboro-hs-091913001
5992,7185,480,057916123,Prairie Creek Elem,Richardson ISD,A,92,331,https://txschools.net/campus/prairie-creek-elem-057916123
5992,7185,480,139912041,Prairiland JH,Prairiland ISD,B,92,253,https://txschools.net/campus/prairiland-jh-139912041
5992,7185,480,071905123,Presa Elem,Ysleta ISD,A,92,294,https://txschools.net/campus/presa-elem-071905123
5992,7185,480,189902001,Presidio HS,Presidio ISD,B,92,375,https://txschools.net/campus/presidio-hs-189902001
5992,7185,480,108909002,PSJA Memorial Early College HS,Pharr-San Juan-Alamo ISD,A,92,1928,https://txschools.net/campus/psja-memorial-early-college-hs-108909002
5992,7185,480,046902101,Rahe Bulverde Elem,Comal ISD,A,92,658,https://txschools.net/campus/rahe-bulverde-elem-046902101
5992,7185,480,043912108,Ralph and Mary Lynn Boyer Elem,Prosper ISD,A,92,836,https://txschools.net/campus/ralph-and-mary-lynn-boyer-elem-043912108
5992,7185,480,015906101,Randolph Elem,Randolph Field ISD,A,92,625,https://txschools.net/campus/randolph-elem-015906101
5992,7185,480,108913106,Raul A Gonzalez Jr Elem,Weslaco ISD,A,92,541,https://txschools.net/campus/raul-a-gonzalez-jr-elem-108913106
5992,7185,480,094902041,Ray D Corbett JH,Schertz-Cibolo-U City ISD,B,92,1127,https://txschools.net/campus/ray-d-corbett-jh-094902041
5992,7185,480,074917001,Rayburn HS,Sam Rayburn ISD,A,92,217,https://txschools.net/campus/rayburn-hs-074917001
5992,7185,480,079901044,Reading JH,Lamar CISD,A,92,1576,https://txschools.net/campus/reading-jh-079901044
5992,7185,480,019911041,Red Lick MS,Red Lick ISD,A,92,230,https://txschools.net/campus/red-lick-ms-019911041
5992,7185,480,015910128,Redland Oaks Elem,North East ISD,A,92,387,https://txschools.net/campus/redland-oaks-elem-015910128
5992,7185,480,191901108,Reeves-Hinger Elem,Canyon ISD,A,92,611,https://txschools.net/campus/reeves-hinger-elem-191901108
5992,7185,480,137902041,Ricardo MS,Ricardo ISD,A,92,225,https://txschools.net/campus/ricardo-ms-137902041
5992,7185,480,170902117,Ride Elem,Conroe ISD,A,92,457,https://txschools.net/campus/ride-elem-170902117
5992,7185,480,246909051,Ridgeview MS,Round Rock ISD,A,92,1231,https://txschools.net/campus/ridgeview-ms-246909051
5992,7185,480,214901107,Ringgold Elem,Rio Grande City Grulla ISD,A,92,499,https://txschools.net/campus/ringgold-elem-214901107
5992,7185,480,031901004,Rivera Early College HS,Brownsville ISD,A,92,2000,https://txschools.net/campus/rivera-early-college-hs-031901004
5992,7185,480,043905125,Robertson Elem,Frisco ISD,A,92,564,https://txschools.net/campus/robertson-elem-043905125
5992,7185,480,240903129,Rodolfo C Centeno Elem,United ISD,A,92,814,https://txschools.net/campus/rodolfo-c-centeno-elem-240903129
5992,7185,480,214903108,Roel A & Celia R Saenz Elem,Roma ISD,A,92,517,https://txschools.net/campus/roel-a-celia-r-saenz-elem-214903108
5992,7185,480,073905001,Rosebud-Lott HS,Rosebud-Lott ISD,A,92,238,https://txschools.net/campus/rosebud-lott-hs-073905001
5992,7185,480,227913107,Rough Hollow Elem,Lake Travis ISD,A,92,752,https://txschools.net/campus/rough-hollow-elem-227913107
5992,7185,480,246913043,Running Brushy MS,Leander ISD,A,92,1130,https://txschools.net/campus/running-brushy-ms-246913043
5992,7185,480,031901110,Russell Elem,Brownsville ISD,A,92,372,https://txschools.net/campus/russell-elem-031901110
5992,7185,480,020908107,Rustic Oak Elem,Pearland ISD,A,92,644,https://txschools.net/campus/rustic-oak-elem-020908107
5992,7185,480,246913115,Rutledge Elem,Leander ISD,A,92,761,https://txschools.net/campus/rutledge-elem-246913115
5992,7185,480,092906002,Sabine HS,Sabine ISD,A,92,458,https://txschools.net/campus/sabine-hs-092906002
5992,7185,480,020908105,Sam Jamison MS,Pearland ISD,B,92,673,https://txschools.net/campus/sam-jamison-ms-020908105
5992,7185,480,101912281,Sanchez Elem,Houston ISD,A,92,307,https://txschools.net/campus/sanchez-elem-101912281
5992,7185,480,182904001,Santo HS,Santo ISD,A,92,297,https://txschools.net/campus/santo-hs-182904001
5992,7185,480,079907142,Scanlan Oaks Elem,Fort Bend ISD,A,92,647,https://txschools.net/campus/scanlan-oaks-elem-079907142
5992,7185,480,227913105,Serene Hills Elem,Lake Travis ISD,A,92,704,https://txschools.net/campus/serene-hills-elem-227913105
5992,7185,480,071909132,Sgt Jose F Carrasco Elem,Socorro ISD,B,92,1004,https://txschools.net/campus/sgt-jose-f-carrasco-elem-071909132
5992,7185,480,101913116,Shadow Forest Elem,Humble ISD,A,92,579,https://txschools.net/campus/shadow-forest-elem-101913116
5992,7185,480,199901116,Sherry and Paul Hamm Elem,Rockwall ISD,A,92,621,https://txschools.net/campus/sherry-and-paul-hamm-elem-199901116
5992,7185,480,071909113,Sierra Vista STEAM Academy,Socorro ISD,A,92,616,https://txschools.net/campus/sierra-vista-steam-academy-071909113
5992,7185,480,101912241,Sinclair Elem,Houston ISD,A,92,774,https://txschools.net/campus/sinclair-elem-101912241
5992,7185,480,043911105,Smith Elem,Princeton ISD,B,92,646,https://txschools.net/campus/smith-elem-043911105
5992,7185,480,245903105,Smith Elem,Raymondville ISD,A,92,399,https://txschools.net/campus/smith-elem-245903105
5992,7185,480,220902046,Smithfield MS,Birdville ISD,A,92,784,https://txschools.net/campus/smithfield-ms-220902046
5992,7185,480,161903105,South Bosque Elem,Midway ISD,A,92,532,https://txschools.net/campus/south-bosque-elem-161903105
5992,7185,480,057910003,South Grand Prairie HS,Grand Prairie ISD,A,92,3150,https://txschools.net/campus/south-grand-prairie-hs-057910003
5992,7185,480,108913003,South Palm Gardens HS,Weslaco ISD,A,92,65,https://txschools.net/campus/south-palm-gardens-hs-108913003
5992,7185,480,043911042,Southard MS,Princeton ISD,B,92,1015,https://txschools.net/campus/southard-ms-043911042
5992,7185,480,043905112,Sparks Elem,Frisco ISD,A,92,487,https://txschools.net/campus/sparks-elem-043905112
5992,7185,480,098904001,Spearman HS,Spearman ISD,A,92,181,https://txschools.net/campus/spearman-hs-098904001
5992,7185,480,046902044,Spring Branch MS,Comal ISD,A,92,573,https://txschools.net/campus/spring-branch-ms-046902044
5992,7185,480,021901111,Spring Creek Elem,College Station ISD,A,92,661,https://txschools.net/campus/spring-creek-elem-021901111
5992,7185,480,092907101,Spring Hill Int,Spring Hill ISD,A,92,473,https://txschools.net/campus/spring-hill-int-092907101
5992,7185,480,140907001,Springlake-Earth ISD,Springlake-Earth ISD,A,92,221,https://txschools.net/campus/springlake-earth-isd-140907001
5992,7185,480,071909049,SSG Manuel R Puentes,Socorro ISD,A,92,1034,https://txschools.net/campus/ssg-manuel-r-puentes-071909049
5992,7185,480,212906114,Stanton-Smith Elem,Whitehouse ISD,A,92,535,https://txschools.net/campus/stanton-smith-elem-212906114
5992,7185,480,184907103,Stuard Elem,Aledo ISD,A,92,525,https://txschools.net/campus/stuard-elem-184907103
5992,7185,480,170902133,Suchma Elem,Conroe ISD,A,92,892,https://txschools.net/campus/suchma-elem-170902133
5992,7185,480,140908001,Sudan School,Sudan ISD,B,92,445,https://txschools.net/campus/sudan-school-140908001
5992,7185,480,071909047,Sun Ridge MS,Socorro ISD,A,92,929,https://txschools.net/campus/sun-ridge-ms-071909047
5992,7185,480,101907153,Swenke Elem,Cypress-Fairbanks ISD,A,92,867,https://txschools.net/campus/swenke-elem-101907153
5992,7185,480,043905143,Talley Elem,Frisco ISD,A,92,569,https://txschools.net/campus/talley-elem-043905143
5992,7185,480,146907001,Tarkington HS,Tarkington ISD,B,92,530,https://txschools.net/campus/tarkington-hs-146907001
5992,7185,480,014909002,Temple HS,Temple ISD,A,92,2343,https://txschools.net/campus/temple-hs-014909002
5992,7185,480,056902001,Texline School,Texline ISD,A,92,224,https://txschools.net/campus/texline-school-056902001
5992,7185,480,220908006,The Phoenix Academy,Mansfield ISD,A,92,56,https://txschools.net/campus/the-phoenix-academy-220908006
5992,7185,480,220908117,Thelma Jones Elem,Mansfield ISD,A,92,380,https://txschools.net/campus/thelma-jones-elem-220908117
5992,7185,480,246912042,Thrall MS,Thrall ISD,A,92,231,https://txschools.net/campus/thrall-ms-246912042
5992,7185,480,071905132,Tierra Del Sol Elem,Ysleta ISD,A,92,464,https://txschools.net/campus/tierra-del-sol-elem-071905132
5992,7185,480,046902114,Timberwood Park Elem,Comal ISD,A,92,689,https://txschools.net/campus/timberwood-park-elem-046902114
5992,7185,480,111903041,Tolar JH,Tolar ISD,A,92,219,https://txschools.net/campus/tolar-jh-111903041
5992,7185,480,101914133,Tom Wilson Elem,Katy ISD,A,92,962,https://txschools.net/campus/tom-wilson-elem-101914133
5992,7185,480,079901012,Tomas HS,Lamar CISD,A,92,1388,https://txschools.net/campus/tomas-hs-079901012
5992,7185,480,170902071,Tough Elem,Conroe ISD,A,92,965,https://txschools.net/campus/tough-elem-170902071
5992,7185,480,031903112,Travis Elem,Harlingen CISD,B,92,225,https://txschools.net/campus/travis-elem-031903112
5992,7185,480,108906042,Travis MS,McAllen ISD,A,92,432,https://txschools.net/campus/travis-ms-108906042
5992,7185,480,240903002,United South HS,United ISD,A,92,3150,https://txschools.net/campus/united-south-hs-240903002
5992,7185,480,101914128,Ursula Stephens Elem,Katy ISD,A,92,532,https://txschools.net/campus/ursula-stephens-elem-101914128
5992,7185,480,057922110,Valley Ranch Elem,Coppell ISD,A,92,598,https://txschools.net/campus/valley-ranch-elem-057922110
5992,7185,480,108916103,Valley View North Elem,Valley View ISD,A,92,346,https://txschools.net/campus/valley-view-north-elem-108916103
5992,7185,480,108916105,Valley View South Elem,Valley View ISD,A,92,359,https://txschools.net/campus/valley-view-south-elem-108916105
5992,7185,480,091908041,Van Alstyne JH,Van Alstyne ISD,A,92,448,https://txschools.net/campus/van-alstyne-jh-091908041
5992,7185,480,084910048,Victory Lakes Int,Clear Creek ISD,B,92,929,https://txschools.net/campus/victory-lakes-int-084910048
5992,7185,480,108909125,Vida N Clover Elem,Pharr-San Juan-Alamo ISD,B,92,374,https://txschools.net/campus/vida-n-clover-elem-108909125
5992,7185,480,181907001,Vidor HS,Vidor ISD,A,92,1169,https://txschools.net/campus/vidor-hs-181907001
5992,7185,480,199901101,Virginia Reinhardt Elem,Rockwall ISD,A,92,530,https://txschools.net/campus/virginia-reinhardt-elem-199901101
5992,7185,480,057914006,Vroonland - Vanguard HS,Mesquite ISD,A,92,1592,https://txschools.net/campus/vroonland-vanguard-hs-057914006
5992,7185,480,238902041,Walker JH,Monahans-Wickett-Pyote ISD,B,92,317,https://txschools.net/campus/walker-jh-238902041
5992,7185,480,079907130,Walker Station Elem,Fort Bend ISD,A,92,753,https://txschools.net/campus/walker-station-elem-079907130
5992,7185,480,226906001,Wall HS,Wall ISD,A,92,364,https://txschools.net/campus/wall-hs-226906001
5992,7185,480,070908044,Walnut Grove MS,Midlothian ISD,A,92,1030,https://txschools.net/campus/walnut-grove-ms-070908044
5992,7185,480,057909049,Webb MS,Garland ISD,A,92,935,https://txschools.net/campus/webb-ms-057909049
5992,7185,480,227904005,Weiss HS,Pflugerville ISD,A,92,2036,https://txschools.net/campus/weiss-hs-227904005
5992,7185,480,101907158,Wells Elem,Cypress-Fairbanks ISD,A,92,1142,https://txschools.net/campus/wells-elem-101907158
5992,7185,480,108913006,Weslaco East HS,Weslaco ISD,A,92,2034,https://txschools.net/campus/weslaco-east-hs-108913006
5992,7185,480,170908008,West Fork HS,New Caney ISD,A,92,1771,https://txschools.net/campus/west-fork-hs-170908008
5992,7185,480,243905126,West Foundation Elem,Wichita Falls ISD,A,92,413,https://txschools.net/campus/west-foundation-elem-243905126
5992,7185,480,101914042,West Memorial JH,Katy ISD,A,92,867,https://txschools.net/campus/west-memorial-jh-101914042
5992,7185,480,152901184,Wester Elem,Lubbock ISD,A,92,390,https://txschools.net/campus/wester-elem-152901184
5992,7185,480,220905207,Westpark Elem,Fort Worth ISD,A,92,380,https://txschools.net/campus/westpark-elem-220905207
5992,7185,480,101912256,Wharton K-8 Dual Language Academy,Houston ISD,A,92,733,https://txschools.net/campus/wharton-k-8-dual-language-academy-101912256
5992,7185,480,101912018,Wheatley HS,Houston ISD,A,92,494,https://txschools.net/campus/wheatley-hs-101912018
5992,7185,480,057916117,White Rock Elem,Richardson ISD,A,92,862,https://txschools.net/campus/white-rock-elem-057916117
5992,7185,480,040902001,Whiteface School,Whiteface CISD,B,92,294,https://txschools.net/campus/whiteface-school-040902001
5992,7185,480,101921114,Wildwood Elem,Tomball ISD,A,92,822,https://txschools.net/campus/wildwood-elem-101921114
5992,7185,480,043905059,Wilkinson MS,Frisco ISD,A,92,699,https://txschools.net/campus/wilkinson-ms-043905059
5992,7185,480,101907131,Willbern Elem,Cypress-Fairbanks ISD,B,92,789,https://txschools.net/campus/willbern-elem-101907131
5992,7185,480,101912082,Williams MS,Houston ISD,A,92,270,https://txschools.net/campus/williams-ms-101912082
5992,7185,480,220908110,Willie Brown Academy,Mansfield ISD,A,92,602,https://txschools.net/campus/willie-brown-academy-220908110
5992,7185,480,079901151,Willie Melton Sr Elem,Lamar CISD,A,92,718,https://txschools.net/campus/willie-melton-sr-elem-079901151
5992,7185,480,101921107,Willow Creek Elem,Tomball ISD,A,92,615,https://txschools.net/campus/willow-creek-elem-101921107
5992,7185,480,220916112,Wilshire Elem,Hurst-Euless-Bedford ISD,A,92,713,https://txschools.net/campus/wilshire-elem-220916112
5992,7185,480,116909001,Wolfe City HS,Wolfe City ISD,A,92,217,https://txschools.net/campus/wolfe-city-hs-116909001
5992,7185,480,116909041,Wolfe City MS,Wolfe City ISD,A,92,162,https://txschools.net/campus/wolfe-city-ms-116909041
5992,7185,480,101907157,Woodard Elem,Cypress-Fairbanks ISD,A,92,955,https://txschools.net/campus/woodard-elem-101907157
5992,7185,480,161903101,Woodway Elem,Midway ISD,A,92,529,https://txschools.net/campus/woodway-elem-161903101
5992,7185,480,043910144,Wyatt Elem,Plano ISD,A,92,280,https://txschools.net/campus/wyatt-elem-043910144
5992,7185,480,221912108,Wylie East Elem,Wylie ISD,A,92,740,https://txschools.net/campus/wylie-east-elem-221912108
5992,7185,480,043914003,Wylie East HS,Wylie ISD,A,92,2755,https://txschools.net/campus/wylie-east-hs-043914003
5992,7185,480,221912042,Wylie East JH,Wylie ISD,A,92,593,https://txschools.net/campus/wylie-east-jh-221912042
5992,7185,480,170902049,York JH,Conroe ISD,A,92,2047,https://txschools.net/campus/york-jh-170902049
5992,7185,480,220905083,Young Men's Leadership Academy,Fort Worth ISD,A,92,415,https://txschools.net/campus/young-men-s-leadership-academy-220905083
5992,7185,480,253901105,Zapata North Elem,Zapata County ISD,A,92,541,https://txschools.net/campus/zapata-north-elem-253901105
5992,7185,480,254901106,Zavala Elem,Crystal City ISD,A,92,298,https://txschools.net/campus/zavala-elem-254901106
5992,7185,480,108909110,Zeferino Farias Elem,Pharr-San Juan-Alamo ISD,A,92,485,https://txschools.net/campus/zeferino-farias-elem-108909110
6473,7185,237,109901001,Abbott School,Abbott ISD,A,93,285,https://txschools.net/campus/abbott-school-109901001
6473,7185,237,095901001,Abernathy HS,Abernathy ISD,A,93,217,https://txschools.net/campus/abernathy-hs-095901001
6473,7185,237,015901001,Alamo Heights HS,Alamo Heights ISD,A,93,1569,https://txschools.net/campus/alamo-heights-hs-015901001
6473,7185,237,184907041,Aledo MS,Aledo ISD,A,93,1098,https://txschools.net/campus/aledo-ms-184907041
6473,7185,237,043901001,Allen HS,Allen ISD,A,93,5126,https://txschools.net/campus/allen-hs-043901001
6473,7185,237,220908208,Alma Martinez Int,Mansfield ISD,A,93,843,https://txschools.net/campus/alma-martinez-int-220908208
6473,7185,237,079907152,Anne McCormick Sullivan Elem,Fort Bend ISD,A,93,1029,https://txschools.net/campus/anne-mccormick-sullivan-elem-079907152
6473,7185,237,005901101,Archer City Elem,Archer City ISD,A,93,279,https://txschools.net/campus/archer-city-elem-005901101
6473,7185,237,061910104,Argyle South Elem,Argyle ISD,A,93,781,https://txschools.net/campus/argyle-south-elem-061910104
6473,7185,237,061910103,Argyle West,Argyle ISD,A,93,841,https://txschools.net/campus/argyle-west-061910103
6473,7185,237,057911101,Armstrong Elem,Highland Park ISD,A,93,420,https://txschools.net/campus/armstrong-elem-057911101
6473,7185,237,070903101,Austin Elem,Ennis ISD,B,93,357,https://txschools.net/campus/austin-elem-070903101
6473,7185,237,108911041,B L Gray JH,Sharyland ISD,A,93,723,https://txschools.net/campus/b-l-gray-jh-108911041
6473,7185,237,036902044,Barbers Hill Int North,Barbers Hill ISD,A,93,995,https://txschools.net/campus/barbers-hill-int-north-036902044
6473,7185,237,036902042,Barbers Hill MS North,Barbers Hill ISD,A,93,546,https://txschools.net/campus/barbers-hill-ms-north-036902042
6473,7185,237,036902043,Barbers Hill MS South,Barbers Hill ISD,A,93,617,https://txschools.net/campus/barbers-hill-ms-south-036902043
6473,7185,237,227901195,Bear Creek Elem,Austin ISD,A,93,522,https://txschools.net/campus/bear-creek-elem-227901195
6473,7185,237,220907104,Bear Creek Int,Keller ISD,A,93,851,https://txschools.net/campus/bear-creek-int-220907104
6473,7185,237,101912002,Bellaire HS,Houston ISD,A,93,3167,https://txschools.net/campus/bellaire-hs-101912002
6473,7185,237,039904001,Bellevue School,Bellevue ISD,A,93,242,https://txschools.net/campus/bellevue-school-039904001
6473,7185,237,079901140,Bentley Elem,Lamar CISD,A,93,645,https://txschools.net/campus/bentley-elem-079901140
6473,7185,237,020908044,Berry Miller JH,Pearland ISD,A,93,810,https://txschools.net/campus/berry-miller-jh-020908044
6473,7185,237,187901001,Big Sandy School,Big Sandy ISD,A,93,526,https://txschools.net/campus/big-sandy-school-187901001
6473,7185,237,046902107,Bill Brown Elem,Comal ISD,A,93,803,https://txschools.net/campus/bill-brown-elem-046902107
6473,7185,237,043910142,Boggess Elem,Plano ISD,A,93,534,https://txschools.net/campus/boggess-elem-043910142
6473,7185,237,101914131,Bonnie Holland Elem,Katy ISD,A,93,678,https://txschools.net/campus/bonnie-holland-elem-101914131
6473,7185,237,101912344,Briarmeadow Charter,Houston ISD,A,93,621,https://txschools.net/campus/briarmeadow-charter-101912344
6473,7185,237,084901109,Calder Road Elem,Dickinson ISD,A,93,522,https://txschools.net/campus/calder-road-elem-084901109
6473,7185,237,026901001,Caldwell HS,Caldwell ISD,A,93,537,https://txschools.net/campus/caldwell-hs-026901001
6473,7185,237,106901041,Canadian MS,Canadian ISD,A,93,142,https://txschools.net/campus/canadian-ms-106901041
6473,7185,237,057916102,Canyon Creek Elem,Richardson ISD,A,93,401,https://txschools.net/campus/canyon-creek-elem-057916102
6473,7185,237,191901001,Canyon HS,Canyon ISD,A,93,1086,https://txschools.net/campus/canyon-hs-191901001
6473,7185,237,071909044,Capt Walter E Clarke MS,Socorro ISD,A,93,616,https://txschools.net/campus/capt-walter-e-clarke-ms-071909044
6473,7185,237,220919041,Carroll MS,Carroll ISD,A,93,695,https://txschools.net/campus/carroll-ms-220919041
6473,7185,237,246909008,Cedar Ridge HS,Round Rock ISD,A,93,2701,https://txschools.net/campus/cedar-ridge-hs-246909008
6473,7185,237,043910141,Centennial Elem,Plano ISD,A,93,438,https://txschools.net/campus/centennial-elem-043910141
6473,7185,237,220908047,Charlene McKinzey MS,Mansfield ISD,A,93,952,https://txschools.net/campus/charlene-mckinzey-ms-220908047
6473,7185,237,043914106,Cheri Cox Elem,Wylie ISD,A,93,669,https://txschools.net/campus/cheri-cox-elem-043914106
6473,7185,237,071902151,Cielo Vista Elem,El Paso ISD,A,93,279,https://txschools.net/campus/cielo-vista-elem-071902151
6473,7185,237,227901184,Clayton Elem,Austin ISD,A,93,633,https://txschools.net/campus/clayton-elem-227901184
6473,7185,237,084910003,Clear Brook HS,Clear Creek ISD,A,93,2162,https://txschools.net/campus/clear-brook-hs-084910003
6473,7185,237,079907004,Clements HS,Fort Bend ISD,A,93,2614,https://txschools.net/campus/clements-hs-079907004
6473,7185,237,071901001,Clint HS,Clint ISD,A,93,687,https://txschools.net/campus/clint-hs-071901001
6473,7185,237,071909046,Col John O Ensor MS,Socorro ISD,A,93,1115,https://txschools.net/campus/col-john-o-ensor-ms-071909046
6473,7185,237,170902014,College Park HS,Conroe ISD,A,93,3146,https://txschools.net/campus/college-park-hs-170902014
6473,7185,237,071907106,Congressman Silvestre & Carolina School,Canutillo ISD,A,93,582,https://txschools.net/campus/congressman-silvestre-carolina-school-071907106
6473,7185,237,060902001,Cooper HS,Cooper ISD,A,93,217,https://txschools.net/campus/cooper-hs-060902001
6473,7185,237,057922044,Coppell MS North,Coppell ISD,A,93,983,https://txschools.net/campus/coppell-ms-north-057922044
6473,7185,237,220908121,Cora Spencer Elem,Mansfield ISD,A,93,613,https://txschools.net/campus/cora-spencer-elem-220908121
6473,7185,237,191901107,Crestview Elem,Canyon ISD,A,93,401,https://txschools.net/campus/crestview-elem-191901107
6473,7185,237,043912045,Daniel L Jones MS,Prosper ISD,A,93,1472,https://txschools.net/campus/daniel-l-jones-ms-043912045
6473,7185,237,220908044,Danny Jones MS,Mansfield ISD,A,93,802,https://txschools.net/campus/danny-jones-ms-220908044
6473,7185,237,246913113,Deer Creek Elem,Leander ISD,A,93,643,https://txschools.net/campus/deer-creek-elem-246913113
6473,7185,237,101917004,Dobie HS,Pasadena ISD,A,93,3546,https://txschools.net/campus/dobie-hs-101917004
6473,7185,237,101915046,Doerre Int,Klein ISD,A,93,1210,https://txschools.net/campus/doerre-int-101915046
6473,7185,237,184907009,Don R Daniel Ninth Grade Campus,Aledo ISD,A,93,674,https://txschools.net/campus/don-r-daniel-ninth-grade-campus-184907009
6473,7185,237,105904001,Dripping Springs HS,Dripping Springs ISD,A,93,2619,https://txschools.net/campus/dripping-springs-hs-105904001
6473,7185,237,246913016,Early College HS,Leander ISD,A,93,296,https://txschools.net/campus/early-college-hs-246913016
6473,7185,237,071905002,Eastwood HS,Ysleta ISD,A,93,2263,https://txschools.net/campus/eastwood-hs-071905002
6473,7185,237,043901044,Ereckson MS,Allen ISD,A,93,1201,https://txschools.net/campus/ereckson-ms-043901044
6473,7185,237,081902002,Fairfield HS,Fairfield ISD,A,93,502,https://txschools.net/campus/fairfield-hs-081902002
6473,7185,237,075901001,Flatonia Secondary,Flatonia ISD,A,93,319,https://txschools.net/campus/flatonia-secondary-075901001
6473,7185,237,115901004,Fort Hancock HS,Ft Hancock ISD,A,93,163,https://txschools.net/campus/fort-hancock-hs-115901004
6473,7185,237,015907004,Fox Technical HS,San Antonio ISD,A,93,486,https://txschools.net/campus/fox-technical-hs-015907004
6473,7185,237,101914137,Fred and Patti Shafer Elem,Katy ISD,A,93,828,https://txschools.net/campus/fred-and-patti-shafer-elem-101914137
6473,7185,237,084911041,Friendswood JH,Friendswood ISD,A,93,1578,https://txschools.net/campus/friendswood-jh-084911041
6473,7185,237,015915057,Garcia MS,Northside ISD,A,93,1331,https://txschools.net/campus/garcia-ms-015915057
6473,7185,237,087901101,Garden City Elem,Glasscock County ISD,A,93,137,https://txschools.net/campus/garden-city-elem-087901101
6473,7185,237,149901001,George West HS,George West ISD,A,93,279,https://txschools.net/campus/george-west-hs-149901001
6473,7185,237,144901001,Giddings HS,Giddings ISD,A,93,583,https://txschools.net/campus/giddings-hs-144901001
6473,7185,237,092901001,Gladewater HS,Gladewater ISD,A,93,469,https://txschools.net/campus/gladewater-hs-092901001
6473,7185,237,071905129,Glen Cove Elem,Ysleta ISD,A,93,524,https://txschools.net/campus/glen-cove-elem-071905129
6473,7185,237,182902001,Graford School,Graford ISD,A,93,329,https://txschools.net/campus/graford-school-182902001
6473,7185,237,101921045,Grand Lakes JH,Tomball ISD,A,93,980,https://txschools.net/campus/grand-lakes-jh-101921045
6473,7185,237,126904001,Grandview HS,Grandview ISD,A,93,425,https://txschools.net/campus/grandview-hs-126904001
6473,7185,237,246909128,Great Oaks Elem,Round Rock ISD,A,93,832,https://txschools.net/campus/great-oaks-elem-246909128
6473,7185,237,101913128,Groves Elem,Humble ISD,A,93,975,https://txschools.net/campus/groves-elem-101913128
6473,7185,237,227901117,Gullett Elem,Austin ISD,A,93,540,https://txschools.net/campus/gullett-elem-227901117
6473,7185,237,086902001,Harper HS,Harper ISD,A,93,163,https://txschools.net/campus/harper-hs-086902001
6473,7185,237,043908102,Harry McKillop Elem,Melissa ISD,A,93,815,https://txschools.net/campus/harry-mckillop-elem-043908102
6473,7185,237,127904001,Hawley HS,Hawley ISD,A,93,212,https://txschools.net/campus/hawley-hs-127904001
6473,7185,237,101914112,Hazel S Pattison Elem,Katy ISD,A,93,1241,https://txschools.net/campus/hazel-s-pattison-elem-101914112
6473,7185,237,101912012,Heights HS,Houston ISD,A,93,2462,https://txschools.net/campus/heights-hs-101912012
6473,7185,237,202903001,Hemphill HS,Hemphill ISD,A,93,204,https://txschools.net/campus/hemphill-hs-202903001
6473,7185,237,227904004,Hendrickson HS,Pflugerville ISD,A,93,2119,https://txschools.net/campus/hendrickson-hs-227904004
6473,7185,237,220906043,Heritage MS,Grapevine-Colleyville ISD,A,93,684,https://txschools.net/campus/heritage-ms-220906043
6473,7185,237,227901119,Highland Park Elem,Austin ISD,A,93,648,https://txschools.net/campus/highland-park-elem-227901119
6473,7185,237,015910059,Hill MS,North East ISD,A,93,1089,https://txschools.net/campus/hill-ms-015910059
6473,7185,237,109904041,Hillsboro JH,Hillsboro ISD,A,93,301,https://txschools.net/campus/hillsboro-jh-109904041
6473,7185,237,170902136,Hines Elem,Conroe ISD,A,93,896,https://txschools.net/campus/hines-elem-170902136
6473,7185,237,074907001,Honey Grove HS,Honey Grove ISD,A,93,228,https://txschools.net/campus/honey-grove-hs-074907001
6473,7185,237,071902053,Hornedo MS,El Paso ISD,A,93,1553,https://txschools.net/campus/hornedo-ms-071902053
6473,7185,237,101912456,HS Ahead Academy,Houston ISD,A,93,160,https://txschools.net/campus/hs-ahead-academy-101912456
6473,7185,237,243903001,Iowa Park HS,Iowa Park CISD,A,93,551,https://txschools.net/campus/iowa-park-hs-243903001
6473,7185,237,220906007,iUniversity Prep,Grapevine-Colleyville ISD,A,93,1606,https://txschools.net/campus/iuniversity-prep-220906007
6473,7185,237,240901122,J Kawas Elem,Laredo ISD,A,93,398,https://txschools.net/campus/j-kawas-elem-240901122
6473,7185,237,199901042,J W Williams MS,Rockwall ISD,A,93,1291,https://txschools.net/campus/j-w-williams-ms-199901042
6473,7185,237,101912182,Jefferson Elem,Houston ISD,A,93,282,https://txschools.net/campus/jefferson-elem-101912182
6473,7185,237,101914140,Jenks Elem,Katy ISD,A,93,1220,https://txschools.net/campus/jenks-elem-101914140
6473,7185,237,043912109,Jim Spradley Elem,Prosper ISD,A,93,752,https://txschools.net/campus/jim-spradley-elem-043912109
6473,7185,237,079901126,Joe Hubenak Elem,Lamar CISD,A,93,741,https://txschools.net/campus/joe-hubenak-elem-079901126
6473,7185,237,057906112,Katherine Johnson Technology Magnet Academy,Desoto ISD,A,93,626,https://txschools.net/campus/katherine-johnson-technology-magnet-academy-057906112
6473,7185,237,137903001,Kaufer HS,Riviera ISD,A,93,165,https://txschools.net/campus/kaufer-hs-137903001
6473,7185,237,057909144,Keeley Elem,Garland ISD,A,93,577,https://txschools.net/campus/keeley-elem-057909144
6473,7185,237,101913013,Kingwood Park HS,Humble ISD,A,93,1868,https://txschools.net/campus/kingwood-park-hs-101913013
6473,7185,237,101915003,Klein Oak HS,Klein ISD,A,93,3617,https://txschools.net/campus/klein-oak-hs-101915003
6473,7185,237,043914112,Kreymer Elem,Wylie ISD,A,93,351,https://txschools.net/campus/kreymer-elem-043914112
6473,7185,237,101902017,La Promesa,Aldine ISD,A,93,396,https://txschools.net/campus/la-promesa-101902017
6473,7185,237,057913001,Lancaster HS,Lancaster ISD,A,93,2131,https://txschools.net/campus/lancaster-hs-057913001
6473,7185,237,031903123,Lee H Means Elem,Harlingen CISD,A,93,744,https://txschools.net/campus/lee-h-means-elem-031903123
6473,7185,237,020908108,Leon H Sablatura MS,Pearland ISD,A,93,844,https://txschools.net/campus/leon-h-sablatura-ms-020908108
6473,7185,237,144902001,Lexington HS,Lexington ISD,A,93,301,https://txschools.net/campus/lexington-hs-144902001
6473,7185,237,240901108,Leyendecker Elem,Laredo ISD,A,93,375,https://txschools.net/campus/leyendecker-elem-240901108
6473,7185,237,212903041,Lindale JH,Lindale ISD,A,93,684,https://txschools.net/campus/lindale-jh-212903041
6473,7185,237,140904001,Littlefield HS,Littlefield ISD,A,93,358,https://txschools.net/campus/littlefield-hs-140904001
6473,7185,237,071909121,Loma Verde,Socorro ISD,A,93,510,https://txschools.net/campus/loma-verde-071909121
6473,7185,237,178906041,London MS,London ISD,A,93,311,https://txschools.net/campus/london-ms-178906041
6473,7185,237,116906001,Lone Oak HS,Lone Oak ISD,A,93,325,https://txschools.net/campus/lone-oak-hs-116906001
6473,7185,237,031906001,Los Fresnos HS,Los Fresnos CISD,A,93,3266,https://txschools.net/campus/los-fresnos-hs-031906001
6473,7185,237,043901002,Lowery Freshman Center,Allen ISD,A,93,1667,https://txschools.net/campus/lowery-freshman-center-043901002
6473,7185,237,079907049,Macario Garcia MS,Fort Bend ISD,A,93,1508,https://txschools.net/campus/macario-garcia-ms-079907049
6473,7185,237,170906001,Magnolia HS,Magnolia ISD,A,93,2283,https://txschools.net/campus/magnolia-hs-170906001
6473,7185,237,220908004,Mansfield Timberview HS,Mansfield ISD,A,93,1683,https://txschools.net/campus/mansfield-timberview-hs-220908004
6473,7185,237,227901122,Maplewood Elem,Austin ISD,A,93,426,https://txschools.net/campus/maplewood-elem-227901122
6473,7185,237,015907163,Mark Twain Dual Language Academy,San Antonio ISD,A,93,709,https://txschools.net/campus/mark-twain-dual-language-academy-015907163
6473,7185,237,158902102,Markham Elem,Tidehaven ISD,A,93,243,https://txschools.net/campus/markham-elem-158902102
6473,7185,237,019907116,Martha & Josh Morriss Math & Engineering Elem,Texarkana ISD,A,93,328,https://txschools.net/campus/martha-josh-morriss-math-engineering-elem-019907116
6473,7185,237,205904001,Mathis HS,Mathis ISD,A,93,397,https://txschools.net/campus/mathis-hs-205904001
6473,7185,237,061902053,McKamy MS,Lewisville ISD,A,93,734,https://txschools.net/campus/mckamy-ms-061902053
6473,7185,237,034906001,McLeod School,McLeod ISD,A,93,420,https://txschools.net/campus/mcleod-school-034906001
6473,7185,237,108907002,Mercedes Academic Academy,Mercedes ISD,A,93,131,https://txschools.net/campus/mercedes-academic-academy-108907002
6473,7185,237,057911106,Michael M Boone Elem,Highland Park ISD,A,93,460,https://txschools.net/campus/michael-m-boone-elem-057911106
6473,7185,237,161903001,Midway HS,Midway ISD,A,93,2663,https://txschools.net/campus/midway-hs-161903001
6473,7185,237,166903001,Milano Secondary,Milano ISD,A,93,121,https://txschools.net/campus/milano-secondary-166903001
6473,7185,237,184904001,Millsap HS,Millsap ISD,A,93,281,https://txschools.net/campus/millsap-hs-184904001
6473,7185,237,108906045,Morris MS,McAllen ISD,A,93,1017,https://txschools.net/campus/morris-ms-108906045
6473,7185,237,071901002,Mountain View HS,Clint ISD,A,93,735,https://txschools.net/campus/mountain-view-hs-071901002
6473,7185,237,201907001,Mt Enterprise HS,Mount Enterprise ISD,A,93,240,https://txschools.net/campus/mt-enterprise-hs-201907001
6473,7185,237,123905001,Nederland HS,Nederland ISD,A,93,1547,https://txschools.net/campus/nederland-hs-123905001
6473,7185,237,019905001,New Boston HS,New Boston ISD,A,93,308,https://txschools.net/campus/new-boston-hs-019905001
6473,7185,237,230906001,New Diana HS,New Diana ISD,A,93,339,https://txschools.net/campus/new-diana-hs-230906001
6473,7185,237,057905003,New Tech HS at B F Darrell HS,Dallas ISD,A,93,412,https://txschools.net/campus/new-tech-hs-at-b-f-darrell-hs-057905003
6473,7185,237,240901002,Nixon HS,Laredo ISD,A,93,2103,https://txschools.net/campus/nixon-hs-240901002
6473,7185,237,020901045,Nolan Ryan JH,Alvin ISD,A,93,734,https://txschools.net/campus/nolan-ryan-jh-020901045
6473,7185,237,101921109,Northpointe Int,Tomball ISD,A,93,858,https://txschools.net/campus/northpointe-int-101921109
6473,7185,237,070910001,Palmer HS,Palmer ISD,A,93,408,https://txschools.net/campus/palmer-hs-070910001
6473,7185,237,033902041,Panhandle JH,Panhandle ISD,A,93,132,https://txschools.net/campus/panhandle-jh-033902041
6473,7185,237,249906001,Paradise HS,Paradise ISD,A,93,383,https://txschools.net/campus/paradise-hs-249906001
6473,7185,237,101917013,Pasadena Memorial HS,Pasadena ISD,A,93,3057,https://txschools.net/campus/pasadena-memorial-hs-101917013
6473,7185,237,246909134,Patsy Sommer Elem,Round Rock ISD,A,93,841,https://txschools.net/campus/patsy-sommer-elem-246909134
6473,7185,237,020908041,Pearland JH East,Pearland ISD,A,93,781,https://txschools.net/campus/pearland-jh-east-020908041
6473,7185,237,020908042,Pearland JH West,Pearland ISD,A,93,932,https://txschools.net/campus/pearland-jh-west-020908042
6473,7185,237,043905056,Pearson MS,Frisco ISD,A,93,995,https://txschools.net/campus/pearson-ms-043905056
6473,7185,237,246909054,Pearson Ranch MS,Round Rock ISD,A,93,1030,https://txschools.net/campus/pearson-ranch-ms-246909054
6473,7185,237,109914001,Penelope School,Penelope ISD,A,93,215,https://txschools.net/campus/penelope-school-109914001
6473,7185,237,046902006,Pieper HS,Comal ISD,A,93,2239,https://txschools.net/campus/pieper-hs-046902006
6473,7185,237,046902047,Pieper Ranch MS,Comal ISD,A,93,979,https://txschools.net/campus/pieper-ranch-ms-046902047
6473,7185,237,043905117,Pink Elem,Frisco ISD,A,93,570,https://txschools.net/campus/pink-elem-043905117
6473,7185,237,043905044,Pioneer Heritage MS,Frisco ISD,A,93,995,https://txschools.net/campus/pioneer-heritage-ms-043905044
6473,7185,237,245903102,Pittman Elem,Raymondville ISD,A,93,560,https://txschools.net/campus/pittman-elem-245903102
6473,7185,237,032902002,Pittsburg HS,Pittsburg ISD,A,93,665,https://txschools.net/campus/pittsburg-hs-032902002
6473,7185,237,032902105,Pittsburg Int,Pittsburg ISD,A,93,348,https://txschools.net/campus/pittsburg-int-032902105
6473,7185,237,101907156,Pope Elem,Cypress-Fairbanks ISD,A,93,998,https://txschools.net/campus/pope-elem-101907156
6473,7185,237,170908006,Porter HS,New Caney ISD,A,93,1831,https://txschools.net/campus/porter-hs-170908006
6473,7185,237,167904001,Priddy School,Priddy ISD,A,93,90,https://txschools.net/campus/priddy-school-167904001
6473,7185,237,043912001,Prosper HS,Prosper ISD,A,93,2603,https://txschools.net/campus/prosper-hs-043912001
6473,7185,237,108909001,PSJA Early College HS,Pharr-San Juan-Alamo ISD,A,93,2257,https://txschools.net/campus/psja-early-college-hs-108909001
6473,7185,237,108909003,PSJA North Early College HS,Pharr-San Juan-Alamo ISD,A,93,2237,https://txschools.net/campus/psja-north-early-college-hs-108909003
6473,7185,237,191901002,Randall HS,Canyon ISD,A,93,1113,https://txschools.net/campus/randall-hs-191901002
6473,7185,237,108906120,Rayburn Elem,McAllen ISD,A,93,581,https://txschools.net/campus/rayburn-elem-108906120
6473,7185,237,043914045,Raymond B Cooper JH,Wylie ISD,A,93,992,https://txschools.net/campus/raymond-b-cooper-jh-043914045
6473,7185,237,101907155,Rennell Elem,Cypress-Fairbanks ISD,A,93,1203,https://txschools.net/campus/rennell-elem-101907155
6473,7185,237,079907016,Ridge Point HS,Fort Bend ISD,B,93,2634,https://txschools.net/campus/ridge-point-hs-079907016
6473,7185,237,161912001,Riesel School,Riesel ISD,A,93,325,https://txschools.net/campus/riesel-school-161912001
6473,7185,237,246913123,River Ridge Elem,Leander ISD,A,93,345,https://txschools.net/campus/river-ridge-elem-246913123
6473,7185,237,101913045,Riverwood MS,Humble ISD,A,93,1133,https://txschools.net/campus/riverwood-ms-101913045
6473,7185,237,101914146,Robertson Elem,Katy ISD,A,93,883,https://txschools.net/campus/robertson-elem-101914146
6473,7185,237,043910050,Robinson MS,Plano ISD,A,93,1010,https://txschools.net/campus/robinson-ms-043910050
6473,7185,237,043912005,Rock Hill HS,Prosper ISD,A,93,2534,https://txschools.net/campus/rock-hill-hs-043912005
6473,7185,237,020908111,Rogers MS,Pearland ISD,A,93,747,https://txschools.net/campus/rogers-ms-020908111
6473,7185,237,152908001,Roosevelt HS,Roosevelt ISD,A,93,321,https://txschools.net/campus/roosevelt-hs-152908001
6473,7185,237,057905359,Rosemont School,Dallas ISD,A,93,512,https://txschools.net/campus/rosemont-school-057905359
6473,7185,237,108906006,Rowe HS,McAllen ISD,A,93,1856,https://txschools.net/campus/rowe-hs-108906006
6473,7185,237,043907115,Roy Lee Walker Elem,McKinney ISD,A,93,387,https://txschools.net/campus/roy-lee-walker-elem-043907115
6473,7185,237,169911001,Saint Jo HS,Saint Jo ISD,A,93,129,https://txschools.net/campus/saint-jo-hs-169911001
6473,7185,237,101907057,Salyards MS,Cypress-Fairbanks ISD,A,93,1372,https://txschools.net/campus/salyards-ms-101907057
6473,7185,237,066902001,San Diego HS,San Diego ISD,A,93,434,https://txschools.net/campus/san-diego-hs-066902001
6473,7185,237,058909001,Sands CISD,Sands CISD,A,93,225,https://txschools.net/campus/sands-cisd-058909001
6473,7185,237,031913001,Santa Maria HS,Santa Maria ISD,A,93,173,https://txschools.net/campus/santa-maria-hs-031913001
6473,7185,237,043905050,Scoggins MS,Frisco ISD,A,93,817,https://txschools.net/campus/scoggins-ms-043905050
6473,7185,237,012901001,Seymour HS,Seymour ISD,A,93,157,https://txschools.net/campus/seymour-hs-012901001
6473,7185,237,020901006,Shadow Creek HS,Alvin ISD,A,93,2612,https://txschools.net/campus/shadow-creek-hs-020901006
6473,7185,237,152909001,Shallowater HS,Shallowater ISD,A,93,502,https://txschools.net/campus/shallowater-hs-152909001
6473,7185,237,108911007,Sharyland Pioneer HS,Sharyland ISD,A,93,1504,https://txschools.net/campus/sharyland-pioneer-hs-108911007
6473,7185,237,020901117,Shirley Dill Brothers Elem,Alvin ISD,A,93,627,https://txschools.net/campus/shirley-dill-brothers-elem-020901117
6473,7185,237,023902001,Silverton School,Silverton ISD,A,93,194,https://txschools.net/campus/silverton-school-023902001
6473,7185,237,057905306,Solar Preparatory School for Girls at Bonham,Dallas ISD,A,93,687,https://txschools.net/campus/solar-preparatory-school-for-girls-at-bonham-057905306
6473,7185,237,126902043,STEAM MS,Burleson ISD,A,93,579,https://txschools.net/campus/steam-ms-126902043
6473,7185,237,101920006,Stratford HS,Spring Branch ISD,A,93,2397,https://txschools.net/campus/stratford-hs-101920006
6473,7185,237,101914119,Sue Creech Elem,Katy ISD,A,93,777,https://txschools.net/campus/sue-creech-elem-101914119
6473,7185,237,110907101,Sundown Elem,Sundown ISD,A,93,379,https://txschools.net/campus/sundown-elem-110907101
6473,7185,237,110907001,Sundown HS,Sundown ISD,A,93,188,https://txschools.net/campus/sundown-hs-110907001
6473,7185,237,057919001,Sunnyvale HS,Sunnyvale ISD,A,93,745,https://txschools.net/campus/sunnyvale-hs-057919001
6473,7185,237,057919041,Sunnyvale MS,Sunnyvale ISD,A,93,568,https://txschools.net/campus/sunnyvale-ms-057919041
6473,7185,237,171902001,Sunray HS,Sunray Collegiate ISD,A,93,199,https://txschools.net/campus/sunray-hs-171902001
6473,7185,237,079901115,Susanna Dickinson Elem,Lamar CISD,A,93,629,https://txschools.net/campus/susanna-dickinson-elem-079901115
6473,7185,237,043905123,Taylor Elem,Frisco ISD,A,93,630,https://txschools.net/campus/taylor-elem-043905123
6473,7185,237,170902003,The Woodlands HS,Conroe ISD,A,93,4419,https://txschools.net/campus/the-woodlands-hs-170902003
6473,7185,237,246912001,Thrall HS,Thrall ISD,A,93,292,https://txschools.net/campus/thrall-hs-246912001
6473,7185,237,091907101,Tioga School,Tioga ISD,A,93,610,https://txschools.net/campus/tioga-school-091907101
6473,7185,237,170906108,Tom R Ellisor Elem,Magnolia ISD,A,93,611,https://txschools.net/campus/tom-r-ellisor-elem-170906108
6473,7185,237,240903110,Trautmann Elem,United ISD,A,93,694,https://txschools.net/campus/trautmann-elem-240903110
6473,7185,237,240903048,Trautmann MS,United ISD,A,93,735,https://txschools.net/campus/trautmann-ms-240903048
6473,7185,237,043905055,Trent MS,Frisco ISD,A,93,714,https://txschools.net/campus/trent-ms-043905055
6473,7185,237,014910001,Troy HS,Troy ISD,A,93,493,https://txschools.net/campus/troy-hs-014910001
6473,7185,237,230908001,Union Grove HS,Union Grove ISD,A,93,229,https://txschools.net/campus/union-grove-hs-230908001
6473,7185,237,049903001,Valley View HS,Valley View ISD,A,93,259,https://txschools.net/campus/valley-view-hs-049903001
6473,7185,237,043905054,Vandeventer MS,Frisco ISD,A,93,826,https://txschools.net/campus/vandeventer-ms-043905054
6473,7185,237,180902041,Vega JH,Vega ISD,A,93,121,https://txschools.net/campus/vega-jh-180902041
6473,7185,237,015913001,Virginia Allred Stacey Jr/Sr HS,Lackland ISD,A,93,377,https://txschools.net/campus/virginia-allred-stacey-jr-sr-hs-015913001
6473,7185,237,071905128,Vista Hills Elem,Ysleta ISD,A,93,410,https://txschools.net/campus/vista-hills-elem-071905128
6473,7185,237,043912006,Walnut Grove HS,Prosper ISD,A,93,2516,https://txschools.net/campus/walnut-grove-hs-043912006
6473,7185,237,043901043,Walter & Lois Curtis MS,Allen ISD,A,93,1318,https://txschools.net/campus/walter-lois-curtis-ms-043901043
6473,7185,237,226905001,Water Valley School,Water Valley ISD,A,93,289,https://txschools.net/campus/water-valley-school-226905001
6473,7185,237,223904001,Wellman-Union School,Wellman-Union CISD,A,93,245,https://txschools.net/campus/wellman-union-school-223904001
6473,7185,237,108913001,Weslaco HS,Weslaco ISD,A,93,2720,https://txschools.net/campus/weslaco-hs-108913001
6473,7185,237,201914001,West Rusk HS,West Rusk County Consolidated ISD,A,93,347,https://txschools.net/campus/west-rusk-hs-201914001
6473,7185,237,084910049,Westbrook Int,Clear Creek ISD,A,93,1169,https://txschools.net/campus/westbrook-int-084910049
6473,7185,237,212906001,Whitehouse HS,Whitehouse ISD,A,93,1422,https://txschools.net/campus/whitehouse-hs-212906001
6473,7185,237,091910001,Whitewright HS,Whitewright ISD,A,93,212,https://txschools.net/campus/whitewright-hs-091910001
6473,7185,237,109911001,Whitney HS,Whitney ISD,A,93,407,https://txschools.net/campus/whitney-hs-109911001
6473,7185,237,015910143,Wilderness Oak Elem,North East ISD,A,93,547,https://txschools.net/campus/wilderness-oak-elem-015910143
6473,7185,237,101914052,Woodcreek JH,Katy ISD,A,93,1674,https://txschools.net/campus/woodcreek-jh-101914052
6473,7185,237,220905084,World Languages Institute,Fort Worth ISD,A,93,503,https://txschools.net/campus/world-languages-institute-220905084
6473,7185,237,101912020,Yates HS,Houston ISD,A,93,739,https://txschools.net/campus/yates-hs-101912020
6473,7185,237,071902019,Young Women's STEAM Research & Preparatory Academy,El Paso ISD,A,93,443,https://txschools.net/campus/young-women-s-steam-research-preparatory-academy-071902019
6473,7185,237,071905004,Ysleta HS,Ysleta ISD,A,93,1132,https://txschools.net/campus/ysleta-hs-071905004
6473,7185,237,253901001,Zapata HS,Zapata County ISD,A,93,1055,https://txschools.net/campus/zapata-hs-253901001
6711,7185,136,020908115,Alexander MS,Pearland ISD,A,94,780,https://txschools.net/campus/alexander-ms-020908115
6711,7185,136,071905138,Alicia R Chacon International,Ysleta ISD,A,94,868,https://txschools.net/campus/alicia-r-chacon-international-071905138
6711,7185,136,188901001,Amarillo HS,Amarillo ISD,A,94,2155,https://txschools.net/campus/amarillo-hs-188901001
6711,7185,136,034901001,Atlanta HS,Atlanta ISD,A,94,485,https://txschools.net/campus/atlanta-hs-034901001
6711,7185,136,057909041,Austin Acad for Excell,Garland ISD,A,94,978,https://txschools.net/campus/austin-acad-for-excell-057909041
6711,7185,136,036902105,Barbers Hill Elem South,Barbers Hill ISD,A,94,945,https://txschools.net/campus/barbers-hill-elem-south-036902105
6711,7185,136,220916119,Bedford Heights Elem,Hurst-Euless-Bedford ISD,A,94,635,https://txschools.net/campus/bedford-heights-elem-220916119
6711,7185,136,227913043,Bee Cave MS,Lake Travis ISD,A,94,861,https://txschools.net/campus/bee-cave-ms-227913043
6711,7185,136,091901001,Bells HS,Bells ISD,A,94,316,https://txschools.net/campus/bells-hs-091901001
6711,7185,136,220905071,Benbrook MS/High School,Fort Worth ISD,A,94,1507,https://txschools.net/campus/benbrook-ms-high-school-220905071
6711,7185,136,079901119,Bess Campbell Elem,Lamar CISD,A,94,578,https://txschools.net/campus/bess-campbell-elem-079901119
6711,7185,136,158902101,Blessing Elem,Tidehaven ISD,A,94,260,https://txschools.net/campus/blessing-elem-158902101
6711,7185,136,227901013,Bowie HS,Austin ISD,A,94,2869,https://txschools.net/campus/bowie-hs-227901013
6711,7185,136,101920102,Bunker Hill Elem,Spring Branch ISD,A,94,778,https://txschools.net/campus/bunker-hill-elem-101920102
6711,7185,136,031901128,Burns Elem,Brownsville ISD,A,94,622,https://txschools.net/campus/burns-elem-031901128
6711,7185,136,101912275,Bush Elem,Houston ISD,A,94,680,https://txschools.net/campus/bush-elem-101912275
6711,7185,136,188904001,Bushland HS,Bushland ISD,A,94,469,https://txschools.net/campus/bushland-hs-188904001
6711,7185,136,084911102,C W Cline Elem,Friendswood ISD,A,94,902,https://txschools.net/campus/c-w-cline-elem-084911102
6711,7185,136,101902002,Carver HS for Applied Tech/Engineering/Arts,Aldine ISD,A,94,640,https://txschools.net/campus/carver-hs-for-applied-tech-engineering-arts-101902002
6711,7185,136,246909047,Cedar Valley MS,Round Rock ISD,A,94,1228,https://txschools.net/campus/cedar-valley-ms-246909047
6711,7185,136,161920001,China Spring HS,China Spring ISD,A,94,915,https://txschools.net/campus/china-spring-hs-161920001
6711,7185,136,084910004,Clear View HS,Clear Creek ISD,A,94,193,https://txschools.net/campus/clear-view-hs-084910004
6711,7185,136,031912204,Collegiate Academy,San Benito CISD,A,94,122,https://txschools.net/campus/collegiate-academy-031912204
6711,7185,136,220906004,Colleyville Heritage HS,Grapevine-Colleyville ISD,A,94,1775,https://txschools.net/campus/colleyville-heritage-hs-220906004
6711,7185,136,170902050,Collins Int,Conroe ISD,A,94,749,https://txschools.net/campus/collins-int-170902050
6711,7185,136,057922001,Coppell HS,Coppell ISD,A,94,4238,https://txschools.net/campus/coppell-hs-057922001
6711,7185,136,057922042,Coppell MS East,Coppell ISD,A,94,1070,https://txschools.net/campus/coppell-ms-east-057922042
6711,7185,136,057903006,Creekview HS,Carrollton-Farmers Branch ISD,A,94,1625,https://txschools.net/campus/creekview-hs-057903006
6711,7185,136,163902001,D'Hanis School,D'Hanis ISD,A,94,297,https://txschools.net/campus/d-hanis-school-163902001
6711,7185,136,046902004,Davenport HS,Comal ISD,A,94,1248,https://txschools.net/campus/davenport-hs-046902004
6711,7185,136,170902118,David Elem,Conroe ISD,A,94,569,https://txschools.net/campus/david-elem-170902118
6711,7185,136,091903001,Denison HS,Denison ISD,A,94,1348,https://txschools.net/campus/denison-hs-091903001
6711,7185,136,057905383,Diane Ragsdale Citylab HS,Dallas ISD,A,94,138,https://txschools.net/campus/diane-ragsdale-citylab-hs-057905383
6711,7185,136,020901048,Dr Ronald E McNair JH,Alvin ISD,A,94,1015,https://txschools.net/campus/dr-ronald-e-mcnair-jh-020901048
6711,7185,136,101912046,Edison MS,Houston ISD,A,94,334,https://txschools.net/campus/edison-ms-101912046
6711,7185,136,214903106,Emma Vera Elem,Roma ISD,A,94,473,https://txschools.net/campus/emma-vera-elem-214903106
6711,7185,136,220919108,Eubanks Int,Carroll ISD,A,94,551,https://txschools.net/campus/eubanks-int-220919108
6711,7185,136,030906001,Eula HS,Eula ISD,A,94,104,https://txschools.net/campus/eula-hs-030906001
6711,7185,136,128904101,Falls City Elem,Falls City ISD,A,94,254,https://txschools.net/campus/falls-city-elem-128904101
6711,7185,136,214903103,Florence J Scott Elem,Roma ISD,A,94,516,https://txschools.net/campus/florence-j-scott-elem-214903103
6711,7185,136,061902010,Flower Mound HS,Lewisville ISD,A,94,3394,https://txschools.net/campus/flower-mound-hs-061902010
6711,7185,136,079901003,Foster HS,Lamar CISD,A,94,2221,https://txschools.net/campus/foster-hs-079901003
6711,7185,136,043914043,Frank McMillan JH,Wylie ISD,A,94,1107,https://txschools.net/campus/frank-mcmillan-jh-043914043
6711,7185,136,198903001,Franklin HS,Franklin ISD,A,94,432,https://txschools.net/campus/franklin-hs-198903001
6711,7185,136,084911001,Friendswood HS,Friendswood ISD,A,94,2007,https://txschools.net/campus/friendswood-hs-084911001
6711,7185,136,101920104,Frostwood Elem,Spring Branch ISD,A,94,733,https://txschools.net/campus/frostwood-elem-101920104
6711,7185,136,101914047,Garland McMeans JH,Katy ISD,A,94,1099,https://txschools.net/campus/garland-mcmeans-jh-101914047
6711,7185,136,057905134,George B Dealey Montessori Academy,Dallas ISD,A,94,652,https://txschools.net/campus/george-b-dealey-montessori-academy-057905134
6711,7185,136,043914111,George W Bush Elem,Wylie ISD,A,94,845,https://txschools.net/campus/george-w-bush-elem-043914111
6711,7185,136,220906111,Glenhope Elem,Grapevine-Colleyville ISD,A,94,540,https://txschools.net/campus/glenhope-elem-220906111
6711,7185,136,102904002,Hallsville HS,Hallsville ISD,A,94,1407,https://txschools.net/campus/hallsville-hs-102904002
6711,7185,136,123914001,Hamshire-Fannett HS,Hamshire-Fannett ISD,A,94,611,https://txschools.net/campus/hamshire-fannett-hs-123914001
6711,7185,136,178904014,Harold T Branch Academy for Career & Technical Ed,Corpus Christi ISD,A,94,274,https://txschools.net/campus/harold-t-branch-academy-for-career-technical-ed-178904014
6711,7185,136,057911041,Highland Park MS,Highland Park ISD,A,94,911,https://txschools.net/campus/highland-park-ms-057911041
6711,7185,136,227909041,Hill Country MS,Eanes ISD,A,94,944,https://txschools.net/campus/hill-country-ms-227909041
6711,7185,136,101911016,Impact Early College HS,Goose Creek CISD,A,94,414,https://txschools.net/campus/impact-early-college-hs-101911016
6711,7185,136,208903001,Ira School,Ira ISD,A,94,307,https://txschools.net/campus/ira-school-208903001
6711,7185,136,240901120,J C Martin Jr Elem,Laredo ISD,A,94,429,https://txschools.net/campus/j-c-martin-jr-elem-240901120
6711,7185,136,101914139,James E Randolph Elem,Katy ISD,A,94,864,https://txschools.net/campus/james-e-randolph-elem-101914139
6711,7185,136,246909052,James Garland Walsh MS,Round Rock ISD,A,94,1223,https://txschools.net/campus/james-garland-walsh-ms-246909052
6711,7185,136,043910009,Jasper HS,Plano ISD,A,94,1279,https://txschools.net/campus/jasper-hs-043910009
6711,7185,136,043919102,Joe V Hart Elem,Lovejoy ISD,A,94,538,https://txschools.net/campus/joe-v-hart-elem-043919102
6711,7185,136,014903010,Lake Belton HS,Belton ISD,A,94,2244,https://txschools.net/campus/lake-belton-hs-014903010
6711,7185,136,227913041,Lake Travis MS,Lake Travis ISD,A,94,1013,https://txschools.net/campus/lake-travis-ms-227913041
6711,7185,136,246913111,Laura Welch Bush Elem,Leander ISD,A,94,502,https://txschools.net/campus/laura-welch-bush-elem-246913111
6711,7185,136,246911009,Legacy Early College HS,Taylor ISD,A,94,117,https://txschools.net/campus/legacy-early-college-hs-246911009
6711,7185,136,043905006,Liberty HS,Frisco ISD,A,94,1872,https://txschools.net/campus/liberty-hs-043905006
6711,7185,136,101912324,Liberty HS,Houston ISD,A,94,314,https://txschools.net/campus/liberty-hs-101912324
6711,7185,136,015910057,Lopez MS,North East ISD,A,94,1325,https://txschools.net/campus/lopez-ms-015910057
6711,7185,136,043912041,Lorene Rogers MS,Prosper ISD,A,94,1591,https://txschools.net/campus/lorene-rogers-ms-043912041
6711,7185,136,220908003,Mansfield HS,Mansfield ISD,A,94,2631,https://txschools.net/campus/mansfield-hs-220908003
6711,7185,136,220908005,Mansfield Legacy HS,Mansfield ISD,A,94,2184,https://txschools.net/campus/mansfield-legacy-hs-220908005
6711,7185,136,043910122,Mathews Elem,Plano ISD,A,94,433,https://txschools.net/campus/mathews-elem-043910122
6711,7185,136,184907042,Mcanally MS,Aledo ISD,A,94,886,https://txschools.net/campus/mcanally-ms-184907042
6711,7185,136,057911105,McCulloch Int,Highland Park ISD,A,94,876,https://txschools.net/campus/mcculloch-int-057911105
6711,7185,136,170902053,McCullough JH,Conroe ISD,A,94,2206,https://txschools.net/campus/mccullough-jh-170902053
6711,7185,136,101907160,Mcgown Elem,Cypress-Fairbanks ISD,A,94,1387,https://txschools.net/campus/mcgown-elem-101907160
6711,7185,136,161909001,McGregor HS,McGregor ISD,A,94,432,https://txschools.net/campus/mcgregor-hs-161909001
6711,7185,136,043907007,McKinney Boyd HS,McKinney ISD,A,94,2592,https://txschools.net/campus/mckinney-boyd-hs-043907007
6711,7185,136,043907002,McKinney HS,McKinney ISD,A,94,2521,https://txschools.net/campus/mckinney-hs-043907002
6711,7185,136,043907004,McKinney North HS,McKinney ISD,A,94,2512,https://txschools.net/campus/mckinney-north-hs-043907004
6711,7185,136,101920042,Memorial MS,Spring Branch ISD,A,94,1341,https://txschools.net/campus/memorial-ms-101920042
6711,7185,136,221904001,Merkel HS,Merkel ISD,A,94,298,https://txschools.net/campus/merkel-hs-221904001
6711,7185,136,197902001,Miami School,Miami ISD,A,94,179,https://txschools.net/campus/miami-school-197902001
6711,7185,136,070908003,Midlothian Heritage HS,Midlothian ISD,A,94,1772,https://txschools.net/campus/midlothian-heritage-hs-070908003
6711,7185,136,070908001,Midlothian HS,Midlothian ISD,A,94,2052,https://txschools.net/campus/midlothian-hs-070908001
6711,7185,136,250903001,Mineola HS,Mineola ISD,A,94,483,https://txschools.net/campus/mineola-hs-250903001
6711,7185,136,170902067,Mitchell Int,Conroe ISD,A,94,1139,https://txschools.net/campus/mitchell-int-170902067
6711,7185,136,173901001,Motley County School,Motley County ISD,A,94,188,https://txschools.net/campus/motley-county-school-173901001
6711,7185,136,035903001,Nazareth School,Nazareth ISD,A,94,239,https://txschools.net/campus/nazareth-school-035903001
6711,7185,136,043905134,Nichols Elem,Frisco ISD,A,94,564,https://txschools.net/campus/nichols-elem-043905134
6711,7185,136,154903001,North Zulch Elem/Secondary,North Zulch ISD,A,94,335,https://txschools.net/campus/north-zulch-elem-secondary-154903001
6711,7185,136,068901014,Odessa Career and Technical Early College HS,Ector County ISD,A,94,436,https://txschools.net/campus/odessa-career-and-technical-early-college-hs-068901014
6711,7185,136,252903001,Olney HS,Olney ISD,A,94,185,https://txschools.net/campus/olney-hs-252903001
6711,7185,136,095904001,Petersburg School,Petersburg ISD,A,94,230,https://txschools.net/campus/petersburg-school-095904001
6711,7185,136,101912337,Pin Oak MS,Houston ISD,A,94,1280,https://txschools.net/campus/pin-oak-ms-101912337
6711,7185,136,015906041,Randolph MS,Randolph Field ISD,A,94,337,https://txschools.net/campus/randolph-ms-015906041
6711,7185,136,101914134,Ray and Jamie Wolman Elem,Katy ISD,A,94,1065,https://txschools.net/campus/ray-and-jamie-wolman-elem-101914134
6711,7185,136,019906001,Redwater HS,Redwater ISD,A,94,354,https://txschools.net/campus/redwater-hs-019906001
6711,7185,136,043910053,Rice MS,Plano ISD,A,94,872,https://txschools.net/campus/rice-ms-043910053
6711,7185,136,220919104,Robert H Rockenbaugh Elem,Carroll ISD,A,94,460,https://txschools.net/campus/robert-h-rockenbaugh-elem-220919104
6711,7185,136,020908009,Robert Turner College and Career HS,Pearland ISD,A,94,1149,https://txschools.net/campus/robert-turner-college-and-career-hs-020908009
6711,7185,136,161922001,Robinson HS,Robinson ISD,A,94,744,https://txschools.net/campus/robinson-hs-161922001
6711,7185,136,199901004,Rockwall-Heath HS,Rockwall ISD,A,94,3070,https://txschools.net/campus/rockwall-heath-hs-199901004
6711,7185,136,101914046,Rodger & Ellen Beck JH,Katy ISD,A,94,1222,https://txschools.net/campus/rodger-ellen-beck-jh-101914046
6711,7185,136,101914117,Roosevelt Alexander Elem,Katy ISD,A,94,860,https://txschools.net/campus/roosevelt-alexander-elem-101914117
6711,7185,136,101920112,Rummel Creek Elem,Spring Branch ISD,A,94,803,https://txschools.net/campus/rummel-creek-elem-101920112
6711,7185,136,057909010,Sachse HS,Garland ISD,A,94,2841,https://txschools.net/campus/sachse-hs-057909010
6711,7185,136,112909001,Saltillo School,Saltillo ISD,A,94,236,https://txschools.net/campus/saltillo-school-112909001
6711,7185,136,101907138,Sampson Elem,Cypress-Fairbanks ISD,A,94,929,https://txschools.net/campus/sampson-elem-101907138
6711,7185,136,071909127,Sgt Roberto Ituarte,Socorro ISD,A,94,583,https://txschools.net/campus/sgt-roberto-ituarte-071909127
6711,7185,136,020908109,Silverlake Elem,Pearland ISD,A,94,685,https://txschools.net/campus/silverlake-elem-020908109
6711,7185,136,110906001,Smyer Schools,Smyer ISD,A,94,433,https://txschools.net/campus/smyer-schools-110906001
6711,7185,136,079907160,Sonal S Bhuchar Elem,Fort Bend ISD,A,94,655,https://txschools.net/campus/sonal-s-bhuchar-elem-079907160
6711,7185,136,031916042,South Texas ISD Rising Scholars Academy,South Texas ISD,A,94,776,https://txschools.net/campus/south-texas-isd-rising-scholars-academy-031916042
6711,7185,136,101907054,Spillane MS,Cypress-Fairbanks ISD,A,94,1436,https://txschools.net/campus/spillane-ms-101907054
6711,7185,136,101907063,Sprague MS,Cypress-Fairbanks ISD,A,94,1662,https://txschools.net/campus/sprague-ms-101907063
6711,7185,136,170902130,Stewart Elem,Conroe ISD,A,94,944,https://txschools.net/campus/stewart-elem-170902130
6711,7185,136,043914102,T F Birmingham Elem,Wylie ISD,A,94,495,https://txschools.net/campus/t-f-birmingham-elem-043914102
6711,7185,136,220906105,Taylor Elem,Grapevine-Colleyville ISD,A,94,472,https://txschools.net/campus/taylor-elem-220906105
6711,7185,136,101914002,Taylor HS,Katy ISD,A,94,3317,https://txschools.net/campus/taylor-hs-101914002
6711,7185,136,211901101,Texhoma Elem,Texhoma ISD,A,94,96,https://txschools.net/campus/texhoma-elem-211901101
6711,7185,136,091918001,Tom Bean HS,Tom Bean ISD,A,94,227,https://txschools.net/campus/tom-bean-hs-091918001
6711,7185,136,101912249,Travis Elem,Houston ISD,A,94,780,https://txschools.net/campus/travis-elem-101912249
6711,7185,136,057905186,Trinity Heights Gifted and Talented School,Dallas ISD,A,94,384,https://txschools.net/campus/trinity-heights-gifted-and-talented-school-057905186
6711,7185,136,057911104,University Park Elem,Highland Park ISD,A,94,470,https://txschools.net/campus/university-park-elem-057911104
6711,7185,136,101920115,Valley Oaks Elem,Spring Branch ISD,A,94,898,https://txschools.net/campus/valley-oaks-elem-101920115
6711,7185,136,108916001,Valley View HS,Valley View ISD,A,94,1141,https://txschools.net/campus/valley-view-hs-108916001
6711,7185,136,031901009,Veterans Memorial Early College HS,Brownsville ISD,A,94,2268,https://txschools.net/campus/veterans-memorial-early-college-hs-031901009
6711,7185,136,045905002,Weimar HS,Weimar ISD,A,94,214,https://txschools.net/campus/weimar-hs-045905002
6711,7185,136,043905045,Wester MS,Frisco ISD,A,94,916,https://txschools.net/campus/wester-ms-043905045
6711,7185,136,246909003,Westwood HS,Round Rock ISD,A,94,2830,https://txschools.net/campus/westwood-hs-246909003
6711,7185,136,180904101,Wildorado School,Wildorado ISD,A,94,198,https://txschools.net/campus/wildorado-school-180904101
6711,7185,136,101913113,Willow Creek Elem,Humble ISD,A,94,578,https://txschools.net/campus/willow-creek-elem-101913113
6711,7185,136,043919041,Willow Springs MS,Lovejoy ISD,A,94,694,https://txschools.net/campus/willow-springs-ms-043919041
6711,7185,136,101921043,Willow Wood JH,Tomball ISD,A,94,1172,https://txschools.net/campus/willow-wood-jh-101921043
6711,7185,136,043914001,Wylie HS,Wylie ISD,A,94,3226,https://txschools.net/campus/wylie-hs-043914001
6848,7185,114,209901001,Albany Jr-Sr HS,Albany ISD,A,95,203,https://txschools.net/campus/albany-jr-sr-hs-209901001
6848,7185,114,214901104,Alberto and Celia Barrera Elem,Rio Grande City Grulla ISD,A,95,400,https://txschools.net/campus/alberto-and-celia-barrera-elem-214901104
6848,7185,114,022901001,Alpine HS,Alpine ISD,A,95,250,https://txschools.net/campus/alpine-hs-022901001
6848,7185,114,217901001,Aspermont Schools,Aspermont ISD,A,95,210,https://txschools.net/campus/aspermont-schools-217901001
6848,7185,114,178913001,Banquete HS,Banquete ISD,A,95,215,https://txschools.net/campus/banquete-hs-178913001
6848,7185,114,036902001,Barbers Hill HS,Barbers Hill ISD,A,95,2293,https://txschools.net/campus/barbers-hill-hs-036902001
6848,7185,114,227901103,Barton Hills Elem,Austin ISD,A,95,271,https://txschools.net/campus/barton-hills-elem-227901103
6848,7185,114,125902001,Ben Bolt-Palito Blanco HS,Ben Bolt-Palito Blanco ISD,A,95,190,https://txschools.net/campus/ben-bolt-palito-blanco-hs-125902001
6848,7185,114,043910136,Beverly Elem,Plano ISD,A,95,332,https://txschools.net/campus/beverly-elem-043910136
6848,7185,114,212905103,Birdwell School,Tyler ISD,A,95,614,https://txschools.net/campus/birdwell-school-212905103
6848,7185,114,116916001,Boles HS,Boles ISD,A,95,175,https://txschools.net/campus/boles-hs-116916001
6848,7185,114,198901001,Bremond HS,Bremond ISD,A,95,152,https://txschools.net/campus/bremond-hs-198901001
6848,7185,114,212902001,Bullard HS,Bullard ISD,A,95,905,https://txschools.net/campus/bullard-hs-212902001
6848,7185,114,246909132,Cactus Ranch Elem,Round Rock ISD,A,95,684,https://txschools.net/campus/cactus-ranch-elem-246909132
6848,7185,114,246909044,Canyon Vista MS,Round Rock ISD,A,95,1336,https://txschools.net/campus/canyon-vista-ms-246909044
6848,7185,114,220919102,Carroll Elem,Carroll ISD,A,95,564,https://txschools.net/campus/carroll-elem-220919102
6848,7185,114,043905002,Centennial HS,Frisco ISD,A,95,1936,https://txschools.net/campus/centennial-hs-043905002
6848,7185,114,174908001,Central Heights HS,Central Heights ISD,A,95,334,https://txschools.net/campus/central-heights-hs-174908001
6848,7185,114,220916041,Central JH,Hurst-Euless-Bedford ISD,A,95,1053,https://txschools.net/campus/central-jh-220916041
6848,7185,114,101914048,Cinco Ranch JH,Katy ISD,A,95,1343,https://txschools.net/campus/cinco-ranch-jh-101914048
6848,7185,114,212903101,College Street Elem,Lindale ISD,A,95,511,https://txschools.net/campus/college-street-elem-212903101
6848,7185,114,079907135,Commonwealth Elem,Fort Bend ISD,A,95,675,https://txschools.net/campus/commonwealth-elem-079907135
6848,7185,114,079907147,Cornerstone Elem,Fort Bend ISD,A,95,701,https://txschools.net/campus/cornerstone-elem-079907147
6848,7185,114,101921044,Creekside Park JH,Tomball ISD,A,95,1233,https://txschools.net/campus/creekside-park-jh-101921044
6848,7185,114,101921115,Creekview Elem,Tomball ISD,A,95,908,https://txschools.net/campus/creekview-elem-101921115
6848,7185,114,240901104,Daiches Elem,Laredo ISD,A,95,392,https://txschools.net/campus/daiches-elem-240901104
6848,7185,114,172902001,Daingerfield HS,Daingerfield-Lone Star ISD,A,95,323,https://txschools.net/campus/daingerfield-hs-172902001
6848,7185,114,233901005,Del Rio Early College HS,San Felipe-Del Rio CISD,A,95,482,https://txschools.net/campus/del-rio-early-college-hs-233901005
6848,7185,114,214903110,Delia Gonzalez Garcia Elem,Roma ISD,A,95,454,https://txschools.net/campus/delia-gonzalez-garcia-elem-214903110
6848,7185,114,084901009,Dickinson Continuation Center,Dickinson ISD,A,95,69,https://txschools.net/campus/dickinson-continuation-center-084901009
6848,7185,114,171901001,Dumas HS,Dumas ISD,A,95,1122,https://txschools.net/campus/dumas-hs-171901001
6848,7185,114,101919050,Edward Roberson MS,Spring ISD,A,95,854,https://txschools.net/campus/edward-roberson-ms-101919050
6848,7185,114,068901118,El Magnet at Reagan Elem,Ector County ISD,A,95,669,https://txschools.net/campus/el-magnet-at-reagan-elem-068901118
6848,7185,114,001903001,Elkhart HS,Elkhart ISD,A,95,315,https://txschools.net/campus/elkhart-hs-001903001
6848,7185,114,086901001,Fredericksburg HS,Fredericksburg ISD,A,95,1015,https://txschools.net/campus/fredericksburg-hs-086901001
6848,7185,114,126902008,Game Development Design School at Burleson ISD,Burleson ISD,A,95,319,https://txschools.net/campus/game-development-design-school-at-burleson-isd-126902008
6848,7185,114,174903001,Garrison HS,Garrison ISD,A,95,220,https://txschools.net/campus/garrison-hs-174903001
6848,7185,114,187903001,Goodrich HS,Goodrich ISD,A,95,67,https://txschools.net/campus/goodrich-hs-187903001
6848,7185,114,226907001,Grape Creek HS,Grape Creek ISD,A,95,309,https://txschools.net/campus/grape-creek-hs-226907001
6848,7185,114,101914127,Griffin Elem,Katy ISD,A,95,726,https://txschools.net/campus/griffin-elem-101914127
6848,7185,114,212906111,Gus Winston Cain Elem,Whitehouse ISD,A,95,518,https://txschools.net/campus/gus-winston-cain-elem-212906111
6848,7185,114,135001001,Guthrie School,Guthrie CSD,A,95,99,https://txschools.net/campus/guthrie-school-135001001
6848,7185,114,015904011,Harlandale ISD STEM ECHS,Harlandale ISD,A,95,369,https://txschools.net/campus/harlandale-isd-stem-echs-015904011
6848,7185,114,103902001,Hartley School,Hartley ISD,A,95,242,https://txschools.net/campus/hartley-school-103902001
6848,7185,114,109904001,Hillsboro HS,Hillsboro ISD,A,95,572,https://txschools.net/campus/hillsboro-hs-109904001
6848,7185,114,072908001,Huckabay School,Huckabay ISD,A,95,345,https://txschools.net/campus/huckabay-school-072908001
6848,7185,114,034903001,Hughes Springs HS,Hughes Springs ISD,A,95,319,https://txschools.net/campus/hughes-springs-hs-034903001
6848,7185,114,003904001,Huntington HS,Huntington ISD,A,95,461,https://txschools.net/campus/huntington-hs-003904001
6848,7185,114,015910009,International School of America,North East ISD,A,95,485,https://txschools.net/campus/international-school-of-america-015910009
6848,7185,114,093903001,Iola HS,Iola ISD,A,95,349,https://txschools.net/campus/iola-hs-093903001
6848,7185,114,118902001,Irion HS,Irion County ISD,A,95,125,https://txschools.net/campus/irion-hs-118902001
6848,7185,114,119902001,Jacksboro HS,Jacksboro ISD,A,95,324,https://txschools.net/campus/jacksboro-hs-119902001
6848,7185,114,057910010,John A Dubiski Career HS,Grand Prairie ISD,A,95,1560,https://txschools.net/campus/john-a-dubiski-career-hs-057910010
6848,7185,114,015910014,Johnson HS,North East ISD,B,95,3061,https://txschools.net/campus/johnson-hs-015910014
6848,7185,114,240903117,Kazen Elem,United ISD,A,95,351,https://txschools.net/campus/kazen-elem-240903117
6848,7185,114,058905001,Klondike ISD,Klondike ISD,A,95,269,https://txschools.net/campus/klondike-isd-058905001
6848,7185,114,232901001,Knippa School,Knippa ISD,A,95,408,https://txschools.net/campus/knippa-school-232901001
6848,7185,114,227913104,Lake Pointe Elem,Lake Travis ISD,A,95,711,https://txschools.net/campus/lake-pointe-elem-227913104
6848,7185,114,246909116,Laurel Mountain Elem,Round Rock ISD,A,95,839,https://txschools.net/campus/laurel-mountain-elem-246909116
6848,7185,114,084910045,League City Int,Clear Creek ISD,A,95,1016,https://txschools.net/campus/league-city-int-084910045
6848,7185,114,083902001,Loop School,Loop ISD,A,95,143,https://txschools.net/campus/loop-school-083902001
6848,7185,114,161907001,Lorena High,Lorena ISD,A,95,539,https://txschools.net/campus/lorena-high-161907001
6848,7185,114,152906001,Lubbock-Cooper HS,Lubbock-Cooper ISD,A,95,1625,https://txschools.net/campus/lubbock-cooper-hs-152906001
6848,7185,114,101912460,Mandarin Immersion Magnet School,Houston ISD,A,95,840,https://txschools.net/campus/mandarin-immersion-magnet-school-101912460
6848,7185,114,162904001,McMullen County School,McMullen County ISD,A,95,286,https://txschools.net/campus/mcmullen-county-school-162904001
6848,7185,114,101920109,Memorial Drive Elem,Spring Branch ISD,A,95,412,https://txschools.net/campus/memorial-drive-elem-101920109
6848,7185,114,164901001,Menard HS,Menard ISD,A,95,75,https://txschools.net/campus/menard-hs-164901001
6848,7185,114,101912011,Milby HS,Houston ISD,A,95,2083,https://txschools.net/campus/milby-hs-101912011
6848,7185,114,227901181,Mills Elem,Austin ISD,A,95,701,https://txschools.net/campus/mills-elem-227901181
6848,7185,114,080901001,Mt Vernon HS,Mount Vernon ISD,A,95,450,https://txschools.net/campus/mt-vernon-hs-080901001
6848,7185,114,057909004,N Garland HS,Garland ISD,A,95,2891,https://txschools.net/campus/n-garland-hs-057909004
6848,7185,114,079906102,Needville Elem,Needville ISD,A,95,1101,https://txschools.net/campus/needville-elem-079906102
6848,7185,114,079906001,Needville HS,Needville ISD,A,95,1139,https://txschools.net/campus/needville-hs-079906001
6848,7185,114,043905057,Nelson MS,Frisco ISD,A,95,1044,https://txschools.net/campus/nelson-ms-043905057
6848,7185,114,152902001,New Deal HS,New Deal ISD,A,95,214,https://txschools.net/campus/new-deal-hs-152902001
6848,7185,114,101912211,Oak Forest Elem,Houston ISD,A,95,992,https://txschools.net/campus/oak-forest-elem-101912211
6848,7185,114,101921116,Oakcrest Int,Tomball ISD,A,95,674,https://txschools.net/campus/oakcrest-int-101921116
6848,7185,114,104907001,Paint Creek School,Paint Creek ISD,A,95,116,https://txschools.net/campus/paint-creek-school-104907001
6848,7185,114,033902001,Panhandle HS,Panhandle ISD,A,95,180,https://txschools.net/campus/panhandle-hs-033902001
6848,7185,114,019912001,Pleasant Grove HS,Pleasant Grove ISD,A,95,820,https://txschools.net/campus/pleasant-grove-hs-019912001
6848,7185,114,061906001,Ponder HS,Ponder ISD,A,95,560,https://txschools.net/campus/ponder-hs-061906001
6848,7185,114,015906001,Randolph HS,Randolph Field ISD,A,95,440,https://txschools.net/campus/randolph-hs-015906001
6848,7185,114,043905010,Reedy HS,Frisco ISD,A,95,2151,https://txschools.net/campus/reedy-hs-043905010
6848,7185,114,057922112,Richard J Lee Elem,Coppell ISD,A,95,710,https://txschools.net/campus/richard-j-lee-elem-057922112
6848,7185,114,020901005,Rise,Alvin ISD,A,95,122,https://txschools.net/campus/rise-020901005
6848,7185,114,043914108,Rita Smith Elem,Wylie ISD,A,95,500,https://txschools.net/campus/rita-smith-elem-043914108
6848,7185,114,076903001,Roby CISD,Roby CISD,A,95,313,https://txschools.net/campus/roby-cisd-076903001
6848,7185,114,110905001,Ropes School,Ropes ISD,A,95,670,https://txschools.net/campus/ropes-school-110905001
6848,7185,114,246909001,Round Rock HS,Round Rock ISD,A,95,3855,https://txschools.net/campus/round-rock-hs-246909001
6848,7185,114,214903105,RT Barrera Elem,Roma ISD,A,95,410,https://txschools.net/campus/rt-barrera-elem-214903105
6848,7185,114,240903135,San Isidro Elem,United ISD,A,95,764,https://txschools.net/campus/san-isidro-elem-240903135
6848,7185,114,101907056,Smith MS,Cypress-Fairbanks ISD,A,95,1267,https://txschools.net/campus/smith-ms-101907056
6848,7185,114,031916004,South Texas ISD Health Professions,South Texas ISD,A,95,836,https://txschools.net/campus/south-texas-isd-health-professions-031916004
6848,7185,114,031916009,South Texas ISD Virtual Academy,South Texas ISD,A,95,223,https://txschools.net/campus/south-texas-isd-virtual-academy-031916009
6848,7185,114,246909105,Spicewood Elem,Round Rock ISD,A,95,663,https://txschools.net/campus/spicewood-elem-246909105
6848,7185,114,092907001,Spring Hill HS,Spring Hill ISD,A,95,598,https://txschools.net/campus/spring-hill-hs-092907001
6848,7185,114,216901001,Sterling City School,Sterling City ISD,A,95,294,https://txschools.net/campus/sterling-city-school-216901001
6848,7185,114,211902001,Stratford HS,Stratford ISD,A,95,140,https://txschools.net/campus/stratford-hs-211902001
6848,7185,114,110907041,Sundown JH,Sundown ISD,A,95,129,https://txschools.net/campus/sundown-jh-110907041
6848,7185,114,153904001,Tahoka HS,Tahoka ISD,A,95,167,https://txschools.net/campus/tahoka-hs-153904001
6848,7185,114,043914107,Tibbals Elem,Wylie ISD,A,95,633,https://txschools.net/campus/tibbals-elem-043914107
6848,7185,114,158902001,Tidehaven HS,Tidehaven ISD,A,95,306,https://txschools.net/campus/tidehaven-hs-158902001
6848,7185,114,101921113,Timber Creek Elem,Tomball ISD,A,95,948,https://txschools.net/campus/timber-creek-elem-101921113
6848,7185,114,074912001,Trenton HS,Trenton ISD,A,95,203,https://txschools.net/campus/trenton-hs-074912001
6848,7185,114,232904001,Utopia School,Utopia ISD,A,95,190,https://txschools.net/campus/utopia-school-232904001
6848,7185,114,091908001,Van Alstyne HS,Van Alstyne ISD,A,95,803,https://txschools.net/campus/van-alstyne-hs-091908001
6848,7185,114,212903102,Velma Penny Elem,Lindale ISD,A,95,509,https://txschools.net/campus/velma-penny-elem-212903102
6848,7185,114,226908001,Veribest HS,Veribest ISD,A,95,140,https://txschools.net/campus/veribest-hs-226908001
6848,7185,114,220916125,Viridian Elem,Hurst-Euless-Bedford ISD,A,95,891,https://txschools.net/campus/viridian-elem-220916125
6848,7185,114,043905005,Wakeland HS,Frisco ISD,A,95,2243,https://txschools.net/campus/wakeland-hs-043905005
6848,7185,114,101921118,West Elem,Tomball ISD,A,95,814,https://txschools.net/campus/west-elem-101921118
6848,7185,114,227909042,West Ridge MS,Eanes ISD,A,95,841,https://txschools.net/campus/west-ridge-ms-227909042
6848,7185,114,117904001,West Texas Secondary School,Plemons-Stinnett-Phillips CISD,A,95,287,https://txschools.net/campus/west-texas-secondary-school-117904001
6848,7185,114,101920118,Wilchester Elem,Spring Branch ISD,A,95,827,https://txschools.net/campus/wilchester-elem-101920118
6848,7185,114,165901007,Young Women's Leadership Academy,Midland ISD,A,95,436,https://txschools.net/campus/young-women-s-leadership-academy-165901007
6963,7185,50,101914056,Adams JH,Katy ISD,A,96,2015,https://txschools.net/campus/adams-jh-101914056
6963,7185,50,079901153,Alice Deanne Fagert Elem,Lamar CISD,A,96,737,https://txschools.net/campus/alice-deanne-fagert-elem-079901153
6963,7185,50,101914050,Beckendorff JH,Katy ISD,A,96,1615,https://txschools.net/campus/beckendorff-jh-101914050
6963,7185,50,178902001,Bishop HS,Bishop CISD,A,96,532,https://txschools.net/campus/bishop-hs-178902001
6963,7185,50,061902133,Bluebonnet Elem,Lewisville ISD,A,96,620,https://txschools.net/campus/bluebonnet-elem-061902133
6963,7185,50,017901001,Borden County School,Borden County ISD,A,96,238,https://txschools.net/campus/borden-county-school-017901001
6963,7185,50,203902001,Broaddus HS,Broaddus ISD,A,96,380,https://txschools.net/campus/broaddus-hs-203902001
6963,7185,50,108909123,Cesar Chavez Elem,Pharr-San Juan-Alamo ISD,A,96,408,https://txschools.net/campus/cesar-chavez-elem-108909123
6963,7185,50,101914007,Cinco Ranch HS,Katy ISD,A,96,3662,https://txschools.net/campus/cinco-ranch-hs-101914007
6963,7185,50,067902001,Cisco HS,Cisco ISD,A,96,215,https://txschools.net/campus/cisco-hs-067902001
6963,7185,50,006902001,Claude Schools,Claude ISD,A,96,311,https://txschools.net/campus/claude-schools-006902001
6963,7185,50,084910002,Clear Lake HS,Clear Creek ISD,A,96,2459,https://txschools.net/campus/clear-lake-hs-084910002
6963,7185,50,030902001,Clyde HS,Clyde CISD,A,96,445,https://txschools.net/campus/clyde-hs-030902001
6963,7185,50,101907012,Cypress Ranch HS,Cypress-Fairbanks ISD,A,96,3437,https://txschools.net/campus/cypress-ranch-hs-101907012
6963,7185,50,220919106,Don T Durham Int,Carroll ISD,A,96,667,https://txschools.net/campus/don-t-durham-int-220919106
6963,7185,50,174911001,Douglass School,Douglass ISD,A,96,405,https://txschools.net/campus/douglass-school-174911001
6963,7185,50,101912321,Energized for STEM Academy HS,Houston ISD,A,96,492,https://txschools.net/campus/energized-for-stem-academy-hs-101912321
6963,7185,50,075906001,Fayetteville Schools,Fayetteville ISD,A,96,308,https://txschools.net/campus/fayetteville-schools-075906001
6963,7185,50,246902001,Florence HS,Florence ISD,A,96,347,https://txschools.net/campus/florence-hs-246902001
6963,7185,50,246913048,Florence W Stiles MS,Leander ISD,A,96,1550,https://txschools.net/campus/florence-w-stiles-ms-246913048
6963,7185,50,079907051,Fort Settlement MS,Fort Bend ISD,A,96,1472,https://txschools.net/campus/fort-settlement-ms-079907051
6963,7185,50,167901001,Goldthwaite HS,Goldthwaite ISD,A,96,152,https://txschools.net/campus/goldthwaite-hs-167901001
6963,7185,50,100905001,Hardin-Jefferson HS,Hardin-Jefferson ISD,A,96,794,https://txschools.net/campus/hardin-jefferson-hs-100905001
6963,7185,50,057905073,Henry W Longfellow Career Exploration Academy,Dallas ISD,A,96,525,https://txschools.net/campus/henry-w-longfellow-career-exploration-academy-057905073
6963,7185,50,005902001,Holliday HS,Holliday ISD,A,96,363,https://txschools.net/campus/holliday-hs-005902001
6963,7185,50,120905001,Industrial HS,Industrial ISD,A,96,343,https://txschools.net/campus/industrial-hs-120905001
6963,7185,50,220919101,Jack D Johnson Elem,Carroll ISD,A,96,606,https://txschools.net/campus/jack-d-johnson-elem-220919101
6963,7185,50,240903003,John B Alexander HS,United ISD,A,96,3155,https://txschools.net/campus/john-b-alexander-hs-240903003
6963,7185,50,129903001,Kaufman HS,Kaufman ISD,A,96,1187,https://txschools.net/campus/kaufman-hs-129903001
6963,7185,50,057909111,Kimberlin Acad for Excel,Garland ISD,A,96,447,https://txschools.net/campus/kimberlin-acad-for-excel-057909111
6963,7185,50,138902001,Knox City School,Knox City-O'Brien CISD,A,96,183,https://txschools.net/campus/knox-city-school-138902001
6963,7185,50,043919001,Lovejoy HS,Lovejoy ISD,A,96,1492,https://txschools.net/campus/lovejoy-hs-043919001
6963,7185,50,043908001,Melissa HS,Melissa ISD,A,96,2200,https://txschools.net/campus/melissa-hs-043908001
6963,7185,50,101912458,Mickey Leland College Prep Acad for Young Men,Houston ISD,A,96,204,https://txschools.net/campus/mickey-leland-college-prep-acad-for-young-men-101912458
6963,7185,50,178908001,Port Aransas HS,Port Aransas ISD,A,96,210,https://txschools.net/campus/port-aransas-hs-178908001
6963,7185,50,247904001,Poth HS,Poth ISD,A,96,288,https://txschools.net/campus/poth-hs-247904001
6963,7185,50,101912071,Project Chrysalis MS,Houston ISD,A,96,258,https://txschools.net/campus/project-chrysalis-ms-101912071
6963,7185,50,015910007,Reagan HS,North East ISD,A,96,3314,https://txschools.net/campus/reagan-hs-015910007
6963,7185,50,160904001,Rochelle School,Rochelle ISD,A,96,166,https://txschools.net/campus/rochelle-school-160904001
6963,7185,50,214903001,Roma HS,Roma ISD,A,96,1781,https://txschools.net/campus/roma-hs-214903001
6963,7185,50,057910135,School for the Highly Gifted,Grand Prairie ISD,A,96,158,https://txschools.net/campus/school-for-the-highly-gifted-057910135
6963,7185,50,101914053,Seven Lakes JH,Katy ISD,A,96,1520,https://txschools.net/campus/seven-lakes-jh-101914053
6963,7185,50,031916041,South Texas ISD Preparatory Academy,South Texas ISD,A,96,813,https://txschools.net/campus/south-texas-isd-preparatory-academy-031916041
6963,7185,50,127906001,Stamford HS,Stamford ISD,A,96,148,https://txschools.net/campus/stamford-hs-127906001
6963,7185,50,101914054,Tays JH,Katy ISD,A,96,1467,https://txschools.net/campus/tays-jh-101914054
6963,7185,50,081904001,Teague HS,Teague ISD,A,96,348,https://txschools.net/campus/teague-hs-081904001
6963,7185,50,071902015,Transmountain Early College HS,El Paso ISD,A,96,341,https://txschools.net/campus/transmountain-early-college-hs-071902015
6963,7185,50,043914110,Wally Watkins Elem,Wylie ISD,A,96,868,https://txschools.net/campus/wally-watkins-elem-043914110
6963,7185,50,057909122,Walnut Glen Acad for Excel,Garland ISD,A,96,357,https://txschools.net/campus/walnut-glen-acad-for-excel-057909122
6963,7185,50,101912255,West University Elem,Houston ISD,A,96,1192,https://txschools.net/campus/west-university-elem-101912255
6963,7185,50,227909001,Westlake HS,Eanes ISD,A,96,2870,https://txschools.net/campus/westlake-hs-227909001
7014,7185,61,221901010,Academy for Technology Engineering Math & Science,Abilene ISD,A,97,359,https://txschools.net/campus/academy-for-technology-engineering-math-science-221901010
7014,7185,61,101902015,Avalos P-Tech School,Aldine ISD,A,97,413,https://txschools.net/campus/avalos-p-tech-school-101902015
7014,7185,61,177903001,Blackwell School,Blackwell CISD,A,97,171,https://txschools.net/campus/blackwell-school-177903001
7014,7185,61,130901002,Boerne - Samuel V Champion HS,Boerne ISD,A,97,2018,https://txschools.net/campus/boerne-samuel-v-champion-hs-130901002
7014,7185,61,101907016,Bridgeland HS,Cypress-Fairbanks ISD,A,97,3728,https://txschools.net/campus/bridgeland-hs-101907016
7014,7185,61,246909125,Canyon Creek Elem,Round Rock ISD,A,97,356,https://txschools.net/campus/canyon-creek-elem-246909125
7014,7185,61,057904003,Cedar Hill Collegiate HS,Cedar Hill ISD,A,97,323,https://txschools.net/campus/cedar-hill-collegiate-hs-057904003
7014,7185,61,084910009,Clear Springs HS,Clear Creek ISD,A,97,2620,https://txschools.net/campus/clear-springs-hs-084910009
7014,7185,61,071901009,Clint ISD Early College Academy,Clint ISD,A,97,306,https://txschools.net/campus/clint-isd-early-college-academy-071901009
7014,7185,61,021901004,College View HS,College Station ISD,A,97,84,https://txschools.net/campus/college-view-hs-021901004
7014,7185,61,101921112,Creekside Forest Elem,Tomball ISD,A,97,631,https://txschools.net/campus/creekside-forest-elem-101921112
7014,7185,61,047902001,De Leon HS,De Leon ISD,A,97,187,https://txschools.net/campus/de-leon-hs-047902001
7014,7185,61,072902001,Dublin HS,Dublin ISD,A,97,474,https://txschools.net/campus/dublin-hs-072902001
7014,7185,61,101912468,Energy Institute HS,Houston ISD,A,97,698,https://txschools.net/campus/energy-institute-hs-101912468
7014,7185,61,121906001,Evadale HS,Evadale ISD,A,97,118,https://txschools.net/campus/evadale-hs-121906001
7014,7185,61,185902001,Farwell HS,Farwell ISD,A,97,188,https://txschools.net/campus/farwell-hs-185902001
7014,7185,61,087901001,Garden City HS,Glasscock County ISD,A,97,153,https://txschools.net/campus/garden-city-hs-087901001
7014,7185,61,068901011,George H W Bush New Tech Odessa,Ector County ISD,A,97,427,https://txschools.net/campus/george-h-w-bush-new-tech-odessa-068901011
7014,7185,61,057910011,Grand Prairie Collegiate Institute,Grand Prairie ISD,A,97,448,https://txschools.net/campus/grand-prairie-collegiate-institute-057910011
7014,7185,61,057911001,Highland Park HS,Highland Park ISD,A,97,2003,https://txschools.net/campus/highland-park-hs-057911001
7014,7185,61,014905001,Holland HS,Holland ISD,A,97,174,https://txschools.net/campus/holland-hs-014905001
7014,7185,61,092903117,Hudson Elem,Longview ISD,A,97,430,https://txschools.net/campus/hudson-elem-092903117
7014,7185,61,152910001,Idalou HS,Idalou ISD,A,97,291,https://txschools.net/campus/idalou-hs-152910001
7014,7185,61,019909001,James Bowie HS,Simms ISD,A,97,144,https://txschools.net/campus/james-bowie-hs-019909001
7014,7185,61,132902001,Jayton Schools,Jayton-Girard ISD,A,97,187,https://txschools.net/campus/jayton-schools-132902001
7014,7185,61,108912008,Jimmy Carter Early College HS,La Joya ISD,A,97,752,https://txschools.net/campus/jimmy-carter-early-college-hs-108912008
7014,7185,61,101914014,Jordan HS,Katy ISD,A,97,3449,https://txschools.net/campus/jordan-hs-101914014
7014,7185,61,220907007,Keller Collegiate Academy,Keller ISD,A,97,254,https://txschools.net/campus/keller-collegiate-academy-220907007
7014,7185,61,043905058,Lawler MS,Frisco ISD,A,97,927,https://txschools.net/campus/lawler-ms-043905058
7014,7185,61,220908007,Mansfield Lake Ridge HS,Mansfield ISD,A,97,2677,https://txschools.net/campus/mansfield-lake-ridge-hs-220908007
7014,7185,61,057905033,Marvin E Robinson School of Business and Mgmt,Dallas ISD,A,97,463,https://txschools.net/campus/marvin-e-robinson-school-of-business-and-mgmt-057905033
7014,7185,61,200902001,Miles HS,Miles ISD,A,97,215,https://txschools.net/campus/miles-hs-200902001
7014,7185,61,001906002,Neches HS,Neches ISD,A,97,133,https://txschools.net/campus/neches-hs-001906002
7014,7185,61,057922003,New Tech HS at Coppell,Coppell ISD,A,97,257,https://txschools.net/campus/new-tech-hs-at-coppell-057922003
7014,7185,61,236901002,New Waverly HS,New Waverly ISD,A,97,324,https://txschools.net/campus/new-waverly-hs-236901002
7014,7185,61,071907003,Northwest Early College HS (Nwechs),Canutillo ISD,A,97,381,https://txschools.net/campus/northwest-early-college-hs-nwechs-071907003
7014,7185,61,061902123,Old Settlers Elem,Lewisville ISD,A,97,499,https://txschools.net/campus/old-settlers-elem-061902123
7014,7185,61,175911001,Rice HS,Rice ISD,A,97,320,https://txschools.net/campus/rice-hs-175911001
7014,7185,61,101912229,Roberts Elem,Houston ISD,A,97,737,https://txschools.net/campus/roberts-elem-101912229
7014,7185,61,199901001,Rockwall HS,Rockwall ISD,A,97,2913,https://txschools.net/campus/rockwall-hs-199901001
7014,7185,61,240901112,Ryan Elem,Laredo ISD,A,97,802,https://txschools.net/campus/ryan-elem-240901112
7014,7185,61,137904001,Santa Gertrudis Academy HS,Santa Gertrudis ISD,A,97,386,https://txschools.net/campus/santa-gertrudis-academy-hs-137904001
7014,7185,61,057905363,School for the Talented & Gifted In Pleasant Grove,Dallas ISD,A,97,372,https://txschools.net/campus/school-for-the-talented-gifted-in-pleasant-grove-057905363
7014,7185,61,143903001,Shiner HS,Shiner ISD,A,97,315,https://txschools.net/campus/shiner-hs-143903001
7014,7185,61,071902011,Silva Health Magnet,El Paso ISD,A,97,576,https://txschools.net/campus/silva-health-magnet-071902011
7014,7185,61,020908110,Silvercrest Elem,Pearland ISD,A,97,685,https://txschools.net/campus/silvercrest-elem-020908110
7014,7185,61,001909001,Slocum HS,Slocum ISD,A,97,92,https://txschools.net/campus/slocum-hs-001909001
7014,7185,61,031916003,South Texas ISD Medical Professions,South Texas ISD,A,97,890,https://txschools.net/campus/south-texas-isd-medical-professions-031916003
7014,7185,61,031916005,South Texas ISD Science Academy,South Texas ISD,A,97,870,https://txschools.net/campus/south-texas-isd-science-academy-031916005
7014,7185,61,015907025,St Philip's Early College HS,San Antonio ISD,A,97,324,https://txschools.net/campus/st-philip-s-early-college-hs-015907025
7014,7185,61,101914132,Stanley C Stanley Elem,Katy ISD,A,97,761,https://txschools.net/campus/stanley-c-stanley-elem-101914132
7014,7185,61,057905384,Sudie L Williams Talented and Gifted Academy,Dallas ISD,A,97,452,https://txschools.net/campus/sudie-l-williams-talented-and-gifted-academy-057905384
7014,7185,61,111903001,Tolar HS,Tolar ISD,A,97,277,https://txschools.net/campus/tolar-hs-111903001
7014,7185,61,101921002,Tomball Memorial HS,Tomball ISD,A,97,3236,https://txschools.net/campus/tomball-memorial-hs-101921002
7014,7185,61,101914012,Tompkins HS,Katy ISD,A,97,3181,https://txschools.net/campus/tompkins-hs-101914012
7014,7185,61,240903001,United HS,United ISD,A,97,3316,https://txschools.net/campus/united-hs-240903001
7014,7185,61,096905001,Valley School,Turkey-Quitaque ISD,A,97,175,https://txschools.net/campus/valley-school-096905001
7014,7185,61,070912004,Waxahachie Global HS,Waxahachie ISD,A,97,363,https://txschools.net/campus/waxahachie-global-hs-070912004
7014,7185,61,092908001,White Oak HS,White Oak ISD,A,97,417,https://txschools.net/campus/white-oak-hs-092908001
7014,7185,61,178904139,Windsor Park G/T,Corpus Christi ISD,A,97,607,https://txschools.net/campus/windsor-park-g-t-178904139
7014,7185,61,005904001,Windthorst HS,Windthorst ISD,A,97,146,https://txschools.net/campus/windthorst-hs-005904001
7014,7185,61,071905018,Young Women's Leadership Academy,Ysleta ISD,A,97,325,https://txschools.net/campus/young-women-s-leadership-academy-071905018
7076,7185,54,227901028,Ann Richards School for Young Women Leaders,Austin ISD,A,98,921,https://txschools.net/campus/ann-richards-school-for-young-women-leaders-227901028
7076,7185,54,220901014,Arlington College and Career HS,Arlington ISD,A,98,343,https://txschools.net/campus/arlington-college-and-career-hs-220901014
7076,7185,54,220901011,Arlington Collegiate HS,Arlington ISD,A,98,380,https://txschools.net/campus/arlington-collegiate-hs-220901011
7076,7185,54,036902104,Barbers Hill Elem North,Barbers Hill ISD,A,98,866,https://txschools.net/campus/barbers-hill-elem-north-036902104
7076,7185,54,057905034,Booker T Washington Spva Magnet,Dallas ISD,A,98,977,https://txschools.net/campus/booker-t-washington-spva-magnet-057905034
7076,7185,54,165901126,Carver Center,Midland ISD,A,98,606,https://txschools.net/campus/carver-center-165901126
7076,7185,54,178904008,Collegiate HS,Corpus Christi ISD,A,98,387,https://txschools.net/campus/collegiate-hs-178904008
7076,7185,54,011901005,Colorado River Collegiate Academy,Bastrop ISD,A,98,210,https://txschools.net/campus/colorado-river-collegiate-academy-011901005
7076,7185,54,101920048,Cornerstone Academy,Spring Branch ISD,A,98,438,https://txschools.net/campus/cornerstone-academy-101920048
7076,7185,54,123910013,Dr Martin Luther King Collegiate Academy,Beaumont ISD,A,98,334,https://txschools.net/campus/dr-martin-luther-king-collegiate-academy-123910013
7076,7185,54,057905090,Dr Wright L Lassiter Jr Early College HS,Dallas ISD,A,98,287,https://txschools.net/campus/dr-wright-l-lassiter-jr-early-college-hs-057905090
7076,7185,54,101912301,Eastwood Academy,Houston ISD,A,98,396,https://txschools.net/campus/eastwood-academy-101912301
7076,7185,54,020908007,Glenda Dawson HS,Pearland ISD,A,98,2580,https://txschools.net/campus/glenda-dawson-hs-020908007
7076,7185,54,156905001,Grady School,Grady ISD,A,98,242,https://txschools.net/campus/grady-school-156905001
7076,7185,54,057910001,Grand Prairie Fine Arts Academy,Grand Prairie ISD,A,98,880,https://txschools.net/campus/grand-prairie-fine-arts-academy-057910001
7076,7185,54,220906008,Grapevine-Colleyville Collegiate Academy at Tcc Ne,Grapevine-Colleyville ISD,A,98,373,https://txschools.net/campus/grapevine-colleyville-collegiate-academy-at-tcc-ne-220906008
7076,7185,54,098901001,Gruver HS,Gruver ISD,A,98,139,https://txschools.net/campus/gruver-hs-098901001
7076,7185,54,101913005,Guy M Sconzo Early College HS,Humble ISD,A,98,505,https://txschools.net/campus/guy-m-sconzo-early-college-hs-101913005
7076,7185,54,031903005,Harlingen Collegiate HS,Harlingen CISD,A,98,330,https://txschools.net/campus/harlingen-collegiate-hs-031903005
7076,7185,54,031903008,Harlingen School of Health Professions,Harlingen CISD,A,98,485,https://txschools.net/campus/harlingen-school-of-health-professions-031903008
7076,7185,54,240901106,Heights Elem,Laredo ISD,A,98,460,https://txschools.net/campus/heights-elem-240901106
7076,7185,54,177905001,Highland School,Highland ISD,A,98,211,https://txschools.net/campus/highland-school-177905001
7076,7185,54,046902008,Hill Country College Prep HS,Comal ISD,A,98,264,https://txschools.net/campus/hill-country-college-prep-hs-046902008
7076,7185,54,101912348,Houston Academy for International Studies,Houston ISD,A,98,471,https://txschools.net/campus/houston-academy-for-international-studies-101912348
7076,7185,54,220905087,IM Terrell Academy for STEM and Vpa,Fort Worth ISD,A,98,415,https://txschools.net/campus/im-terrell-academy-for-stem-and-vpa-220905087
7076,7185,54,043905009,Independence HS,Frisco ISD,A,98,1717,https://txschools.net/campus/independence-hs-043905009
7076,7185,54,170908007,Infinity Early College HS,New Caney ISD,A,98,365,https://txschools.net/campus/infinity-early-college-hs-170908007
7076,7185,54,015916009,Judson Early College Academy,Judson ISD,A,98,472,https://txschools.net/campus/judson-early-college-academy-015916009
7076,7185,54,212903001,Lindale HS,Lindale ISD,A,98,1297,https://txschools.net/campus/lindale-hs-212903001
7076,7185,54,220905085,Marine Creek Collegiate HS,Fort Worth ISD,A,98,293,https://txschools.net/campus/marine-creek-collegiate-hs-220905085
7076,7185,54,157901001,Mason HS,Mason ISD,A,98,194,https://txschools.net/campus/mason-hs-157901001
7076,7185,54,108908004,Mission Collegiate HS,Mission CISD,A,98,409,https://txschools.net/campus/mission-collegiate-hs-108908004
7076,7185,54,071909007,Mission Early College HS,Socorro ISD,A,98,421,https://txschools.net/campus/mission-early-college-hs-071909007
7076,7185,54,101912485,MS College HS at HCC Fraga,Houston ISD,A,98,127,https://txschools.net/campus/ms-college-hs-at-hcc-fraga-101912485
7076,7185,54,057905387,North Lake Early College HS,Dallas ISD,A,98,311,https://txschools.net/campus/north-lake-early-college-hs-057905387
7076,7185,54,029901105,Port O'Connor Elem,Calhoun County ISD,A,98,59,https://txschools.net/campus/port-o-connor-elem-029901105
7076,7185,54,214901005,Preparatory for Early College HS,Rio Grande City Grulla ISD,A,98,440,https://txschools.net/campus/preparatory-for-early-college-hs-214901005
7076,7185,54,015914001,Robert G Cole MS/High School,Ft Sam Houston ISD,A,98,768,https://txschools.net/campus/robert-g-cole-ms-high-school-015914001
7076,7185,54,057905037,Rosie Sorrells Education and Social Services HS,Dallas ISD,A,98,135,https://txschools.net/campus/rosie-sorrells-education-and-social-services-hs-057905037
7076,7185,54,057905036,School of Health Professions,Dallas ISD,A,98,502,https://txschools.net/campus/school-of-health-professions-057905036
7076,7185,54,101912486,South Early College HS,Houston ISD,A,98,525,https://txschools.net/campus/south-early-college-hs-101912486
7076,7185,54,031916001,South Texas ISD World Scholars,South Texas ISD,A,98,333,https://txschools.net/campus/south-texas-isd-world-scholars-031916001
7076,7185,54,079910003,Stafford STEM Magnet Academy,Stafford MSD,A,98,400,https://txschools.net/campus/stafford-stem-magnet-academy-079910003
7076,7185,54,220905086,Tarrant Co College South/Fort Worth Collegiate HS,Fort Worth ISD,A,98,324,https://txschools.net/campus/tarrant-co-college-south-fort-worth-collegiate-hs-220905086
7076,7185,54,220905082,Texas Academy of Biomedical,Fort Worth ISD,A,98,368,https://txschools.net/campus/texas-academy-of-biomedical-220905082
7076,7185,54,015907022,Travis Early College HS,San Antonio ISD,A,98,390,https://txschools.net/campus/travis-early-college-hs-015907022
7076,7185,54,057905088,Trinidad Garza Early College at Mt View,Dallas ISD,A,98,492,https://txschools.net/campus/trinidad-garza-early-college-at-mt-view-057905088
7076,7185,54,180902001,Vega HS,Vega ISD,A,98,112,https://txschools.net/campus/vega-hs-180902001
7076,7185,54,101920014,Westchester Academy for International Studies,Spring Branch ISD,A,98,864,https://txschools.net/campus/westchester-academy-for-international-studies-101920014
7076,7185,54,110908001,Whitharral School,Whitharral ISD,A,98,223,https://txschools.net/campus/whitharral-school-110908001
7076,7185,54,057905217,William B Travis Vanguard Acad of Academically Tag,Dallas ISD,A,98,536,https://txschools.net/campus/william-b-travis-vanguard-acad-of-academically-tag-057905217
7076,7185,54,101912463,Young Women's College Prep Academy,Houston ISD,A,98,444,https://txschools.net/campus/young-women-s-college-prep-academy-101912463
7076,7185,54,015907023,Young Women's Leadership Academy,San Antonio ISD,A,98,532,https://txschools.net/campus/young-women-s-leadership-academy-015907023
7076,7185,54,220905081,Young Women's Leadership Academy,Fort Worth ISD,A,98,387,https://txschools.net/campus/young-women-s-leadership-academy-220905081
7076,7185,54,101902016,Young Womens Leadership Academy,Aldine ISD,A,98,400,https://txschools.net/campus/young-womens-leadership-academy-101902016
7131,7185,14,043910008,Academy HS,Plano ISD,A,99,230,https://txschools.net/campus/academy-hs-043910008
7131,7185,14,221911102,Buffalo Gap Elem,Jim Ned CISD,A,99,201,https://txschools.net/campus/buffalo-gap-elem-221911102
7131,7185,14,126902007,Burleson Collegiate HS,Burleson ISD,A,99,172,https://txschools.net/campus/burleson-collegiate-hs-126902007
7131,7185,14,101919018,Carl Wunsche Sr HS,Spring ISD,A,99,1511,https://txschools.net/campus/carl-wunsche-sr-hs-101919018
7131,7185,14,220916008,Collegiate Academy of Heb ISD,Hurst-Euless-Bedford ISD,A,99,93,https://txschools.net/campus/collegiate-academy-of-heb-isd-220916008
7131,7185,14,101912026,Debakey HS for Health Prof,Houston ISD,A,99,931,https://txschools.net/campus/debakey-hs-for-health-prof-101912026
7131,7185,14,240901123,Dovalina Elem,Laredo ISD,A,99,382,https://txschools.net/campus/dovalina-elem-240901123
7131,7185,14,240901008,Hector J Garcia Early College HS,Laredo ISD,A,99,392,https://txschools.net/campus/hector-j-garcia-early-college-hs-240901008
7131,7185,14,057905085,Kathlyn Joy Gilliam Collegiate Academy,Dallas ISD,A,99,346,https://txschools.net/campus/kathlyn-joy-gilliam-collegiate-academy-057905085
7131,7185,14,220908008,Mansfield Frontier STEM Academy,Mansfield ISD,A,99,351,https://txschools.net/campus/mansfield-frontier-stem-academy-220908008
7131,7185,14,046902007,Memorial Early College HS,Comal ISD,A,99,290,https://txschools.net/campus/memorial-early-college-hs-046902007
7131,7185,14,198906001,Mumford HS,Mumford ISD,A,99,241,https://txschools.net/campus/mumford-hs-198906001
7131,7185,14,246909015,RRISD Early College HS,Round Rock ISD,A,99,347,https://txschools.net/campus/rrisd-early-college-hs-246909015
7131,7185,14,108911008,Sharyland Advanced Academic Academy,Sharyland ISD,A,99,491,https://txschools.net/campus/sharyland-advanced-academic-academy-108911008
7131,7185,14,013905001,Skidmore-Tynan HS,Skidmore-Tynan ISD,A,99,225,https://txschools.net/campus/skidmore-tynan-hs-013905001
7146,7185,39,108906011,Achieve Early College HS,McAllen ISD,A,100,414,https://txschools.net/campus/achieve-early-college-hs-108906011
7146,7185,39,101903012,Alief Early College HS,Alief ISD,A,100,398,https://txschools.net/campus/alief-early-college-hs-101903012
7146,7185,39,057905381,Barack Obama Male Leadership Acad at A Maceo Smith,Dallas ISD,A,100,497,https://txschools.net/campus/barack-obama-male-leadership-acad-at-a-maceo-smith-057905381
7146,7185,39,101902014,Blanson CTE HS,Aldine ISD,A,100,1248,https://txschools.net/campus/blanson-cte-hs-101902014
7146,7185,39,031901008,Brownsville Early College HS,Brownsville ISD,A,100,284,https://txschools.net/campus/brownsville-early-college-hs-031901008
7146,7185,39,021902003,Bryan Collegiate HS,Bryan ISD,A,100,471,https://txschools.net/campus/bryan-collegiate-hs-021902003
7146,7185,39,101912322,Carnegie Vanguard HS,Houston ISD,A,100,874,https://txschools.net/campus/carnegie-vanguard-hs-101912322
7146,7185,39,001902001,Cayuga HS,Cayuga ISD,A,100,195,https://txschools.net/campus/cayuga-hs-001902001
7146,7185,39,101912323,Challenge Early College HS,Houston ISD,A,100,485,https://txschools.net/campus/challenge-early-college-hs-101912323
7146,7185,39,084910010,Clear Horizons Early College HS,Clear Creek ISD,A,100,496,https://txschools.net/campus/clear-horizons-early-college-hs-084910010
7146,7185,39,146903041,Devers JH,Devers ISD,A,100,50,https://txschools.net/campus/devers-jh-146903041
7146,7185,39,057903010,Early College HS,Carrollton-Farmers Branch ISD,A,100,351,https://txschools.net/campus/early-college-hs-057903010
7146,7185,39,165901006,Early College HS at Midland College,Midland ISD,A,100,384,https://txschools.net/campus/early-college-hs-at-midland-college-165901006
7146,7185,39,101912345,East Early College HS,Houston ISD,A,100,463,https://txschools.net/campus/east-early-college-hs-101912345
7146,7185,39,108904008,Edinburg Collegiate HS,Edinburg CISD,A,100,534,https://txschools.net/campus/edinburg-collegiate-hs-108904008
7146,7185,39,240901105,Farias Elem,Laredo ISD,A,100,566,https://txschools.net/campus/farias-elem-240901105
7146,7185,39,101910030,Galena Park ISD Career & Technical ECHS,Galena Park ISD,A,100,472,https://txschools.net/campus/galena-park-isd-career-technical-echs-101910030
7146,7185,39,015915006,Health Careers HS,Northside ISD,A,100,869,https://txschools.net/campus/health-careers-hs-015915006
7146,7185,39,057905035,Irma Rangel Young Women's Leadership School,Dallas ISD,A,100,617,https://txschools.net/campus/irma-rangel-young-women-s-leadership-school-057905035
7146,7185,39,061911010,James M Steele Early College HS,Northwest ISD,A,100,341,https://txschools.net/campus/james-m-steele-early-college-hs-061911010
7146,7185,39,057905038,Judge Barefoot Sanders Law Magnet,Dallas ISD,A,100,488,https://txschools.net/campus/judge-barefoot-sanders-law-magnet-057905038
7146,7185,39,101903006,Kerr HS,Alief ISD,A,100,810,https://txschools.net/campus/kerr-hs-101903006
7146,7185,39,014906013,Killeen ISD Early College HS,Killeen ISD,A,100,992,https://txschools.net/campus/killeen-isd-early-college-hs-014906013
7146,7185,39,101912025,Kinder HS for Performing and Visual Arts,Houston ISD,A,100,798,https://txschools.net/campus/kinder-hs-for-performing-and-visual-arts-101912025
7146,7185,39,227901018,Lasa HS,Austin ISD,A,100,1592,https://txschools.net/campus/lasa-hs-227901018
7146,7185,39,101912308,North Houston Early College HS,Houston ISD,A,100,486,https://txschools.net/campus/north-houston-early-college-hs-101912308
7146,7185,39,068901015,Odessa Collegiate Academy Early College HS,Ector County ISD,A,100,482,https://txschools.net/campus/odessa-collegiate-academy-early-college-hs-068901015
7146,7185,39,108909016,PSJA Collegiate School of Health Professions,Pharr-San Juan-Alamo ISD,A,100,366,https://txschools.net/campus/psja-collegiate-school-of-health-professions-108909016
7146,7185,39,108909009,PSJA Thomas Jefferson T-STEM Early College HS,Pharr-San Juan-Alamo ISD,A,100,501,https://txschools.net/campus/psja-thomas-jefferson-t-stem-early-college-hs-108909009
7146,7185,39,057905039,School for the Talented and Gifted,Dallas ISD,A,100,553,https://txschools.net/campus/school-for-the-talented-and-gifted-057905039
7146,7185,39,057905026,School of Science and Engineering,Dallas ISD,A,100,501,https://txschools.net/campus/school-of-science-and-engineering-057905026
7146,7185,39,101914010,Seven Lakes HS,Katy ISD,A,100,3714,https://txschools.net/campus/seven-lakes-hs-101914010
7146,7185,39,101920018,Spring Branch Academic Institute,Spring Branch ISD,A,100,185,https://txschools.net/campus/spring-branch-academic-institute-101920018
7146,7185,39,101919021,Spring Early College Academy,Spring ISD,A,100,406,https://txschools.net/campus/spring-early-college-academy-101919021
7146,7185,39,152901024,Talkington School for Young Women Leaders,Lubbock ISD,A,100,428,https://txschools.net/campus/talkington-school-for-young-women-leaders-152901024
7146,7185,39,220908009,TCCSE Early College HS at Timberview,Mansfield ISD,A,100,304,https://txschools.net/campus/tccse-early-college-hs-at-timberview-220908009
7146,7185,39,101921005,Tomball Star Academy,Tomball ISD,A,100,414,https://txschools.net/campus/tomball-star-academy-101921005
7146,7185,39,212905006,Tyler ISD Early College HS,Tyler ISD,A,100,465,https://txschools.net/campus/tyler-isd-early-college-hs-212905006
7146,7185,39,071905017,Valle Verde Early College HS,Ysleta ISD,A,100,229,https://txschools.net/campus/valle-verde-early-college-hs-071905017
7146,7185,39,101902008,Victory Early College HS,Aldine ISD,A,100,417,https://txschools.net/campus/victory-early-college-hs-101902008
