# txschools.net — unofficial. Not operated by, endorsed by, or affiliated with the Texas Education Agency.
# source: Texas Education Agency, published publicly at https://txschools.gov
# snapshot: 15 August 2026 — the date this site fetched TEA's data. TEA may have revised it since.
# dataset: ranking board
# page: https://txschools.net/rankings/texas-districts/attendance-lowest
# rows: 1019 (excluding this header and the column row)
# ranking: Texas school districts with the lowest attendance in 2025-26
# population: 1,019 districts of 1,020 districts are ranked here.
# population: 1 was not rated by TEA for 2025-26 and is not ranked.
# rank_of is how many rows were actually ranked (can be smaller than the population above); two rows on the same value share a rank ("tied"), and the next rank is skipped.
# empty cell = TEA did not publish that figure. It does not mean zero.
# numbers are unformatted: no thousands separators, no currency symbols, no percent signs.
# lines starting with # are comments — pandas: read_csv(path, comment='#')
rank,rank_of,tied,entity_id,name,county,rating,value,enrollment,url
1,1019,0,232903,Uvalde CISD,Uvalde,F,86.8,3815,https://txschools.net/district/uvalde-cisd-232903
2,1019,0,015905,Edgewood ISD,Bexar,D,87.9,7670,https://txschools.net/district/edgewood-isd-015905
3,1019,0,015907,San Antonio ISD,Bexar,C,89.4,42508,https://txschools.net/district/san-antonio-isd-015907
4,1019,1,227910,Del Valle ISD,Travis,D,89.6,11766,https://txschools.net/district/del-valle-isd-227910
4,1019,1,178909,Robstown ISD,Nueces,D,89.6,2478,https://txschools.net/district/robstown-isd-178909
6,1019,1,238904,Grandfalls-Royalty ISD,Ward,C,90.1,121,https://txschools.net/district/grandfalls-royalty-isd-238904
6,1019,1,245902,Lyford CISD,Willacy,B,90.1,1366,https://txschools.net/district/lyford-cisd-245902
8,1019,1,015904,Harlandale ISD,Bexar,C,90.3,11096,https://txschools.net/district/harlandale-isd-015904
8,1019,1,108914,La Villa ISD,Hidalgo,B,90.3,459,https://txschools.net/district/la-villa-isd-108914
10,1019,2,123910,Beaumont ISD,Jefferson,D,90.4,15838,https://txschools.net/district/beaumont-isd-123910
10,1019,2,235901,Bloomington ISD,Victoria,D,90.4,705,https://txschools.net/district/bloomington-isd-235901
10,1019,2,066902,San Diego ISD,Duval,B,90.4,1416,https://txschools.net/district/san-diego-isd-066902
13,1019,1,055901,Culberson County-Allamoore ISD,Culberson,B,90.5,377,https://txschools.net/district/culberson-county-allamoore-isd-055901
13,1019,1,137901,Kingsville ISD,Kleberg,D,90.5,2341,https://txschools.net/district/kingsville-isd-137901
15,1019,1,007906,Poteet ISD,Atascosa,D,90.6,1867,https://txschools.net/district/poteet-isd-007906
15,1019,1,240904,Webb CISD,Webb,C,90.6,206,https://txschools.net/district/webb-cisd-240904
17,1019,1,108903,Edcouch-Elsa ISD,Hidalgo,D,90.8,4162,https://txschools.net/district/edcouch-elsa-isd-108903
17,1019,1,084906,Texas City ISD,Galveston,C,90.8,7379,https://txschools.net/district/texas-city-isd-084906
19,1019,2,013901,Beeville ISD,Bee,C,90.9,2871,https://txschools.net/district/beeville-isd-013901
19,1019,2,254901,Crystal City ISD,Zavala,C,90.9,1480,https://txschools.net/district/crystal-city-isd-254901
19,1019,2,198905,Hearne ISD,Robertson,D,90.9,719,https://txschools.net/district/hearne-isd-198905
22,1019,4,178904,Corpus Christi ISD,Nueces,B,91,31976,https://txschools.net/district/corpus-christi-isd-178904
22,1019,4,011902,Elgin ISD,Bastrop,D,91,6221,https://txschools.net/district/elgin-isd-011902
22,1019,4,082903,Pearsall ISD,Frio,C,91,1900,https://txschools.net/district/pearsall-isd-082903
22,1019,4,233901,San Felipe-Del Rio CISD,Val Verde,C,91,9494,https://txschools.net/district/san-felipe-del-rio-cisd-233901
22,1019,4,015917,Southside ISD,Bexar,B,91,6091,https://txschools.net/district/southside-isd-015917
27,1019,1,024901,Brooks County ISD,Brooks,D,91.1,1074,https://txschools.net/district/brooks-county-isd-024901
27,1019,1,064903,Carrizo Springs CISD,Dimmit,C,91.1,1796,https://txschools.net/district/carrizo-springs-cisd-064903
29,1019,1,227907,Manor ISD,Travis,D,91.2,9826,https://txschools.net/district/manor-isd-227907
29,1019,1,245903,Raymondville ISD,Willacy,A,91.2,1901,https://txschools.net/district/raymondville-isd-245903
31,1019,5,254902,La Pryor ISD,Zavala,D,91.3,445,https://txschools.net/district/la-pryor-isd-254902
31,1019,5,028902,Lockhart ISD,Caldwell,C,91.3,6757,https://txschools.net/district/lockhart-isd-028902
31,1019,5,195901,Pecos-Barstow-Toyah ISD,Reeves,C,91.3,2945,https://txschools.net/district/pecos-barstow-toyah-isd-195901
31,1019,5,125905,Premont ISD,Jim Wells,C,91.3,761,https://txschools.net/district/premont-isd-125905
31,1019,5,031911,Rio Hondo ISD,Cameron,C,91.3,1312,https://txschools.net/district/rio-hondo-isd-031911
31,1019,5,181906,West Orange-Cove CISD,Orange,C,91.3,2502,https://txschools.net/district/west-orange-cove-cisd-181906
37,1019,2,067907,Ranger ISD,Eastland,D,91.4,262,https://txschools.net/district/ranger-isd-067907
37,1019,2,031912,San Benito CISD,Cameron,C,91.4,8620,https://txschools.net/district/san-benito-cisd-031912
37,1019,2,031914,Santa Rosa ISD,Cameron,B,91.4,811,https://txschools.net/district/santa-rosa-isd-031914
40,1019,2,231901,McCamey ISD,Upton,C,91.5,469,https://txschools.net/district/mccamey-isd-231901
40,1019,2,094901,Seguin ISD,Guadalupe,C,91.5,7160,https://txschools.net/district/seguin-isd-094901
40,1019,2,161914,Waco ISD,McLennan,D,91.5,12892,https://txschools.net/district/waco-isd-161914
43,1019,3,066901,Benavides ISD,Duval,D,91.6,352,https://txschools.net/district/benavides-isd-066901
43,1019,3,108907,Mercedes ISD,Hidalgo,C,91.6,3940,https://txschools.net/district/mercedes-isd-108907
43,1019,3,123907,Port Arthur ISD,Jefferson,C,91.6,7664,https://txschools.net/district/port-arthur-isd-123907
43,1019,3,253901,Zapata County ISD,Zapata,B,91.6,3199,https://txschools.net/district/zapata-county-isd-253901
47,1019,1,057907,Duncanville ISD,Dallas,C,91.7,10988,https://txschools.net/district/duncanville-isd-057907
47,1019,1,071902,El Paso ISD,El Paso,B,91.7,46113,https://txschools.net/district/el-paso-isd-071902
49,1019,6,101902,Aldine ISD,Harris,C,91.8,52115,https://txschools.net/district/aldine-isd-101902
49,1019,6,058902,Dawson ISD,Dawson,B,91.8,145,https://txschools.net/district/dawson-isd-058902
49,1019,6,084902,Galveston ISD,Galveston,B,91.8,6664,https://txschools.net/district/galveston-isd-084902
49,1019,6,189901,Marfa ISD,Presidio,D,91.8,339,https://txschools.net/district/marfa-isd-189901
49,1019,6,022903,San Vicente ISD,Brewster,B,91.8,14,https://txschools.net/district/san-vicente-isd-022903
49,1019,6,015908,South San Antonio ISD,Bexar,C,91.8,7083,https://txschools.net/district/south-san-antonio-isd-015908
49,1019,6,101919,Spring ISD,Harris,C,91.8,32328,https://txschools.net/district/spring-isd-101919
56,1019,5,146901,Cleveland ISD,Liberty,D,91.9,12648,https://txschools.net/district/cleveland-isd-146901
56,1019,5,108902,Donna ISD,Hidalgo,B,91.9,12436,https://txschools.net/district/donna-isd-108902
56,1019,5,245901,Lasara ISD,Willacy,B,91.9,330,https://txschools.net/district/lasara-isd-245901
56,1019,5,015909,Somerset ISD,Bexar,B,91.9,4169,https://txschools.net/district/somerset-isd-015909
56,1019,5,015912,Southwest ISD,Bexar,C,91.9,14839,https://txschools.net/district/southwest-isd-015912
56,1019,5,178915,West Oso ISD,Nueces,D,91.9,1777,https://txschools.net/district/west-oso-isd-178915
62,1019,4,034909,Bloomburg ISD,Cass,B,92,202,https://txschools.net/district/bloomburg-isd-034909
62,1019,4,168901,Colorado ISD,Mitchell,C,92,901,https://txschools.net/district/colorado-isd-168901
62,1019,4,124901,Jim Hogg County ISD,Jim Hogg,C,92,927,https://txschools.net/district/jim-hogg-county-isd-124901
62,1019,4,108910,Progreso ISD,Hidalgo,B,92,1291,https://txschools.net/district/progreso-isd-108910
62,1019,4,129906,Terrell ISD,Kaufman,C,92,5178,https://txschools.net/district/terrell-isd-129906
67,1019,3,198902,Calvert ISD,Robertson,D,92.1,143,https://txschools.net/district/calvert-isd-198902
67,1019,3,082902,Dilley ISD,Frio,C,92.1,830,https://txschools.net/district/dilley-isd-082902
67,1019,3,159901,Eagle Pass ISD,Maverick,B,92.1,13415,https://txschools.net/district/eagle-pass-isd-159901
67,1019,3,015911,East Central ISD,Bexar,C,92.1,11798,https://txschools.net/district/east-central-isd-015911
71,1019,5,175903,Corsicana ISD,Navarro,C,92.2,5910,https://txschools.net/district/corsicana-isd-175903
71,1019,5,248901,Kermit ISD,Winkler,D,92.2,1255,https://txschools.net/district/kermit-isd-248901
71,1019,5,019908,Liberty-Eylau ISD,Bowie,D,92.2,1784,https://txschools.net/district/liberty-eylau-isd-019908
71,1019,5,205904,Mathis ISD,San Patricio,B,92.2,1364,https://txschools.net/district/mathis-isd-205904
71,1019,5,237905,Royal ISD,Waller,D,92.2,3086,https://txschools.net/district/royal-isd-237905
71,1019,5,153907,Wilson ISD,Lynn,C,92.2,120,https://txschools.net/district/wilson-isd-153907
77,1019,2,227901,Austin ISD,Travis,B,92.3,69000,https://txschools.net/district/austin-isd-227901
77,1019,2,101905,Channelview ISD,Harris,B,92.3,9086,https://txschools.net/district/channelview-isd-101905
77,1019,2,057913,Lancaster ISD,Dallas,B,92.3,6431,https://txschools.net/district/lancaster-isd-057913
80,1019,6,108904,Edinburg CISD,Hidalgo,B,92.4,32466,https://txschools.net/district/edinburg-cisd-108904
80,1019,6,058906,Lamesa ISD,Dawson,C,92.4,1373,https://txschools.net/district/lamesa-isd-058906
80,1019,6,083902,Loop ISD,Gaines,A,92.4,143,https://txschools.net/district/loop-isd-083902
80,1019,6,085902,Post ISD,Garza,D,92.4,648,https://txschools.net/district/post-isd-085902
80,1019,6,066005,Ramirez CSD,Duval,D,92.4,24,https://txschools.net/district/ramirez-csd-066005
80,1019,6,083903,Seminole ISD,Gaines,C,92.4,3083,https://txschools.net/district/seminole-isd-083903
80,1019,6,228903,Trinity ISD,Trinity,D,92.4,1150,https://txschools.net/district/trinity-isd-228903
87,1019,5,071903,Fabens ISD,El Paso,B,92.5,1812,https://txschools.net/district/fabens-isd-071903
87,1019,5,165901,Midland ISD,Midland,C,92.5,29048,https://txschools.net/district/midland-isd-165901
87,1019,5,090904,Pampa ISD,Gray,C,92.5,3036,https://txschools.net/district/pampa-isd-090904
87,1019,5,101917,Pasadena ISD,Harris,B,92.5,44046,https://txschools.net/district/pasadena-isd-101917
87,1019,5,054903,Ralls ISD,Crosby,C,92.5,318,https://txschools.net/district/ralls-isd-054903
87,1019,5,170907,Splendora ISD,Montgomery,C,92.5,5882,https://txschools.net/district/splendora-isd-170907
93,1019,10,205901,Aransas Pass ISD,San Patricio,C,92.6,1595,https://txschools.net/district/aransas-pass-isd-205901
93,1019,10,169910,Forestburg ISD,Montague,B,92.6,172,https://txschools.net/district/forestburg-isd-169910
93,1019,10,220905,Fort Worth ISD,Tarrant,C,92.6,67315,https://txschools.net/district/fort-worth-isd-220905
93,1019,10,089901,Gonzales ISD,Gonzales,C,92.6,2514,https://txschools.net/district/gonzales-isd-089901
93,1019,10,116905,Greenville ISD,Hunt,C,92.6,5435,https://txschools.net/district/greenville-isd-116905
93,1019,10,152901,Lubbock ISD,Lubbock,B,92.6,23029,https://txschools.net/district/lubbock-isd-152901
93,1019,10,102902,Marshall ISD,Harrison,D,92.6,4726,https://txschools.net/district/marshall-isd-102902
93,1019,10,205907,Taft ISD,San Patricio,C,92.6,786,https://txschools.net/district/taft-isd-205907
93,1019,10,022004,Terlingua CSD,Brewster,D,92.6,140,https://txschools.net/district/terlingua-csd-022004
93,1019,10,212910,Winona ISD,Smith,C,92.6,1122,https://txschools.net/district/winona-isd-212910
93,1019,10,003906,Zavalla ISD,Angelina,B,92.6,308,https://txschools.net/district/zavalla-isd-003906
104,1019,6,002901,Andrews ISD,Andrews,C,92.7,4159,https://txschools.net/district/andrews-isd-002901
104,1019,6,116903,Commerce ISD,Hunt,D,92.7,1526,https://txschools.net/district/commerce-isd-116903
104,1019,6,068901,Ector County ISD,Ector,C,92.7,31866,https://txschools.net/district/ector-county-isd-068901
104,1019,6,031906,Los Fresnos CISD,Cameron,A,92.7,10284,https://txschools.net/district/los-fresnos-cisd-031906
104,1019,6,178912,Tuloso-Midway ISD,Nueces,B,92.7,3659,https://txschools.net/district/tuloso-midway-isd-178912
104,1019,6,212905,Tyler ISD,Smith,B,92.7,18800,https://txschools.net/district/tyler-isd-212905
104,1019,6,220920,White Settlement ISD,Tarrant,C,92.7,6684,https://txschools.net/district/white-settlement-isd-220920
111,1019,10,125901,Alice ISD,Jim Wells,B,92.8,4198,https://txschools.net/district/alice-isd-125901
111,1019,10,101906,Crosby ISD,Harris,B,92.8,7183,https://txschools.net/district/crosby-isd-101906
111,1019,10,220912,Crowley ISD,Tarrant,B,92.8,17052,https://txschools.net/district/crowley-isd-220912
111,1019,10,057905,Dallas ISD,Dallas,B,92.8,134302,https://txschools.net/district/dallas-isd-057905
111,1019,10,220904,Everman ISD,Tarrant,C,92.8,4704,https://txschools.net/district/everman-isd-220904
111,1019,10,237902,Hempstead ISD,Waller,C,92.8,1563,https://txschools.net/district/hempstead-isd-237902
111,1019,10,121904,Jasper ISD,Jasper,C,92.8,1947,https://txschools.net/district/jasper-isd-121904
111,1019,10,161906,La Vega ISD,McLennan,C,92.8,3079,https://txschools.net/district/la-vega-isd-161906
111,1019,10,147903,Mexia ISD,Limestone,C,92.8,1780,https://txschools.net/district/mexia-isd-147903
111,1019,10,194903,Rivercrest ISD,Red River,B,92.8,665,https://txschools.net/district/rivercrest-isd-194903
111,1019,10,014909,Temple ISD,Bell,B,92.8,8704,https://txschools.net/district/temple-isd-014909
122,1019,9,101903,Alief ISD,Harris,C,92.9,36376,https://txschools.net/district/alief-isd-101903
122,1019,9,011901,Bastrop ISD,Bastrop,C,92.9,13325,https://txschools.net/district/bastrop-isd-011901
122,1019,9,114901,Big Spring ISD,Howard,B,92.9,3107,https://txschools.net/district/big-spring-isd-114901
122,1019,9,020905,Brazosport ISD,Brazoria,B,92.9,10843,https://txschools.net/district/brazosport-isd-020905
122,1019,9,172902,Daingerfield-Lone Star ISD,Morris,C,92.9,988,https://txschools.net/district/daingerfield-lone-star-isd-172902
122,1019,9,100903,Kountze ISD,Hardin,C,92.9,1163,https://txschools.net/district/kountze-isd-100903
122,1019,9,220910,Lake Worth ISD,Tarrant,D,92.9,3165,https://txschools.net/district/lake-worth-isd-220910
122,1019,9,167902,Mullin ISD,Mills,C,92.9,176,https://txschools.net/district/mullin-isd-167902
122,1019,9,031913,Santa Maria ISD,Cameron,B,92.9,502,https://txschools.net/district/santa-maria-isd-031913
122,1019,9,107907,Trinidad ISD,Henderson,B,92.9,175,https://txschools.net/district/trinidad-isd-107907
132,1019,13,070903,Ennis ISD,Ellis,C,93,6621,https://txschools.net/district/ennis-isd-070903
132,1019,13,183904,Gary ISD,Panola,D,93,478,https://txschools.net/district/gary-isd-183904
132,1019,13,205903,Ingleside ISD,San Patricio,B,93,1983,https://txschools.net/district/ingleside-isd-205903
132,1019,13,015916,Judson ISD,Bexar,C,93,22556,https://txschools.net/district/judson-isd-015916
132,1019,13,007904,Lytle ISD,Atascosa,D,93,1803,https://txschools.net/district/lytle-isd-007904
132,1019,13,095905,Plainview ISD,Hale,C,93,3811,https://txschools.net/district/plainview-isd-095905
132,1019,13,190903,Rains ISD,Rains,C,93,1664,https://txschools.net/district/rains-isd-190903
132,1019,13,232902,Sabinal ISD,Uvalde,C,93,447,https://txschools.net/district/sabinal-isd-232902
132,1019,13,226903,San Angelo ISD,Tom Green,C,93,12500,https://txschools.net/district/san-angelo-isd-226903
132,1019,13,026902,Somerville ISD,Burleson,C,93,527,https://txschools.net/district/somerville-isd-026902
132,1019,13,020906,Sweeny ISD,Brazoria,C,93,1691,https://txschools.net/district/sweeny-isd-020906
132,1019,13,235902,Victoria ISD,Victoria,C,93,12534,https://txschools.net/district/victoria-isd-235902
132,1019,13,089905,Waelder ISD,Gonzales,B,93,588,https://txschools.net/district/waelder-isd-089905
132,1019,13,170904,Willis ISD,Montgomery,C,93,9579,https://txschools.net/district/willis-isd-170904
146,1019,7,220917,Castleberry ISD,Tarrant,B,93.1,3755,https://txschools.net/district/castleberry-isd-220917
146,1019,7,247901,Floresville ISD,Wilson,B,93.1,3893,https://txschools.net/district/floresville-isd-247901
146,1019,7,108905,Hidalgo ISD,Hidalgo,B,93.1,2788,https://txschools.net/district/hidalgo-isd-108905
146,1019,7,101916,La Porte ISD,Harris,B,93.1,6900,https://txschools.net/district/la-porte-isd-101916
146,1019,7,108915,Monte Alto ISD,Hidalgo,B,93.1,764,https://txschools.net/district/monte-alto-isd-108915
146,1019,7,170908,New Caney ISD,Montgomery,C,93.1,19642,https://txschools.net/district/new-caney-isd-170908
146,1019,7,188902,River Road ISD,Potter,B,93.1,1183,https://txschools.net/district/river-road-isd-188902
146,1019,7,091906,Sherman ISD,Grayson,C,93.1,7452,https://txschools.net/district/sherman-isd-091906
154,1019,12,212901,Arp ISD,Smith,C,93.2,918,https://txschools.net/district/arp-isd-212901
154,1019,12,031901,Brownsville ISD,Cameron,B,93.2,34296,https://txschools.net/district/brownsville-isd-031901
154,1019,12,126903,Cleburne ISD,Johnson,C,93.2,6776,https://txschools.net/district/cleburne-isd-126903
154,1019,12,042901,Coleman ISD,Coleman,B,93.2,740,https://txschools.net/district/coleman-isd-042901
154,1019,12,130902,Comfort ISD,Kendall,C,93.2,1012,https://txschools.net/district/comfort-isd-130902
154,1019,12,054901,Crosbyton CISD,Crosby,C,93.2,293,https://txschools.net/district/crosbyton-cisd-054901
154,1019,12,101907,Cypress-Fairbanks ISD,Harris,B,93.2,114430,https://txschools.net/district/cypress-fairbanks-isd-101907
154,1019,12,059901,Hereford ISD,Deaf Smith,C,93.2,3836,https://txschools.net/district/hereford-isd-059901
154,1019,12,155901,Jefferson ISD,Marion,C,93.2,1105,https://txschools.net/district/jefferson-isd-155901
154,1019,12,174904,Nacogdoches ISD,Nacogdoches,C,93.2,5513,https://txschools.net/district/nacogdoches-isd-174904
154,1019,12,007905,Pleasanton ISD,Atascosa,C,93.2,3301,https://txschools.net/district/pleasanton-isd-007905
154,1019,12,071904,San Elizario ISD,El Paso,C,93.2,2776,https://txschools.net/district/san-elizario-isd-071904
154,1019,12,083901,Seagraves ISD,Gaines,B,93.2,523,https://txschools.net/district/seagraves-isd-083901
167,1019,14,220901,Arlington ISD,Tarrant,C,93.3,51102,https://txschools.net/district/arlington-isd-220901
167,1019,14,107901,Athens ISD,Henderson,C,93.3,2938,https://txschools.net/district/athens-isd-107901
167,1019,14,057904,Cedar Hill ISD,Dallas,C,93.3,5876,https://txschools.net/district/cedar-hill-isd-057904
167,1019,14,169906,Gold Burg ISD,Montague,C,93.3,149,https://txschools.net/district/gold-burg-isd-169906
167,1019,14,101911,Goose Creek CISD,Harris,B,93.3,23308,https://txschools.net/district/goose-creek-cisd-101911
167,1019,14,105906,Hays CISD,Hays,B,93.3,24938,https://txschools.net/district/hays-cisd-105906
167,1019,14,101915,Klein ISD,Harris,B,93.3,51154,https://txschools.net/district/klein-isd-101915
167,1019,14,011905,McDade ISD,Bastrop,C,93.3,373,https://txschools.net/district/mcdade-isd-011905
167,1019,14,112909,Saltillo ISD,Hopkins,A,93.3,236,https://txschools.net/district/saltillo-isd-112909
167,1019,14,105902,San Marcos CISD,Hays,C,93.3,8134,https://txschools.net/district/san-marcos-cisd-105902
167,1019,14,245904,San Perlita ISD,Willacy,B,93.3,174,https://txschools.net/district/san-perlita-isd-245904
167,1019,14,177902,Sweetwater ISD,Nolan,C,93.3,1738,https://txschools.net/district/sweetwater-isd-177902
167,1019,14,246911,Taylor ISD,Williamson,B,93.3,2882,https://txschools.net/district/taylor-isd-246911
167,1019,14,091918,Tom Bean ISD,Grayson,B,93.3,763,https://txschools.net/district/tom-bean-isd-091918
167,1019,14,243905,Wichita Falls ISD,Wichita,C,93.3,12435,https://txschools.net/district/wichita-falls-isd-243905
182,1019,13,188901,Amarillo ISD,Potter,B,93.4,28172,https://txschools.net/district/amarillo-isd-188901
182,1019,13,146902,Dayton ISD,Liberty,C,93.4,5777,https://txschools.net/district/dayton-isd-146902
182,1019,13,091903,Denison ISD,Grayson,C,93.4,4742,https://txschools.net/district/denison-isd-091903
182,1019,13,220918,Eagle Mt-Saginaw ISD,Tarrant,C,93.4,24147,https://txschools.net/district/eagle-mt-saginaw-isd-220918
182,1019,13,070905,Ferris ISD,Ellis,B,93.4,3031,https://txschools.net/district/ferris-isd-070905
182,1019,13,129902,Forney ISD,Kaufman,C,93.4,19643,https://txschools.net/district/forney-isd-129902
182,1019,13,049901,Gainesville ISD,Cooke,D,93.4,3054,https://txschools.net/district/gainesville-isd-049901
182,1019,13,031903,Harlingen CISD,Cameron,B,93.4,16187,https://txschools.net/district/harlingen-cisd-031903
182,1019,13,129904,Kemp ISD,Kaufman,D,93.4,2017,https://txschools.net/district/kemp-isd-129904
182,1019,13,031905,La Feria ISD,Cameron,C,93.4,2754,https://txschools.net/district/la-feria-isd-031905
182,1019,13,164901,Menard ISD,Menard,B,93.4,249,https://txschools.net/district/menard-isd-164901
182,1019,13,238902,Monahans-Wickett-Pyote ISD,Ward,C,93.4,2180,https://txschools.net/district/monahans-wickett-pyote-isd-238902
182,1019,13,227904,Pflugerville ISD,Travis,B,93.4,25028,https://txschools.net/district/pflugerville-isd-227904
182,1019,13,031916,South Texas ISD,Cameron,A,93.4,4741,https://txschools.net/district/south-texas-isd-031916
196,1019,23,221901,Abilene ISD,Taylor,C,93.5,14260,https://txschools.net/district/abilene-isd-221901
196,1019,23,014902,Bartlett ISD,Bell,C,93.5,399,https://txschools.net/district/bartlett-isd-014902
196,1019,23,230901,Big Sandy ISD,Upshur,C,93.5,643,https://txschools.net/district/big-sandy-isd-230901
196,1019,23,025904,Blanket ISD,Brown,B,93.5,151,https://txschools.net/district/blanket-isd-025904
196,1019,23,212909,Chapel Hill ISD,Smith,C,93.5,3186,https://txschools.net/district/chapel-hill-isd-212909
196,1019,23,194904,Clarksville ISD,Red River,D,93.5,504,https://txschools.net/district/clarksville-isd-194904
196,1019,23,050910,Copperas Cove ISD,Coryell,B,93.5,7619,https://txschools.net/district/copperas-cove-isd-050910
196,1019,23,142901,Cotulla ISD,La Salle,C,93.5,1130,https://txschools.net/district/cotulla-isd-142901
196,1019,23,052901,Crane ISD,Crane,D,93.5,1228,https://txschools.net/district/crane-isd-052901
196,1019,23,176903,Deweyville ISD,Newton,C,93.5,574,https://txschools.net/district/deweyville-isd-176903
196,1019,23,057910,Grand Prairie ISD,Dallas,B,93.5,25445,https://txschools.net/district/grand-prairie-isd-057910
196,1019,23,205902,Gregory-Portland ISD,San Patricio,B,93.5,5116,https://txschools.net/district/gregory-portland-isd-205902
196,1019,23,095903,Hale Center ISD,Hale,B,93.5,553,https://txschools.net/district/hale-center-isd-095903
196,1019,23,134901,Junction ISD,Kimble,C,93.5,552,https://txschools.net/district/junction-isd-134901
196,1019,23,175907,Kerens ISD,Navarro,B,93.5,692,https://txschools.net/district/kerens-isd-175907
196,1019,23,069902,Nueces Canyon CISD,Edwards,B,93.5,198,https://txschools.net/district/nueces-canyon-cisd-069902
196,1019,23,048903,Paint Rock ISD,Concho,B,93.5,330,https://txschools.net/district/paint-rock-isd-048903
196,1019,23,057916,Richardson ISD,Dallas,B,93.5,36142,https://txschools.net/district/richardson-isd-057916
196,1019,23,214901,Rio Grande City Grulla ISD,Starr,B,93.5,9157,https://txschools.net/district/rio-grande-city-grulla-isd-214901
196,1019,23,084909,Santa Fe ISD,Galveston,B,93.5,4326,https://txschools.net/district/santa-fe-isd-084909
196,1019,23,011904,Smithville ISD,Bastrop,C,93.5,1864,https://txschools.net/district/smithville-isd-011904
196,1019,23,208902,Snyder ISD,Scurry,C,93.5,2220,https://txschools.net/district/snyder-isd-208902
196,1019,23,156902,Stanton ISD,Martin,B,93.5,1069,https://txschools.net/district/stanton-isd-156902
196,1019,23,219903,Tulia ISD,Swisher,C,93.5,730,https://txschools.net/district/tulia-isd-219903
220,1019,13,158901,Bay City ISD,Matagorda,C,93.6,3312,https://txschools.net/district/bay-city-isd-158901
220,1019,13,025908,Brookesmith ISD,Brown,C,93.6,508,https://txschools.net/district/brookesmith-isd-025908
220,1019,13,035901,Dimmitt ISD,Castro,C,93.6,1072,https://txschools.net/district/dimmitt-isd-035901
220,1019,13,234904,Grand Saline ISD,Van Zandt,B,93.6,1205,https://txschools.net/district/grand-saline-isd-234904
220,1019,13,014906,Killeen ISD,Bell,C,93.6,41366,https://txschools.net/district/killeen-isd-014906
220,1019,13,108912,La Joya ISD,Hidalgo,B,93.6,21606,https://txschools.net/district/la-joya-isd-108912
220,1019,13,160905,Lohn ISD,McCulloch,B,93.6,109,https://txschools.net/district/lohn-isd-160905
220,1019,13,182903,Mineral Wells ISD,Palo Pinto,B,93.6,3244,https://txschools.net/district/mineral-wells-isd-182903
220,1019,13,163903,Natalia ISD,Medina,C,93.6,1301,https://txschools.net/district/natalia-isd-163903
220,1019,13,061903,Pilot Point ISD,Denton,C,93.6,1728,https://txschools.net/district/pilot-point-isd-061903
220,1019,13,031909,Point Isabel ISD,Cameron,B,93.6,1718,https://txschools.net/district/point-isabel-isd-031909
220,1019,13,237904,Waller ISD,Waller,B,93.6,10846,https://txschools.net/district/waller-isd-237904
220,1019,13,100908,West Hardin County CISD,Hardin,C,93.6,506,https://txschools.net/district/west-hardin-county-cisd-100908
220,1019,13,196902,Woodsboro ISD,Refugio,C,93.6,383,https://txschools.net/district/woodsboro-isd-196902
234,1019,22,022901,Alpine ISD,Brewster,C,93.7,956,https://txschools.net/district/alpine-isd-022901
234,1019,22,160901,Brady ISD,McCulloch,B,93.7,857,https://txschools.net/district/brady-isd-160901
234,1019,22,203902,Broaddus ISD,San Augustine,A,93.7,380,https://txschools.net/district/broaddus-isd-203902
234,1019,22,145902,Centerville ISD,Leon,C,93.7,633,https://txschools.net/district/centerville-isd-145902
234,1019,22,174901,Chireno ISD,Nacogdoches,B,93.7,343,https://txschools.net/district/chireno-isd-174901
234,1019,22,204901,Coldspring-Oakhurst CISD,San Jacinto,C,93.7,1587,https://txschools.net/district/coldspring-oakhurst-cisd-204901
234,1019,22,020907,Columbia-Brazoria ISD,Brazoria,C,93.7,2942,https://txschools.net/district/columbia-brazoria-isd-020907
234,1019,22,112905,Cumby Collegiate ISD,Hopkins,C,93.7,485,https://txschools.net/district/cumby-collegiate-isd-112905
234,1019,22,003905,Diboll ISD,Angelina,B,93.7,1513,https://txschools.net/district/diboll-isd-003905
234,1019,22,230902,Gilmer ISD,Upshur,B,93.7,2923,https://txschools.net/district/gilmer-isd-230902
234,1019,22,165902,Greenwood ISD,Midland,C,93.7,3621,https://txschools.net/district/greenwood-isd-165902
234,1019,22,101912,Houston ISD,Harris,B,93.7,167793,https://txschools.net/district/houston-isd-101912
234,1019,22,129903,Kaufman ISD,Kaufman,B,93.7,4208,https://txschools.net/district/kaufman-isd-129903
234,1019,22,128902,Kenedy ISD,Karnes,B,93.7,733,https://txschools.net/district/kenedy-isd-128902
234,1019,22,133903,Kerrville ISD,Kerr,B,93.7,4402,https://txschools.net/district/kerrville-isd-133903
234,1019,22,121905,Kirbyville CISD,Jasper,C,93.7,1443,https://txschools.net/district/kirbyville-cisd-121905
234,1019,22,003903,Lufkin ISD,Angelina,C,93.7,6678,https://txschools.net/district/lufkin-isd-003903
234,1019,22,028903,Luling ISD,Caldwell,C,93.7,1431,https://txschools.net/district/luling-isd-028903
234,1019,22,108908,Mission CISD,Hidalgo,B,93.7,13186,https://txschools.net/district/mission-cisd-108908
234,1019,22,184901,Poolville ISD,Parker,C,93.7,764,https://txschools.net/district/poolville-isd-184901
234,1019,22,137903,Riviera ISD,Kleberg,B,93.7,406,https://txschools.net/district/riviera-isd-137903
234,1019,22,240903,United ISD,Webb,A,93.7,39764,https://txschools.net/district/united-isd-240903
234,1019,22,250905,Yantis ISD,Wood,C,93.7,309,https://txschools.net/district/yantis-isd-250905
257,1019,21,220915,Azle ISD,Tarrant,C,93.8,7166,https://txschools.net/district/azle-isd-220915
257,1019,21,200901,Ballinger ISD,Runnels,B,93.8,781,https://txschools.net/district/ballinger-isd-200901
257,1019,21,117901,Borger ISD,Hutchinson,C,93.8,2147,https://txschools.net/district/borger-isd-117901
257,1019,21,025902,Brownwood ISD,Brown,B,93.8,3293,https://txschools.net/district/brownwood-isd-025902
257,1019,21,026901,Caldwell ISD,Burleson,B,93.8,1828,https://txschools.net/district/caldwell-isd-026901
257,1019,21,029901,Calhoun County ISD,Calhoun,B,93.8,3381,https://txschools.net/district/calhoun-county-isd-029901
257,1019,21,148905,Darrouzett ISD,Lipscomb,D,93.8,97,https://txschools.net/district/darrouzett-isd-148905
257,1019,21,057906,Desoto ISD,Dallas,C,93.8,5564,https://txschools.net/district/desoto-isd-057906
257,1019,21,057909,Garland ISD,Dallas,B,93.8,49060,https://txschools.net/district/garland-isd-057909
257,1019,21,084908,Hitchcock ISD,Galveston,D,93.8,1937,https://txschools.net/district/hitchcock-isd-084908
257,1019,21,003904,Huntington ISD,Angelina,B,93.8,1496,https://txschools.net/district/huntington-isd-003904
257,1019,21,240901,Laredo ISD,Webb,A,93.8,19461,https://txschools.net/district/laredo-isd-240901
257,1019,21,193902,Leakey ISD,Real,C,93.8,308,https://txschools.net/district/leakey-isd-193902
257,1019,21,057914,Mesquite ISD,Dallas,B,93.8,36585,https://txschools.net/district/mesquite-isd-057914
257,1019,21,225902,Mount Pleasant ISD,Titus,B,93.8,5019,https://txschools.net/district/mount-pleasant-isd-225902
257,1019,21,093904,Navasota ISD,Grimes,C,93.8,3127,https://txschools.net/district/navasota-isd-093904
257,1019,21,015915,Northside ISD,Bexar,C,93.8,98031,https://txschools.net/district/northside-isd-015915
257,1019,21,203901,San Augustine ISD,San Augustine,C,93.8,585,https://txschools.net/district/san-augustine-isd-203901
257,1019,21,094902,Schertz-Cibolo-U City ISD,Guadalupe,B,93.8,14764,https://txschools.net/district/schertz-cibolo-u-city-isd-094902
257,1019,21,112901,Sulphur Springs ISD,Hopkins,C,93.8,4060,https://txschools.net/district/sulphur-springs-isd-112901
257,1019,21,224901,Throckmorton Collegiate ISD,Throckmorton,B,93.8,145,https://txschools.net/district/throckmorton-collegiate-isd-224901
257,1019,21,108916,Valley View ISD,Hidalgo,A,93.8,3304,https://txschools.net/district/valley-view-isd-108916
279,1019,27,178913,Banquete ISD,Nueces,B,93.9,724,https://txschools.net/district/banquete-isd-178913
279,1019,27,121902,Brookeland ISD,Jasper,B,93.9,391,https://txschools.net/district/brookeland-isd-121902
279,1019,27,107902,Brownsboro ISD,Henderson,B,93.9,2583,https://txschools.net/district/brownsboro-isd-107902
279,1019,27,183902,Carthage ISD,Panola,B,93.9,2602,https://txschools.net/district/carthage-isd-183902
279,1019,27,056901,Dalhart ISD,Dallam,C,93.9,1801,https://txschools.net/district/dalhart-isd-056901
279,1019,27,084901,Dickinson ISD,Galveston,B,93.9,12569,https://txschools.net/district/dickinson-isd-084901
279,1019,27,102906,Elysian Fields ISD,Harrison,B,93.9,753,https://txschools.net/district/elysian-fields-isd-102906
279,1019,27,060914,Fannindel ISD,Delta,D,93.9,152,https://txschools.net/district/fannindel-isd-060914
279,1019,27,152907,Frenship ISD,Lubbock,C,93.9,12042,https://txschools.net/district/frenship-isd-152907
279,1019,27,226907,Grape Creek ISD,Tom Green,C,93.9,1192,https://txschools.net/district/grape-creek-isd-226907
279,1019,27,101925,Huffman ISD,Harris,C,93.9,3698,https://txschools.net/district/huffman-isd-101925
279,1019,27,101913,Humble ISD,Harris,B,93.9,47734,https://txschools.net/district/humble-isd-101913
279,1019,27,128901,Karnes City ISD,Karnes,B,93.9,928,https://txschools.net/district/karnes-city-isd-128901
279,1019,27,110902,Levelland ISD,Hockley,B,93.9,2398,https://txschools.net/district/levelland-isd-110902
279,1019,27,181908,Little Cypress-Mauriceville CISD,Orange,C,93.9,3342,https://txschools.net/district/little-cypress-mauriceville-cisd-181908
279,1019,27,163908,Medina Valley ISD,Medina,B,93.9,10442,https://txschools.net/district/medina-valley-isd-163908
279,1019,27,167904,Priddy ISD,Mills,A,93.9,90,https://txschools.net/district/priddy-isd-167904
279,1019,27,034907,Queen City ISD,Cass,C,93.9,860,https://txschools.net/district/queen-city-isd-034907
279,1019,27,192901,Reagan County ISD,Reagan,C,93.9,840,https://txschools.net/district/reagan-county-isd-192901
279,1019,27,093905,Richards ISD,Grimes,C,93.9,261,https://txschools.net/district/richards-isd-093905
279,1019,27,004901,Rockport-Fulton ISD,Aransas,C,93.9,2831,https://txschools.net/district/rockport-fulton-isd-004901
279,1019,27,012901,Seymour ISD,Baylor,B,93.9,598,https://txschools.net/district/seymour-isd-012901
279,1019,27,242902,Shamrock ISD,Wheeler,C,93.9,350,https://txschools.net/district/shamrock-isd-242902
279,1019,27,101924,Sheldon ISD,Harris,C,93.9,10576,https://txschools.net/district/sheldon-isd-101924
279,1019,27,140907,Springlake-Earth ISD,Lamb,A,93.9,221,https://txschools.net/district/springlake-earth-isd-140907
279,1019,27,184902,Springtown ISD,Parker,C,93.9,4227,https://txschools.net/district/springtown-isd-184902
279,1019,27,019907,Texarkana ISD,Bowie,C,93.9,7623,https://txschools.net/district/texarkana-isd-019907
279,1019,27,241904,Wharton ISD,Wharton,F,93.9,1707,https://txschools.net/district/wharton-isd-241904
307,1019,19,071906,Anthony ISD,El Paso,B,94,681,https://txschools.net/district/anthony-isd-071906
307,1019,19,021902,Bryan ISD,Brazos,C,94,15653,https://txschools.net/district/bryan-isd-021902
307,1019,19,121903,Buna ISD,Jasper,C,94,1412,https://txschools.net/district/buna-isd-121903
307,1019,19,113901,Crockett ISD,Houston,D,94,1098,https://txschools.net/district/crockett-isd-113901
307,1019,19,062901,Cuero ISD,Dewitt,C,94,1802,https://txschools.net/district/cuero-isd-062901
307,1019,19,050901,Evant ISD,Coryell,D,94,192,https://txschools.net/district/evant-isd-050901
307,1019,19,148902,Follett ISD,Lipscomb,C,94,170,https://txschools.net/district/follett-isd-148902
307,1019,19,066903,Freer ISD,Duval,B,94,663,https://txschools.net/district/freer-isd-066903
307,1019,19,092901,Gladewater ISD,Gregg,C,94,1577,https://txschools.net/district/gladewater-isd-092901
307,1019,19,250902,Hawkins ISD,Wood,C,94,776,https://txschools.net/district/hawkins-isd-250902
307,1019,19,070907,Italy ISD,Ellis,B,94,599,https://txschools.net/district/italy-isd-070907
307,1019,19,246907,Jarrell ISD,Williamson,C,94,4514,https://txschools.net/district/jarrell-isd-246907
307,1019,19,246913,Leander ISD,Williamson,B,94,41854,https://txschools.net/district/leander-isd-246913
307,1019,19,074909,Leonard ISD,Fannin,B,94,840,https://txschools.net/district/leonard-isd-074909
307,1019,19,015910,North East ISD,Bexar,B,94,53464,https://txschools.net/district/north-east-isd-015910
307,1019,19,116908,Quinlan ISD,Hunt,C,94,2974,https://txschools.net/district/quinlan-isd-116908
307,1019,19,045903,Rice CISD,Colorado,C,94,1287,https://txschools.net/district/rice-cisd-045903
307,1019,19,071909,Socorro ISD,El Paso,B,94,45850,https://txschools.net/district/socorro-isd-071909
307,1019,19,181907,Vidor ISD,Orange,C,94,4095,https://txschools.net/district/vidor-isd-181907
307,1019,19,108913,Weslaco ISD,Hidalgo,B,94,16012,https://txschools.net/district/weslaco-isd-108913
327,1019,28,074903,Bonham ISD,Fannin,C,94.1,1939,https://txschools.net/district/bonham-isd-074903
327,1019,28,215901,Breckenridge ISD,Stephens,B,94.1,1288,https://txschools.net/district/breckenridge-isd-215901
327,1019,28,249903,Bridgeport ISD,Wise,C,94.1,2028,https://txschools.net/district/bridgeport-isd-249903
327,1019,28,223901,Brownfield ISD,Terry,C,94.1,1587,https://txschools.net/district/brownfield-isd-223901
327,1019,28,071901,Clint ISD,El Paso,B,94.1,9829,https://txschools.net/district/clint-isd-071901
327,1019,28,229901,Colmesneil ISD,Tyler,C,94.1,388,https://txschools.net/district/colmesneil-isd-229901
327,1019,28,043918,Community ISD,Collin,B,94.1,5764,https://txschools.net/district/community-isd-043918
327,1019,28,060902,Cooper ISD,Delta,C,94.1,879,https://txschools.net/district/cooper-isd-060902
327,1019,28,163901,Devine ISD,Medina,C,94.1,1975,https://txschools.net/district/devine-isd-163901
327,1019,28,186903,Iraan-Sheffield Collegiate ISD,Pecos,C,94.1,514,https://txschools.net/district/iraan-sheffield-collegiate-isd-186903
327,1019,28,018907,Kopperl ISD,Bosque,D,94.1,163,https://txschools.net/district/kopperl-isd-018907
327,1019,28,227912,Lago Vista ISD,Travis,C,94.1,1864,https://txschools.net/district/lago-vista-isd-227912
327,1019,28,141901,Lampasas ISD,Lampasas,B,94.1,3625,https://txschools.net/district/lampasas-isd-141901
327,1019,28,146906,Liberty ISD,Liberty,C,94.1,2406,https://txschools.net/district/liberty-isd-146906
327,1019,28,034905,Linden-Kildare CISD,Cass,B,94.1,585,https://txschools.net/district/linden-kildare-cisd-034905
327,1019,28,158904,Matagorda ISD,Matagorda,C,94.1,118,https://txschools.net/district/matagorda-isd-158904
327,1019,28,108906,McAllen ISD,Hidalgo,B,94.1,19405,https://txschools.net/district/mcallen-isd-108906
327,1019,28,176902,Newton ISD,Newton,C,94.1,946,https://txschools.net/district/newton-isd-176902
327,1019,28,205905,Odem-Edroy ISD,San Patricio,B,94.1,892,https://txschools.net/district/odem-edroy-isd-205905
327,1019,28,042905,Panther Creek CISD,Coleman,B,94.1,139,https://txschools.net/district/panther-creek-cisd-042905
327,1019,28,043910,Plano ISD,Collin,B,94.1,43805,https://txschools.net/district/plano-isd-043910
327,1019,28,043911,Princeton ISD,Collin,B,94.1,11375,https://txschools.net/district/princeton-isd-043911
327,1019,28,196903,Refugio ISD,Refugio,B,94.1,591,https://txschools.net/district/refugio-isd-196903
327,1019,28,076904,Rotan ISD,Fisher,C,94.1,265,https://txschools.net/district/rotan-isd-076904
327,1019,28,008902,Sealy ISD,Austin,C,94.1,3014,https://txschools.net/district/sealy-isd-008902
327,1019,28,204904,Shepherd ISD,San Jacinto,C,94.1,1967,https://txschools.net/district/shepherd-isd-204904
327,1019,28,230904,Union Hill ISD,Upshur,C,94.1,254,https://txschools.net/district/union-hill-isd-230904
327,1019,28,234906,Van ISD,Van Zandt,B,94.1,2265,https://txschools.net/district/van-isd-234906
327,1019,28,224902,Woodson ISD,Throckmorton,B,94.1,158,https://txschools.net/district/woodson-isd-224902
356,1019,34,126901,Alvarado ISD,Johnson,C,94.2,3703,https://txschools.net/district/alvarado-isd-126901
356,1019,34,020902,Angleton ISD,Brazoria,B,94.2,7241,https://txschools.net/district/angleton-isd-020902
356,1019,34,034901,Atlanta ISD,Cass,B,94.2,1918,https://txschools.net/district/atlanta-isd-034901
356,1019,34,125902,Ben Bolt-Palito Blanco ISD,Jim Wells,B,94.2,420,https://txschools.net/district/ben-bolt-palito-blanco-isd-125902
356,1019,34,166907,Buckholts ISD,Milam,C,94.2,107,https://txschools.net/district/buckholts-isd-166907
356,1019,34,186901,Buena Vista ISD,Pecos,D,94.2,235,https://txschools.net/district/buena-vista-isd-186901
356,1019,34,057903,Carrollton-Farmers Branch ISD,Dallas,B,94.2,22831,https://txschools.net/district/carrollton-farmers-branch-isd-057903
356,1019,34,003907,Central ISD,Angelina,C,94.2,1491,https://txschools.net/district/central-isd-003907
356,1019,34,161921,Connally ISD,McLennan,D,94.2,2031,https://txschools.net/district/connally-isd-161921
356,1019,34,109903,Covington ISD,Hill,C,94.2,351,https://txschools.net/district/covington-isd-109903
356,1019,34,048901,Eden CISD,Concho,B,94.2,217,https://txschools.net/district/eden-cisd-048901
356,1019,34,241903,El Campo ISD,Wharton,B,94.2,3206,https://txschools.net/district/el-campo-isd-241903
356,1019,34,101910,Galena Park ISD,Harris,B,94.2,20108,https://txschools.net/district/galena-park-isd-101910
356,1019,34,050902,Gatesville ISD,Coryell,C,94.2,2547,https://txschools.net/district/gatesville-isd-050902
356,1019,34,252901,Graham ISD,Young,C,94.2,2139,https://txschools.net/district/graham-isd-252901
356,1019,34,146904,Hardin ISD,Liberty,C,94.2,1175,https://txschools.net/district/hardin-isd-146904
356,1019,34,146905,Hull-Daisetta ISD,Liberty,D,94.2,425,https://txschools.net/district/hull-daisetta-isd-146905
356,1019,34,210902,Joaquin ISD,Shelby,A,94.2,695,https://txschools.net/district/joaquin-isd-210902
356,1019,34,150901,Llano ISD,Llano,B,94.2,2009,https://txschools.net/district/llano-isd-150901
356,1019,34,170903,Montgomery ISD,Montgomery,B,94.2,9699,https://txschools.net/district/montgomery-isd-170903
356,1019,34,046901,New Braunfels ISD,Comal,B,94.2,9710,https://txschools.net/district/new-braunfels-isd-046901
356,1019,34,041902,Robert Lee ISD,Coke,B,94.2,253,https://txschools.net/district/robert-lee-isd-041902
356,1019,34,246909,Round Rock ISD,Williamson,B,94.2,45865,https://txschools.net/district/round-rock-isd-246909
356,1019,34,117903,Sanford-Fritch ISD,Hutchinson,C,94.2,714,https://txschools.net/district/sanford-fritch-isd-117903
356,1019,34,108911,Sharyland ISD,Hidalgo,B,94.2,9653,https://txschools.net/district/sharyland-isd-108911
356,1019,34,100904,Silsbee ISD,Hardin,C,94.2,2377,https://txschools.net/district/silsbee-isd-100904
356,1019,34,205906,Sinton ISD,San Patricio,B,94.2,1959,https://txschools.net/district/sinton-isd-205906
356,1019,34,101920,Spring Branch ISD,Harris,B,94.2,31584,https://txschools.net/district/spring-branch-isd-101920
356,1019,34,149902,Three Rivers ISD,Live Oak,C,94.2,541,https://txschools.net/district/three-rivers-isd-149902
356,1019,34,212904,Troup ISD,Smith,C,94.2,1067,https://txschools.net/district/troup-isd-212904
356,1019,34,202905,West Sabine ISD,Sabine,C,94.2,659,https://txschools.net/district/west-sabine-isd-202905
356,1019,34,001908,Westwood ISD,Anderson,D,94.2,1300,https://txschools.net/district/westwood-isd-001908
356,1019,34,212906,Whitehouse ISD,Smith,A,94.2,4840,https://txschools.net/district/whitehouse-isd-212906
356,1019,34,200904,Winters ISD,Runnels,B,94.2,499,https://txschools.net/district/winters-isd-200904
356,1019,34,071905,Ysleta ISD,El Paso,B,94.2,32593,https://txschools.net/district/ysleta-isd-071905
391,1019,32,030903,Baird ISD,Callahan,B,94.3,345,https://txschools.net/district/baird-isd-030903
391,1019,32,014903,Belton ISD,Bell,B,94.3,13516,https://txschools.net/district/belton-isd-014903
391,1019,32,119901,Bryson ISD,Jack,B,94.3,262,https://txschools.net/district/bryson-isd-119901
391,1019,32,145901,Buffalo ISD,Leon,B,94.3,971,https://txschools.net/district/buffalo-isd-145901
391,1019,32,027903,Burnet CISD,Burnet,C,94.3,3224,https://txschools.net/district/burnet-cisd-027903
391,1019,32,071907,Canutillo ISD,El Paso,C,94.3,5604,https://txschools.net/district/canutillo-isd-071907
391,1019,32,249904,Chico ISD,Wise,C,94.3,580,https://txschools.net/district/chico-isd-249904
391,1019,32,101908,Deer Park ISD,Harris,B,94.3,12001,https://txschools.net/district/deer-park-isd-101908
391,1019,32,061901,Denton ISD,Denton,C,94.3,33101,https://txschools.net/district/denton-isd-061901
391,1019,32,127903,Hamlin Collegiate ISD,Jones,B,94.3,383,https://txschools.net/district/hamlin-collegiate-isd-127903
391,1019,32,202903,Hemphill ISD,Sabine,A,94.3,728,https://txschools.net/district/hemphill-isd-202903
391,1019,32,201902,Henderson ISD,Rusk,B,94.3,3151,https://txschools.net/district/henderson-isd-201902
391,1019,32,163904,Hondo ISD,Medina,C,94.3,1720,https://txschools.net/district/hondo-isd-163904
391,1019,32,246906,Hutto ISD,Williamson,C,94.3,11069,https://txschools.net/district/hutto-isd-246906
391,1019,32,242905,Kelton ISD,Wheeler,B,94.3,129,https://txschools.net/district/kelton-isd-242905
391,1019,32,107910,Lapoynor ISD,Henderson,C,94.3,465,https://txschools.net/district/lapoynor-isd-107910
391,1019,32,090902,Lefors ISD,Gray,C,94.3,177,https://txschools.net/district/lefors-isd-090902
391,1019,32,092903,Longview ISD,Gregg,B,94.3,7906,https://txschools.net/district/longview-isd-092903
391,1019,32,129905,Mabank ISD,Kaufman,B,94.3,4098,https://txschools.net/district/mabank-isd-129905
391,1019,32,070915,Maypearl ISD,Ellis,C,94.3,1217,https://txschools.net/district/maypearl-isd-070915
391,1019,32,090903,McLean ISD,Gray,B,94.3,177,https://txschools.net/district/mclean-isd-090903
391,1019,32,018902,Meridian ISD,Bosque,C,94.3,354,https://txschools.net/district/meridian-isd-018902
391,1019,32,209902,Moran ISD,Shackelford,C,94.3,86,https://txschools.net/district/moran-isd-209902
391,1019,32,018903,Morgan ISD,Bosque,C,94.3,138,https://txschools.net/district/morgan-isd-018903
391,1019,32,019905,New Boston ISD,Bowie,B,94.3,1060,https://txschools.net/district/new-boston-isd-019905
391,1019,32,033902,Panhandle ISD,Carson,A,94.3,576,https://txschools.net/district/panhandle-isd-033902
391,1019,32,152903,Slaton ISD,Lubbock,C,94.3,1308,https://txschools.net/district/slaton-isd-152903
391,1019,32,146907,Tarkington ISD,Liberty,C,94.3,1864,https://txschools.net/district/tarkington-isd-146907
391,1019,32,096905,Turkey-Quitaque ISD,Hall,A,94.3,175,https://txschools.net/district/turkey-quitaque-isd-096905
391,1019,32,122902,Valentine ISD,Jeff Davis,B,94.3,28,https://txschools.net/district/valentine-isd-122902
391,1019,32,184903,Weatherford ISD,Parker,B,94.3,8118,https://txschools.net/district/weatherford-isd-184903
391,1019,32,091909,Whitesboro ISD,Grayson,C,94.3,1757,https://txschools.net/district/whitesboro-isd-091909
391,1019,32,229903,Woodville ISD,Tyler,D,94.3,1169,https://txschools.net/district/woodville-isd-229903
424,1019,26,250906,Alba-Golden ISD,Wood,B,94.4,772,https://txschools.net/district/alba-golden-isd-250906
424,1019,26,043902,Anna ISD,Collin,C,94.4,6686,https://txschools.net/district/anna-isd-043902
424,1019,26,034902,Avinger ISD,Cass,B,94.4,103,https://txschools.net/district/avinger-isd-034902
424,1019,26,043917,Blue Ridge ISD,Collin,C,94.4,1056,https://txschools.net/district/blue-ridge-isd-043917
424,1019,26,239901,Brenham ISD,Washington,B,94.4,4712,https://txschools.net/district/brenham-isd-239901
424,1019,26,176901,Burkeville ISD,Newton,C,94.4,245,https://txschools.net/district/burkeville-isd-176901
424,1019,26,020910,Damon ISD,Brazoria,B,94.4,87,https://txschools.net/district/damon-isd-020910
424,1019,26,081906,Dew ISD,Freestone,C,94.4,170,https://txschools.net/district/dew-isd-081906
424,1019,26,201904,Leveretts Chapel ISD,Rusk,C,94.4,233,https://txschools.net/district/leveretts-chapel-isd-201904
424,1019,26,054902,Lorenzo ISD,Crosby,C,94.4,175,https://txschools.net/district/lorenzo-isd-054902
424,1019,26,022902,Marathon ISD,Brewster,B,94.4,46,https://txschools.net/district/marathon-isd-022902
424,1019,26,073903,Marlin ISD,Falls,D,94.4,796,https://txschools.net/district/marlin-isd-073903
424,1019,26,034906,McLeod ISD,Cass,A,94.4,420,https://txschools.net/district/mcleod-isd-034906
424,1019,26,252903,Olney ISD,Young,B,94.4,701,https://txschools.net/district/olney-isd-252903
424,1019,26,230903,Ore City ISD,Upshur,C,94.4,786,https://txschools.net/district/ore-city-isd-230903
424,1019,26,139909,Paris ISD,Lamar,B,94.4,3728,https://txschools.net/district/paris-isd-139909
424,1019,26,063906,Patton Springs ISD,Dickens,A,94.4,22,https://txschools.net/district/patton-springs-isd-063906
424,1019,26,069901,Rocksprings ISD,Edwards,B,94.4,201,https://txschools.net/district/rocksprings-isd-069901
424,1019,26,214903,Roma ISD,Starr,A,94.4,5916,https://txschools.net/district/roma-isd-214903
424,1019,26,199902,Royse City ISD,Rockwall,C,94.4,10141,https://txschools.net/district/royse-city-isd-199902
424,1019,26,216901,Sterling City ISD,Sterling,A,94.4,312,https://txschools.net/district/sterling-city-isd-216901
424,1019,26,221905,Trent ISD,Taylor,B,94.4,118,https://txschools.net/district/trent-isd-221905
424,1019,26,102903,Waskom ISD,Harrison,C,94.4,764,https://txschools.net/district/waskom-isd-102903
424,1019,26,109911,Whitney ISD,Hill,C,94.4,1433,https://txschools.net/district/whitney-isd-109911
424,1019,26,180904,Wildorado ISD,Oldham,A,94.4,198,https://txschools.net/district/wildorado-isd-180904
424,1019,26,234907,Wills Point ISD,Van Zandt,C,94.4,2882,https://txschools.net/district/wills-point-isd-234907
424,1019,26,081905,Wortham ISD,Freestone,C,94.4,501,https://txschools.net/district/wortham-isd-081905
451,1019,22,127901,Anson ISD,Jones,C,94.5,702,https://txschools.net/district/anson-isd-127901
451,1019,22,110901,Anton ISD,Hockley,C,94.5,171,https://txschools.net/district/anton-isd-110901
451,1019,22,061907,Aubrey ISD,Denton,C,94.5,4885,https://txschools.net/district/aubrey-isd-061907
451,1019,22,166901,Cameron ISD,Milam,D,94.5,1389,https://txschools.net/district/cameron-isd-166901
451,1019,22,112908,Como-Pickton CISD,Hopkins,B,94.5,751,https://txschools.net/district/como-pickton-cisd-112908
451,1019,22,129901,Crandall ISD,Kaufman,C,94.5,7455,https://txschools.net/district/crandall-isd-129901
451,1019,22,251901,Denver City ISD,Yoakum,B,94.5,1395,https://txschools.net/district/denver-city-isd-251901
451,1019,22,149901,George West ISD,Live Oak,A,94.5,1036,https://txschools.net/district/george-west-isd-149901
451,1019,22,126911,Godley ISD,Johnson,C,94.5,3315,https://txschools.net/district/godley-isd-126911
451,1019,22,111901,Granbury ISD,Hood,B,94.5,7850,https://txschools.net/district/granbury-isd-111901
451,1019,22,123914,Hamshire-Fannett ISD,Jefferson,B,94.5,1947,https://txschools.net/district/hamshire-fannett-isd-123914
451,1019,22,188903,Highland Park ISD,Potter,B,94.5,723,https://txschools.net/district/highland-park-isd-188903
451,1019,22,126906,Keene ISD,Johnson,B,94.5,1131,https://txschools.net/district/keene-isd-126906
451,1019,22,061912,Lake Dallas ISD,Denton,B,94.5,3935,https://txschools.net/district/lake-dallas-isd-061912
451,1019,22,043907,McKinney ISD,Collin,B,94.5,23667,https://txschools.net/district/mckinney-isd-043907
451,1019,22,019906,Redwater ISD,Bowie,B,94.5,1092,https://txschools.net/district/redwater-isd-019906
451,1019,22,067908,Rising Star ISD,Eastland,B,94.5,160,https://txschools.net/district/rising-star-isd-067908
451,1019,22,013905,Skidmore-Tynan ISD,Bee,B,94.5,769,https://txschools.net/district/skidmore-tynan-isd-013905
451,1019,22,229905,Spurger ISD,Tyler,B,94.5,375,https://txschools.net/district/spurger-isd-229905
451,1019,22,056902,Texline ISD,Dallam,A,94.5,224,https://txschools.net/district/texline-isd-056902
451,1019,22,126908,Venus ISD,Johnson,C,94.5,2191,https://txschools.net/district/venus-isd-126908
451,1019,22,244903,Vernon ISD,Wilbarger,C,94.5,1685,https://txschools.net/district/vernon-isd-244903
451,1019,22,049908,Walnut Bend ISD,Cooke,C,94.5,59,https://txschools.net/district/walnut-bend-isd-049908
474,1019,35,178901,Agua Dulce ISD,Nueces,B,94.6,387,https://txschools.net/district/agua-dulce-isd-178901
474,1019,35,195902,Balmorhea ISD,Reeves,B,94.6,149,https://txschools.net/district/balmorhea-isd-195902
474,1019,35,220902,Birdville ISD,Tarrant,C,94.6,22044,https://txschools.net/district/birdville-isd-220902
474,1019,35,016902,Blanco ISD,Blanco,B,94.6,1106,https://txschools.net/district/blanco-isd-016902
474,1019,35,175902,Blooming Grove ISD,Navarro,C,94.6,961,https://txschools.net/district/blooming-grove-isd-175902
474,1019,35,072904,Bluff Dale ISD,Erath,B,94.6,226,https://txschools.net/district/bluff-dale-isd-072904
474,1019,35,136901,Brackett ISD,Kinney,C,94.6,490,https://txschools.net/district/brackett-isd-136901
474,1019,35,126902,Burleson ISD,Johnson,B,94.6,12560,https://txschools.net/district/burleson-isd-126902
474,1019,35,201913,Carlisle ISD,Rusk,B,94.6,656,https://txschools.net/district/carlisle-isd-201913
474,1019,35,007901,Charlotte ISD,Atascosa,B,94.6,422,https://txschools.net/district/charlotte-isd-007901
474,1019,35,065901,Clarendon ISD,Donley,C,94.6,403,https://txschools.net/district/clarendon-isd-065901
474,1019,35,046902,Comal ISD,Comal,B,94.6,30341,https://txschools.net/district/comal-isd-046902
474,1019,35,174902,Cushing ISD,Nacogdoches,B,94.6,561,https://txschools.net/district/cushing-isd-174902
474,1019,35,175904,Dawson ISD,Navarro,B,94.6,608,https://txschools.net/district/dawson-isd-175904
474,1019,35,067903,Eastland ISD,Eastland,B,94.6,939,https://txschools.net/district/eastland-isd-067903
474,1019,35,074905,Ector ISD,Fannin,B,94.6,234,https://txschools.net/district/ector-isd-074905
474,1019,35,210906,Excelsior ISD,Shelby,C,94.6,112,https://txschools.net/district/excelsior-isd-210906
474,1019,35,246902,Florence ISD,Williamson,B,94.6,1125,https://txschools.net/district/florence-isd-246902
474,1019,35,213901,Glen Rose ISD,Somervell,B,94.6,2091,https://txschools.net/district/glen-rose-isd-213901
474,1019,35,091917,Gunter ISD,Grayson,B,94.6,1153,https://txschools.net/district/gunter-isd-091917
474,1019,35,065902,Hedley ISD,Donley,B,94.6,85,https://txschools.net/district/hedley-isd-065902
474,1019,35,039902,Henrietta ISD,Clay,B,94.6,862,https://txschools.net/district/henrietta-isd-039902
474,1019,35,220914,Kennedale ISD,Tarrant,B,94.6,2659,https://txschools.net/district/kennedale-isd-220914
474,1019,35,170906,Magnolia ISD,Montgomery,B,94.6,15329,https://txschools.net/district/magnolia-isd-170906
474,1019,35,070909,Milford ISD,Ellis,C,94.6,277,https://txschools.net/district/milford-isd-070909
474,1019,35,201907,Mount Enterprise ISD,Rusk,B,94.6,482,https://txschools.net/district/mount-enterprise-isd-201907
474,1019,35,094903,Navarro ISD,Guadalupe,B,94.6,3039,https://txschools.net/district/navarro-isd-094903
474,1019,35,140905,Olton ISD,Lamb,B,94.6,592,https://txschools.net/district/olton-isd-140905
474,1019,35,070911,Red Oak ISD,Ellis,C,94.6,6569,https://txschools.net/district/red-oak-isd-070911
474,1019,35,152908,Roosevelt ISD,Lubbock,B,94.6,1115,https://txschools.net/district/roosevelt-isd-152908
474,1019,35,073905,Rosebud-Lott ISD,Falls,B,94.6,763,https://txschools.net/district/rosebud-lott-isd-073905
474,1019,35,171902,Sunray Collegiate ISD,Moore,B,94.6,548,https://txschools.net/district/sunray-collegiate-isd-171902
474,1019,35,229904,Warren ISD,Tyler,C,94.6,1178,https://txschools.net/district/warren-isd-229904
474,1019,35,070912,Waxahachie ISD,Ellis,B,94.6,11092,https://txschools.net/district/waxahachie-isd-070912
474,1019,35,201914,West Rusk County Consolidated ISD,Rusk,C,94.6,1006,https://txschools.net/district/west-rusk-county-consolidated-isd-201914
474,1019,35,105905,Wimberley ISD,Hays,B,94.6,2633,https://txschools.net/district/wimberley-isd-105905
510,1019,31,014901,Academy ISD,Bell,B,94.7,1857,https://txschools.net/district/academy-isd-014901
510,1019,31,209901,Albany ISD,Shackelford,B,94.7,449,https://txschools.net/district/albany-isd-209901
510,1019,31,037901,Alto ISD,Cherokee,C,94.7,524,https://txschools.net/district/alto-isd-037901
510,1019,31,198901,Bremond ISD,Robertson,A,94.7,461,https://txschools.net/district/bremond-isd-198901
510,1019,31,161919,Bruceville-Eddy ISD,McLennan,C,94.7,505,https://txschools.net/district/bruceville-eddy-isd-161919
510,1019,31,212902,Bullard ISD,Smith,B,94.7,2853,https://txschools.net/district/bullard-isd-212902
510,1019,31,228904,Centerville ISD,Trinity,D,94.7,143,https://txschools.net/district/centerville-isd-228904
510,1019,31,114902,Coahoma ISD,Howard,C,94.7,1157,https://txschools.net/district/coahoma-isd-114902
510,1019,31,115903,Dell City ISD,Hudspeth,B,94.7,75,https://txschools.net/district/dell-city-isd-115903
510,1019,31,171901,Dumas ISD,Moore,B,94.7,4232,https://txschools.net/district/dumas-isd-171901
510,1019,31,143906,Ezzell ISD,Lavaca,B,94.7,124,https://txschools.net/district/ezzell-isd-143906
510,1019,31,147902,Groesbeck ISD,Limestone,C,94.7,1457,https://txschools.net/district/groesbeck-isd-147902
510,1019,31,228901,Groveton ISD,Trinity,C,94.7,740,https://txschools.net/district/groveton-isd-228901
510,1019,31,016901,Johnson City ISD,Blanco,B,94.7,677,https://txschools.net/district/johnson-city-isd-016901
510,1019,31,220907,Keller ISD,Tarrant,B,94.7,30440,https://txschools.net/district/keller-isd-220907
510,1019,31,113906,Kennard ISD,Houston,C,94.7,254,https://txschools.net/district/kennard-isd-113906
510,1019,31,092902,Kilgore ISD,Gregg,C,94.7,3576,https://txschools.net/district/kilgore-isd-092902
510,1019,31,061914,Little Elm ISD,Denton,C,94.7,7647,https://txschools.net/district/little-elm-isd-061914
510,1019,31,107906,Malakoff ISD,Henderson,B,94.7,1522,https://txschools.net/district/malakoff-isd-107906
510,1019,31,025905,May ISD,Brown,C,94.7,257,https://txschools.net/district/may-isd-025905
510,1019,31,221904,Merkel ISD,Taylor,C,94.7,1127,https://txschools.net/district/merkel-isd-221904
510,1019,31,040901,Morton ISD,Cochran,B,94.7,350,https://txschools.net/district/morton-isd-040901
510,1019,31,080901,Mount Vernon ISD,Franklin,B,94.7,1514,https://txschools.net/district/mount-vernon-isd-080901
510,1019,31,138903,Munday CISD,Knox,B,94.7,375,https://txschools.net/district/munday-cisd-138903
510,1019,31,125903,Orange Grove ISD,Jim Wells,B,94.7,1585,https://txschools.net/district/orange-grove-isd-125903
510,1019,31,172905,Pewitt CISD,Morris,B,94.7,794,https://txschools.net/district/pewitt-cisd-172905
510,1019,31,028906,Prairie Lea ISD,Caldwell,F,94.7,276,https://txschools.net/district/prairie-lea-isd-028906
510,1019,31,199901,Rockwall ISD,Rockwall,A,94.7,19077,https://txschools.net/district/rockwall-isd-199901
510,1019,31,047905,Sidney ISD,Comanche,A,94.7,115,https://txschools.net/district/sidney-isd-047905
510,1019,31,085903,Southland ISD,Garza,B,94.7,145,https://txschools.net/district/southland-isd-085903
510,1019,31,063903,Spur ISD,Dickens,B,94.7,210,https://txschools.net/district/spur-isd-063903
510,1019,31,081904,Teague ISD,Freestone,B,94.7,1166,https://txschools.net/district/teague-isd-081904
542,1019,27,070901,Avalon ISD,Ellis,B,94.8,316,https://txschools.net/district/avalon-isd-070901
542,1019,27,178903,Calallen ISD,Nueces,B,94.8,3677,https://txschools.net/district/calallen-isd-178903
542,1019,27,116910,Campbell ISD,Hunt,D,94.8,298,https://txschools.net/district/campbell-isd-116910
542,1019,27,210901,Center ISD,Shelby,C,94.8,2258,https://txschools.net/district/center-isd-210901
542,1019,27,178914,Flour Bluff ISD,Nueces,B,94.8,5375,https://txschools.net/district/flour-bluff-isd-178914
542,1019,27,086901,Fredericksburg ISD,Gillespie,B,94.8,2956,https://txschools.net/district/fredericksburg-isd-086901
542,1019,27,184911,Garner ISD,Parker,B,94.8,352,https://txschools.net/district/garner-isd-184911
542,1019,27,246904,Georgetown ISD,Williamson,B,94.8,13951,https://txschools.net/district/georgetown-isd-246904
542,1019,27,127904,Hawley ISD,Jones,B,94.8,773,https://txschools.net/district/hawley-isd-127904
542,1019,27,019902,Hooks ISD,Bowie,B,94.8,883,https://txschools.net/district/hooks-isd-019902
542,1019,27,091905,Howe ISD,Grayson,C,94.8,1191,https://txschools.net/district/howe-isd-091905
542,1019,27,057912,Irving ISD,Dallas,C,94.8,29182,https://txschools.net/district/irving-isd-057912
542,1019,27,119902,Jacksboro ISD,Jack,B,94.8,1032,https://txschools.net/district/jacksboro-isd-119902
542,1019,27,007902,Jourdanton ISD,Atascosa,C,94.8,1561,https://txschools.net/district/jourdanton-isd-007902
542,1019,27,227913,Lake Travis ISD,Travis,A,94.8,10748,https://txschools.net/district/lake-travis-isd-227913
542,1019,27,201903,Laneville ISD,Rusk,D,94.8,104,https://txschools.net/district/laneville-isd-201903
542,1019,27,140904,Littlefield ISD,Lamb,B,94.8,1185,https://txschools.net/district/littlefield-isd-140904
542,1019,27,027904,Marble Falls ISD,Burnet,C,94.8,4054,https://txschools.net/district/marble-falls-isd-027904
542,1019,27,094904,Marion ISD,Guadalupe,B,94.8,1741,https://txschools.net/district/marion-isd-094904
542,1019,27,200906,Olfen ISD,Runnels,B,94.8,137,https://txschools.net/district/olfen-isd-200906
542,1019,27,169909,Prairie Valley ISD,Montague,B,94.8,138,https://txschools.net/district/prairie-valley-isd-169909
542,1019,27,169911,Saint Jo ISD,Montague,B,94.8,298,https://txschools.net/district/saint-jo-isd-169911
542,1019,27,206901,San Saba ISD,San Saba,C,94.8,686,https://txschools.net/district/san-saba-isd-206901
542,1019,27,210905,Timpson ISD,Shelby,B,94.8,718,https://txschools.net/district/timpson-isd-210905
542,1019,27,091907,Tioga ISD,Grayson,A,94.8,610,https://txschools.net/district/tioga-isd-091907
542,1019,27,074912,Trenton ISD,Fannin,B,94.8,730,https://txschools.net/district/trenton-isd-074912
542,1019,27,226908,Veribest ISD,Tom Green,B,94.8,258,https://txschools.net/district/veribest-isd-226908
542,1019,27,018905,Walnut Springs ISD,Bosque,C,94.8,152,https://txschools.net/district/walnut-springs-isd-018905
570,1019,26,140901,Amherst ISD,Lamb,B,94.9,102,https://txschools.net/district/amherst-isd-140901
570,1019,26,025901,Bangs ISD,Brown,B,94.9,768,https://txschools.net/district/bangs-isd-025901
570,1019,26,249902,Boyd ISD,Wise,C,94.9,1443,https://txschools.net/district/boyd-isd-249902
570,1019,26,181901,Bridge City ISD,Orange,C,94.9,3072,https://txschools.net/district/bridge-city-isd-181901
570,1019,26,243901,Burkburnett ISD,Wichita,C,94.9,3142,https://txschools.net/district/burkburnett-isd-243901
570,1019,26,191901,Canyon ISD,Randall,B,94.9,11527,https://txschools.net/district/canyon-isd-191901
570,1019,26,030902,Clyde CISD,Callahan,B,94.9,1421,https://txschools.net/district/clyde-cisd-030902
570,1019,26,194905,Detroit ISD,Red River,C,94.9,469,https://txschools.net/district/detroit-isd-194905
570,1019,26,107905,Eustace ISD,Henderson,B,94.9,1685,https://txschools.net/district/eustace-isd-107905
570,1019,26,079907,Fort Bend ISD,Fort Bend,B,94.9,77929,https://txschools.net/district/fort-bend-isd-079907
570,1019,26,166902,Gause ISD,Milam,B,94.9,149,https://txschools.net/district/gause-isd-166902
570,1019,26,047903,Gustine ISD,Comanche,B,94.9,166,https://txschools.net/district/gustine-isd-047903
570,1019,26,219905,Kress ISD,Swisher,B,94.9,278,https://txschools.net/district/kress-isd-219905
570,1019,26,079901,Lamar CISD,Fort Bend,B,94.9,48645,https://txschools.net/district/lamar-cisd-079901
570,1019,26,187906,Leggett ISD,Polk,C,94.9,204,https://txschools.net/district/leggett-isd-187906
570,1019,26,220908,Mansfield ISD,Tarrant,B,94.9,34654,https://txschools.net/district/mansfield-isd-220908
570,1019,26,161909,McGregor ISD,McLennan,C,94.9,1448,https://txschools.net/district/mcgregor-isd-161909
570,1019,26,223902,Meadow ISD,Terry,B,94.9,199,https://txschools.net/district/meadow-isd-223902
570,1019,26,145906,Normangee ISD,Leon,B,94.9,655,https://txschools.net/district/normangee-isd-145906
570,1019,26,201908,Overton ISD,Rusk,C,94.9,534,https://txschools.net/district/overton-isd-201908
570,1019,26,013903,Pettus ISD,Bee,B,94.9,378,https://txschools.net/district/pettus-isd-013903
570,1019,26,250904,Quitman ISD,Wood,B,94.9,1216,https://txschools.net/district/quitman-isd-250904
570,1019,26,014908,Salado ISD,Bell,B,94.9,2582,https://txschools.net/district/salado-isd-014908
570,1019,26,210903,Shelbyville ISD,Shelby,B,94.9,862,https://txschools.net/district/shelbyville-isd-210903
570,1019,26,153904,Tahoka ISD,Lynn,B,94.9,556,https://txschools.net/district/tahoka-isd-153904
570,1019,26,246912,Thrall ISD,Williamson,A,94.9,916,https://txschools.net/district/thrall-isd-246912
570,1019,26,158906,Van Vleck ISD,Matagorda,C,94.9,1048,https://txschools.net/district/van-vleck-isd-158906
597,1019,30,161918,Axtell ISD,McLennan,B,95,842,https://txschools.net/district/axtell-isd-161918
597,1019,30,010902,Bandera ISD,Bandera,C,95,2159,https://txschools.net/district/bandera-isd-010902
597,1019,30,177903,Blackwell CISD,Nolan,A,95,171,https://txschools.net/district/blackwell-cisd-177903
597,1019,30,139905,Chisum ISD,Lamar,B,95,1167,https://txschools.net/district/chisum-isd-139905
597,1019,30,243906,City View ISD,Wichita,B,95,1169,https://txschools.net/district/city-view-isd-243906
597,1019,30,006902,Claude ISD,Armstrong,A,95,311,https://txschools.net/district/claude-isd-006902
597,1019,30,021901,College Station ISD,Brazos,B,95,13892,https://txschools.net/district/college-station-isd-021901
597,1019,30,045902,Columbus ISD,Colorado,B,95,1594,https://txschools.net/district/columbus-isd-045902
597,1019,30,233903,Comstock ISD,Val Verde,C,95,166,https://txschools.net/district/comstock-isd-233903
597,1019,30,170902,Conroe ISD,Montgomery,B,95,72218,https://txschools.net/district/conroe-isd-170902
597,1019,30,053001,Crockett County Consolidated CSD,Crockett,B,95,615,https://txschools.net/district/crockett-county-consolidated-csd-053001
597,1019,30,107904,Cross Roads ISD,Henderson,B,95,541,https://txschools.net/district/cross-roads-isd-107904
597,1019,30,019901,DeKalb ISD,Bowie,B,95,928,https://txschools.net/district/dekalb-isd-019901
597,1019,30,105904,Dripping Springs ISD,Hays,B,95,8793,https://txschools.net/district/dripping-springs-isd-105904
597,1019,30,036903,East Chambers ISD,Chambers,B,95,1563,https://txschools.net/district/east-chambers-isd-036903
597,1019,30,234903,Edgewood ISD,Van Zandt,B,95,997,https://txschools.net/district/edgewood-isd-234903
597,1019,30,243902,Electra ISD,Wichita,C,95,418,https://txschools.net/district/electra-isd-243902
597,1019,30,077901,Floydada Collegiate ISD,Floyd,B,95,644,https://txschools.net/district/floydada-collegiate-isd-077901
597,1019,30,175905,Frost ISD,Navarro,C,95,459,https://txschools.net/district/frost-isd-175905
597,1019,30,161925,Gholson ISD,McLennan,B,95,227,https://txschools.net/district/gholson-isd-161925
597,1019,30,100905,Hardin-Jefferson ISD,Hardin,B,95,2828,https://txschools.net/district/hardin-jefferson-isd-100905
597,1019,30,037904,Jacksonville ISD,Cherokee,D,95,4572,https://txschools.net/district/jacksonville-isd-037904
597,1019,30,100907,Lumberton ISD,Hardin,B,95,4039,https://txschools.net/district/lumberton-isd-100907
597,1019,30,010901,Medina ISD,Bandera,B,95,239,https://txschools.net/district/medina-isd-010901
597,1019,30,061911,Northwest ISD,Denton,B,95,32722,https://txschools.net/district/northwest-isd-061911
597,1019,30,013902,Pawnee ISD,Bee,C,95,252,https://txschools.net/district/pawnee-isd-013902
597,1019,30,251902,Plains ISD,Yoakum,C,95,413,https://txschools.net/district/plains-isd-251902
597,1019,30,189902,Presidio ISD,Presidio,C,95,1063,https://txschools.net/district/presidio-isd-189902
597,1019,30,123913,Sabine Pass ISD,Jefferson,B,95,373,https://txschools.net/district/sabine-pass-isd-123913
597,1019,30,074911,Savoy ISD,Fannin,C,95,301,https://txschools.net/district/savoy-isd-074911
597,1019,30,232904,Utopia ISD,Uvalde,A,95,190,https://txschools.net/district/utopia-isd-232904
628,1019,42,036901,Anahuac ISD,Chambers,C,95.1,1533,https://txschools.net/district/anahuac-isd-036901
628,1019,42,005901,Archer City ISD,Archer,A,95.1,486,https://txschools.net/district/archer-city-isd-005901
628,1019,42,138904,Benjamin ISD,Knox,B,95.1,96,https://txschools.net/district/benjamin-isd-138904
628,1019,42,169901,Bowie ISD,Montague,B,95.1,1457,https://txschools.net/district/bowie-isd-169901
628,1019,42,225906,Chapel Hill ISD,Titus,B,95.1,943,https://txschools.net/district/chapel-hill-isd-225906
628,1019,42,038901,Childress ISD,Childress,B,95.1,901,https://txschools.net/district/childress-isd-038901
628,1019,42,073901,Chilton ISD,Falls,A,95.1,574,https://txschools.net/district/chilton-isd-073901
628,1019,42,084910,Clear Creek ISD,Galveston,B,95.1,38634,https://txschools.net/district/clear-creek-isd-084910
628,1019,42,249905,Decatur ISD,Wise,C,95.1,3801,https://txschools.net/district/decatur-isd-249905
628,1019,42,025909,Early ISD,Brown,B,95.1,1087,https://txschools.net/district/early-isd-025909
628,1019,42,043904,Farmersville ISD,Collin,B,95.1,2523,https://txschools.net/district/farmersville-isd-043904
628,1019,42,088902,Goliad ISD,Goliad,B,95.1,1191,https://txschools.net/district/goliad-isd-088902
628,1019,42,035902,Hart ISD,Castro,B,95.1,208,https://txschools.net/district/hart-isd-035902
628,1019,42,103902,Hartley ISD,Hartley,A,95.1,242,https://txschools.net/district/hartley-isd-103902
628,1019,42,034903,Hughes Springs ISD,Cass,B,95.1,1044,https://txschools.net/district/hughes-springs-isd-034903
628,1019,42,058905,Klondike ISD,Dawson,A,95.1,269,https://txschools.net/district/klondike-isd-058905
628,1019,42,075902,La Grange ISD,Fayette,B,95.1,1839,https://txschools.net/district/la-grange-isd-075902
628,1019,42,144902,Lexington ISD,Lee,B,95.1,1014,https://txschools.net/district/lexington-isd-144902
628,1019,42,246908,Liberty Hill ISD,Williamson,B,95.1,10446,https://txschools.net/district/liberty-hill-isd-246908
628,1019,42,212903,Lindale ISD,Smith,A,95.1,4613,https://txschools.net/district/lindale-isd-212903
628,1019,42,077902,Lockney ISD,Floyd,D,95.1,387,https://txschools.net/district/lockney-isd-077902
628,1019,42,241906,Louise ISD,Wharton,B,95.1,510,https://txschools.net/district/louise-isd-241906
628,1019,42,152906,Lubbock-Cooper ISD,Lubbock,B,95.1,8094,https://txschools.net/district/lubbock-cooper-isd-152906
628,1019,42,096904,Memphis ISD,Hall,B,95.1,331,https://txschools.net/district/memphis-isd-096904
628,1019,42,109910,Mount Calm ISD,Hill,C,95.1,176,https://txschools.net/district/mount-calm-isd-109910
628,1019,42,123905,Nederland ISD,Jefferson,A,95.1,5359,https://txschools.net/district/nederland-isd-123905
628,1019,42,089903,Nixon-Smiley CISD,Gonzales,C,95.1,994,https://txschools.net/district/nixon-smiley-cisd-089903
628,1019,42,112906,North Hopkins ISD,Hopkins,B,95.1,517,https://txschools.net/district/north-hopkins-isd-112906
628,1019,42,187910,Onalaska ISD,Polk,B,95.1,1206,https://txschools.net/district/onalaska-isd-187910
628,1019,42,184908,Peaster ISD,Parker,B,95.1,1715,https://txschools.net/district/peaster-isd-184908
628,1019,42,061906,Ponder ISD,Denton,B,95.1,1737,https://txschools.net/district/ponder-isd-061906
628,1019,42,161922,Robinson ISD,McLennan,A,95.1,2401,https://txschools.net/district/robinson-isd-161922
628,1019,42,091914,S and S CISD,Grayson,C,95.1,923,https://txschools.net/district/s-and-s-cisd-091914
628,1019,42,061908,Sanger ISD,Denton,B,95.1,2951,https://txschools.net/district/sanger-isd-061908
628,1019,42,042903,Santa Anna ISD,Coleman,C,95.1,245,https://txschools.net/district/santa-anna-isd-042903
628,1019,42,129910,Scurry-Rosser ISD,Kaufman,B,95.1,1052,https://txschools.net/district/scurry-rosser-isd-129910
628,1019,42,072903,Stephenville ISD,Erath,A,95.1,3503,https://txschools.net/district/stephenville-isd-072903
628,1019,42,072901,Three Way ISD,Erath,C,95.1,224,https://txschools.net/district/three-way-isd-072901
628,1019,42,111903,Tolar ISD,Hood,A,95.1,898,https://txschools.net/district/tolar-isd-111903
628,1019,42,230908,Union Grove ISD,Upshur,B,95.1,710,https://txschools.net/district/union-grove-isd-230908
628,1019,42,091908,Van Alstyne ISD,Grayson,B,95.1,2856,https://txschools.net/district/van-alstyne-isd-091908
628,1019,42,091910,Whitewright ISD,Grayson,B,95.1,791,https://txschools.net/district/whitewright-isd-091910
628,1019,42,062903,Yoakum ISD,Dewitt,B,95.1,1409,https://txschools.net/district/yoakum-isd-062903
671,1019,31,020901,Alvin ISD,Brazoria,B,95.2,29994,https://txschools.net/district/alvin-isd-020901
671,1019,31,188904,Bushland ISD,Potter,B,95.2,1424,https://txschools.net/district/bushland-isd-188904
671,1019,31,116901,Caddo Mills ISD,Hunt,B,95.2,3325,https://txschools.net/district/caddo-mills-isd-116901
671,1019,31,133901,Center Point ISD,Kerr,C,95.2,492,https://txschools.net/district/center-point-isd-133901
671,1019,31,067902,Cisco ISD,Eastland,B,95.2,861,https://txschools.net/district/cisco-isd-067902
671,1019,31,018901,Clifton ISD,Bosque,B,95.2,938,https://txschools.net/district/clifton-isd-018901
671,1019,31,187904,Corrigan-Camden ISD,Polk,B,95.2,800,https://txschools.net/district/corrigan-camden-isd-187904
671,1019,31,030901,Cross Plains ISD,Callahan,B,95.2,357,https://txschools.net/district/cross-plains-isd-030901
671,1019,31,047902,De Leon ISD,Comanche,A,95.2,616,https://txschools.net/district/de-leon-isd-047902
671,1019,31,144903,Dime Box ISD,Lee,B,95.2,169,https://txschools.net/district/dime-box-isd-144903
671,1019,31,234909,Fruitvale ISD,Van Zandt,B,95.2,390,https://txschools.net/district/fruitvale-isd-234909
671,1019,31,144901,Giddings ISD,Lee,B,95.2,1798,https://txschools.net/district/giddings-isd-144901
671,1019,31,246905,Granger ISD,Williamson,C,95.2,573,https://txschools.net/district/granger-isd-246905
671,1019,31,072908,Huckabay ISD,Erath,A,95.2,345,https://txschools.net/district/huckabay-isd-072908
671,1019,31,003902,Hudson ISD,Angelina,B,95.2,2755,https://txschools.net/district/hudson-isd-003902
671,1019,31,109907,Itasca ISD,Hill,C,95.2,652,https://txschools.net/district/itasca-isd-109907
671,1019,31,102901,Karnack ISD,Harrison,D,95.2,121,https://txschools.net/district/karnack-isd-102901
671,1019,31,101914,Katy ISD,Harris,B,95.2,95136,https://txschools.net/district/katy-isd-101914
671,1019,31,131001,Kenedy County Wide CSD,Kenedy,B,95.2,123,https://txschools.net/district/kenedy-county-wide-csd-131001
671,1019,31,113905,Latexo ISD,Houston,C,95.2,551,https://txschools.net/district/latexo-isd-113905
671,1019,31,127905,Lueders-Avoca ISD,Jones,D,95.2,103,https://txschools.net/district/lueders-avoca-isd-127905
671,1019,31,154901,Madisonville CISD,Madison,B,95.2,2339,https://txschools.net/district/madisonville-cisd-154901
671,1019,31,252902,Newcastle ISD,Young,B,95.2,231,https://txschools.net/district/newcastle-isd-252902
671,1019,31,181905,Orangefield ISD,Orange,B,95.2,1727,https://txschools.net/district/orangefield-isd-181905
671,1019,31,091913,Pottsboro ISD,Grayson,A,95.2,1363,https://txschools.net/district/pottsboro-isd-091913
671,1019,31,166904,Rockdale ISD,Milam,C,95.2,1452,https://txschools.net/district/rockdale-isd-166904
671,1019,31,143905,Sweet Home ISD,Lavaca,C,95.2,164,https://txschools.net/district/sweet-home-isd-143905
671,1019,31,049903,Valley View ISD,Cooke,B,95.2,875,https://txschools.net/district/valley-view-isd-049903
671,1019,31,226905,Water Valley ISD,Tom Green,A,95.2,305,https://txschools.net/district/water-valley-isd-226905
671,1019,31,168903,Westbrook ISD,Mitchell,A,95.2,217,https://txschools.net/district/westbrook-isd-168903
671,1019,31,174906,Woden ISD,Nacogdoches,B,95.2,824,https://txschools.net/district/woden-isd-174906
671,1019,31,025906,Zephyr ISD,Brown,B,95.2,217,https://txschools.net/district/zephyr-isd-025906
703,1019,27,185901,Bovina ISD,Parmer,D,95.3,370,https://txschools.net/district/bovina-isd-185901
703,1019,27,041901,Bronte ISD,Coke,A,95.3,224,https://txschools.net/district/bronte-isd-041901
703,1019,27,106901,Canadian ISD,Hemphill,A,95.3,675,https://txschools.net/district/canadian-isd-106901
703,1019,27,047901,Comanche ISD,Comanche,B,95.3,1327,https://txschools.net/district/comanche-isd-047901
703,1019,27,081902,Fairfield ISD,Freestone,C,95.3,1526,https://txschools.net/district/fairfield-isd-081902
703,1019,27,120902,Ganado ISD,Jackson,B,95.3,720,https://txschools.net/district/ganado-isd-120902
703,1019,27,167901,Goldthwaite ISD,Mills,B,95.3,504,https://txschools.net/district/goldthwaite-isd-167901
703,1019,27,102905,Harleton ISD,Harrison,B,95.3,702,https://txschools.net/district/harleton-isd-102905
703,1019,27,208901,Hermleigh ISD,Scurry,B,95.3,265,https://txschools.net/district/hermleigh-isd-208901
703,1019,27,084903,High Island ISD,Galveston,B,95.3,122,https://txschools.net/district/high-island-isd-084903
703,1019,27,093903,Iola ISD,Grimes,A,95.3,656,https://txschools.net/district/iola-isd-093903
703,1019,27,132902,Jayton-Girard ISD,Kent,A,95.3,187,https://txschools.net/district/jayton-girard-isd-132902
703,1019,27,221911,Jim Ned CISD,Taylor,A,95.3,1625,https://txschools.net/district/jim-ned-cisd-221911
703,1019,27,125906,La Gloria ISD,Jim Wells,D,95.3,126,https://txschools.net/district/la-gloria-isd-125906
703,1019,27,145911,Leon ISD,Leon,B,95.3,790,https://txschools.net/district/leon-isd-145911
703,1019,27,187907,Livingston ISD,Polk,C,95.3,3988,https://txschools.net/district/livingston-isd-187907
703,1019,27,019903,Maud ISD,Bowie,A,95.3,459,https://txschools.net/district/maud-isd-019903
703,1019,27,070908,Midlothian ISD,Ellis,B,95.3,11537,https://txschools.net/district/midlothian-isd-070908
703,1019,27,169902,Nocona ISD,Montague,B,95.3,764,https://txschools.net/district/nocona-isd-169902
703,1019,27,050904,Oglesby ISD,Coryell,B,95.3,257,https://txschools.net/district/oglesby-isd-050904
703,1019,27,051901,Paducah ISD,Cottle,B,95.3,137,https://txschools.net/district/paducah-isd-051901
703,1019,27,001907,Palestine ISD,Anderson,C,95.3,3144,https://txschools.net/district/palestine-isd-001907
703,1019,27,123908,Port Neches-Groves ISD,Jefferson,B,95.3,5289,https://txschools.net/district/port-neches-groves-isd-123908
703,1019,27,099903,Quanah ISD,Hardeman,B,95.3,396,https://txschools.net/district/quanah-isd-099903
703,1019,27,126907,Rio Vista ISD,Johnson,C,95.3,1031,https://txschools.net/district/rio-vista-isd-126907
703,1019,27,128903,Runge ISD,Karnes,C,95.3,172,https://txschools.net/district/runge-isd-128903
703,1019,27,071908,Tornillo ISD,El Paso,B,95.3,694,https://txschools.net/district/tornillo-isd-071908
703,1019,27,116909,Wolfe City ISD,Hunt,B,95.3,694,https://txschools.net/district/wolfe-city-isd-116909
731,1019,28,093901,Anderson-Shiro CISD,Grimes,A,95.4,944,https://txschools.net/district/anderson-shiro-cisd-093901
731,1019,28,196901,Austwell-Tivoli ISD,Refugio,C,95.4,122,https://txschools.net/district/austwell-tivoli-isd-196901
731,1019,28,008901,Bellville ISD,Austin,C,95.4,2316,https://txschools.net/district/bellville-isd-008901
731,1019,28,116916,Boles ISD,Hunt,B,95.4,530,https://txschools.net/district/boles-isd-116916
731,1019,28,220919,Carroll ISD,Tarrant,A,95.4,7866,https://txschools.net/district/carroll-isd-220919
731,1019,28,072902,Dublin ISD,Erath,A,95.4,1078,https://txschools.net/district/dublin-isd-072902
731,1019,28,227909,Eanes ISD,Travis,A,95.4,7524,https://txschools.net/district/eanes-isd-227909
731,1019,28,120901,Edna ISD,Jackson,B,95.4,1538,https://txschools.net/district/edna-isd-120901
731,1019,28,001904,Frankston ISD,Anderson,B,95.4,785,https://txschools.net/district/frankston-isd-001904
731,1019,28,084911,Friendswood ISD,Galveston,A,95.4,6116,https://txschools.net/district/friendswood-isd-084911
731,1019,28,043905,Frisco ISD,Collin,A,95.4,62627,https://txschools.net/district/frisco-isd-043905
731,1019,28,156905,Grady ISD,Martin,A,95.4,242,https://txschools.net/district/grady-isd-156905
731,1019,28,225907,Harts Bluff ISD,Titus,C,95.4,873,https://txschools.net/district/harts-bluff-isd-225907
731,1019,28,220916,Hurst-Euless-Bedford ISD,Tarrant,B,95.4,23159,https://txschools.net/district/hurst-euless-bedford-isd-220916
731,1019,28,126905,Joshua ISD,Johnson,B,95.4,5998,https://txschools.net/district/joshua-isd-126905
731,1019,28,061905,Krum ISD,Denton,C,95.4,2573,https://txschools.net/district/krum-isd-061905
731,1019,28,015913,Lackland ISD,Bexar,B,95.4,966,https://txschools.net/district/lackland-isd-015913
731,1019,28,168902,Loraine ISD,Mitchell,C,95.4,133,https://txschools.net/district/loraine-isd-168902
731,1019,28,062906,Meyersville ISD,Dewitt,B,95.4,167,https://txschools.net/district/meyersville-isd-062906
731,1019,28,184904,Millsap ISD,Parker,B,95.4,1068,https://txschools.net/district/millsap-isd-184904
731,1019,28,161910,Moody ISD,McLennan,B,95.4,761,https://txschools.net/district/moody-isd-161910
731,1019,28,072910,Morgan Mill ISD,Erath,F,95.4,132,https://txschools.net/district/morgan-mill-isd-072910
731,1019,28,009901,Muleshoe ISD,Bailey,B,95.4,1309,https://txschools.net/district/muleshoe-isd-009901
731,1019,28,179901,Perryton ISD,Ochiltree,B,95.4,1698,https://txschools.net/district/perryton-isd-179901
731,1019,28,178908,Port Aransas ISD,Nueces,B,95.4,577,https://txschools.net/district/port-aransas-isd-178908
731,1019,28,115902,Sierra Blanca ISD,Hudspeth,C,95.4,97,https://txschools.net/district/sierra-blanca-isd-115902
731,1019,28,218901,Sonora ISD,Sutton,C,95.4,642,https://txschools.net/district/sonora-isd-218901
731,1019,28,222901,Terrell County ISD,Terrell,B,95.4,108,https://txschools.net/district/terrell-county-isd-222901
731,1019,28,101921,Tomball ISD,Harris,A,95.4,23202,https://txschools.net/district/tomball-isd-101921
760,1019,35,043901,Allen ISD,Collin,A,95.5,20092,https://txschools.net/district/allen-isd-043901
760,1019,35,194902,Avery ISD,Red River,A,95.5,295,https://txschools.net/district/avery-isd-194902
760,1019,35,183901,Beckville ISD,Panola,B,95.5,652,https://txschools.net/district/beckville-isd-183901
760,1019,35,187901,Big Sandy ISD,Polk,A,95.5,526,https://txschools.net/district/big-sandy-isd-187901
760,1019,35,178902,Bishop CISD,Nueces,A,95.5,1427,https://txschools.net/district/bishop-cisd-178902
760,1019,35,116915,Bland ISD,Hunt,B,95.5,777,https://txschools.net/district/bland-isd-116915
760,1019,35,148901,Booker ISD,Lipscomb,B,95.5,335,https://txschools.net/district/booker-isd-148901
760,1019,35,184909,Brock ISD,Parker,A,95.5,2181,https://txschools.net/district/brock-isd-184909
760,1019,35,109902,Bynum ISD,Hill,B,95.5,174,https://txschools.net/district/bynum-isd-109902
760,1019,35,095902,Cotton Center ISD,Hale,A,95.5,97,https://txschools.net/district/cotton-center-isd-095902
760,1019,35,020904,Danbury ISD,Brazoria,B,95.5,645,https://txschools.net/district/danbury-isd-020904
760,1019,35,115901,Ft Hancock ISD,Hudspeth,C,95.5,390,https://txschools.net/district/ft-hancock-isd-115901
760,1019,35,187903,Goodrich ISD,Polk,B,95.5,270,https://txschools.net/district/goodrich-isd-187903
760,1019,35,067904,Gorman ISD,Eastland,C,95.5,210,https://txschools.net/district/gorman-isd-067904
760,1019,35,230905,Harmony ISD,Upshur,B,95.5,855,https://txschools.net/district/harmony-isd-230905
760,1019,35,104901,Haskell CISD,Haskell,B,95.5,545,https://txschools.net/district/haskell-cisd-104901
760,1019,35,074907,Honey Grove ISD,Fannin,B,95.5,674,https://txschools.net/district/honey-grove-isd-074907
760,1019,35,234905,Martins Mill ISD,Van Zandt,B,95.5,447,https://txschools.net/district/martins-mill-isd-234905
760,1019,35,174909,Martinsville ISD,Nacogdoches,B,95.5,315,https://txschools.net/district/martinsville-isd-174909
760,1019,35,043908,Melissa ISD,Collin,A,95.5,8560,https://txschools.net/district/melissa-isd-043908
760,1019,35,175910,Mildred ISD,Navarro,B,95.5,801,https://txschools.net/district/mildred-isd-175910
760,1019,35,143902,Moulton ISD,Lavaca,B,95.5,258,https://txschools.net/district/moulton-isd-143902
760,1019,35,236901,New Waverly ISD,Walker,B,95.5,1064,https://txschools.net/district/new-waverly-isd-236901
760,1019,35,095904,Petersburg ISD,Hale,A,95.5,230,https://txschools.net/district/petersburg-isd-095904
760,1019,35,032902,Pittsburg ISD,Camp,A,95.5,2228,https://txschools.net/district/pittsburg-isd-032902
760,1019,35,098903,Pringle-Morse CISD,Hansford,C,95.5,126,https://txschools.net/district/pringle-morse-cisd-098903
760,1019,35,043912,Prosper ISD,Collin,A,95.5,33583,https://txschools.net/district/prosper-isd-043912
760,1019,35,037907,Rusk ISD,Cherokee,B,95.5,1980,https://txschools.net/district/rusk-isd-037907
760,1019,35,075903,Schulenburg ISD,Fayette,C,95.5,644,https://txschools.net/district/schulenburg-isd-075903
760,1019,35,152909,Shallowater ISD,Lubbock,B,95.5,1714,https://txschools.net/district/shallowater-isd-152909
760,1019,35,110906,Smyer ISD,Hockley,A,95.5,433,https://txschools.net/district/smyer-isd-110906
760,1019,35,079910,Stafford MSD,Fort Bend,B,95.5,3529,https://txschools.net/district/stafford-msd-079910
760,1019,35,201910,Tatum ISD,Rusk,B,95.5,1327,https://txschools.net/district/tatum-isd-201910
760,1019,35,210904,Tenaha ISD,Shelby,C,95.5,402,https://txschools.net/district/tenaha-isd-210904
760,1019,35,161916,West ISD,McLennan,B,95.5,1338,https://txschools.net/district/west-isd-161916
760,1019,35,221912,Wylie ISD,Taylor,B,95.5,5617,https://txschools.net/district/wylie-isd-221912
796,1019,44,249901,Alvord ISD,Wise,B,95.6,875,https://txschools.net/district/alvord-isd-249901
796,1019,44,228905,Apple Springs ISD,Trinity,D,95.6,156,https://txschools.net/district/apple-springs-isd-228905
796,1019,44,036902,Barbers Hill ISD,Chambers,A,95.6,8069,https://txschools.net/district/barbers-hill-isd-036902
796,1019,44,130901,Boerne ISD,Kendall,A,95.6,11132,https://txschools.net/district/boerne-isd-130901
796,1019,44,241901,Boling ISD,Wharton,C,95.6,1143,https://txschools.net/district/boling-isd-241901
796,1019,44,017901,Borden County ISD,Borden,A,95.6,238,https://txschools.net/district/borden-county-isd-017901
796,1019,44,049905,Callisburg ISD,Cooke,C,95.6,1139,https://txschools.net/district/callisburg-isd-049905
796,1019,44,234902,Canton ISD,Van Zandt,B,95.6,2249,https://txschools.net/district/canton-isd-234902
796,1019,44,116902,Celeste ISD,Hunt,B,95.6,471,https://txschools.net/district/celeste-isd-116902
796,1019,44,099902,Chillicothe ISD,Hardeman,B,95.6,172,https://txschools.net/district/chillicothe-isd-099902
796,1019,44,030906,Eula ISD,Callahan,B,95.6,486,https://txschools.net/district/eula-isd-030906
796,1019,44,185903,Friona ISD,Parmer,C,95.6,979,https://txschools.net/district/friona-isd-185903
796,1019,44,122901,Ft Davis ISD,Jeff Davis,C,95.6,818,https://txschools.net/district/ft-davis-isd-122901
796,1019,44,015914,Ft Sam Houston ISD,Bexar,A,95.6,1543,https://txschools.net/district/ft-sam-houston-isd-015914
796,1019,44,097902,Hamilton ISD,Hamilton,C,95.6,794,https://txschools.net/district/hamilton-isd-097902
796,1019,44,097903,Hico ISD,Hamilton,B,95.6,614,https://txschools.net/district/hico-isd-097903
796,1019,44,109904,Hillsboro ISD,Hill,B,95.6,1913,https://txschools.net/district/hillsboro-isd-109904
796,1019,44,208903,Ira ISD,Scurry,A,95.6,307,https://txschools.net/district/ira-isd-208903
796,1019,44,247903,La Vernia ISD,Wilson,B,95.6,3505,https://txschools.net/district/la-vernia-isd-247903
796,1019,44,061902,Lewisville ISD,Denton,B,95.6,46328,https://txschools.net/district/lewisville-isd-061902
796,1019,44,197902,Miami ISD,Roberts,A,95.6,179,https://txschools.net/district/miami-isd-197902
796,1019,44,250903,Mineola ISD,Wood,B,95.6,1790,https://txschools.net/district/mineola-isd-250903
796,1019,44,079906,Needville ISD,Fort Bend,A,95.6,3673,https://txschools.net/district/needville-isd-079906
796,1019,44,230906,New Diana ISD,Upshur,B,95.6,1150,https://txschools.net/district/new-diana-isd-230906
796,1019,44,037908,New Summerfield ISD,Cherokee,B,95.6,512,https://txschools.net/district/new-summerfield-isd-037908
796,1019,44,104907,Paint Creek ISD,Haskell,A,95.6,116,https://txschools.net/district/paint-creek-isd-104907
796,1019,44,070910,Palmer ISD,Ellis,B,95.6,1382,https://txschools.net/district/palmer-isd-070910
796,1019,44,092904,Pine Tree ISD,Gregg,B,95.6,4435,https://txschools.net/district/pine-tree-isd-092904
796,1019,44,019912,Pleasant Grove ISD,Bowie,A,95.6,2348,https://txschools.net/district/pleasant-grove-isd-019912
796,1019,44,117904,Plemons-Stinnett-Phillips CISD,Hutchinson,A,95.6,529,https://txschools.net/district/plemons-stinnett-phillips-cisd-117904
796,1019,44,139912,Prairiland ISD,Lamar,B,95.6,1060,https://txschools.net/district/prairiland-isd-139912
796,1019,44,206902,Richland Springs ISD,San Saba,C,95.6,101,https://txschools.net/district/richland-springs-isd-206902
796,1019,44,014907,Rogers ISD,Bell,B,95.6,856,https://txschools.net/district/rogers-isd-014907
796,1019,44,110905,Ropes ISD,Hockley,A,95.6,670,https://txschools.net/district/ropes-isd-110905
796,1019,44,092906,Sabine ISD,Gregg,B,95.6,1567,https://txschools.net/district/sabine-isd-092906
796,1019,44,182904,Santo ISD,Palo Pinto,A,95.6,570,https://txschools.net/district/santo-isd-182904
796,1019,44,092907,Spring Hill ISD,Gregg,A,95.6,1941,https://txschools.net/district/spring-hill-isd-092907
796,1019,44,127906,Stamford ISD,Jones,B,95.6,546,https://txschools.net/district/stamford-isd-127906
796,1019,44,247906,Stockdale ISD,Wilson,B,95.6,879,https://txschools.net/district/stockdale-isd-247906
796,1019,44,166905,Thorndale ISD,Milam,B,95.6,662,https://txschools.net/district/thorndale-isd-166905
796,1019,44,158902,Tidehaven ISD,Matagorda,A,95.6,1038,https://txschools.net/district/tidehaven-isd-158902
796,1019,44,037909,Wells ISD,Cherokee,B,95.6,235,https://txschools.net/district/wells-isd-037909
796,1019,44,033904,White Deer ISD,Carson,B,95.6,302,https://txschools.net/district/white-deer-isd-033904
796,1019,44,092908,White Oak ISD,Gregg,B,95.6,1429,https://txschools.net/district/white-oak-isd-092908
796,1019,44,248902,Wink-Loving ISD,Winkler,B,95.6,434,https://txschools.net/district/wink-loving-isd-248902
841,1019,18,095901,Abernathy ISD,Hale,B,95.7,775,https://txschools.net/district/abernathy-isd-095901
841,1019,18,039904,Bellevue ISD,Clay,A,95.7,242,https://txschools.net/district/bellevue-isd-039904
841,1019,18,043903,Celina ISD,Collin,B,95.7,6337,https://txschools.net/district/celina-isd-043903
841,1019,18,114904,Forsan ISD,Howard,B,95.7,674,https://txschools.net/district/forsan-isd-114904
841,1019,18,143901,Hallettsville ISD,Lavaca,B,95.7,1129,https://txschools.net/district/hallettsville-isd-143901
841,1019,18,236902,Huntsville ISD,Walker,C,95.7,11504,https://txschools.net/district/huntsville-isd-236902
841,1019,18,243903,Iowa Park CISD,Wichita,B,95.7,1974,https://txschools.net/district/iowa-park-cisd-243903
841,1019,18,232901,Knippa ISD,Uvalde,A,95.7,408,https://txschools.net/district/knippa-isd-232901
841,1019,18,019914,Leary ISD,Bowie,A,95.7,106,https://txschools.net/district/leary-isd-019914
841,1019,18,141902,Lometa ISD,Lampasas,B,95.7,293,https://txschools.net/district/lometa-isd-141902
841,1019,18,039905,Midway ISD,Clay,B,95.7,128,https://txschools.net/district/midway-isd-039905
841,1019,18,152902,New Deal ISD,Lubbock,B,95.7,697,https://txschools.net/district/new-deal-isd-152902
841,1019,18,154903,North Zulch ISD,Madison,A,95.7,335,https://txschools.net/district/north-zulch-isd-154903
841,1019,18,175911,Rice ISD,Navarro,B,95.7,1094,https://txschools.net/district/rice-isd-175911
841,1019,18,182905,Strawn ISD,Palo Pinto,B,95.7,172,https://txschools.net/district/strawn-isd-182905
841,1019,18,140908,Sudan ISD,Lamb,B,95.7,445,https://txschools.net/district/sudan-isd-140908
841,1019,18,242903,Wheeler ISD,Wheeler,B,95.7,341,https://txschools.net/district/wheeler-isd-242903
841,1019,18,043914,Wylie ISD,Collin,A,95.7,19400,https://txschools.net/district/wylie-isd-043914
841,1019,18,062904,Yorktown ISD,Dewitt,B,95.7,552,https://txschools.net/district/yorktown-isd-062904
860,1019,25,161923,Bosqueville ISD,McLennan,C,95.8,718,https://txschools.net/district/bosqueville-isd-161923
860,1019,25,001902,Cayuga ISD,Anderson,B,95.8,574,https://txschools.net/district/cayuga-isd-001902
860,1019,25,161920,China Spring ISD,McLennan,B,95.8,2980,https://txschools.net/district/china-spring-isd-161920
860,1019,25,226901,Christoval ISD,Tom Green,B,95.8,628,https://txschools.net/district/christoval-isd-226901
860,1019,25,091902,Collinsville ISD,Grayson,B,95.8,647,https://txschools.net/district/collinsville-isd-091902
860,1019,25,246914,Coupland ISD,Williamson,C,95.8,315,https://txschools.net/district/coupland-isd-246914
860,1019,25,198903,Franklin ISD,Robertson,A,95.8,1438,https://txschools.net/district/franklin-isd-198903
860,1019,25,086902,Harper ISD,Gillespie,B,95.8,566,https://txschools.net/district/harper-isd-086902
860,1019,25,057911,Highland Park ISD,Dallas,A,95.8,6215,https://txschools.net/district/highland-park-isd-057911
860,1019,25,152910,Idalou ISD,Lubbock,A,95.8,1036,https://txschools.net/district/idalou-isd-152910
860,1019,25,138902,Knox City-O'Brien CISD,Knox,A,95.8,183,https://txschools.net/district/knox-city-o-brien-cisd-138902
860,1019,25,185904,Lazbuddie ISD,Parmer,A,95.8,127,https://txschools.net/district/lazbuddie-isd-185904
860,1019,25,161908,Mart ISD,McLennan,B,95.8,597,https://txschools.net/district/mart-isd-161908
860,1019,25,112907,Miller Grove ISD,Hopkins,B,95.8,314,https://txschools.net/district/miller-grove-isd-112907
860,1019,25,169908,Montague ISD,Montague,A,95.8,170,https://txschools.net/district/montague-isd-169908
860,1019,25,173901,Motley County ISD,Motley,A,95.8,188,https://txschools.net/district/motley-county-isd-173901
860,1019,25,107908,Murchison ISD,Henderson,D,95.8,187,https://txschools.net/district/murchison-isd-107908
860,1019,25,139911,North Lamar ISD,Lamar,C,95.8,2362,https://txschools.net/district/north-lamar-isd-139911
860,1019,25,249906,Paradise ISD,Wise,B,95.8,1372,https://txschools.net/district/paradise-isd-249906
860,1019,25,020908,Pearland ISD,Brazoria,A,95.8,20555,https://txschools.net/district/pearland-isd-020908
860,1019,25,231902,Rankin ISD,Upton,A,95.8,300,https://txschools.net/district/rankin-isd-231902
860,1019,25,160904,Rochelle ISD,McCulloch,A,95.8,166,https://txschools.net/district/rochelle-isd-160904
860,1019,25,023902,Silverton ISD,Briscoe,A,95.8,194,https://txschools.net/district/silverton-isd-023902
860,1019,25,026903,Snook ISD,Burleson,B,95.8,585,https://txschools.net/district/snook-isd-026903
860,1019,25,112910,Sulphur Bluff ISD,Hopkins,B,95.8,195,https://txschools.net/district/sulphur-bluff-isd-112910
860,1019,25,059902,Walcott ISD,Deaf Smith,B,95.8,138,https://txschools.net/district/walcott-isd-059902
886,1019,17,015901,Alamo Heights ISD,Bexar,B,95.9,4723,https://txschools.net/district/alamo-heights-isd-015901
886,1019,17,184907,Aledo ISD,Parker,A,95.9,8590,https://txschools.net/district/aledo-isd-184907
886,1019,17,109912,Aquilla ISD,Hill,B,95.9,322,https://txschools.net/district/aquilla-isd-109912
886,1019,17,078901,Crowell ISD,Foard,B,95.9,172,https://txschools.net/district/crowell-isd-078901
886,1019,17,174903,Garrison ISD,Nacogdoches,A,95.9,739,https://txschools.net/district/garrison-isd-174903
886,1019,17,182901,Gordon ISD,Palo Pinto,A,95.9,240,https://txschools.net/district/gordon-isd-182901
886,1019,17,182902,Graford ISD,Palo Pinto,A,95.9,329,https://txschools.net/district/graford-isd-182902
886,1019,17,113902,Grapeland ISD,Houston,C,95.9,578,https://txschools.net/district/grapeland-isd-113902
886,1019,17,014905,Holland ISD,Bell,A,95.9,669,https://txschools.net/district/holland-isd-014905
886,1019,17,111902,Lipan ISD,Hood,B,95.9,492,https://txschools.net/district/lipan-isd-111902
886,1019,17,158905,Palacios ISD,Matagorda,B,95.9,1266,https://txschools.net/district/palacios-isd-158905
886,1019,17,137902,Ricardo ISD,Kleberg,B,95.9,667,https://txschools.net/district/ricardo-isd-137902
886,1019,17,161912,Riesel ISD,McLennan,B,95.9,683,https://txschools.net/district/riesel-isd-161912
886,1019,17,076903,Roby CISD,Fisher,A,95.9,313,https://txschools.net/district/roby-cisd-076903
886,1019,17,058909,Sands CISD,Dawson,A,95.9,225,https://txschools.net/district/sands-cisd-058909
886,1019,17,014910,Troy ISD,Bell,B,95.9,1723,https://txschools.net/district/troy-isd-014910
886,1019,17,018904,Valley Mills ISD,Bosque,C,95.9,664,https://txschools.net/district/valley-mills-isd-018904
886,1019,17,250907,Winnsboro ISD,Wood,B,95.9,1395,https://txschools.net/district/winnsboro-isd-250907
904,1019,10,217901,Aspermont ISD,Stonewall,A,96,210,https://txschools.net/district/aspermont-isd-217901
904,1019,10,229906,Chester ISD,Tyler,B,96,186,https://txschools.net/district/chester-isd-229906
904,1019,10,163902,D'Hanis ISD,Medina,A,96,297,https://txschools.net/district/d-hanis-isd-163902
904,1019,10,001903,Elkhart ISD,Anderson,B,96,1175,https://txschools.net/district/elkhart-isd-001903
904,1019,10,126904,Grandview ISD,Johnson,B,96,1417,https://txschools.net/district/grandview-isd-126904
904,1019,10,109905,Hubbard ISD,Hill,C,96,398,https://txschools.net/district/hubbard-isd-109905
904,1019,10,109908,Malone ISD,Hill,F,96,64,https://txschools.net/district/malone-isd-109908
904,1019,10,161903,Midway ISD,McLennan,A,96,8704,https://txschools.net/district/midway-isd-161903
904,1019,10,200902,Miles ISD,Runnels,A,96,497,https://txschools.net/district/miles-isd-200902
904,1019,10,108909,Pharr-San Juan-Alamo ISD,Hidalgo,A,96,29043,https://txschools.net/district/pharr-san-juan-alamo-isd-108909
904,1019,10,104903,Rule ISD,Haskell,B,96,143,https://txschools.net/district/rule-isd-104903
915,1019,13,180903,Adrian ISD,Oldham,A,96.1,136,https://txschools.net/district/adrian-isd-180903
915,1019,13,174908,Central Heights ISD,Nacogdoches,A,96.1,1106,https://txschools.net/district/central-heights-isd-174908
915,1019,13,177905,Highland ISD,Nolan,A,96.1,211,https://txschools.net/district/highland-isd-177905
915,1019,13,120905,Industrial ISD,Jackson,B,96.1,1153,https://txschools.net/district/industrial-isd-120905
915,1019,13,133904,Ingram ISD,Kerr,A,96.1,1365,https://txschools.net/district/ingram-isd-133904
915,1019,13,072909,Lingleville ISD,Erath,B,96.1,264,https://txschools.net/district/lingleville-isd-072909
915,1019,13,178906,London ISD,Nueces,A,96.1,1922,https://txschools.net/district/london-isd-178906
915,1019,13,043919,Lovejoy ISD,Collin,A,96.1,3841,https://txschools.net/district/lovejoy-isd-043919
915,1019,13,113903,Lovelady ISD,Houston,B,96.1,526,https://txschools.net/district/lovelady-isd-113903
915,1019,13,001906,Neches ISD,Anderson,B,96.1,338,https://txschools.net/district/neches-isd-001906
915,1019,13,153905,New Home ISD,Lynn,A,96.1,685,https://txschools.net/district/new-home-isd-153905
915,1019,13,182906,Palo Pinto ISD,Palo Pinto,A,96.1,92,https://txschools.net/district/palo-pinto-isd-182906
915,1019,13,207901,Schleicher ISD,Schleicher,B,96.1,383,https://txschools.net/district/schleicher-isd-207901
915,1019,13,019909,Simms ISD,Bowie,B,96.1,462,https://txschools.net/district/simms-isd-019909
929,1019,15,061910,Argyle ISD,Denton,A,96.2,6551,https://txschools.net/district/argyle-isd-061910
929,1019,15,206903,Cherokee ISD,San Saba,B,96.2,127,https://txschools.net/district/cherokee-isd-206903
929,1019,15,018908,Cranfills Gap ISD,Bosque,B,96.2,116,https://txschools.net/district/cranfills-gap-isd-018908
929,1019,15,121906,Evadale ISD,Jasper,A,96.2,450,https://txschools.net/district/evadale-isd-121906
929,1019,15,087901,Glasscock County ISD,Glasscock,A,96.2,290,https://txschools.net/district/glasscock-county-isd-087901
929,1019,15,161924,Hallsburg ISD,McLennan,F,96.2,106,https://txschools.net/district/hallsburg-isd-161924
929,1019,15,005902,Holliday ISD,Archer,A,96.2,1127,https://txschools.net/district/holliday-isd-005902
929,1019,15,050909,Jonesboro ISD,Coryell,C,96.2,317,https://txschools.net/district/jonesboro-isd-050909
929,1019,15,161907,Lorena ISD,McLennan,A,96.2,1740,https://txschools.net/district/lorena-isd-161907
929,1019,15,235904,Nursery ISD,Victoria,B,96.2,179,https://txschools.net/district/nursery-isd-235904
929,1019,15,153903,O'Donnell ISD,Lynn,B,96.2,235,https://txschools.net/district/o-donnell-isd-153903
929,1019,15,039903,Petrolia CISD,Clay,C,96.2,485,https://txschools.net/district/petrolia-cisd-039903
929,1019,15,019911,Red Lick ISD,Bowie,A,96.2,515,https://txschools.net/district/red-lick-isd-019911
929,1019,15,226906,Wall ISD,Tom Green,B,96.2,1306,https://txschools.net/district/wall-isd-226906
929,1019,15,223904,Wellman-Union CISD,Terry,A,96.2,245,https://txschools.net/district/wellman-union-cisd-223904
929,1019,15,062905,Westhoff ISD,Dewitt,B,96.2,100,https://txschools.net/district/westhoff-isd-062905
945,1019,12,147901,Coolidge ISD,Limestone,B,96.3,311,https://txschools.net/district/coolidge-isd-147901
945,1019,12,161901,Crawford ISD,McLennan,B,96.3,585,https://txschools.net/district/crawford-isd-161901
945,1019,12,174911,Douglass ISD,Nacogdoches,A,96.3,405,https://txschools.net/district/douglass-isd-174911
945,1019,12,178905,Driscoll ISD,Nueces,B,96.3,1030,https://txschools.net/district/driscoll-isd-178905
945,1019,12,049906,Era ISD,Cooke,A,96.3,517,https://txschools.net/district/era-isd-049906
945,1019,12,185902,Farwell ISD,Parmer,B,96.3,570,https://txschools.net/district/farwell-isd-185902
945,1019,12,244901,Harrold ISD,Wilbarger,B,96.3,159,https://txschools.net/district/harrold-isd-244901
945,1019,12,019913,Hubbard ISD,Bowie,F,96.3,54,https://txschools.net/district/hubbard-isd-019913
945,1019,12,116906,Lone Oak ISD,Hunt,B,96.3,1090,https://txschools.net/district/lone-oak-isd-116906
945,1019,12,157901,Mason ISD,Mason,A,96.3,675,https://txschools.net/district/mason-isd-157901
945,1019,12,166903,Milano ISD,Milam,B,96.3,394,https://txschools.net/district/milano-isd-166903
945,1019,12,074917,Sam Rayburn ISD,Fannin,B,96.3,477,https://txschools.net/district/sam-rayburn-isd-074917
945,1019,12,211902,Stratford ISD,Sherman,B,96.3,487,https://txschools.net/district/stratford-isd-211902
958,1019,13,008903,Brazos ISD,Austin,B,96.4,824,https://txschools.net/district/brazos-isd-008903
958,1019,13,057922,Coppell ISD,Dallas,A,96.4,13047,https://txschools.net/district/coppell-isd-057922
958,1019,13,074904,Dodd City ISD,Fannin,A,96.4,319,https://txschools.net/district/dodd-city-isd-074904
958,1019,13,075901,Flatonia ISD,Fayette,A,96.4,675,https://txschools.net/district/flatonia-isd-075901
958,1019,13,220906,Grapevine-Colleyville ISD,Tarrant,A,96.4,13343,https://txschools.net/district/grapevine-colleyville-isd-220906
958,1019,13,219901,Happy ISD,Swisher,A,96.4,238,https://txschools.net/district/happy-isd-219901
958,1019,13,133902,Hunt ISD,Kerr,A,96.4,211,https://txschools.net/district/hunt-isd-133902
958,1019,13,018906,Iredell ISD,Bosque,A,96.4,137,https://txschools.net/district/iredell-isd-018906
958,1019,13,145907,Oakwood ISD,Leon,C,96.4,205,https://txschools.net/district/oakwood-isd-145907
958,1019,13,119903,Perrin-Whitt CISD,Jack,A,96.4,306,https://txschools.net/district/perrin-whitt-cisd-119903
958,1019,13,247904,Poth ISD,Wilson,A,96.4,967,https://txschools.net/district/poth-isd-247904
958,1019,13,001909,Slocum ISD,Anderson,B,96.4,330,https://txschools.net/district/slocum-isd-001909
958,1019,13,098904,Spearman ISD,Hansford,B,96.4,652,https://txschools.net/district/spearman-isd-098904
958,1019,13,040902,Whiteface CISD,Cochran,B,96.4,294,https://txschools.net/district/whiteface-cisd-040902
972,1019,8,103901,Channing ISD,Hartley,B,96.5,118,https://txschools.net/district/channing-isd-103901
972,1019,8,146903,Devers ISD,Liberty,A,96.5,198,https://txschools.net/district/devers-isd-146903
972,1019,8,086024,Doss Consolidated CSD,Gillespie,B,96.5,18,https://txschools.net/district/doss-consolidated-csd-086024
972,1019,8,241902,East Bernard ISD,Wharton,B,96.5,987,https://txschools.net/district/east-bernard-isd-241902
972,1019,8,075906,Fayetteville ISD,Fayette,A,96.5,308,https://txschools.net/district/fayetteville-isd-075906
972,1019,8,162904,McMullen County ISD,McMullen,A,96.5,286,https://txschools.net/district/mcmullen-county-isd-162904
972,1019,8,137904,Santa Gertrudis ISD,Kleberg,A,96.5,813,https://txschools.net/district/santa-gertrudis-isd-137904
972,1019,8,045905,Weimar ISD,Colorado,A,96.5,735,https://txschools.net/district/weimar-isd-045905
972,1019,8,110908,Whitharral ISD,Hockley,A,96.5,223,https://txschools.net/district/whitharral-isd-110908
981,1019,2,109901,Abbott ISD,Hill,A,96.6,285,https://txschools.net/district/abbott-isd-109901
981,1019,2,091901,Bells ISD,Grayson,A,96.6,1011,https://txschools.net/district/bells-isd-091901
981,1019,2,211901,Texhoma ISD,Sherman,A,96.6,96,https://txschools.net/district/texhoma-isd-211901
984,1019,2,244905,Northside ISD,Wilbarger,B,96.7,246,https://txschools.net/district/northside-isd-244905
984,1019,2,015906,Randolph Field ISD,Bexar,A,96.7,1402,https://txschools.net/district/randolph-field-isd-015906
984,1019,2,057919,Sunnyvale ISD,Dallas,A,96.7,2313,https://txschools.net/district/sunnyvale-isd-057919
987,1019,8,109913,Blum ISD,Hill,A,96.8,335,https://txschools.net/district/blum-isd-109913
987,1019,8,090905,Grandview-Hopkins ISD,Gray,C,96.8,44,https://txschools.net/district/grandview-hopkins-isd-090905
987,1019,8,019910,Malta ISD,Bowie,B,96.8,208,https://txschools.net/district/malta-isd-019910
987,1019,8,109914,Penelope ISD,Hill,A,96.8,215,https://txschools.net/district/penelope-isd-109914
987,1019,8,214902,San Isidro ISD,Starr,B,96.8,151,https://txschools.net/district/san-isidro-isd-214902
987,1019,8,143903,Shiner ISD,Lavaca,A,96.8,700,https://txschools.net/district/shiner-isd-143903
987,1019,8,049909,Sivells Bend ISD,Cooke,B,96.8,56,https://txschools.net/district/sivells-bend-isd-049909
987,1019,8,249908,Slidell ISD,Wise,B,96.8,515,https://txschools.net/district/slidell-isd-249908
987,1019,8,044902,Wellington ISD,Collingsworth,B,96.8,516,https://txschools.net/district/wellington-isd-044902
996,1019,1,049902,Muenster ISD,Cooke,B,96.9,551,https://txschools.net/district/muenster-isd-049902
996,1019,1,062902,Nordheim ISD,Dewitt,B,96.9,111,https://txschools.net/district/nordheim-isd-062902
998,1019,4,033901,Groom ISD,Carson,B,97,112,https://txschools.net/district/groom-isd-033901
998,1019,4,035903,Nazareth ISD,Castro,A,97,239,https://txschools.net/district/nazareth-isd-035903
998,1019,4,110907,Sundown ISD,Hockley,A,97,701,https://txschools.net/district/sundown-isd-110907
998,1019,4,180902,Vega ISD,Oldham,A,97,354,https://txschools.net/district/vega-isd-180902
998,1019,4,005904,Windthorst ISD,Archer,A,97,491,https://txschools.net/district/windthorst-isd-005904
1003,1019,4,239903,Burton ISD,Washington,A,97.1,650,https://txschools.net/district/burton-isd-239903
1003,1019,4,242906,Fort Elliott CISD,Wheeler,B,97.1,133,https://txschools.net/district/fort-elliott-cisd-242906
1003,1019,4,135001,Guthrie CSD,King,A,97.1,99,https://txschools.net/district/guthrie-csd-135001
1003,1019,4,118902,Irion County ISD,Irion,A,97.1,307,https://txschools.net/district/irion-county-isd-118902
1003,1019,4,049907,Lindsay ISD,Cooke,B,97.1,504,https://txschools.net/district/lindsay-isd-049907
1008,1019,3,128904,Falls City ISD,Karnes,A,97.2,452,https://txschools.net/district/falls-city-isd-128904
1008,1019,3,098901,Gruver ISD,Hansford,A,97.2,419,https://txschools.net/district/gruver-isd-098901
1008,1019,3,075908,Round Top-Carmine ISD,Fayette,B,97.2,237,https://txschools.net/district/round-top-carmine-isd-075908
1008,1019,3,073904,Westphalia ISD,Falls,A,97.2,148,https://txschools.net/district/westphalia-isd-073904
1012,1019,0,143904,Vysehrad ISD,Lavaca,D,97.3,46,https://txschools.net/district/vysehrad-isd-143904
1013,1019,0,198906,Mumford ISD,Robertson,A,97.5,600,https://txschools.net/district/mumford-isd-198906
1014,1019,0,133905,Divide ISD,Kerr,B,97.7,41,https://txschools.net/district/divide-isd-133905
1015,1019,0,186902,Fort Stockton ISD,Pecos,C,98.1,11681,https://txschools.net/district/fort-stockton-isd-186902
1016,1019,0,102904,Hallsville ISD,Harrison,C,99,26808,https://txschools.net/district/hallsville-isd-102904
1017,1019,0,177901,Roscoe Collegiate ISD,Nolan,F,99.8,14905,https://txschools.net/district/roscoe-collegiate-isd-177901
1018,1019,1,152504,Texas Tech University K-12,Lubbock,B,100,829,https://txschools.net/district/texas-tech-university-k-12-152504
1018,1019,1,227506,University of Texas at Austin HS,Travis,C,100,1211,https://txschools.net/district/university-of-texas-at-austin-hs-227506
