# txschools.net — unofficial. Not operated by, endorsed by, or affiliated with the Texas Education Agency.
# source: Texas Education Agency, published publicly at https://txschools.gov
# snapshot: 15 August 2026 — the date this site fetched TEA's data. TEA may have revised it since.
# dataset: ranking board
# page: https://txschools.net/rankings/texas-districts/closing-the-gaps-declines
# rows: 1012 (excluding this header and the column row)
# ranking: Texas school districts with the largest Closing the Gaps declines since 2023-24
# population: 1,012 districts of 1,020 districts are ranked here.
# population: 1 was not rated by TEA for 2025-26 and is not ranked.
# population: 5 have no figure at the start of the window and are not ranked.
# population: 2 have no figure at the end of the window and are not ranked.
# rank_of is how many rows were actually ranked (can be smaller than the population above); two rows on the same value share a rank ("tied"), and the next rank is skipped.
# empty cell = TEA did not publish that figure. It does not mean zero.
# numbers are unformatted: no thousands separators, no currency symbols, no percent signs.
# lines starting with # are comments — pandas: read_csv(path, comment='#')
rank,rank_of,tied,entity_id,name,county,rating,value,2023_24,2025_26,enrollment,url
1,1012,0,143904,Vysehrad ISD,Lavaca,D,-44,90,46,46,https://txschools.net/district/vysehrad-isd-143904
2,1012,0,109908,Malone ISD,Hill,F,-37,67,30,64,https://txschools.net/district/malone-isd-109908
3,1012,0,024901,Brooks County ISD,Brooks,D,-28,78,50,1074,https://txschools.net/district/brooks-county-isd-024901
4,1012,1,196901,Austwell-Tivoli ISD,Refugio,C,-26,91,65,122,https://txschools.net/district/austwell-tivoli-isd-196901
4,1012,1,072910,Morgan Mill ISD,Erath,F,-26,66,40,132,https://txschools.net/district/morgan-mill-isd-072910
6,1012,0,228904,Centerville ISD,Trinity,D,-25,78,53,143,https://txschools.net/district/centerville-isd-228904
7,1012,0,019913,Hubbard ISD,Bowie,F,-24,65,41,54,https://txschools.net/district/hubbard-isd-019913
8,1012,0,028906,Prairie Lea ISD,Caldwell,F,-23,65,42,276,https://txschools.net/district/prairie-lea-isd-028906
9,1012,1,186901,Buena Vista ISD,Pecos,D,-21,72,51,235,https://txschools.net/district/buena-vista-isd-186901
9,1012,1,076904,Rotan ISD,Fisher,C,-21,76,55,265,https://txschools.net/district/rotan-isd-076904
11,1012,0,099902,Chillicothe ISD,Hardeman,B,-20,91,71,172,https://txschools.net/district/chillicothe-isd-099902
12,1012,3,109903,Covington ISD,Hill,C,-18,86,68,351,https://txschools.net/district/covington-isd-109903
12,1012,3,250902,Hawkins ISD,Wood,C,-18,87,69,776,https://txschools.net/district/hawkins-isd-250902
12,1012,3,025905,May ISD,Brown,C,-18,83,65,257,https://txschools.net/district/may-isd-025905
12,1012,3,244905,Northside ISD,Wilbarger,B,-18,96,78,246,https://txschools.net/district/northside-isd-244905
16,1012,2,074903,Bonham ISD,Fannin,C,-17,77,60,1939,https://txschools.net/district/bonham-isd-074903
16,1012,2,193902,Leakey ISD,Real,C,-17,76,59,308,https://txschools.net/district/leakey-isd-193902
16,1012,2,018904,Valley Mills ISD,Bosque,C,-17,83,66,664,https://txschools.net/district/valley-mills-isd-018904
19,1012,1,158905,Palacios ISD,Matagorda,B,-16,87,71,1266,https://txschools.net/district/palacios-isd-158905
19,1012,1,098903,Pringle-Morse CISD,Hansford,C,-16,85,69,126,https://txschools.net/district/pringle-morse-cisd-098903
21,1012,1,083903,Seminole ISD,Gaines,C,-15,80,65,3083,https://txschools.net/district/seminole-isd-083903
21,1012,1,224901,Throckmorton Collegiate ISD,Throckmorton,B,-15,86,71,145,https://txschools.net/district/throckmorton-collegiate-isd-224901
23,1012,2,185901,Bovina ISD,Parmer,D,-14,78,64,370,https://txschools.net/district/bovina-isd-185901
23,1012,2,148902,Follett ISD,Lipscomb,C,-14,76,62,170,https://txschools.net/district/follett-isd-148902
23,1012,2,210904,Tenaha ISD,Shelby,C,-14,92,78,402,https://txschools.net/district/tenaha-isd-210904
26,1012,8,101925,Huffman ISD,Harris,C,-13,76,63,3698,https://txschools.net/district/huffman-isd-101925
26,1012,8,125906,La Gloria ISD,Jim Wells,D,-13,74,61,126,https://txschools.net/district/la-gloria-isd-125906
26,1012,8,201903,Laneville ISD,Rusk,D,-13,86,73,104,https://txschools.net/district/laneville-isd-201903
26,1012,8,113905,Latexo ISD,Houston,C,-13,81,68,551,https://txschools.net/district/latexo-isd-113905
26,1012,8,189901,Marfa ISD,Presidio,D,-13,71,58,339,https://txschools.net/district/marfa-isd-189901
26,1012,8,073903,Marlin ISD,Falls,D,-13,72,59,796,https://txschools.net/district/marlin-isd-073903
26,1012,8,190903,Rains ISD,Rains,C,-13,80,67,1664,https://txschools.net/district/rains-isd-190903
26,1012,8,049909,Sivells Bend ISD,Cooke,B,-13,89,76,56,https://txschools.net/district/sivells-bend-isd-049909
26,1012,8,062905,Westhoff ISD,Dewitt,B,-13,86,73,100,https://txschools.net/district/westhoff-isd-062905
35,1012,9,161923,Bosqueville ISD,McLennan,C,-12,84,72,718,https://txschools.net/district/bosqueville-isd-161923
35,1012,9,166901,Cameron ISD,Milam,D,-12,73,61,1389,https://txschools.net/district/cameron-isd-166901
35,1012,9,212909,Chapel Hill ISD,Smith,C,-12,77,65,3186,https://txschools.net/district/chapel-hill-isd-212909
35,1012,9,147901,Coolidge ISD,Limestone,B,-12,90,78,311,https://txschools.net/district/coolidge-isd-147901
35,1012,9,129904,Kemp ISD,Kaufman,D,-12,74,62,2017,https://txschools.net/district/kemp-isd-129904
35,1012,9,201904,Leveretts Chapel ISD,Rusk,C,-12,79,67,233,https://txschools.net/district/leveretts-chapel-isd-201904
35,1012,9,042903,Santa Anna ISD,Coleman,C,-12,76,64,245,https://txschools.net/district/santa-anna-isd-042903
35,1012,9,242902,Shamrock ISD,Wheeler,C,-12,77,65,350,https://txschools.net/district/shamrock-isd-242902
35,1012,9,234906,Van ISD,Van Zandt,B,-12,88,76,2265,https://txschools.net/district/van-isd-234906
35,1012,9,037909,Wells ISD,Cherokee,B,-12,87,75,235,https://txschools.net/district/wells-isd-037909
45,1012,8,228905,Apple Springs ISD,Trinity,D,-11,75,64,156,https://txschools.net/district/apple-springs-isd-228905
45,1012,8,052901,Crane ISD,Crane,D,-11,79,68,1228,https://txschools.net/district/crane-isd-052901
45,1012,8,175904,Dawson ISD,Navarro,B,-11,87,76,608,https://txschools.net/district/dawson-isd-175904
45,1012,8,047903,Gustine ISD,Comanche,B,-11,83,72,166,https://txschools.net/district/gustine-isd-047903
45,1012,8,201908,Overton ISD,Rusk,C,-11,75,64,534,https://txschools.net/district/overton-isd-201908
45,1012,8,001907,Palestine ISD,Anderson,C,-11,84,73,3144,https://txschools.net/district/palestine-isd-001907
45,1012,8,091914,S and S CISD,Grayson,C,-11,72,61,923,https://txschools.net/district/s-and-s-cisd-091914
45,1012,8,074911,Savoy ISD,Fannin,C,-11,83,72,301,https://txschools.net/district/savoy-isd-074911
45,1012,8,226906,Wall ISD,Tom Green,B,-11,93,82,1306,https://txschools.net/district/wall-isd-226906
54,1012,9,037901,Alto ISD,Cherokee,C,-10,80,70,524,https://txschools.net/district/alto-isd-037901
54,1012,9,036901,Anahuac ISD,Chambers,C,-10,73,63,1533,https://txschools.net/district/anahuac-isd-036901
54,1012,9,043902,Anna ISD,Collin,C,-10,80,70,6686,https://txschools.net/district/anna-isd-043902
54,1012,9,138904,Benjamin ISD,Knox,B,-10,92,82,96,https://txschools.net/district/benjamin-isd-138904
54,1012,9,215901,Breckenridge ISD,Stephens,B,-10,87,77,1288,https://txschools.net/district/breckenridge-isd-215901
54,1012,9,090905,Grandview-Hopkins ISD,Gray,C,-10,75,65,44,https://txschools.net/district/grandview-hopkins-isd-090905
54,1012,9,097902,Hamilton ISD,Hamilton,C,-10,80,70,794,https://txschools.net/district/hamilton-isd-097902
54,1012,9,124901,Jim Hogg County ISD,Jim Hogg,C,-10,85,75,927,https://txschools.net/district/jim-hogg-county-isd-124901
54,1012,9,206902,Richland Springs ISD,San Saba,C,-10,87,77,101,https://txschools.net/district/richland-springs-isd-206902
54,1012,9,241904,Wharton ISD,Wharton,F,-10,59,49,1707,https://txschools.net/district/wharton-isd-241904
64,1012,13,110901,Anton ISD,Hockley,C,-9,72,63,171,https://txschools.net/district/anton-isd-110901
64,1012,13,225906,Chapel Hill ISD,Titus,B,-9,89,80,943,https://txschools.net/district/chapel-hill-isd-225906
64,1012,13,038901,Childress ISD,Childress,B,-9,85,76,901,https://txschools.net/district/childress-isd-038901
64,1012,13,102905,Harleton ISD,Harrison,B,-9,89,80,702,https://txschools.net/district/harleton-isd-102905
64,1012,13,198905,Hearne ISD,Robertson,D,-9,71,62,719,https://txschools.net/district/hearne-isd-198905
64,1012,13,084908,Hitchcock ISD,Galveston,D,-9,71,62,1937,https://txschools.net/district/hitchcock-isd-084908
64,1012,13,016901,Johnson City ISD,Blanco,B,-9,84,75,677,https://txschools.net/district/johnson-city-isd-016901
64,1012,13,187906,Leggett ISD,Polk,C,-9,77,68,204,https://txschools.net/district/leggett-isd-187906
64,1012,13,235904,Nursery ISD,Victoria,B,-9,91,82,179,https://txschools.net/district/nursery-isd-235904
64,1012,13,153903,O'Donnell ISD,Lynn,B,-9,91,82,235,https://txschools.net/district/o-donnell-isd-153903
64,1012,13,143905,Sweet Home ISD,Lavaca,C,-9,78,69,164,https://txschools.net/district/sweet-home-isd-143905
64,1012,13,232903,Uvalde CISD,Uvalde,F,-9,60,51,3815,https://txschools.net/district/uvalde-cisd-232903
64,1012,13,158906,Van Vleck ISD,Matagorda,C,-9,81,72,1048,https://txschools.net/district/van-vleck-isd-158906
64,1012,13,196902,Woodsboro ISD,Refugio,C,-9,66,57,383,https://txschools.net/district/woodsboro-isd-196902
78,1012,17,066901,Benavides ISD,Duval,D,-8,76,68,352,https://txschools.net/district/benavides-isd-066901
78,1012,17,148901,Booker ISD,Lipscomb,B,-8,93,85,335,https://txschools.net/district/booker-isd-148901
78,1012,17,065901,Clarendon ISD,Donley,C,-8,81,73,403,https://txschools.net/district/clarendon-isd-065901
78,1012,17,233903,Comstock ISD,Val Verde,C,-8,73,65,166,https://txschools.net/district/comstock-isd-233903
78,1012,17,035901,Dimmitt ISD,Castro,C,-8,84,76,1072,https://txschools.net/district/dimmitt-isd-035901
78,1012,17,025909,Early ISD,Brown,B,-8,86,78,1087,https://txschools.net/district/early-isd-025909
78,1012,17,183904,Gary ISD,Panola,D,-8,62,54,478,https://txschools.net/district/gary-isd-183904
78,1012,17,102904,Hallsville ISD,Harrison,C,-8,77,69,26808,https://txschools.net/district/hallsville-isd-102904
78,1012,17,219901,Happy ISD,Swisher,A,-8,94,86,238,https://txschools.net/district/happy-isd-219901
78,1012,17,031905,La Feria ISD,Cameron,C,-8,78,70,2754,https://txschools.net/district/la-feria-isd-031905
78,1012,17,049902,Muenster ISD,Cooke,B,-8,90,82,551,https://txschools.net/district/muenster-isd-049902
78,1012,17,107908,Murchison ISD,Henderson,D,-8,64,56,187,https://txschools.net/district/murchison-isd-107908
78,1012,17,187910,Onalaska ISD,Polk,B,-8,82,74,1206,https://txschools.net/district/onalaska-isd-187910
78,1012,17,206901,San Saba ISD,San Saba,C,-8,76,68,686,https://txschools.net/district/san-saba-isd-206901
78,1012,17,012901,Seymour ISD,Baylor,B,-8,92,84,598,https://txschools.net/district/seymour-isd-012901
78,1012,17,248902,Wink-Loving ISD,Winkler,B,-8,85,77,434,https://txschools.net/district/wink-loving-isd-248902
78,1012,17,212910,Winona ISD,Smith,C,-8,72,64,1122,https://txschools.net/district/winona-isd-212910
78,1012,17,229903,Woodville ISD,Tyler,D,-8,69,61,1169,https://txschools.net/district/woodville-isd-229903
96,1012,12,002901,Andrews ISD,Andrews,C,-7,85,78,4159,https://txschools.net/district/andrews-isd-002901
96,1012,12,061907,Aubrey ISD,Denton,C,-7,79,72,4885,https://txschools.net/district/aubrey-isd-061907
96,1012,12,136901,Brackett ISD,Kinney,C,-7,74,67,490,https://txschools.net/district/brackett-isd-136901
96,1012,12,206903,Cherokee ISD,San Saba,B,-7,92,85,127,https://txschools.net/district/cherokee-isd-206903
96,1012,12,161901,Crawford ISD,McLennan,B,-7,94,87,585,https://txschools.net/district/crawford-isd-161901
96,1012,12,246905,Granger ISD,Williamson,C,-7,68,61,573,https://txschools.net/district/granger-isd-246905
96,1012,12,161924,Hallsburg ISD,McLennan,F,-7,71,64,106,https://txschools.net/district/hallsburg-isd-161924
96,1012,12,108912,La Joya ISD,Hidalgo,B,-7,83,76,21606,https://txschools.net/district/la-joya-isd-108912
96,1012,12,254902,La Pryor ISD,Zavala,D,-7,68,61,445,https://txschools.net/district/la-pryor-isd-254902
96,1012,12,247903,La Vernia ISD,Wilson,B,-7,85,78,3505,https://txschools.net/district/la-vernia-isd-247903
96,1012,12,054902,Lorenzo ISD,Crosby,C,-7,76,69,175,https://txschools.net/district/lorenzo-isd-054902
96,1012,12,181905,Orangefield ISD,Orange,B,-7,79,72,1727,https://txschools.net/district/orangefield-isd-181905
96,1012,12,212904,Troup ISD,Smith,C,-7,83,76,1067,https://txschools.net/district/troup-isd-212904
109,1012,21,194902,Avery ISD,Red River,A,-6,91,85,295,https://txschools.net/district/avery-isd-194902
109,1012,21,027903,Burnet CISD,Burnet,C,-6,71,65,3224,https://txschools.net/district/burnet-cisd-027903
109,1012,21,183902,Carthage ISD,Panola,B,-6,81,75,2602,https://txschools.net/district/carthage-isd-183902
109,1012,21,018901,Clifton ISD,Bosque,B,-6,83,77,938,https://txschools.net/district/clifton-isd-018901
109,1012,21,227910,Del Valle ISD,Travis,D,-6,65,59,11766,https://txschools.net/district/del-valle-isd-227910
109,1012,21,243902,Electra ISD,Wichita,C,-6,71,65,418,https://txschools.net/district/electra-isd-243902
109,1012,21,152907,Frenship ISD,Lubbock,C,-6,79,73,12042,https://txschools.net/district/frenship-isd-152907
109,1012,21,166902,Gause ISD,Milam,B,-6,85,79,149,https://txschools.net/district/gause-isd-166902
109,1012,21,230905,Harmony ISD,Upshur,B,-6,84,78,855,https://txschools.net/district/harmony-isd-230905
109,1012,21,133903,Kerrville ISD,Kerr,B,-6,83,77,4402,https://txschools.net/district/kerrville-isd-133903
109,1012,21,145911,Leon ISD,Leon,B,-6,85,79,790,https://txschools.net/district/leon-isd-145911
109,1012,21,154901,Madisonville CISD,Madison,B,-6,89,83,2339,https://txschools.net/district/madisonville-cisd-154901
109,1012,21,057914,Mesquite ISD,Dallas,B,-6,80,74,36585,https://txschools.net/district/mesquite-isd-057914
109,1012,21,108908,Mission CISD,Hidalgo,B,-6,83,77,13186,https://txschools.net/district/mission-cisd-108908
109,1012,21,198906,Mumford ISD,Robertson,A,-6,96,90,600,https://txschools.net/district/mumford-isd-198906
109,1012,21,035903,Nazareth ISD,Castro,A,-6,100,94,239,https://txschools.net/district/nazareth-isd-035903
109,1012,21,139911,North Lamar ISD,Lamar,C,-6,79,73,2362,https://txschools.net/district/north-lamar-isd-139911
109,1012,21,250904,Quitman ISD,Wood,B,-6,81,75,1216,https://txschools.net/district/quitman-isd-250904
109,1012,21,207901,Schleicher ISD,Schleicher,B,-6,87,81,383,https://txschools.net/district/schleicher-isd-207901
109,1012,21,112901,Sulphur Springs ISD,Hopkins,C,-6,77,71,4060,https://txschools.net/district/sulphur-springs-isd-112901
109,1012,21,001908,Westwood ISD,Anderson,D,-6,73,67,1300,https://txschools.net/district/westwood-isd-001908
109,1012,21,081905,Wortham ISD,Freestone,C,-6,71,65,501,https://txschools.net/district/wortham-isd-081905
131,1012,31,014901,Academy ISD,Bell,B,-5,86,81,1857,https://txschools.net/district/academy-isd-014901
131,1012,31,034902,Avinger ISD,Cass,B,-5,92,87,103,https://txschools.net/district/avinger-isd-034902
131,1012,31,195902,Balmorhea ISD,Reeves,B,-5,90,85,149,https://txschools.net/district/balmorhea-isd-195902
131,1012,31,016902,Blanco ISD,Blanco,B,-5,81,76,1106,https://txschools.net/district/blanco-isd-016902
131,1012,31,041901,Bronte ISD,Coke,A,-5,93,88,224,https://txschools.net/district/bronte-isd-041901
131,1012,31,161919,Bruceville-Eddy ISD,McLennan,C,-5,70,65,505,https://txschools.net/district/bruceville-eddy-isd-161919
131,1012,31,109902,Bynum ISD,Hill,B,-5,92,87,174,https://txschools.net/district/bynum-isd-109902
131,1012,31,071907,Canutillo ISD,El Paso,C,-5,77,72,5604,https://txschools.net/district/canutillo-isd-071907
131,1012,31,220919,Carroll ISD,Tarrant,A,-5,94,89,7866,https://txschools.net/district/carroll-isd-220919
131,1012,31,057904,Cedar Hill ISD,Dallas,C,-5,71,66,5876,https://txschools.net/district/cedar-hill-isd-057904
131,1012,31,043903,Celina ISD,Collin,B,-5,84,79,6337,https://txschools.net/district/celina-isd-043903
131,1012,31,243906,City View ISD,Wichita,B,-5,82,77,1169,https://txschools.net/district/city-view-isd-243906
131,1012,31,042901,Coleman ISD,Coleman,B,-5,85,80,740,https://txschools.net/district/coleman-isd-042901
131,1012,31,187904,Corrigan-Camden ISD,Polk,B,-5,80,75,800,https://txschools.net/district/corrigan-camden-isd-187904
131,1012,31,030906,Eula ISD,Callahan,B,-5,83,78,486,https://txschools.net/district/eula-isd-030906
131,1012,31,109904,Hillsboro ISD,Hill,B,-5,92,87,1913,https://txschools.net/district/hillsboro-isd-109904
131,1012,31,091905,Howe ISD,Grayson,C,-5,79,74,1191,https://txschools.net/district/howe-isd-091905
131,1012,31,003902,Hudson ISD,Angelina,B,-5,87,82,2755,https://txschools.net/district/hudson-isd-003902
131,1012,31,133904,Ingram ISD,Kerr,A,-5,93,88,1365,https://txschools.net/district/ingram-isd-133904
131,1012,31,243903,Iowa Park CISD,Wichita,B,-5,89,84,1974,https://txschools.net/district/iowa-park-cisd-243903
131,1012,31,037904,Jacksonville ISD,Cherokee,D,-5,68,63,4572,https://txschools.net/district/jacksonville-isd-037904
131,1012,31,113906,Kennard ISD,Houston,C,-5,78,73,254,https://txschools.net/district/kennard-isd-113906
131,1012,31,019910,Malta ISD,Bowie,B,-5,90,85,208,https://txschools.net/district/malta-isd-019910
131,1012,31,174909,Martinsville ISD,Nacogdoches,B,-5,92,87,315,https://txschools.net/district/martinsville-isd-174909
131,1012,31,223902,Meadow ISD,Terry,B,-5,88,83,199,https://txschools.net/district/meadow-isd-223902
131,1012,31,209902,Moran ISD,Shackelford,C,-5,70,65,86,https://txschools.net/district/moran-isd-209902
131,1012,31,252903,Olney ISD,Young,B,-5,86,81,701,https://txschools.net/district/olney-isd-252903
131,1012,31,048903,Paint Rock ISD,Concho,B,-5,87,82,330,https://txschools.net/district/paint-rock-isd-048903
131,1012,31,007905,Pleasanton ISD,Atascosa,C,-5,74,69,3301,https://txschools.net/district/pleasanton-isd-007905
131,1012,31,169909,Prairie Valley ISD,Montague,B,-5,90,85,138,https://txschools.net/district/prairie-valley-isd-169909
131,1012,31,034907,Queen City ISD,Cass,C,-5,79,74,860,https://txschools.net/district/queen-city-isd-034907
131,1012,31,044902,Wellington ISD,Collingsworth,B,-5,88,83,516,https://txschools.net/district/wellington-isd-044902
163,1012,29,091901,Bells ISD,Grayson,A,-4,91,87,1011,https://txschools.net/district/bells-isd-091901
163,1012,29,025908,Brookesmith ISD,Brown,C,-4,71,67,508,https://txschools.net/district/brookesmith-isd-025908
163,1012,29,210901,Center ISD,Shelby,C,-4,67,63,2258,https://txschools.net/district/center-isd-210901
163,1012,29,062901,Cuero ISD,Dewitt,C,-4,76,72,1802,https://txschools.net/district/cuero-isd-062901
163,1012,29,047902,De Leon ISD,Comanche,A,-4,94,90,616,https://txschools.net/district/de-leon-isd-047902
163,1012,29,146903,Devers ISD,Liberty,A,-4,93,89,198,https://txschools.net/district/devers-isd-146903
163,1012,29,178905,Driscoll ISD,Nueces,B,-4,78,74,1030,https://txschools.net/district/driscoll-isd-178905
163,1012,29,241902,East Bernard ISD,Wharton,B,-4,81,77,987,https://txschools.net/district/east-bernard-isd-241902
163,1012,29,241903,El Campo ISD,Wharton,B,-4,76,72,3206,https://txschools.net/district/el-campo-isd-241903
163,1012,29,242906,Fort Elliott CISD,Wheeler,B,-4,92,88,133,https://txschools.net/district/fort-elliott-cisd-242906
163,1012,29,115901,Ft Hancock ISD,Hudspeth,C,-4,76,72,390,https://txschools.net/district/ft-hancock-isd-115901
163,1012,29,104901,Haskell CISD,Haskell,B,-4,83,79,545,https://txschools.net/district/haskell-cisd-104901
163,1012,29,246906,Hutto ISD,Williamson,C,-4,79,75,11069,https://txschools.net/district/hutto-isd-246906
163,1012,29,205903,Ingleside ISD,San Patricio,B,-4,88,84,1983,https://txschools.net/district/ingleside-isd-205903
163,1012,29,015916,Judson ISD,Bexar,C,-4,71,67,22556,https://txschools.net/district/judson-isd-015916
163,1012,29,077902,Lockney ISD,Floyd,D,-4,64,60,387,https://txschools.net/district/lockney-isd-077902
163,1012,29,141902,Lometa ISD,Lampasas,B,-4,75,71,293,https://txschools.net/district/lometa-isd-141902
163,1012,29,234905,Martins Mill ISD,Van Zandt,B,-4,86,82,447,https://txschools.net/district/martins-mill-isd-234905
163,1012,29,200906,Olfen ISD,Runnels,B,-4,83,79,137,https://txschools.net/district/olfen-isd-200906
163,1012,29,061903,Pilot Point ISD,Denton,C,-4,78,74,1728,https://txschools.net/district/pilot-point-isd-061903
163,1012,29,137902,Ricardo ISD,Kleberg,B,-4,91,87,667,https://txschools.net/district/ricardo-isd-137902
163,1012,29,093905,Richards ISD,Grimes,C,-4,71,67,261,https://txschools.net/district/richards-isd-093905
163,1012,29,194903,Rivercrest ISD,Red River,B,-4,83,79,665,https://txschools.net/district/rivercrest-isd-194903
163,1012,29,004901,Rockport-Fulton ISD,Aransas,C,-4,70,66,2831,https://txschools.net/district/rockport-fulton-isd-004901
163,1012,29,014908,Salado ISD,Bell,B,-4,75,71,2582,https://txschools.net/district/salado-isd-014908
163,1012,29,152909,Shallowater ISD,Lubbock,B,-4,89,85,1714,https://txschools.net/district/shallowater-isd-152909
163,1012,29,026903,Snook ISD,Burleson,B,-4,77,73,585,https://txschools.net/district/snook-isd-026903
163,1012,29,056902,Texline ISD,Dallam,A,-4,96,92,224,https://txschools.net/district/texline-isd-056902
163,1012,29,180902,Vega ISD,Oldham,A,-4,93,89,354,https://txschools.net/district/vega-isd-180902
163,1012,29,161916,West ISD,McLennan,B,-4,88,84,1338,https://txschools.net/district/west-isd-161916
193,1012,36,127901,Anson ISD,Jones,C,-3,68,65,702,https://txschools.net/district/anson-isd-127901
193,1012,36,175902,Blooming Grove ISD,Navarro,C,-3,80,77,961,https://txschools.net/district/blooming-grove-isd-175902
193,1012,36,145901,Buffalo ISD,Leon,B,-3,80,77,971,https://txschools.net/district/buffalo-isd-145901
193,1012,36,103901,Channing ISD,Hartley,B,-3,79,76,118,https://txschools.net/district/channing-isd-103901
193,1012,36,174901,Chireno ISD,Nacogdoches,B,-3,83,80,343,https://txschools.net/district/chireno-isd-174901
193,1012,36,126903,Cleburne ISD,Johnson,C,-3,73,70,6776,https://txschools.net/district/cleburne-isd-126903
193,1012,36,116903,Commerce ISD,Hunt,D,-3,69,66,1526,https://txschools.net/district/commerce-isd-116903
193,1012,36,018908,Cranfills Gap ISD,Bosque,B,-3,90,87,116,https://txschools.net/district/cranfills-gap-isd-018908
193,1012,36,091903,Denison ISD,Grayson,C,-3,80,77,4742,https://txschools.net/district/denison-isd-091903
193,1012,36,251901,Denver City ISD,Yoakum,B,-3,79,76,1395,https://txschools.net/district/denver-city-isd-251901
193,1012,36,067903,Eastland ISD,Eastland,B,-3,79,76,939,https://txschools.net/district/eastland-isd-067903
193,1012,36,122901,Ft Davis ISD,Jeff Davis,C,-3,73,70,818,https://txschools.net/district/ft-davis-isd-122901
193,1012,36,144901,Giddings ISD,Lee,B,-3,82,79,1798,https://txschools.net/district/giddings-isd-144901
193,1012,36,220916,Hurst-Euless-Bedford ISD,Tarrant,B,-3,88,85,23159,https://txschools.net/district/hurst-euless-bedford-isd-220916
193,1012,36,108914,La Villa ISD,Hidalgo,B,-3,81,78,459,https://txschools.net/district/la-villa-isd-108914
193,1012,36,144902,Lexington ISD,Lee,B,-3,81,78,1014,https://txschools.net/district/lexington-isd-144902
193,1012,36,028903,Luling ISD,Caldwell,C,-3,68,65,1431,https://txschools.net/district/luling-isd-028903
193,1012,36,231901,McCamey ISD,Upton,C,-3,73,70,469,https://txschools.net/district/mccamey-isd-231901
193,1012,36,162904,McMullen County ISD,McMullen,A,-3,98,95,286,https://txschools.net/district/mcmullen-county-isd-162904
193,1012,36,221904,Merkel ISD,Taylor,C,-3,74,71,1127,https://txschools.net/district/merkel-isd-221904
193,1012,36,112906,North Hopkins ISD,Hopkins,B,-3,86,83,517,https://txschools.net/district/north-hopkins-isd-112906
193,1012,36,061911,Northwest ISD,Denton,B,-3,81,78,32722,https://txschools.net/district/northwest-isd-061911
193,1012,36,095905,Plainview ISD,Hale,C,-3,73,70,3811,https://txschools.net/district/plainview-isd-095905
193,1012,36,125905,Premont ISD,Jim Wells,C,-3,79,76,761,https://txschools.net/district/premont-isd-125905
193,1012,36,231902,Rankin ISD,Upton,A,-3,93,90,300,https://txschools.net/district/rankin-isd-231902
193,1012,36,175911,Rice ISD,Navarro,B,-3,87,84,1094,https://txschools.net/district/rice-isd-175911
193,1012,36,161912,Riesel ISD,McLennan,B,-3,91,88,683,https://txschools.net/district/riesel-isd-161912
193,1012,36,199902,Royse City ISD,Rockwall,C,-3,80,77,10141,https://txschools.net/district/royse-city-isd-199902
193,1012,36,092906,Sabine ISD,Gregg,B,-3,81,78,1567,https://txschools.net/district/sabine-isd-092906
193,1012,36,112909,Saltillo ISD,Hopkins,A,-3,97,94,236,https://txschools.net/district/saltillo-isd-112909
193,1012,36,233901,San Felipe-Del Rio CISD,Val Verde,C,-3,73,70,9494,https://txschools.net/district/san-felipe-del-rio-cisd-233901
193,1012,36,008902,Sealy ISD,Austin,C,-3,75,72,3014,https://txschools.net/district/sealy-isd-008902
193,1012,36,208902,Snyder ISD,Scurry,C,-3,68,65,2220,https://txschools.net/district/snyder-isd-208902
193,1012,36,101921,Tomball ISD,Harris,A,-3,92,89,23202,https://txschools.net/district/tomball-isd-101921
193,1012,36,221905,Trent ISD,Taylor,B,-3,77,74,118,https://txschools.net/district/trent-isd-221905
193,1012,36,181907,Vidor ISD,Orange,C,-3,75,72,4095,https://txschools.net/district/vidor-isd-181907
193,1012,36,102903,Waskom ISD,Harrison,C,-3,73,70,764,https://txschools.net/district/waskom-isd-102903
230,1012,58,184907,Aledo ISD,Parker,A,-2,92,90,8590,https://txschools.net/district/aledo-isd-184907
230,1012,58,249901,Alvord ISD,Wise,B,-2,82,80,875,https://txschools.net/district/alvord-isd-249901
230,1012,58,161918,Axtell ISD,McLennan,B,-2,84,82,842,https://txschools.net/district/axtell-isd-161918
230,1012,58,008901,Bellville ISD,Austin,C,-2,70,68,2316,https://txschools.net/district/bellville-isd-008901
230,1012,58,043917,Blue Ridge ISD,Collin,C,-2,77,75,1056,https://txschools.net/district/blue-ridge-isd-043917
230,1012,58,239901,Brenham ISD,Washington,B,-2,76,74,4712,https://txschools.net/district/brenham-isd-239901
230,1012,58,166907,Buckholts ISD,Milam,C,-2,71,69,107,https://txschools.net/district/buckholts-isd-166907
230,1012,58,026901,Caldwell ISD,Burleson,B,-2,81,79,1828,https://txschools.net/district/caldwell-isd-026901
230,1012,58,161920,China Spring ISD,McLennan,B,-2,87,85,2980,https://txschools.net/district/china-spring-isd-161920
230,1012,58,226901,Christoval ISD,Tom Green,B,-2,83,81,628,https://txschools.net/district/christoval-isd-226901
230,1012,58,146901,Cleveland ISD,Liberty,D,-2,64,62,12648,https://txschools.net/district/cleveland-isd-146901
230,1012,58,047901,Comanche ISD,Comanche,B,-2,81,79,1327,https://txschools.net/district/comanche-isd-047901
230,1012,58,161921,Connally ISD,McLennan,D,-2,67,65,2031,https://txschools.net/district/connally-isd-161921
230,1012,58,056901,Dalhart ISD,Dallam,C,-2,74,72,1801,https://txschools.net/district/dalhart-isd-056901
230,1012,58,019901,DeKalb ISD,Bowie,B,-2,77,75,928,https://txschools.net/district/dekalb-isd-019901
230,1012,58,061901,Denton ISD,Denton,C,-2,77,75,33101,https://txschools.net/district/denton-isd-061901
230,1012,58,074904,Dodd City ISD,Fannin,A,-2,92,90,319,https://txschools.net/district/dodd-city-isd-074904
230,1012,58,107905,Eustace ISD,Henderson,B,-2,82,80,1685,https://txschools.net/district/eustace-isd-107905
230,1012,58,060914,Fannindel ISD,Delta,D,-2,66,64,152,https://txschools.net/district/fannindel-isd-060914
230,1012,58,001904,Frankston ISD,Anderson,B,-2,84,82,785,https://txschools.net/district/frankston-isd-001904
230,1012,58,050902,Gatesville ISD,Coryell,C,-2,76,74,2547,https://txschools.net/district/gatesville-isd-050902
230,1012,58,098901,Gruver ISD,Hansford,A,-2,93,91,419,https://txschools.net/district/gruver-isd-098901
230,1012,58,095903,Hale Center ISD,Hale,B,-2,79,77,553,https://txschools.net/district/hale-center-isd-095903
230,1012,58,225907,Harts Bluff ISD,Titus,C,-2,73,71,873,https://txschools.net/district/harts-bluff-isd-225907
230,1012,58,105906,Hays CISD,Hays,B,-2,82,80,24938,https://txschools.net/district/hays-cisd-105906
230,1012,58,133902,Hunt ISD,Kerr,A,-2,93,91,211,https://txschools.net/district/hunt-isd-133902
230,1012,58,003904,Huntington ISD,Angelina,B,-2,82,80,1496,https://txschools.net/district/huntington-isd-003904
230,1012,58,018907,Kopperl ISD,Bosque,D,-2,54,52,163,https://txschools.net/district/kopperl-isd-018907
230,1012,58,043908,Melissa ISD,Collin,A,-2,91,89,8560,https://txschools.net/district/melissa-isd-043908
230,1012,58,096904,Memphis ISD,Hall,B,-2,83,81,331,https://txschools.net/district/memphis-isd-096904
230,1012,58,161903,Midway ISD,McLennan,A,-2,89,87,8704,https://txschools.net/district/midway-isd-161903
230,1012,58,184904,Millsap ISD,Parker,B,-2,82,80,1068,https://txschools.net/district/millsap-isd-184904
230,1012,58,143902,Moulton ISD,Lavaca,B,-2,87,85,258,https://txschools.net/district/moulton-isd-143902
230,1012,58,080901,Mount Vernon ISD,Franklin,B,-2,87,85,1514,https://txschools.net/district/mount-vernon-isd-080901
230,1012,58,138903,Munday CISD,Knox,B,-2,84,82,375,https://txschools.net/district/munday-cisd-138903
230,1012,58,125903,Orange Grove ISD,Jim Wells,B,-2,83,81,1585,https://txschools.net/district/orange-grove-isd-125903
230,1012,58,033902,Panhandle ISD,Carson,A,-2,89,87,576,https://txschools.net/district/panhandle-isd-033902
230,1012,58,249906,Paradise ISD,Wise,B,-2,81,79,1372,https://txschools.net/district/paradise-isd-249906
230,1012,58,119903,Perrin-Whitt CISD,Jack,A,-2,93,91,306,https://txschools.net/district/perrin-whitt-cisd-119903
230,1012,58,172905,Pewitt CISD,Morris,B,-2,81,79,794,https://txschools.net/district/pewitt-cisd-172905
230,1012,58,032902,Pittsburg ISD,Camp,A,-2,90,88,2228,https://txschools.net/district/pittsburg-isd-032902
230,1012,58,178908,Port Aransas ISD,Nueces,B,-2,86,84,577,https://txschools.net/district/port-aransas-isd-178908
230,1012,58,192901,Reagan County ISD,Reagan,C,-2,70,68,840,https://txschools.net/district/reagan-county-isd-192901
230,1012,58,041902,Robert Lee ISD,Coke,B,-2,78,76,253,https://txschools.net/district/robert-lee-isd-041902
230,1012,58,071904,San Elizario ISD,El Paso,C,-2,60,58,2776,https://txschools.net/district/san-elizario-isd-071904
230,1012,58,023902,Silverton ISD,Briscoe,A,-2,95,93,194,https://txschools.net/district/silverton-isd-023902
230,1012,58,013905,Skidmore-Tynan ISD,Bee,B,-2,84,82,769,https://txschools.net/district/skidmore-tynan-isd-013905
230,1012,58,057919,Sunnyvale ISD,Dallas,A,-2,93,91,2313,https://txschools.net/district/sunnyvale-isd-057919
230,1012,58,211901,Texhoma ISD,Sherman,A,-2,96,94,96,https://txschools.net/district/texhoma-isd-211901
230,1012,58,166905,Thorndale ISD,Milam,B,-2,78,76,662,https://txschools.net/district/thorndale-isd-166905
230,1012,58,246912,Thrall ISD,Williamson,A,-2,94,92,916,https://txschools.net/district/thrall-isd-246912
230,1012,58,240903,United ISD,Webb,A,-2,90,88,39764,https://txschools.net/district/united-isd-240903
230,1012,58,091908,Van Alstyne ISD,Grayson,B,-2,86,84,2856,https://txschools.net/district/van-alstyne-isd-091908
230,1012,58,049908,Walnut Bend ISD,Cooke,C,-2,78,76,59,https://txschools.net/district/walnut-bend-isd-049908
230,1012,58,201914,West Rusk County Consolidated ISD,Rusk,C,-2,72,70,1006,https://txschools.net/district/west-rusk-county-consolidated-isd-201914
230,1012,58,168903,Westbrook ISD,Mitchell,A,-2,93,91,217,https://txschools.net/district/westbrook-isd-168903
230,1012,58,073904,Westphalia ISD,Falls,A,-2,93,91,148,https://txschools.net/district/westphalia-isd-073904
230,1012,58,105905,Wimberley ISD,Hays,B,-2,85,83,2633,https://txschools.net/district/wimberley-isd-105905
230,1012,58,116909,Wolfe City ISD,Hunt,B,-2,84,82,694,https://txschools.net/district/wolfe-city-isd-116909
289,1012,58,109912,Aquilla ISD,Hill,B,-1,86,85,322,https://txschools.net/district/aquilla-isd-109912
289,1012,58,034901,Atlanta ISD,Cass,B,-1,84,83,1918,https://txschools.net/district/atlanta-isd-034901
289,1012,58,123910,Beaumont ISD,Jefferson,D,-1,66,65,15838,https://txschools.net/district/beaumont-isd-123910
289,1012,58,013901,Beeville ISD,Bee,C,-1,70,69,2871,https://txschools.net/district/beeville-isd-013901
289,1012,58,117901,Borger ISD,Hutchinson,C,-1,76,75,2147,https://txschools.net/district/borger-isd-117901
289,1012,58,203902,Broaddus ISD,San Augustine,A,-1,97,96,380,https://txschools.net/district/broaddus-isd-203902
289,1012,58,188904,Bushland ISD,Potter,B,-1,84,83,1424,https://txschools.net/district/bushland-isd-188904
289,1012,58,046902,Comal ISD,Comal,B,-1,87,86,30341,https://txschools.net/district/comal-isd-046902
289,1012,58,170902,Conroe ISD,Montgomery,B,-1,85,84,72218,https://txschools.net/district/conroe-isd-170902
289,1012,58,108902,Donna ISD,Hidalgo,B,-1,77,76,12436,https://txschools.net/district/donna-isd-108902
289,1012,58,057907,Duncanville ISD,Dallas,C,-1,72,71,10988,https://txschools.net/district/duncanville-isd-057907
289,1012,58,220918,Eagle Mt-Saginaw ISD,Tarrant,C,-1,75,74,24147,https://txschools.net/district/eagle-mt-saginaw-isd-220918
289,1012,58,227909,Eanes ISD,Travis,A,-1,94,93,7524,https://txschools.net/district/eanes-isd-227909
289,1012,58,036903,East Chambers ISD,Chambers,B,-1,81,80,1563,https://txschools.net/district/east-chambers-isd-036903
289,1012,58,081902,Fairfield ISD,Freestone,C,-1,80,79,1526,https://txschools.net/district/fairfield-isd-081902
289,1012,58,084911,Friendswood ISD,Galveston,A,-1,93,92,6116,https://txschools.net/district/friendswood-isd-084911
289,1012,58,101910,Galena Park ISD,Harris,B,-1,88,87,20108,https://txschools.net/district/galena-park-isd-101910
289,1012,58,252901,Graham ISD,Young,C,-1,75,74,2139,https://txschools.net/district/graham-isd-252901
289,1012,58,111901,Granbury ISD,Hood,B,-1,77,76,7850,https://txschools.net/district/granbury-isd-111901
289,1012,58,127903,Hamlin Collegiate ISD,Jones,B,-1,77,76,383,https://txschools.net/district/hamlin-collegiate-isd-127903
289,1012,58,039902,Henrietta ISD,Clay,B,-1,82,81,862,https://txschools.net/district/henrietta-isd-039902
289,1012,58,057911,Highland Park ISD,Dallas,A,-1,95,94,6215,https://txschools.net/district/highland-park-isd-057911
289,1012,58,188903,Highland Park ISD,Potter,B,-1,77,76,723,https://txschools.net/district/highland-park-isd-188903
289,1012,58,019902,Hooks ISD,Bowie,B,-1,77,76,883,https://txschools.net/district/hooks-isd-019902
289,1012,58,236902,Huntsville ISD,Walker,C,-1,70,69,11504,https://txschools.net/district/huntsville-isd-236902
289,1012,58,129903,Kaufman ISD,Kaufman,B,-1,83,82,4208,https://txschools.net/district/kaufman-isd-129903
289,1012,58,220907,Keller ISD,Tarrant,B,-1,83,82,30440,https://txschools.net/district/keller-isd-220907
289,1012,58,175907,Kerens ISD,Navarro,B,-1,82,81,692,https://txschools.net/district/kerens-isd-175907
289,1012,58,227912,Lago Vista ISD,Travis,C,-1,72,71,1864,https://txschools.net/district/lago-vista-isd-227912
289,1012,58,079901,Lamar CISD,Fort Bend,B,-1,87,86,48645,https://txschools.net/district/lamar-cisd-079901
289,1012,58,141901,Lampasas ISD,Lampasas,B,-1,82,81,3625,https://txschools.net/district/lampasas-isd-141901
289,1012,58,107910,Lapoynor ISD,Henderson,C,-1,76,75,465,https://txschools.net/district/lapoynor-isd-107910
289,1012,58,019908,Liberty-Eylau ISD,Bowie,D,-1,65,64,1784,https://txschools.net/district/liberty-eylau-isd-019908
289,1012,58,212903,Lindale ISD,Smith,A,-1,91,90,4613,https://txschools.net/district/lindale-isd-212903
289,1012,58,049907,Lindsay ISD,Cooke,B,-1,86,85,504,https://txschools.net/district/lindsay-isd-049907
289,1012,58,092903,Longview ISD,Gregg,B,-1,86,85,7906,https://txschools.net/district/longview-isd-092903
289,1012,58,043919,Lovejoy ISD,Collin,A,-1,94,93,3841,https://txschools.net/district/lovejoy-isd-043919
289,1012,58,113903,Lovelady ISD,Houston,B,-1,85,84,526,https://txschools.net/district/lovelady-isd-113903
289,1012,58,152906,Lubbock-Cooper ISD,Lubbock,B,-1,86,85,8094,https://txschools.net/district/lubbock-cooper-isd-152906
289,1012,58,163908,Medina Valley ISD,Medina,B,-1,84,83,10442,https://txschools.net/district/medina-valley-isd-163908
289,1012,58,001906,Neches ISD,Anderson,B,-1,87,86,338,https://txschools.net/district/neches-isd-001906
289,1012,58,089903,Nixon-Smiley CISD,Gonzales,C,-1,72,71,994,https://txschools.net/district/nixon-smiley-cisd-089903
289,1012,58,013903,Pettus ISD,Bee,B,-1,88,87,378,https://txschools.net/district/pettus-isd-013903
289,1012,58,092904,Pine Tree ISD,Gregg,B,-1,86,85,4435,https://txschools.net/district/pine-tree-isd-092904
289,1012,58,126907,Rio Vista ISD,Johnson,C,-1,77,76,1031,https://txschools.net/district/rio-vista-isd-126907
289,1012,58,160904,Rochelle ISD,McCulloch,A,-1,97,96,166,https://txschools.net/district/rochelle-isd-160904
289,1012,58,073905,Rosebud-Lott ISD,Falls,B,-1,83,82,763,https://txschools.net/district/rosebud-lott-isd-073905
289,1012,58,075908,Round Top-Carmine ISD,Fayette,B,-1,91,90,237,https://txschools.net/district/round-top-carmine-isd-075908
289,1012,58,232902,Sabinal ISD,Uvalde,C,-1,73,72,447,https://txschools.net/district/sabinal-isd-232902
289,1012,58,214902,San Isidro ISD,Starr,B,-1,77,76,151,https://txschools.net/district/san-isidro-isd-214902
289,1012,58,061908,Sanger ISD,Denton,B,-1,78,77,2951,https://txschools.net/district/sanger-isd-061908
289,1012,58,108911,Sharyland ISD,Hidalgo,B,-1,88,87,9653,https://txschools.net/district/sharyland-isd-108911
289,1012,58,152903,Slaton ISD,Lubbock,C,-1,74,73,1308,https://txschools.net/district/slaton-isd-152903
289,1012,58,110906,Smyer ISD,Hockley,A,-1,95,94,433,https://txschools.net/district/smyer-isd-110906
289,1012,58,063903,Spur ISD,Dickens,B,-1,74,73,210,https://txschools.net/district/spur-isd-063903
289,1012,58,127906,Stamford ISD,Jones,B,-1,85,84,546,https://txschools.net/district/stamford-isd-127906
289,1012,58,184903,Weatherford ISD,Parker,B,-1,77,76,8118,https://txschools.net/district/weatherford-isd-184903
289,1012,58,178915,West Oso ISD,Nueces,D,-1,67,66,1777,https://txschools.net/district/west-oso-isd-178915
289,1012,58,250905,Yantis ISD,Wood,C,-1,77,76,309,https://txschools.net/district/yantis-isd-250905
348,1012,75,015901,Alamo Heights ISD,Bexar,B,0,84,84,4723,https://txschools.net/district/alamo-heights-isd-015901
348,1012,75,043901,Allen ISD,Collin,A,0,89,89,20092,https://txschools.net/district/allen-isd-043901
348,1012,75,020902,Angleton ISD,Brazoria,B,0,82,82,7241,https://txschools.net/district/angleton-isd-020902
348,1012,75,061910,Argyle ISD,Denton,A,0,89,89,6551,https://txschools.net/district/argyle-isd-061910
348,1012,75,220915,Azle ISD,Tarrant,C,0,77,77,7166,https://txschools.net/district/azle-isd-220915
348,1012,75,158901,Bay City ISD,Matagorda,C,0,73,73,3312,https://txschools.net/district/bay-city-isd-158901
348,1012,75,130901,Boerne ISD,Kendall,A,0,90,90,11132,https://txschools.net/district/boerne-isd-130901
348,1012,75,184909,Brock ISD,Parker,A,0,87,87,2181,https://txschools.net/district/brock-isd-184909
348,1012,75,031901,Brownsville ISD,Cameron,B,0,86,86,34296,https://txschools.net/district/brownsville-isd-031901
348,1012,75,106901,Canadian ISD,Hemphill,A,0,92,92,675,https://txschools.net/district/canadian-isd-106901
348,1012,75,030902,Clyde CISD,Callahan,B,0,84,84,1421,https://txschools.net/district/clyde-cisd-030902
348,1012,75,045902,Columbus ISD,Colorado,B,0,78,78,1594,https://txschools.net/district/columbus-isd-045902
348,1012,75,057922,Coppell ISD,Dallas,A,0,92,92,13047,https://txschools.net/district/coppell-isd-057922
348,1012,75,095902,Cotton Center ISD,Hale,A,0,91,91,97,https://txschools.net/district/cotton-center-isd-095902
348,1012,75,113901,Crockett ISD,Houston,D,0,68,68,1098,https://txschools.net/district/crockett-isd-113901
348,1012,75,055901,Culberson County-Allamoore ISD,Culberson,B,0,74,74,377,https://txschools.net/district/culberson-county-allamoore-isd-055901
348,1012,75,101908,Deer Park ISD,Harris,B,0,82,82,12001,https://txschools.net/district/deer-park-isd-101908
348,1012,75,108903,Edcouch-Elsa ISD,Hidalgo,D,0,66,66,4162,https://txschools.net/district/edcouch-elsa-isd-108903
348,1012,75,108904,Edinburg CISD,Hidalgo,B,0,82,82,32466,https://txschools.net/district/edinburg-cisd-108904
348,1012,75,128904,Falls City ISD,Karnes,A,0,93,93,452,https://txschools.net/district/falls-city-isd-128904
348,1012,75,075906,Fayetteville ISD,Fayette,A,0,96,96,308,https://txschools.net/district/fayetteville-isd-075906
348,1012,75,129902,Forney ISD,Kaufman,C,0,78,78,19643,https://txschools.net/district/forney-isd-129902
348,1012,75,230902,Gilmer ISD,Upshur,B,0,83,83,2923,https://txschools.net/district/gilmer-isd-230902
348,1012,75,087901,Glasscock County ISD,Glasscock,A,0,96,96,290,https://txschools.net/district/glasscock-county-isd-087901
348,1012,75,213901,Glen Rose ISD,Somervell,B,0,84,84,2091,https://txschools.net/district/glen-rose-isd-213901
348,1012,75,089901,Gonzales ISD,Gonzales,C,0,71,71,2514,https://txschools.net/district/gonzales-isd-089901
348,1012,75,182902,Graford ISD,Palo Pinto,A,0,93,93,329,https://txschools.net/district/graford-isd-182902
348,1012,75,135001,Guthrie CSD,King,A,0,95,95,99,https://txschools.net/district/guthrie-csd-135001
348,1012,75,146904,Hardin ISD,Liberty,C,0,67,67,1175,https://txschools.net/district/hardin-isd-146904
348,1012,75,244901,Harrold ISD,Wilbarger,B,0,87,87,159,https://txschools.net/district/harrold-isd-244901
348,1012,75,065902,Hedley ISD,Donley,B,0,92,92,85,https://txschools.net/district/hedley-isd-065902
348,1012,75,177905,Highland ISD,Nolan,A,0,98,98,211,https://txschools.net/district/highland-isd-177905
348,1012,75,120905,Industrial ISD,Jackson,B,0,88,88,1153,https://txschools.net/district/industrial-isd-120905
348,1012,75,208903,Ira ISD,Scurry,A,0,94,94,307,https://txschools.net/district/ira-isd-208903
348,1012,75,070907,Italy ISD,Ellis,B,0,79,79,599,https://txschools.net/district/italy-isd-070907
348,1012,75,210902,Joaquin ISD,Shelby,A,0,92,92,695,https://txschools.net/district/joaquin-isd-210902
348,1012,75,101914,Katy ISD,Harris,B,0,89,89,95136,https://txschools.net/district/katy-isd-101914
348,1012,75,242905,Kelton ISD,Wheeler,B,0,74,74,129,https://txschools.net/district/kelton-isd-242905
348,1012,75,092902,Kilgore ISD,Gregg,C,0,74,74,3576,https://txschools.net/district/kilgore-isd-092902
348,1012,75,101916,La Porte ISD,Harris,B,0,84,84,6900,https://txschools.net/district/la-porte-isd-101916
348,1012,75,015913,Lackland ISD,Bexar,B,0,86,86,966,https://txschools.net/district/lackland-isd-015913
348,1012,75,074909,Leonard ISD,Fannin,B,0,73,73,840,https://txschools.net/district/leonard-isd-074909
348,1012,75,168902,Loraine ISD,Mitchell,C,0,74,74,133,https://txschools.net/district/loraine-isd-168902
348,1012,75,003903,Lufkin ISD,Angelina,C,0,71,71,6678,https://txschools.net/district/lufkin-isd-003903
348,1012,75,107906,Malakoff ISD,Henderson,B,0,81,81,1522,https://txschools.net/district/malakoff-isd-107906
348,1012,75,220908,Mansfield ISD,Tarrant,B,0,88,88,34654,https://txschools.net/district/mansfield-isd-220908
348,1012,75,019903,Maud ISD,Bowie,A,0,92,92,459,https://txschools.net/district/maud-isd-019903
348,1012,75,108906,McAllen ISD,Hidalgo,B,0,88,88,19405,https://txschools.net/district/mcallen-isd-108906
348,1012,75,062906,Meyersville ISD,Dewitt,B,0,83,83,167,https://txschools.net/district/meyersville-isd-062906
348,1012,75,166903,Milano ISD,Milam,B,0,88,88,394,https://txschools.net/district/milano-isd-166903
348,1012,75,200902,Miles ISD,Runnels,A,0,94,94,497,https://txschools.net/district/miles-isd-200902
348,1012,75,173901,Motley County ISD,Motley,A,0,94,94,188,https://txschools.net/district/motley-county-isd-173901
348,1012,75,225902,Mount Pleasant ISD,Titus,B,0,84,84,5019,https://txschools.net/district/mount-pleasant-isd-225902
348,1012,75,101917,Pasadena ISD,Harris,B,0,80,80,44046,https://txschools.net/district/pasadena-isd-101917
348,1012,75,020908,Pearland ISD,Brazoria,A,0,89,89,20555,https://txschools.net/district/pearland-isd-020908
348,1012,75,245903,Raymondville ISD,Willacy,A,0,90,90,1901,https://txschools.net/district/raymondville-isd-245903
348,1012,75,019906,Redwater ISD,Bowie,B,0,86,86,1092,https://txschools.net/district/redwater-isd-019906
348,1012,75,074917,Sam Rayburn ISD,Fannin,B,0,90,90,477,https://txschools.net/district/sam-rayburn-isd-074917
348,1012,75,182904,Santo ISD,Palo Pinto,A,0,89,89,570,https://txschools.net/district/santo-isd-182904
348,1012,75,094902,Schertz-Cibolo-U City ISD,Guadalupe,B,0,80,80,14764,https://txschools.net/district/schertz-cibolo-u-city-isd-094902
348,1012,75,101924,Sheldon ISD,Harris,C,0,74,74,10576,https://txschools.net/district/sheldon-isd-101924
348,1012,75,143903,Shiner ISD,Lavaca,A,0,89,89,700,https://txschools.net/district/shiner-isd-143903
348,1012,75,015909,Somerset ISD,Bexar,B,0,83,83,4169,https://txschools.net/district/somerset-isd-015909
348,1012,75,031916,South Texas ISD,Cameron,A,0,96,96,4741,https://txschools.net/district/south-texas-isd-031916
348,1012,75,140907,Springlake-Earth ISD,Lamb,A,0,92,92,221,https://txschools.net/district/springlake-earth-isd-140907
348,1012,75,156902,Stanton ISD,Martin,B,0,81,81,1069,https://txschools.net/district/stanton-isd-156902
348,1012,75,216901,Sterling City ISD,Sterling,A,0,95,95,312,https://txschools.net/district/sterling-city-isd-216901
348,1012,75,129906,Terrell ISD,Kaufman,C,0,71,71,5178,https://txschools.net/district/terrell-isd-129906
348,1012,75,228903,Trinity ISD,Trinity,D,0,69,69,1150,https://txschools.net/district/trinity-isd-228903
348,1012,75,161914,Waco ISD,McLennan,D,0,63,63,12892,https://txschools.net/district/waco-isd-161914
348,1012,75,242903,Wheeler ISD,Wheeler,B,0,88,88,341,https://txschools.net/district/wheeler-isd-242903
348,1012,75,092908,White Oak ISD,Gregg,B,0,82,82,1429,https://txschools.net/district/white-oak-isd-092908
348,1012,75,170904,Willis ISD,Montgomery,C,0,74,74,9579,https://txschools.net/district/willis-isd-170904
348,1012,75,043914,Wylie ISD,Collin,A,0,92,92,19400,https://txschools.net/district/wylie-isd-043914
348,1012,75,221912,Wylie ISD,Taylor,B,0,87,87,5617,https://txschools.net/district/wylie-isd-221912
348,1012,75,062904,Yorktown ISD,Dewitt,B,0,81,81,552,https://txschools.net/district/yorktown-isd-062904
424,1012,45,187901,Big Sandy ISD,Polk,A,1,92,93,526,https://txschools.net/district/big-sandy-isd-187901
424,1012,45,220902,Birdville ISD,Tarrant,C,1,77,78,22044,https://txschools.net/district/birdville-isd-220902
424,1012,45,017901,Borden County ISD,Borden,A,1,95,96,238,https://txschools.net/district/borden-county-isd-017901
424,1012,45,243901,Burkburnett ISD,Wichita,C,1,71,72,3142,https://txschools.net/district/burkburnett-isd-243901
424,1012,45,191901,Canyon ISD,Randall,B,1,86,87,11527,https://txschools.net/district/canyon-isd-191901
424,1012,45,057903,Carrollton-Farmers Branch ISD,Dallas,B,1,75,76,22831,https://txschools.net/district/carrollton-farmers-branch-isd-057903
424,1012,45,174908,Central Heights ISD,Nacogdoches,A,1,90,91,1106,https://txschools.net/district/central-heights-isd-174908
424,1012,45,101905,Channelview ISD,Harris,B,1,74,75,9086,https://txschools.net/district/channelview-isd-101905
424,1012,45,067902,Cisco ISD,Eastland,B,1,81,82,861,https://txschools.net/district/cisco-isd-067902
424,1012,45,129901,Crandall ISD,Kaufman,C,1,71,72,7455,https://txschools.net/district/crandall-isd-129901
424,1012,45,234903,Edgewood ISD,Van Zandt,B,1,79,80,997,https://txschools.net/district/edgewood-isd-234903
424,1012,45,185902,Farwell ISD,Parmer,B,1,87,88,570,https://txschools.net/district/farwell-isd-185902
424,1012,45,075901,Flatonia ISD,Fayette,A,1,92,93,675,https://txschools.net/district/flatonia-isd-075901
424,1012,45,043905,Frisco ISD,Collin,A,1,89,90,62627,https://txschools.net/district/frisco-isd-043905
424,1012,45,165902,Greenwood ISD,Midland,C,1,72,73,3621,https://txschools.net/district/greenwood-isd-165902
424,1012,45,059901,Hereford ISD,Deaf Smith,C,1,68,69,3836,https://txschools.net/district/hereford-isd-059901
424,1012,45,034903,Hughes Springs ISD,Cass,B,1,83,84,1044,https://txschools.net/district/hughes-springs-isd-034903
424,1012,45,221911,Jim Ned CISD,Taylor,A,1,88,89,1625,https://txschools.net/district/jim-ned-cisd-221911
424,1012,45,126905,Joshua ISD,Johnson,B,1,81,82,5998,https://txschools.net/district/joshua-isd-126905
424,1012,45,101915,Klein ISD,Harris,B,1,85,86,51154,https://txschools.net/district/klein-isd-101915
424,1012,45,058905,Klondike ISD,Dawson,A,1,94,95,269,https://txschools.net/district/klondike-isd-058905
424,1012,45,061905,Krum ISD,Denton,C,1,75,76,2573,https://txschools.net/district/krum-isd-061905
424,1012,45,246913,Leander ISD,Williamson,B,1,84,85,41854,https://txschools.net/district/leander-isd-246913
424,1012,45,061914,Little Elm ISD,Denton,C,1,73,74,7647,https://txschools.net/district/little-elm-isd-061914
424,1012,45,161909,McGregor ISD,McLennan,C,1,77,78,1448,https://txschools.net/district/mcgregor-isd-161909
424,1012,45,164901,Menard ISD,Menard,B,1,84,85,249,https://txschools.net/district/menard-isd-164901
424,1012,45,018903,Morgan ISD,Bosque,C,1,62,63,138,https://txschools.net/district/morgan-isd-018903
424,1012,45,201907,Mount Enterprise ISD,Rusk,B,1,90,91,482,https://txschools.net/district/mount-enterprise-isd-201907
424,1012,45,009901,Muleshoe ISD,Bailey,B,1,76,77,1309,https://txschools.net/district/muleshoe-isd-009901
424,1012,45,154903,North Zulch ISD,Madison,A,1,93,94,335,https://txschools.net/district/north-zulch-isd-154903
424,1012,45,139909,Paris ISD,Lamar,B,1,77,78,3728,https://txschools.net/district/paris-isd-139909
424,1012,45,179901,Perryton ISD,Ochiltree,B,1,74,75,1698,https://txschools.net/district/perryton-isd-179901
424,1012,45,043911,Princeton ISD,Collin,B,1,79,80,11375,https://txschools.net/district/princeton-isd-043911
424,1012,45,237905,Royal ISD,Waller,D,1,63,64,3086,https://txschools.net/district/royal-isd-237905
424,1012,45,037907,Rusk ISD,Cherokee,B,1,75,76,1980,https://txschools.net/district/rusk-isd-037907
424,1012,45,117903,Sanford-Fritch ISD,Hutchinson,C,1,74,75,714,https://txschools.net/district/sanford-fritch-isd-117903
424,1012,45,084909,Santa Fe ISD,Galveston,B,1,77,78,4326,https://txschools.net/district/santa-fe-isd-084909
424,1012,45,083901,Seagraves ISD,Gaines,B,1,70,71,523,https://txschools.net/district/seagraves-isd-083901
424,1012,45,047905,Sidney ISD,Comanche,A,1,90,91,115,https://txschools.net/district/sidney-isd-047905
424,1012,45,001909,Slocum ISD,Anderson,B,1,83,84,330,https://txschools.net/district/slocum-isd-001909
424,1012,45,201910,Tatum ISD,Rusk,B,1,82,83,1327,https://txschools.net/district/tatum-isd-201910
424,1012,45,022004,Terlingua CSD,Brewster,D,1,57,58,140,https://txschools.net/district/terlingua-csd-022004
424,1012,45,232904,Utopia ISD,Uvalde,A,1,94,95,190,https://txschools.net/district/utopia-isd-232904
424,1012,45,108916,Valley View ISD,Hidalgo,A,1,89,90,3304,https://txschools.net/district/valley-view-isd-108916
424,1012,45,045905,Weimar ISD,Colorado,A,1,89,90,735,https://txschools.net/district/weimar-isd-045905
424,1012,45,174906,Woden ISD,Nacogdoches,B,1,82,83,824,https://txschools.net/district/woden-isd-174906
470,1012,55,101903,Alief ISD,Harris,C,2,71,73,36376,https://txschools.net/district/alief-isd-101903
470,1012,55,022901,Alpine ISD,Brewster,C,2,74,76,956,https://txschools.net/district/alpine-isd-022901
470,1012,55,005901,Archer City ISD,Archer,A,2,90,92,486,https://txschools.net/district/archer-city-isd-005901
470,1012,55,036902,Barbers Hill ISD,Chambers,A,2,92,94,8069,https://txschools.net/district/barbers-hill-isd-036902
470,1012,55,114901,Big Spring ISD,Howard,B,2,76,78,3107,https://txschools.net/district/big-spring-isd-114901
470,1012,55,169901,Bowie ISD,Montague,B,2,74,76,1457,https://txschools.net/district/bowie-isd-169901
470,1012,55,249902,Boyd ISD,Wise,C,2,73,75,1443,https://txschools.net/district/boyd-isd-249902
470,1012,55,249903,Bridgeport ISD,Wise,C,2,70,72,2028,https://txschools.net/district/bridgeport-isd-249903
470,1012,55,178903,Calallen ISD,Nueces,B,2,81,83,3677,https://txschools.net/district/calallen-isd-178903
470,1012,55,049905,Callisburg ISD,Cooke,C,2,70,72,1139,https://txschools.net/district/callisburg-isd-049905
470,1012,55,194904,Clarksville ISD,Red River,D,2,63,65,504,https://txschools.net/district/clarksville-isd-194904
470,1012,55,168901,Colorado ISD,Mitchell,C,2,73,75,901,https://txschools.net/district/colorado-isd-168901
470,1012,55,054901,Crosbyton CISD,Crosby,C,2,68,70,293,https://txschools.net/district/crosbyton-cisd-054901
470,1012,55,172902,Daingerfield-Lone Star ISD,Morris,C,2,80,82,988,https://txschools.net/district/daingerfield-lone-star-isd-172902
470,1012,55,058902,Dawson ISD,Dawson,B,2,69,71,145,https://txschools.net/district/dawson-isd-058902
470,1012,55,081906,Dew ISD,Freestone,C,2,73,75,170,https://txschools.net/district/dew-isd-081906
470,1012,55,072902,Dublin ISD,Erath,A,2,89,91,1078,https://txschools.net/district/dublin-isd-072902
470,1012,55,077901,Floydada Collegiate ISD,Floyd,B,2,83,85,644,https://txschools.net/district/floydada-collegiate-isd-077901
470,1012,55,114904,Forsan ISD,Howard,B,2,80,82,674,https://txschools.net/district/forsan-isd-114904
470,1012,55,182901,Gordon ISD,Palo Pinto,A,2,87,89,240,https://txschools.net/district/gordon-isd-182901
470,1012,55,067904,Gorman ISD,Eastland,C,2,65,67,210,https://txschools.net/district/gorman-isd-067904
470,1012,55,091917,Gunter ISD,Grayson,B,2,74,76,1153,https://txschools.net/district/gunter-isd-091917
470,1012,55,086902,Harper ISD,Gillespie,B,2,81,83,566,https://txschools.net/district/harper-isd-086902
470,1012,55,103902,Hartley ISD,Hartley,A,2,93,95,242,https://txschools.net/district/hartley-isd-103902
470,1012,55,084903,High Island ISD,Galveston,B,2,75,77,122,https://txschools.net/district/high-island-isd-084903
470,1012,55,014905,Holland ISD,Bell,A,2,87,89,669,https://txschools.net/district/holland-isd-014905
470,1012,55,005902,Holliday ISD,Archer,A,2,83,85,1127,https://txschools.net/district/holliday-isd-005902
470,1012,55,163904,Hondo ISD,Medina,C,2,71,73,1720,https://txschools.net/district/hondo-isd-163904
470,1012,55,118902,Irion County ISD,Irion,A,2,87,89,307,https://txschools.net/district/irion-county-isd-118902
470,1012,55,246907,Jarrell ISD,Williamson,C,2,73,75,4514,https://txschools.net/district/jarrell-isd-246907
470,1012,55,137901,Kingsville ISD,Kleberg,D,2,62,64,2341,https://txschools.net/district/kingsville-isd-137901
470,1012,55,161906,La Vega ISD,McLennan,C,2,71,73,3079,https://txschools.net/district/la-vega-isd-161906
470,1012,55,178906,London ISD,Nueces,A,2,87,89,1922,https://txschools.net/district/london-isd-178906
470,1012,55,116906,Lone Oak ISD,Hunt,B,2,82,84,1090,https://txschools.net/district/lone-oak-isd-116906
470,1012,55,007904,Lytle ISD,Atascosa,D,2,63,65,1803,https://txschools.net/district/lytle-isd-007904
470,1012,55,027904,Marble Falls ISD,Burnet,C,2,66,68,4054,https://txschools.net/district/marble-falls-isd-027904
470,1012,55,102902,Marshall ISD,Harrison,D,2,65,67,4726,https://txschools.net/district/marshall-isd-102902
470,1012,55,070909,Milford ISD,Ellis,C,2,65,67,277,https://txschools.net/district/milford-isd-070909
470,1012,55,238902,Monahans-Wickett-Pyote ISD,Ward,C,2,72,74,2180,https://txschools.net/district/monahans-wickett-pyote-isd-238902
470,1012,55,170903,Montgomery ISD,Montgomery,B,2,85,87,9699,https://txschools.net/district/montgomery-isd-170903
470,1012,55,019905,New Boston ISD,Bowie,B,2,80,82,1060,https://txschools.net/district/new-boston-isd-019905
470,1012,55,015915,Northside ISD,Bexar,C,2,76,78,98031,https://txschools.net/district/northside-isd-015915
470,1012,55,031909,Point Isabel ISD,Cameron,B,2,74,76,1718,https://txschools.net/district/point-isabel-isd-031909
470,1012,55,007906,Poteet ISD,Atascosa,D,2,59,61,1867,https://txschools.net/district/poteet-isd-007906
470,1012,55,247904,Poth ISD,Wilson,A,2,86,88,967,https://txschools.net/district/poth-isd-247904
470,1012,55,099903,Quanah ISD,Hardeman,B,2,80,82,396,https://txschools.net/district/quanah-isd-099903
470,1012,55,070911,Red Oak ISD,Ellis,C,2,77,79,6569,https://txschools.net/district/red-oak-isd-070911
470,1012,55,057916,Richardson ISD,Dallas,B,2,77,79,36142,https://txschools.net/district/richardson-isd-057916
470,1012,55,214901,Rio Grande City Grulla ISD,Starr,B,2,82,84,9157,https://txschools.net/district/rio-grande-city-grulla-isd-214901
470,1012,55,019909,Simms ISD,Bowie,B,2,80,82,462,https://txschools.net/district/simms-isd-019909
470,1012,55,098904,Spearman ISD,Hansford,B,2,83,85,652,https://txschools.net/district/spearman-isd-098904
470,1012,55,020906,Sweeny ISD,Brazoria,C,2,76,78,1691,https://txschools.net/district/sweeny-isd-020906
470,1012,55,149902,Three Rivers ISD,Live Oak,C,2,61,63,541,https://txschools.net/district/three-rivers-isd-149902
470,1012,55,158902,Tidehaven ISD,Matagorda,A,2,88,90,1038,https://txschools.net/district/tidehaven-isd-158902
470,1012,55,229904,Warren ISD,Tyler,C,2,65,67,1178,https://txschools.net/district/warren-isd-229904
470,1012,55,091909,Whitesboro ISD,Grayson,C,2,75,77,1757,https://txschools.net/district/whitesboro-isd-091909
526,1012,69,093901,Anderson-Shiro CISD,Grimes,A,3,87,90,944,https://txschools.net/district/anderson-shiro-cisd-093901
526,1012,69,071906,Anthony ISD,El Paso,B,3,84,87,681,https://txschools.net/district/anthony-isd-071906
526,1012,69,220901,Arlington ISD,Tarrant,C,3,73,76,51102,https://txschools.net/district/arlington-isd-220901
526,1012,69,183901,Beckville ISD,Panola,B,3,81,84,652,https://txschools.net/district/beckville-isd-183901
526,1012,69,039904,Bellevue ISD,Clay,A,3,90,93,242,https://txschools.net/district/bellevue-isd-039904
526,1012,69,230901,Big Sandy ISD,Upshur,C,3,73,76,643,https://txschools.net/district/big-sandy-isd-230901
526,1012,69,178902,Bishop CISD,Nueces,A,3,87,90,1427,https://txschools.net/district/bishop-cisd-178902
526,1012,69,126902,Burleson ISD,Johnson,B,3,80,83,12560,https://txschools.net/district/burleson-isd-126902
526,1012,69,239903,Burton ISD,Washington,A,3,80,83,650,https://txschools.net/district/burton-isd-239903
526,1012,69,201913,Carlisle ISD,Rusk,B,3,88,91,656,https://txschools.net/district/carlisle-isd-201913
526,1012,69,064903,Carrizo Springs CISD,Dimmit,C,3,66,69,1796,https://txschools.net/district/carrizo-springs-cisd-064903
526,1012,69,133901,Center Point ISD,Kerr,C,3,74,77,492,https://txschools.net/district/center-point-isd-133901
526,1012,69,021901,College Station ISD,Brazos,B,3,79,82,13892,https://txschools.net/district/college-station-isd-021901
526,1012,69,142901,Cotulla ISD,La Salle,C,3,71,74,1130,https://txschools.net/district/cotulla-isd-142901
526,1012,69,254901,Crystal City ISD,Zavala,C,3,68,71,1480,https://txschools.net/district/crystal-city-isd-254901
526,1012,69,249905,Decatur ISD,Wise,C,3,70,73,3801,https://txschools.net/district/decatur-isd-249905
526,1012,69,194905,Detroit ISD,Red River,C,3,75,78,469,https://txschools.net/district/detroit-isd-194905
526,1012,69,001903,Elkhart ISD,Anderson,B,3,77,80,1175,https://txschools.net/district/elkhart-isd-001903
526,1012,69,070905,Ferris ISD,Ellis,B,3,78,81,3031,https://txschools.net/district/ferris-isd-070905
526,1012,69,198903,Franklin ISD,Robertson,A,3,90,93,1438,https://txschools.net/district/franklin-isd-198903
526,1012,69,015914,Ft Sam Houston ISD,Bexar,A,3,93,96,1543,https://txschools.net/district/ft-sam-houston-isd-015914
526,1012,69,049901,Gainesville ISD,Cooke,D,3,65,68,3054,https://txschools.net/district/gainesville-isd-049901
526,1012,69,126911,Godley ISD,Johnson,C,3,72,75,3315,https://txschools.net/district/godley-isd-126911
526,1012,69,167901,Goldthwaite ISD,Mills,B,3,85,88,504,https://txschools.net/district/goldthwaite-isd-167901
526,1012,69,101911,Goose Creek CISD,Harris,B,3,76,79,23308,https://txschools.net/district/goose-creek-cisd-101911
526,1012,69,226907,Grape Creek ISD,Tom Green,C,3,74,77,1192,https://txschools.net/district/grape-creek-isd-226907
526,1012,69,152910,Idalou ISD,Lubbock,A,3,86,89,1036,https://txschools.net/district/idalou-isd-152910
526,1012,69,057912,Irving ISD,Dallas,C,3,73,76,29182,https://txschools.net/district/irving-isd-057912
526,1012,69,109907,Itasca ISD,Hill,C,3,64,67,652,https://txschools.net/district/itasca-isd-109907
526,1012,69,119902,Jacksboro ISD,Jack,B,3,81,84,1032,https://txschools.net/district/jacksboro-isd-119902
526,1012,69,134901,Junction ISD,Kimble,C,3,68,71,552,https://txschools.net/district/junction-isd-134901
526,1012,69,128902,Kenedy ISD,Karnes,B,3,75,78,733,https://txschools.net/district/kenedy-isd-128902
526,1012,69,248901,Kermit ISD,Winkler,D,3,59,62,1255,https://txschools.net/district/kermit-isd-248901
526,1012,69,100903,Kountze ISD,Hardin,C,3,71,74,1163,https://txschools.net/district/kountze-isd-100903
526,1012,69,227913,Lake Travis ISD,Travis,A,3,88,91,10748,https://txschools.net/district/lake-travis-isd-227913
526,1012,69,061902,Lewisville ISD,Denton,B,3,80,83,46328,https://txschools.net/district/lewisville-isd-061902
526,1012,69,083902,Loop ISD,Gaines,A,3,92,95,143,https://txschools.net/district/loop-isd-083902
526,1012,69,161907,Lorena ISD,McLennan,A,3,84,87,1740,https://txschools.net/district/lorena-isd-161907
526,1012,69,127905,Lueders-Avoca ISD,Jones,D,3,65,68,103,https://txschools.net/district/lueders-avoca-isd-127905
526,1012,69,022902,Marathon ISD,Brewster,B,3,75,78,46,https://txschools.net/district/marathon-isd-022902
526,1012,69,094904,Marion ISD,Guadalupe,B,3,78,81,1741,https://txschools.net/district/marion-isd-094904
526,1012,69,043907,McKinney ISD,Collin,B,3,83,86,23667,https://txschools.net/district/mckinney-isd-043907
526,1012,69,169908,Montague ISD,Montague,A,3,88,91,170,https://txschools.net/district/montague-isd-169908
526,1012,69,079906,Needville ISD,Fort Bend,A,3,86,89,3673,https://txschools.net/district/needville-isd-079906
526,1012,69,252902,Newcastle ISD,Young,B,3,89,92,231,https://txschools.net/district/newcastle-isd-252902
526,1012,69,062902,Nordheim ISD,Dewitt,B,3,71,74,111,https://txschools.net/district/nordheim-isd-062902
526,1012,69,104907,Paint Creek ISD,Haskell,A,3,92,95,116,https://txschools.net/district/paint-creek-isd-104907
526,1012,69,070910,Palmer ISD,Ellis,B,3,84,87,1382,https://txschools.net/district/palmer-isd-070910
526,1012,69,043910,Plano ISD,Collin,B,3,79,82,43805,https://txschools.net/district/plano-isd-043910
526,1012,69,019912,Pleasant Grove ISD,Bowie,A,3,87,90,2348,https://txschools.net/district/pleasant-grove-isd-019912
526,1012,69,043912,Prosper ISD,Collin,A,3,87,90,33583,https://txschools.net/district/prosper-isd-043912
526,1012,69,161922,Robinson ISD,McLennan,A,3,85,88,2401,https://txschools.net/district/robinson-isd-161922
526,1012,69,199901,Rockwall ISD,Rockwall,A,3,88,91,19077,https://txschools.net/district/rockwall-isd-199901
526,1012,69,110905,Ropes ISD,Hockley,A,3,92,95,670,https://txschools.net/district/ropes-isd-110905
526,1012,69,075903,Schulenburg ISD,Fayette,C,3,67,70,644,https://txschools.net/district/schulenburg-isd-075903
526,1012,69,091906,Sherman ISD,Grayson,C,3,69,72,7452,https://txschools.net/district/sherman-isd-091906
526,1012,69,115902,Sierra Blanca ISD,Hudspeth,C,3,68,71,97,https://txschools.net/district/sierra-blanca-isd-115902
526,1012,69,249908,Slidell ISD,Wise,B,3,75,78,515,https://txschools.net/district/slidell-isd-249908
526,1012,69,015908,South San Antonio ISD,Bexar,C,3,71,74,7083,https://txschools.net/district/south-san-antonio-isd-015908
526,1012,69,101920,Spring Branch ISD,Harris,B,3,82,85,31584,https://txschools.net/district/spring-branch-isd-101920
526,1012,69,146907,Tarkington ISD,Liberty,C,3,66,69,1864,https://txschools.net/district/tarkington-isd-146907
526,1012,69,071908,Tornillo ISD,El Paso,B,3,73,76,694,https://txschools.net/district/tornillo-isd-071908
526,1012,69,074912,Trenton ISD,Fannin,B,3,79,82,730,https://txschools.net/district/trenton-isd-074912
526,1012,69,059902,Walcott ISD,Deaf Smith,B,3,77,80,138,https://txschools.net/district/walcott-isd-059902
526,1012,69,223904,Wellman-Union CISD,Terry,A,3,90,93,245,https://txschools.net/district/wellman-union-cisd-223904
526,1012,69,100908,West Hardin County CISD,Hardin,C,3,68,71,506,https://txschools.net/district/west-hardin-county-cisd-100908
526,1012,69,033904,White Deer ISD,Carson,B,3,82,85,302,https://txschools.net/district/white-deer-isd-033904
526,1012,69,243905,Wichita Falls ISD,Wichita,C,3,71,74,12435,https://txschools.net/district/wichita-falls-isd-243905
526,1012,69,200904,Winters ISD,Runnels,B,3,77,80,499,https://txschools.net/district/winters-isd-200904
526,1012,69,071905,Ysleta ISD,El Paso,B,3,84,87,32593,https://txschools.net/district/ysleta-isd-071905
596,1012,49,109901,Abbott ISD,Hill,A,4,89,93,285,https://txschools.net/district/abbott-isd-109901
596,1012,49,121902,Brookeland ISD,Jasper,B,4,81,85,391,https://txschools.net/district/brookeland-isd-121902
596,1012,49,116901,Caddo Mills ISD,Hunt,B,4,80,84,3325,https://txschools.net/district/caddo-mills-isd-116901
596,1012,49,001902,Cayuga ISD,Anderson,B,4,84,88,574,https://txschools.net/district/cayuga-isd-001902
596,1012,49,116902,Celeste ISD,Hunt,B,4,81,85,471,https://txschools.net/district/celeste-isd-116902
596,1012,49,003907,Central ISD,Angelina,C,4,66,70,1491,https://txschools.net/district/central-isd-003907
596,1012,49,073901,Chilton ISD,Falls,A,4,88,92,574,https://txschools.net/district/chilton-isd-073901
596,1012,49,006902,Claude ISD,Armstrong,A,4,92,96,311,https://txschools.net/district/claude-isd-006902
596,1012,49,084910,Clear Creek ISD,Galveston,B,4,84,88,38634,https://txschools.net/district/clear-creek-isd-084910
596,1012,49,071901,Clint ISD,El Paso,B,4,81,85,9829,https://txschools.net/district/clint-isd-071901
596,1012,49,050910,Copperas Cove ISD,Coryell,B,4,78,82,7619,https://txschools.net/district/copperas-cove-isd-050910
596,1012,49,053001,Crockett County Consolidated CSD,Crockett,B,4,81,85,615,https://txschools.net/district/crockett-county-consolidated-csd-053001
596,1012,49,101907,Cypress-Fairbanks ISD,Harris,B,4,81,85,114430,https://txschools.net/district/cypress-fairbanks-isd-101907
596,1012,49,174911,Douglass ISD,Nacogdoches,A,4,92,96,405,https://txschools.net/district/douglass-isd-174911
596,1012,49,102906,Elysian Fields ISD,Harrison,B,4,75,79,753,https://txschools.net/district/elysian-fields-isd-102906
596,1012,49,043904,Farmersville ISD,Collin,B,4,75,79,2523,https://txschools.net/district/farmersville-isd-043904
596,1012,49,175905,Frost ISD,Navarro,C,4,66,70,459,https://txschools.net/district/frost-isd-175905
596,1012,49,169906,Gold Burg ISD,Montague,C,4,65,69,149,https://txschools.net/district/gold-burg-isd-169906
596,1012,49,156905,Grady ISD,Martin,A,4,94,98,242,https://txschools.net/district/grady-isd-156905
596,1012,49,097903,Hico ISD,Hamilton,B,4,73,77,614,https://txschools.net/district/hico-isd-097903
596,1012,49,101912,Houston ISD,Harris,B,4,80,84,167793,https://txschools.net/district/houston-isd-101912
596,1012,49,132902,Jayton-Girard ISD,Kent,A,4,93,97,187,https://txschools.net/district/jayton-girard-isd-132902
596,1012,49,240901,Laredo ISD,Webb,A,4,83,87,19461,https://txschools.net/district/laredo-isd-240901
596,1012,49,246908,Liberty Hill ISD,Williamson,B,4,77,81,10446,https://txschools.net/district/liberty-hill-isd-246908
596,1012,49,031906,Los Fresnos CISD,Cameron,A,4,83,87,10284,https://txschools.net/district/los-fresnos-cisd-031906
596,1012,49,170906,Magnolia ISD,Montgomery,B,4,80,84,15329,https://txschools.net/district/magnolia-isd-170906
596,1012,49,161908,Mart ISD,McLennan,B,4,73,77,597,https://txschools.net/district/mart-isd-161908
596,1012,49,070908,Midlothian ISD,Ellis,B,4,84,88,11537,https://txschools.net/district/midlothian-isd-070908
596,1012,49,046901,New Braunfels ISD,Comal,B,4,79,83,9710,https://txschools.net/district/new-braunfels-isd-046901
596,1012,49,153905,New Home ISD,Lynn,A,4,87,91,685,https://txschools.net/district/new-home-isd-153905
596,1012,49,015910,North East ISD,Bexar,B,4,77,81,53464,https://txschools.net/district/north-east-isd-015910
596,1012,49,230903,Ore City ISD,Upshur,C,4,70,74,786,https://txschools.net/district/ore-city-isd-230903
596,1012,49,051901,Paducah ISD,Cottle,B,4,76,80,137,https://txschools.net/district/paducah-isd-051901
596,1012,49,166904,Rockdale ISD,Milam,C,4,77,81,1452,https://txschools.net/district/rockdale-isd-166904
596,1012,49,246909,Round Rock ISD,Williamson,B,4,85,89,45865,https://txschools.net/district/round-rock-isd-246909
596,1012,49,105902,San Marcos CISD,Hays,C,4,64,68,8134,https://txschools.net/district/san-marcos-cisd-105902
596,1012,49,071909,Socorro ISD,El Paso,B,4,79,83,45850,https://txschools.net/district/socorro-isd-071909
596,1012,49,218901,Sonora ISD,Sutton,C,4,73,77,642,https://txschools.net/district/sonora-isd-218901
596,1012,49,015917,Southside ISD,Bexar,B,4,76,80,6091,https://txschools.net/district/southside-isd-015917
596,1012,49,092907,Spring Hill ISD,Gregg,A,4,88,92,1941,https://txschools.net/district/spring-hill-isd-092907
596,1012,49,079910,Stafford MSD,Fort Bend,B,4,81,85,3529,https://txschools.net/district/stafford-msd-079910
596,1012,49,072903,Stephenville ISD,Erath,A,4,82,86,3503,https://txschools.net/district/stephenville-isd-072903
596,1012,49,110907,Sundown ISD,Hockley,A,4,90,94,701,https://txschools.net/district/sundown-isd-110907
596,1012,49,081904,Teague ISD,Freestone,B,4,82,86,1166,https://txschools.net/district/teague-isd-081904
596,1012,49,096905,Turkey-Quitaque ISD,Hall,A,4,93,97,175,https://txschools.net/district/turkey-quitaque-isd-096905
596,1012,49,226908,Veribest ISD,Tom Green,B,4,86,90,258,https://txschools.net/district/veribest-isd-226908
596,1012,49,070912,Waxahachie ISD,Ellis,B,4,77,81,11092,https://txschools.net/district/waxahachie-isd-070912
596,1012,49,220920,White Settlement ISD,Tarrant,C,4,70,74,6684,https://txschools.net/district/white-settlement-isd-220920
596,1012,49,212906,Whitehouse ISD,Smith,A,4,83,87,4840,https://txschools.net/district/whitehouse-isd-212906
596,1012,49,005904,Windthorst ISD,Archer,A,4,84,88,491,https://txschools.net/district/windthorst-isd-005904
646,1012,50,221901,Abilene ISD,Taylor,C,5,70,75,14260,https://txschools.net/district/abilene-isd-221901
646,1012,50,188901,Amarillo ISD,Potter,B,5,78,83,28172,https://txschools.net/district/amarillo-isd-188901
646,1012,50,212901,Arp ISD,Smith,C,5,68,73,918,https://txschools.net/district/arp-isd-212901
646,1012,50,107901,Athens ISD,Henderson,C,5,65,70,2938,https://txschools.net/district/athens-isd-107901
646,1012,50,200901,Ballinger ISD,Runnels,B,5,73,78,781,https://txschools.net/district/ballinger-isd-200901
646,1012,50,014903,Belton ISD,Bell,B,5,73,78,13516,https://txschools.net/district/belton-isd-014903
646,1012,50,223901,Brownfield ISD,Terry,C,5,65,70,1587,https://txschools.net/district/brownfield-isd-223901
646,1012,50,107902,Brownsboro ISD,Henderson,B,5,78,83,2583,https://txschools.net/district/brownsboro-isd-107902
646,1012,50,025902,Brownwood ISD,Brown,B,5,75,80,3293,https://txschools.net/district/brownwood-isd-025902
646,1012,50,212902,Bullard ISD,Smith,B,5,83,88,2853,https://txschools.net/district/bullard-isd-212902
646,1012,50,234902,Canton ISD,Van Zandt,B,5,80,85,2249,https://txschools.net/district/canton-isd-234902
646,1012,50,249904,Chico ISD,Wise,C,5,67,72,580,https://txschools.net/district/chico-isd-249904
646,1012,50,091902,Collinsville ISD,Grayson,B,5,74,79,647,https://txschools.net/district/collinsville-isd-091902
646,1012,50,020907,Columbia-Brazoria ISD,Brazoria,C,5,64,69,2942,https://txschools.net/district/columbia-brazoria-isd-020907
646,1012,50,060902,Cooper ISD,Delta,C,5,67,72,879,https://txschools.net/district/cooper-isd-060902
646,1012,50,101906,Crosby ISD,Harris,B,5,77,82,7183,https://txschools.net/district/crosby-isd-101906
646,1012,50,057905,Dallas ISD,Dallas,B,5,76,81,134302,https://txschools.net/district/dallas-isd-057905
646,1012,50,057906,Desoto ISD,Dallas,C,5,66,71,5564,https://txschools.net/district/desoto-isd-057906
646,1012,50,015905,Edgewood ISD,Bexar,D,5,62,67,7670,https://txschools.net/district/edgewood-isd-015905
646,1012,50,070903,Ennis ISD,Ellis,C,5,72,77,6621,https://txschools.net/district/ennis-isd-070903
646,1012,50,079907,Fort Bend ISD,Fort Bend,B,5,78,83,77929,https://txschools.net/district/fort-bend-isd-079907
646,1012,50,220905,Fort Worth ISD,Tarrant,C,5,71,76,67315,https://txschools.net/district/fort-worth-isd-220905
646,1012,50,057909,Garland ISD,Dallas,B,5,80,85,49060,https://txschools.net/district/garland-isd-057909
646,1012,50,057910,Grand Prairie ISD,Dallas,B,5,74,79,25445,https://txschools.net/district/grand-prairie-isd-057910
646,1012,50,109905,Hubbard ISD,Hill,C,5,74,79,398,https://txschools.net/district/hubbard-isd-109905
646,1012,50,058906,Lamesa ISD,Dawson,C,5,71,76,1373,https://txschools.net/district/lamesa-isd-058906
646,1012,50,152901,Lubbock ISD,Lubbock,B,5,74,79,23029,https://txschools.net/district/lubbock-isd-152901
646,1012,50,129905,Mabank ISD,Kaufman,B,5,81,86,4098,https://txschools.net/district/mabank-isd-129905
646,1012,50,227907,Manor ISD,Travis,D,5,60,65,9826,https://txschools.net/district/manor-isd-227907
646,1012,50,157901,Mason ISD,Mason,A,5,85,90,675,https://txschools.net/district/mason-isd-157901
646,1012,50,010901,Medina ISD,Bandera,B,5,71,76,239,https://txschools.net/district/medina-isd-010901
646,1012,50,018902,Meridian ISD,Bosque,C,5,56,61,354,https://txschools.net/district/meridian-isd-018902
646,1012,50,165901,Midland ISD,Midland,C,5,69,74,29048,https://txschools.net/district/midland-isd-165901
646,1012,50,093904,Navasota ISD,Grimes,C,5,73,78,3127,https://txschools.net/district/navasota-isd-093904
646,1012,50,050904,Oglesby ISD,Coryell,B,5,76,81,257,https://txschools.net/district/oglesby-isd-050904
646,1012,50,140905,Olton ISD,Lamb,B,5,78,83,592,https://txschools.net/district/olton-isd-140905
646,1012,50,182906,Palo Pinto ISD,Palo Pinto,A,5,83,88,92,https://txschools.net/district/palo-pinto-isd-182906
646,1012,50,184908,Peaster ISD,Parker,B,5,76,81,1715,https://txschools.net/district/peaster-isd-184908
646,1012,50,251902,Plains ISD,Yoakum,C,5,72,77,413,https://txschools.net/district/plains-isd-251902
646,1012,50,031911,Rio Hondo ISD,Cameron,C,5,68,73,1312,https://txschools.net/district/rio-hondo-isd-031911
646,1012,50,152908,Roosevelt ISD,Lubbock,B,5,77,82,1115,https://txschools.net/district/roosevelt-isd-152908
646,1012,50,169911,Saint Jo ISD,Montague,B,5,71,76,298,https://txschools.net/district/saint-jo-isd-169911
646,1012,50,226903,San Angelo ISD,Tom Green,C,5,72,77,12500,https://txschools.net/district/san-angelo-isd-226903
646,1012,50,204904,Shepherd ISD,San Jacinto,C,5,65,70,1967,https://txschools.net/district/shepherd-isd-204904
646,1012,50,171902,Sunray Collegiate ISD,Moore,B,5,82,87,548,https://txschools.net/district/sunray-collegiate-isd-171902
646,1012,50,177902,Sweetwater ISD,Nolan,C,5,68,73,1738,https://txschools.net/district/sweetwater-isd-177902
646,1012,50,222901,Terrell County ISD,Terrell,B,5,85,90,108,https://txschools.net/district/terrell-county-isd-222901
646,1012,50,108913,Weslaco ISD,Hidalgo,B,5,80,85,16012,https://txschools.net/district/weslaco-isd-108913
646,1012,50,110908,Whitharral ISD,Hockley,A,5,93,98,223,https://txschools.net/district/whitharral-isd-110908
646,1012,50,250907,Winnsboro ISD,Wood,B,5,73,78,1395,https://txschools.net/district/winnsboro-isd-250907
646,1012,50,062903,Yoakum ISD,Dewitt,B,5,81,86,1409,https://txschools.net/district/yoakum-isd-062903
697,1012,34,020901,Alvin ISD,Brazoria,B,6,81,87,29994,https://txschools.net/district/alvin-isd-020901
697,1012,34,227901,Austin ISD,Travis,B,6,74,80,69000,https://txschools.net/district/austin-isd-227901
697,1012,34,220917,Castleberry ISD,Tarrant,B,6,81,87,3755,https://txschools.net/district/castleberry-isd-220917
697,1012,34,043918,Community ISD,Collin,B,6,75,81,5764,https://txschools.net/district/community-isd-043918
697,1012,34,163901,Devine ISD,Medina,C,6,71,77,1975,https://txschools.net/district/devine-isd-163901
697,1012,34,003905,Diboll ISD,Angelina,B,6,74,80,1513,https://txschools.net/district/diboll-isd-003905
697,1012,34,082902,Dilley ISD,Frio,C,6,67,73,830,https://txschools.net/district/dilley-isd-082902
697,1012,34,105904,Dripping Springs ISD,Hays,B,6,82,88,8793,https://txschools.net/district/dripping-springs-isd-105904
697,1012,34,220904,Everman ISD,Tarrant,C,6,65,71,4704,https://txschools.net/district/everman-isd-220904
697,1012,34,071903,Fabens ISD,El Paso,B,6,72,78,1812,https://txschools.net/district/fabens-isd-071903
697,1012,34,234909,Fruitvale ISD,Van Zandt,B,6,74,80,390,https://txschools.net/district/fruitvale-isd-234909
697,1012,34,149901,George West ISD,Live Oak,A,6,82,88,1036,https://txschools.net/district/george-west-isd-149901
697,1012,34,147902,Groesbeck ISD,Limestone,C,6,71,77,1457,https://txschools.net/district/groesbeck-isd-147902
697,1012,34,072908,Huckabay ISD,Erath,A,6,89,95,345,https://txschools.net/district/huckabay-isd-072908
697,1012,34,102901,Karnack ISD,Harrison,D,6,63,69,121,https://txschools.net/district/karnack-isd-102901
697,1012,34,220914,Kennedale ISD,Tarrant,B,6,74,80,2659,https://txschools.net/district/kennedale-isd-220914
697,1012,34,014906,Killeen ISD,Bell,C,6,73,79,41366,https://txschools.net/district/killeen-isd-014906
697,1012,34,232901,Knippa ISD,Uvalde,A,6,89,95,408,https://txschools.net/district/knippa-isd-232901
697,1012,34,205904,Mathis ISD,San Patricio,B,6,73,79,1364,https://txschools.net/district/mathis-isd-205904
697,1012,34,011905,McDade ISD,Bastrop,C,6,63,69,373,https://txschools.net/district/mcdade-isd-011905
697,1012,34,095904,Petersburg ISD,Hale,A,6,88,94,230,https://txschools.net/district/petersburg-isd-095904
697,1012,34,108909,Pharr-San Juan-Alamo ISD,Hidalgo,A,6,84,90,29043,https://txschools.net/district/pharr-san-juan-alamo-isd-108909
697,1012,34,117904,Plemons-Stinnett-Phillips CISD,Hutchinson,A,6,84,90,529,https://txschools.net/district/plemons-stinnett-phillips-cisd-117904
697,1012,34,085902,Post ISD,Garza,D,6,62,68,648,https://txschools.net/district/post-isd-085902
697,1012,34,091913,Pottsboro ISD,Grayson,A,6,83,89,1363,https://txschools.net/district/pottsboro-isd-091913
697,1012,34,139912,Prairiland ISD,Lamar,B,6,76,82,1060,https://txschools.net/district/prairiland-isd-139912
697,1012,34,214903,Roma ISD,Starr,A,6,84,90,5916,https://txschools.net/district/roma-isd-214903
697,1012,34,123913,Sabine Pass ISD,Jefferson,B,6,84,90,373,https://txschools.net/district/sabine-pass-isd-123913
697,1012,34,094901,Seguin ISD,Guadalupe,C,6,61,67,7160,https://txschools.net/district/seguin-isd-094901
697,1012,34,205906,Sinton ISD,San Patricio,B,6,75,81,1959,https://txschools.net/district/sinton-isd-205906
697,1012,34,229905,Spurger ISD,Tyler,B,6,72,78,375,https://txschools.net/district/spurger-isd-229905
697,1012,34,091918,Tom Bean ISD,Grayson,B,6,72,78,763,https://txschools.net/district/tom-bean-isd-091918
697,1012,34,014910,Troy ISD,Bell,B,6,73,79,1723,https://txschools.net/district/troy-isd-014910
697,1012,34,230908,Union Grove ISD,Upshur,B,6,80,86,710,https://txschools.net/district/union-grove-isd-230908
697,1012,34,109911,Whitney ISD,Hill,C,6,76,82,1433,https://txschools.net/district/whitney-isd-109911
732,1012,38,178901,Agua Dulce ISD,Nueces,B,7,77,84,387,https://txschools.net/district/agua-dulce-isd-178901
732,1012,38,209901,Albany ISD,Shackelford,B,7,82,89,449,https://txschools.net/district/albany-isd-209901
732,1012,38,126901,Alvarado ISD,Johnson,C,7,68,75,3703,https://txschools.net/district/alvarado-isd-126901
732,1012,38,140901,Amherst ISD,Lamb,B,7,70,77,102,https://txschools.net/district/amherst-isd-140901
732,1012,38,116915,Bland ISD,Hunt,B,7,77,84,777,https://txschools.net/district/bland-isd-116915
732,1012,38,241901,Boling ISD,Wharton,C,7,64,71,1143,https://txschools.net/district/boling-isd-241901
732,1012,38,020905,Brazosport ISD,Brazoria,B,7,75,82,10843,https://txschools.net/district/brazosport-isd-020905
732,1012,38,181901,Bridge City ISD,Orange,C,7,68,75,3072,https://txschools.net/district/bridge-city-isd-181901
732,1012,38,139905,Chisum ISD,Lamar,B,7,77,84,1167,https://txschools.net/district/chisum-isd-139905
732,1012,38,178904,Corpus Christi ISD,Nueces,B,7,75,82,31976,https://txschools.net/district/corpus-christi-isd-178904
732,1012,38,175903,Corsicana ISD,Navarro,C,7,55,62,5910,https://txschools.net/district/corsicana-isd-175903
732,1012,38,107904,Cross Roads ISD,Henderson,B,7,77,84,541,https://txschools.net/district/cross-roads-isd-107904
732,1012,38,112905,Cumby Collegiate ISD,Hopkins,C,7,70,77,485,https://txschools.net/district/cumby-collegiate-isd-112905
732,1012,38,171901,Dumas ISD,Moore,B,7,74,81,4232,https://txschools.net/district/dumas-isd-171901
732,1012,38,071902,El Paso ISD,El Paso,B,7,74,81,46113,https://txschools.net/district/el-paso-isd-071902
732,1012,38,066903,Freer ISD,Duval,B,7,75,82,663,https://txschools.net/district/freer-isd-066903
732,1012,38,092901,Gladewater ISD,Gregg,C,7,73,80,1577,https://txschools.net/district/gladewater-isd-092901
732,1012,38,220906,Grapevine-Colleyville ISD,Tarrant,A,7,84,91,13343,https://txschools.net/district/grapevine-colleyville-isd-220906
732,1012,38,031903,Harlingen CISD,Cameron,B,7,78,85,16187,https://txschools.net/district/harlingen-cisd-031903
732,1012,38,146905,Hull-Daisetta ISD,Liberty,D,7,55,62,425,https://txschools.net/district/hull-daisetta-isd-146905
732,1012,38,093903,Iola ISD,Grimes,A,7,80,87,656,https://txschools.net/district/iola-isd-093903
732,1012,38,111902,Lipan ISD,Hood,B,7,76,83,492,https://txschools.net/district/lipan-isd-111902
732,1012,38,150901,Llano ISD,Llano,B,7,73,80,2009,https://txschools.net/district/llano-isd-150901
732,1012,38,250903,Mineola ISD,Wood,B,7,71,78,1790,https://txschools.net/district/mineola-isd-250903
732,1012,38,174904,Nacogdoches ISD,Nacogdoches,C,7,64,71,5513,https://txschools.net/district/nacogdoches-isd-174904
732,1012,38,123905,Nederland ISD,Jefferson,A,7,83,90,5359,https://txschools.net/district/nederland-isd-123905
732,1012,38,230906,New Diana ISD,Upshur,B,7,76,83,1150,https://txschools.net/district/new-diana-isd-230906
732,1012,38,042905,Panther Creek CISD,Coleman,B,7,75,82,139,https://txschools.net/district/panther-creek-cisd-042905
732,1012,38,039903,Petrolia CISD,Clay,C,7,69,76,485,https://txschools.net/district/petrolia-cisd-039903
732,1012,38,108910,Progreso ISD,Hidalgo,B,7,68,75,1291,https://txschools.net/district/progreso-isd-108910
732,1012,38,015906,Randolph Field ISD,Bexar,A,7,87,94,1402,https://txschools.net/district/randolph-field-isd-015906
732,1012,38,178909,Robstown ISD,Nueces,D,7,61,68,2478,https://txschools.net/district/robstown-isd-178909
732,1012,38,137904,Santa Gertrudis ISD,Kleberg,A,7,86,93,813,https://txschools.net/district/santa-gertrudis-isd-137904
732,1012,38,170907,Splendora ISD,Montgomery,C,7,65,72,5882,https://txschools.net/district/splendora-isd-170907
732,1012,38,247906,Stockdale ISD,Wilson,B,7,69,76,879,https://txschools.net/district/stockdale-isd-247906
732,1012,38,140908,Sudan ISD,Lamb,B,7,85,92,445,https://txschools.net/district/sudan-isd-140908
732,1012,38,112910,Sulphur Bluff ISD,Hopkins,B,7,76,83,195,https://txschools.net/district/sulphur-bluff-isd-112910
732,1012,38,178912,Tuloso-Midway ISD,Nueces,B,7,75,82,3659,https://txschools.net/district/tuloso-midway-isd-178912
732,1012,38,091910,Whitewright ISD,Grayson,B,7,81,88,791,https://txschools.net/district/whitewright-isd-091910
771,1012,37,217901,Aspermont ISD,Stonewall,A,8,87,95,210,https://txschools.net/district/aspermont-isd-217901
771,1012,37,025901,Bangs ISD,Brown,B,8,72,80,768,https://txschools.net/district/bangs-isd-025901
771,1012,37,178913,Banquete ISD,Nueces,B,8,72,80,724,https://txschools.net/district/banquete-isd-178913
771,1012,37,198901,Bremond ISD,Robertson,A,8,84,92,461,https://txschools.net/district/bremond-isd-198901
771,1012,37,021902,Bryan ISD,Brazos,C,8,63,71,15653,https://txschools.net/district/bryan-isd-021902
771,1012,37,029901,Calhoun County ISD,Calhoun,B,8,72,80,3381,https://txschools.net/district/calhoun-county-isd-029901
771,1012,37,145902,Centerville ISD,Leon,C,8,69,77,633,https://txschools.net/district/centerville-isd-145902
771,1012,37,078901,Crowell ISD,Foard,B,8,81,89,172,https://txschools.net/district/crowell-isd-078901
771,1012,37,174902,Cushing ISD,Nacogdoches,B,8,69,77,561,https://txschools.net/district/cushing-isd-174902
771,1012,37,049906,Era ISD,Cooke,A,8,82,90,517,https://txschools.net/district/era-isd-049906
771,1012,37,247901,Floresville ISD,Wilson,B,8,70,78,3893,https://txschools.net/district/floresville-isd-247901
771,1012,37,169910,Forestburg ISD,Montague,B,8,70,78,172,https://txschools.net/district/forestburg-isd-169910
771,1012,37,086901,Fredericksburg ISD,Gillespie,B,8,80,88,2956,https://txschools.net/district/fredericksburg-isd-086901
771,1012,37,246904,Georgetown ISD,Williamson,B,8,72,80,13951,https://txschools.net/district/georgetown-isd-246904
771,1012,37,116905,Greenville ISD,Hunt,C,8,63,71,5435,https://txschools.net/district/greenville-isd-116905
771,1012,37,100905,Hardin-Jefferson ISD,Hardin,B,8,81,89,2828,https://txschools.net/district/hardin-jefferson-isd-100905
771,1012,37,035902,Hart ISD,Castro,B,8,77,85,208,https://txschools.net/district/hart-isd-035902
771,1012,37,201902,Henderson ISD,Rusk,B,8,72,80,3151,https://txschools.net/district/henderson-isd-201902
771,1012,37,131001,Kenedy County Wide CSD,Kenedy,B,8,67,75,123,https://txschools.net/district/kenedy-county-wide-csd-131001
771,1012,37,110902,Levelland ISD,Hockley,B,8,75,83,2398,https://txschools.net/district/levelland-isd-110902
771,1012,37,028902,Lockhart ISD,Caldwell,C,8,70,78,6757,https://txschools.net/district/lockhart-isd-028902
771,1012,37,160905,Lohn ISD,McCulloch,B,8,78,86,109,https://txschools.net/district/lohn-isd-160905
771,1012,37,161910,Moody ISD,McLennan,B,8,79,87,761,https://txschools.net/district/moody-isd-161910
771,1012,37,170908,New Caney ISD,Montgomery,C,8,71,79,19642,https://txschools.net/district/new-caney-isd-170908
771,1012,37,236901,New Waverly ISD,Walker,B,8,77,85,1064,https://txschools.net/district/new-waverly-isd-236901
771,1012,37,176902,Newton ISD,Newton,C,8,66,74,946,https://txschools.net/district/newton-isd-176902
771,1012,37,227904,Pflugerville ISD,Travis,B,8,74,82,25028,https://txschools.net/district/pflugerville-isd-227904
771,1012,37,128903,Runge ISD,Karnes,C,8,66,74,172,https://txschools.net/district/runge-isd-128903
771,1012,37,015907,San Antonio ISD,Bexar,C,8,68,76,42508,https://txschools.net/district/san-antonio-isd-015907
771,1012,37,026902,Somerville ISD,Burleson,C,8,63,71,527,https://txschools.net/district/somerville-isd-026902
771,1012,37,015912,Southwest ISD,Bexar,C,8,70,78,14839,https://txschools.net/district/southwest-isd-015912
771,1012,37,153904,Tahoka ISD,Lynn,B,8,78,86,556,https://txschools.net/district/tahoka-isd-153904
771,1012,37,212905,Tyler ISD,Smith,B,8,74,82,18800,https://txschools.net/district/tyler-isd-212905
771,1012,37,126908,Venus ISD,Johnson,C,8,63,71,2191,https://txschools.net/district/venus-isd-126908
771,1012,37,244903,Vernon ISD,Wilbarger,C,8,59,67,1685,https://txschools.net/district/vernon-isd-244903
771,1012,37,240904,Webb CISD,Webb,C,8,69,77,206,https://txschools.net/district/webb-cisd-240904
771,1012,37,234907,Wills Point ISD,Van Zandt,C,8,62,70,2882,https://txschools.net/district/wills-point-isd-234907
771,1012,37,253901,Zapata County ISD,Zapata,B,8,77,85,3199,https://txschools.net/district/zapata-county-isd-253901
809,1012,28,095901,Abernathy ISD,Hale,B,9,82,91,775,https://txschools.net/district/abernathy-isd-095901
809,1012,28,101902,Aldine ISD,Harris,C,9,67,76,52115,https://txschools.net/district/aldine-isd-101902
809,1012,28,160901,Brady ISD,McCulloch,B,9,70,79,857,https://txschools.net/district/brady-isd-160901
809,1012,28,008903,Brazos ISD,Austin,B,9,79,88,824,https://txschools.net/district/brazos-isd-008903
809,1012,28,246914,Coupland ISD,Williamson,C,9,68,77,315,https://txschools.net/district/coupland-isd-246914
809,1012,28,020904,Danbury ISD,Brazoria,B,9,77,86,645,https://txschools.net/district/danbury-isd-020904
809,1012,28,159901,Eagle Pass ISD,Maverick,B,9,71,80,13415,https://txschools.net/district/eagle-pass-isd-159901
809,1012,28,068901,Ector County ISD,Ector,C,9,68,77,31866,https://txschools.net/district/ector-county-isd-068901
809,1012,28,011902,Elgin ISD,Bastrop,D,9,59,68,6221,https://txschools.net/district/elgin-isd-011902
809,1012,28,174903,Garrison ISD,Nacogdoches,A,9,77,86,739,https://txschools.net/district/garrison-isd-174903
809,1012,28,126904,Grandview ISD,Johnson,B,9,73,82,1417,https://txschools.net/district/grandview-isd-126904
809,1012,28,015904,Harlandale ISD,Bexar,C,9,63,72,11096,https://txschools.net/district/harlandale-isd-015904
809,1012,28,108905,Hidalgo ISD,Hidalgo,B,9,69,78,2788,https://txschools.net/district/hidalgo-isd-108905
809,1012,28,101913,Humble ISD,Harris,B,9,76,85,47734,https://txschools.net/district/humble-isd-101913
809,1012,28,155901,Jefferson ISD,Marion,C,9,68,77,1105,https://txschools.net/district/jefferson-isd-155901
809,1012,28,007902,Jourdanton ISD,Atascosa,C,9,69,78,1561,https://txschools.net/district/jourdanton-isd-007902
809,1012,28,061912,Lake Dallas ISD,Denton,B,9,69,78,3935,https://txschools.net/district/lake-dallas-isd-061912
809,1012,28,057913,Lancaster ISD,Dallas,B,9,70,79,6431,https://txschools.net/district/lancaster-isd-057913
809,1012,28,187907,Livingston ISD,Polk,C,9,66,75,3988,https://txschools.net/district/livingston-isd-187907
809,1012,28,147903,Mexia ISD,Limestone,C,9,68,77,1780,https://txschools.net/district/mexia-isd-147903
809,1012,28,169902,Nocona ISD,Montague,B,9,73,82,764,https://txschools.net/district/nocona-isd-169902
809,1012,28,145906,Normangee ISD,Leon,B,9,75,84,655,https://txschools.net/district/normangee-isd-145906
809,1012,28,145907,Oakwood ISD,Leon,C,9,70,79,205,https://txschools.net/district/oakwood-isd-145907
809,1012,28,061906,Ponder ISD,Denton,B,9,78,87,1737,https://txschools.net/district/ponder-isd-061906
809,1012,28,076903,Roby CISD,Fisher,A,9,86,95,313,https://txschools.net/district/roby-cisd-076903
809,1012,28,245904,San Perlita ISD,Willacy,B,9,74,83,174,https://txschools.net/district/san-perlita-isd-245904
809,1012,28,072901,Three Way ISD,Erath,C,9,65,74,224,https://txschools.net/district/three-way-isd-072901
809,1012,28,111903,Tolar ISD,Hood,A,9,81,90,898,https://txschools.net/district/tolar-isd-111903
809,1012,28,237904,Waller ISD,Waller,B,9,70,79,10846,https://txschools.net/district/waller-isd-237904
838,1012,25,180903,Adrian ISD,Oldham,A,10,82,92,136,https://txschools.net/district/adrian-isd-180903
838,1012,25,010902,Bandera ISD,Bandera,C,10,66,76,2159,https://txschools.net/district/bandera-isd-010902
838,1012,25,235901,Bloomington ISD,Victoria,D,10,58,68,705,https://txschools.net/district/bloomington-isd-235901
838,1012,25,204901,Coldspring-Oakhurst CISD,San Jacinto,C,10,66,76,1587,https://txschools.net/district/coldspring-oakhurst-cisd-204901
838,1012,25,130902,Comfort ISD,Kendall,C,10,65,75,1012,https://txschools.net/district/comfort-isd-130902
838,1012,25,112908,Como-Pickton CISD,Hopkins,B,10,73,83,751,https://txschools.net/district/como-pickton-cisd-112908
838,1012,25,074905,Ector ISD,Fannin,B,10,68,78,234,https://txschools.net/district/ector-isd-074905
838,1012,25,088902,Goliad ISD,Goliad,B,10,74,84,1191,https://txschools.net/district/goliad-isd-088902
838,1012,25,018906,Iredell ISD,Bosque,A,10,82,92,137,https://txschools.net/district/iredell-isd-018906
838,1012,25,121904,Jasper ISD,Jasper,C,10,63,73,1947,https://txschools.net/district/jasper-isd-121904
838,1012,25,121905,Kirbyville CISD,Jasper,C,10,68,78,1443,https://txschools.net/district/kirbyville-cisd-121905
838,1012,25,100907,Lumberton ISD,Hardin,B,10,75,85,4039,https://txschools.net/district/lumberton-isd-100907
838,1012,25,112907,Miller Grove ISD,Hopkins,B,10,76,86,314,https://txschools.net/district/miller-grove-isd-112907
838,1012,25,167902,Mullin ISD,Mills,C,10,52,62,176,https://txschools.net/district/mullin-isd-167902
838,1012,25,123907,Port Arthur ISD,Jefferson,C,10,62,72,7664,https://txschools.net/district/port-arthur-isd-123907
838,1012,25,019911,Red Lick ISD,Bowie,A,10,76,86,515,https://txschools.net/district/red-lick-isd-019911
838,1012,25,045903,Rice CISD,Colorado,C,10,63,73,1287,https://txschools.net/district/rice-cisd-045903
838,1012,25,188902,River Road ISD,Potter,B,10,71,81,1183,https://txschools.net/district/river-road-isd-188902
838,1012,25,031913,Santa Maria ISD,Cameron,B,10,77,87,502,https://txschools.net/district/santa-maria-isd-031913
838,1012,25,129910,Scurry-Rosser ISD,Kaufman,B,10,76,86,1052,https://txschools.net/district/scurry-rosser-isd-129910
838,1012,25,210903,Shelbyville ISD,Shelby,B,10,79,89,862,https://txschools.net/district/shelbyville-isd-210903
838,1012,25,246911,Taylor ISD,Williamson,B,10,69,79,2882,https://txschools.net/district/taylor-isd-246911
838,1012,25,230904,Union Hill ISD,Upshur,C,10,65,75,254,https://txschools.net/district/union-hill-isd-230904
838,1012,25,227506,University of Texas at Austin HS,Travis,C,10,55,65,1211,https://txschools.net/district/university-of-texas-at-austin-hs-227506
838,1012,25,235902,Victoria ISD,Victoria,C,10,70,80,12534,https://txschools.net/district/victoria-isd-235902
838,1012,25,181906,West Orange-Cove CISD,Orange,C,10,64,74,2502,https://txschools.net/district/west-orange-cove-cisd-181906
864,1012,18,176901,Burkeville ISD,Newton,C,11,54,65,245,https://txschools.net/district/burkeville-isd-176901
864,1012,18,220912,Crowley ISD,Tarrant,B,11,68,79,17052,https://txschools.net/district/crowley-isd-220912
864,1012,18,020910,Damon ISD,Brazoria,B,11,77,88,87,https://txschools.net/district/damon-isd-020910
864,1012,18,146902,Dayton ISD,Liberty,C,11,66,77,5777,https://txschools.net/district/dayton-isd-146902
864,1012,18,084901,Dickinson ISD,Galveston,B,11,77,88,12569,https://txschools.net/district/dickinson-isd-084901
864,1012,18,120901,Edna ISD,Jackson,B,11,74,85,1538,https://txschools.net/district/edna-isd-120901
864,1012,18,210906,Excelsior ISD,Shelby,C,11,65,76,112,https://txschools.net/district/excelsior-isd-210906
864,1012,18,178914,Flour Bluff ISD,Nueces,B,11,76,87,5375,https://txschools.net/district/flour-bluff-isd-178914
864,1012,18,143901,Hallettsville ISD,Lavaca,B,11,75,86,1129,https://txschools.net/district/hallettsville-isd-143901
864,1012,18,123914,Hamshire-Fannett ISD,Jefferson,B,11,75,86,1947,https://txschools.net/district/hamshire-fannett-isd-123914
864,1012,18,034905,Linden-Kildare CISD,Cass,B,11,72,83,585,https://txschools.net/district/linden-kildare-cisd-034905
864,1012,18,181908,Little Cypress-Mauriceville CISD,Orange,C,11,65,76,3342,https://txschools.net/district/little-cypress-mauriceville-cisd-181908
864,1012,18,140904,Littlefield ISD,Lamb,B,11,78,89,1185,https://txschools.net/district/littlefield-isd-140904
864,1012,18,034906,McLeod ISD,Cass,A,11,82,93,420,https://txschools.net/district/mcleod-isd-034906
864,1012,18,152902,New Deal ISD,Lubbock,B,11,77,88,697,https://txschools.net/district/new-deal-isd-152902
864,1012,18,184901,Poolville ISD,Parker,C,11,65,76,764,https://txschools.net/district/poolville-isd-184901
864,1012,18,205907,Taft ISD,San Patricio,C,11,62,73,786,https://txschools.net/district/taft-isd-205907
864,1012,18,019907,Texarkana ISD,Bowie,C,11,64,75,7623,https://txschools.net/district/texarkana-isd-019907
864,1012,18,084906,Texas City ISD,Galveston,C,11,65,76,7379,https://txschools.net/district/texas-city-isd-084906
883,1012,23,125901,Alice ISD,Jim Wells,B,12,70,82,4198,https://txschools.net/district/alice-isd-125901
883,1012,23,205901,Aransas Pass ISD,San Patricio,C,12,63,75,1595,https://txschools.net/district/aransas-pass-isd-205901
883,1012,23,070901,Avalon ISD,Ellis,B,12,53,65,316,https://txschools.net/district/avalon-isd-070901
883,1012,23,125902,Ben Bolt-Palito Blanco ISD,Jim Wells,B,12,75,87,420,https://txschools.net/district/ben-bolt-palito-blanco-isd-125902
883,1012,23,072904,Bluff Dale ISD,Erath,B,12,74,86,226,https://txschools.net/district/bluff-dale-isd-072904
883,1012,23,119901,Bryson ISD,Jack,B,12,78,90,262,https://txschools.net/district/bryson-isd-119901
883,1012,23,007901,Charlotte ISD,Atascosa,B,12,70,82,422,https://txschools.net/district/charlotte-isd-007901
883,1012,23,185903,Friona ISD,Parmer,C,12,62,74,979,https://txschools.net/district/friona-isd-185903
883,1012,23,120902,Ganado ISD,Jackson,B,12,70,82,720,https://txschools.net/district/ganado-isd-120902
883,1012,23,234904,Grand Saline ISD,Van Zandt,B,12,69,81,1205,https://txschools.net/district/grand-saline-isd-234904
883,1012,23,205902,Gregory-Portland ISD,San Patricio,B,12,76,88,5116,https://txschools.net/district/gregory-portland-isd-205902
883,1012,23,127904,Hawley ISD,Jones,B,12,69,81,773,https://txschools.net/district/hawley-isd-127904
883,1012,23,202903,Hemphill ISD,Sabine,A,12,80,92,728,https://txschools.net/district/hemphill-isd-202903
883,1012,23,126906,Keene ISD,Johnson,B,12,74,86,1131,https://txschools.net/district/keene-isd-126906
883,1012,23,072909,Lingleville ISD,Erath,B,12,80,92,264,https://txschools.net/district/lingleville-isd-072909
883,1012,23,070915,Maypearl ISD,Ellis,C,12,67,79,1217,https://txschools.net/district/maypearl-isd-070915
883,1012,23,039905,Midway ISD,Clay,B,12,75,87,128,https://txschools.net/district/midway-isd-039905
883,1012,23,040901,Morton ISD,Cochran,B,12,65,77,350,https://txschools.net/district/morton-isd-040901
883,1012,23,094903,Navarro ISD,Guadalupe,B,12,74,86,3039,https://txschools.net/district/navarro-isd-094903
883,1012,23,123908,Port Neches-Groves ISD,Jefferson,B,12,70,82,5289,https://txschools.net/district/port-neches-groves-isd-123908
883,1012,23,189902,Presidio ISD,Presidio,C,12,68,80,1063,https://txschools.net/district/presidio-isd-189902
883,1012,23,014907,Rogers ISD,Bell,B,12,69,81,856,https://txschools.net/district/rogers-isd-014907
883,1012,23,210905,Timpson ISD,Shelby,B,12,79,91,718,https://txschools.net/district/timpson-isd-210905
883,1012,23,091907,Tioga ISD,Grayson,A,12,81,93,610,https://txschools.net/district/tioga-isd-091907
907,1012,18,250906,Alba-Golden ISD,Wood,B,13,71,84,772,https://txschools.net/district/alba-golden-isd-250906
907,1012,18,116916,Boles ISD,Hunt,B,13,68,81,530,https://txschools.net/district/boles-isd-116916
907,1012,18,114902,Coahoma ISD,Howard,C,13,65,78,1157,https://txschools.net/district/coahoma-isd-114902
907,1012,18,229901,Colmesneil ISD,Tyler,C,13,57,70,388,https://txschools.net/district/colmesneil-isd-229901
907,1012,18,143906,Ezzell ISD,Lavaca,B,13,77,90,124,https://txschools.net/district/ezzell-isd-143906
907,1012,18,237902,Hempstead ISD,Waller,C,13,65,78,1563,https://txschools.net/district/hempstead-isd-237902
907,1012,18,050909,Jonesboro ISD,Coryell,C,13,53,66,317,https://txschools.net/district/jonesboro-isd-050909
907,1012,18,241906,Louise ISD,Wharton,B,13,77,90,510,https://txschools.net/district/louise-isd-241906
907,1012,18,175910,Mildred ISD,Navarro,B,13,72,85,801,https://txschools.net/district/mildred-isd-175910
907,1012,18,108915,Monte Alto ISD,Hidalgo,B,13,68,81,764,https://txschools.net/district/monte-alto-isd-108915
907,1012,18,037908,New Summerfield ISD,Cherokee,B,13,72,85,512,https://txschools.net/district/new-summerfield-isd-037908
907,1012,18,082903,Pearsall ISD,Frio,C,13,60,73,1900,https://txschools.net/district/pearsall-isd-082903
907,1012,18,109914,Penelope ISD,Hill,A,13,80,93,215,https://txschools.net/district/penelope-isd-109914
907,1012,18,031912,San Benito CISD,Cameron,C,13,65,78,8620,https://txschools.net/district/san-benito-cisd-031912
907,1012,18,066902,San Diego ISD,Duval,B,13,78,91,1416,https://txschools.net/district/san-diego-isd-066902
907,1012,18,011904,Smithville ISD,Bastrop,C,13,65,78,1864,https://txschools.net/district/smithville-isd-011904
907,1012,18,101919,Spring ISD,Harris,C,13,64,77,32328,https://txschools.net/district/spring-isd-101919
907,1012,18,014909,Temple ISD,Bell,B,13,67,80,8704,https://txschools.net/district/temple-isd-014909
907,1012,18,226905,Water Valley ISD,Tom Green,A,13,80,93,305,https://txschools.net/district/water-valley-isd-226905
926,1012,8,148905,Darrouzett ISD,Lipscomb,D,14,45,59,97,https://txschools.net/district/darrouzett-isd-148905
926,1012,8,050901,Evant ISD,Coryell,D,14,55,69,192,https://txschools.net/district/evant-isd-050901
926,1012,8,186903,Iraan-Sheffield Collegiate ISD,Pecos,C,14,64,78,514,https://txschools.net/district/iraan-sheffield-collegiate-isd-186903
926,1012,8,137903,Riviera ISD,Kleberg,B,14,76,90,406,https://txschools.net/district/riviera-isd-137903
926,1012,8,184902,Springtown ISD,Parker,C,14,62,76,4227,https://txschools.net/district/springtown-isd-184902
926,1012,8,211902,Stratford ISD,Sherman,B,14,77,91,487,https://txschools.net/district/stratford-isd-211902
926,1012,8,182905,Strawn ISD,Palo Pinto,B,14,71,85,172,https://txschools.net/district/strawn-isd-182905
926,1012,8,018905,Walnut Springs ISD,Bosque,C,14,49,63,152,https://txschools.net/district/walnut-springs-isd-018905
926,1012,8,153907,Wilson ISD,Lynn,C,14,59,73,120,https://txschools.net/district/wilson-isd-153907
935,1012,10,163902,D'Hanis ISD,Medina,A,15,79,94,297,https://txschools.net/district/d-hanis-isd-163902
935,1012,10,176903,Deweyville ISD,Newton,C,15,61,76,574,https://txschools.net/district/deweyville-isd-176903
935,1012,10,048901,Eden CISD,Concho,B,15,65,80,217,https://txschools.net/district/eden-cisd-048901
935,1012,10,238904,Grandfalls-Royalty ISD,Ward,C,15,61,76,121,https://txschools.net/district/grandfalls-royalty-isd-238904
935,1012,10,128901,Karnes City ISD,Karnes,B,15,69,84,928,https://txschools.net/district/karnes-city-isd-128901
935,1012,10,219905,Kress ISD,Swisher,B,15,68,83,278,https://txschools.net/district/kress-isd-219905
935,1012,10,245902,Lyford CISD,Willacy,B,15,72,87,1366,https://txschools.net/district/lyford-cisd-245902
935,1012,10,163903,Natalia ISD,Medina,C,15,55,70,1301,https://txschools.net/district/natalia-isd-163903
935,1012,10,196903,Refugio ISD,Refugio,B,15,68,83,591,https://txschools.net/district/refugio-isd-196903
935,1012,10,104903,Rule ISD,Haskell,B,15,67,82,143,https://txschools.net/district/rule-isd-104903
935,1012,10,058909,Sands CISD,Dawson,A,15,78,93,225,https://txschools.net/district/sands-cisd-058909
946,1012,8,198902,Calvert ISD,Robertson,D,16,49,65,143,https://txschools.net/district/calvert-isd-198902
946,1012,8,033901,Groom ISD,Carson,B,16,68,84,112,https://txschools.net/district/groom-isd-033901
946,1012,8,228901,Groveton ISD,Trinity,C,16,55,71,740,https://txschools.net/district/groveton-isd-228901
946,1012,8,074907,Honey Grove ISD,Fannin,B,16,70,86,674,https://txschools.net/district/honey-grove-isd-074907
946,1012,8,075902,La Grange ISD,Fayette,B,16,65,81,1839,https://txschools.net/district/la-grange-isd-075902
946,1012,8,108907,Mercedes ISD,Hidalgo,C,16,51,67,3940,https://txschools.net/district/mercedes-isd-108907
946,1012,8,205905,Odem-Edroy ISD,San Patricio,B,16,65,81,892,https://txschools.net/district/odem-edroy-isd-205905
946,1012,8,107907,Trinidad ISD,Henderson,B,16,59,75,175,https://txschools.net/district/trinidad-isd-107907
946,1012,8,219903,Tulia ISD,Swisher,C,16,57,73,730,https://txschools.net/district/tulia-isd-219903
955,1012,5,229906,Chester ISD,Tyler,B,17,71,88,186,https://txschools.net/district/chester-isd-229906
955,1012,5,015911,East Central ISD,Bexar,C,17,59,76,11798,https://txschools.net/district/east-central-isd-015911
955,1012,5,121906,Evadale ISD,Jasper,A,17,74,91,450,https://txschools.net/district/evadale-isd-121906
955,1012,5,084902,Galveston ISD,Galveston,B,17,60,77,6664,https://txschools.net/district/galveston-isd-084902
955,1012,5,138902,Knox City-O'Brien CISD,Knox,A,17,79,96,183,https://txschools.net/district/knox-city-o-brien-cisd-138902
955,1012,5,040902,Whiteface CISD,Cochran,B,17,75,92,294,https://txschools.net/district/whiteface-cisd-040902
961,1012,6,011901,Bastrop ISD,Bastrop,C,18,53,71,13325,https://txschools.net/district/bastrop-isd-011901
961,1012,6,116910,Campbell ISD,Hunt,D,18,45,63,298,https://txschools.net/district/campbell-isd-116910
961,1012,6,245901,Lasara ISD,Willacy,B,18,63,81,330,https://txschools.net/district/lasara-isd-245901
961,1012,6,185904,Lazbuddie ISD,Parmer,A,18,74,92,127,https://txschools.net/district/lazbuddie-isd-185904
961,1012,6,090903,McLean ISD,Gray,B,18,68,86,177,https://txschools.net/district/mclean-isd-090903
961,1012,6,109910,Mount Calm ISD,Hill,C,18,62,80,176,https://txschools.net/district/mount-calm-isd-109910
961,1012,6,069901,Rocksprings ISD,Edwards,B,18,65,83,201,https://txschools.net/district/rocksprings-isd-069901
968,1012,6,034909,Bloomburg ISD,Cass,B,19,71,90,202,https://txschools.net/district/bloomburg-isd-034909
968,1012,6,113902,Grapeland ISD,Houston,C,19,56,75,578,https://txschools.net/district/grapeland-isd-113902
968,1012,6,208901,Hermleigh ISD,Scurry,B,19,60,79,265,https://txschools.net/district/hermleigh-isd-208901
968,1012,6,220910,Lake Worth ISD,Tarrant,D,19,52,71,3165,https://txschools.net/district/lake-worth-isd-220910
968,1012,6,031914,Santa Rosa ISD,Cameron,B,19,63,82,811,https://txschools.net/district/santa-rosa-isd-031914
968,1012,6,180904,Wildorado ISD,Oldham,A,19,75,94,198,https://txschools.net/district/wildorado-isd-180904
968,1012,6,003906,Zavalla ISD,Angelina,B,19,59,78,308,https://txschools.net/district/zavalla-isd-003906
975,1012,7,030901,Cross Plains ISD,Callahan,B,20,65,85,357,https://txschools.net/district/cross-plains-isd-030901
975,1012,7,182903,Mineral Wells ISD,Palo Pinto,B,20,72,92,3244,https://txschools.net/district/mineral-wells-isd-182903
975,1012,7,195901,Pecos-Barstow-Toyah ISD,Reeves,C,20,52,72,2945,https://txschools.net/district/pecos-barstow-toyah-isd-195901
975,1012,7,116908,Quinlan ISD,Hunt,C,20,58,78,2974,https://txschools.net/district/quinlan-isd-116908
975,1012,7,203901,San Augustine ISD,San Augustine,C,20,51,71,585,https://txschools.net/district/san-augustine-isd-203901
975,1012,7,100904,Silsbee ISD,Hardin,C,20,52,72,2377,https://txschools.net/district/silsbee-isd-100904
975,1012,7,049903,Valley View ISD,Cooke,B,20,60,80,875,https://txschools.net/district/valley-view-isd-049903
975,1012,7,202905,West Sabine ISD,Sabine,C,20,51,71,659,https://txschools.net/district/west-sabine-isd-202905
983,1012,1,197902,Miami ISD,Roberts,A,21,73,94,179,https://txschools.net/district/miami-isd-197902
983,1012,1,090904,Pampa ISD,Gray,C,21,54,75,3036,https://txschools.net/district/pampa-isd-090904
985,1012,6,019914,Leary ISD,Bowie,A,22,64,86,106,https://txschools.net/district/leary-isd-019914
985,1012,6,158904,Matagorda ISD,Matagorda,C,22,54,76,118,https://txschools.net/district/matagorda-isd-158904
985,1012,6,069902,Nueces Canyon CISD,Edwards,B,22,61,83,198,https://txschools.net/district/nueces-canyon-cisd-069902
985,1012,6,054903,Ralls ISD,Crosby,C,22,51,73,318,https://txschools.net/district/ralls-isd-054903
985,1012,6,067907,Ranger ISD,Eastland,D,22,44,66,262,https://txschools.net/district/ranger-isd-067907
985,1012,6,067908,Rising Star ISD,Eastland,B,22,60,82,160,https://txschools.net/district/rising-star-isd-067908
985,1012,6,085903,Southland ISD,Garza,B,22,56,78,145,https://txschools.net/district/southland-isd-085903
992,1012,4,121903,Buna ISD,Jasper,C,23,57,80,1412,https://txschools.net/district/buna-isd-121903
992,1012,4,115903,Dell City ISD,Hudspeth,B,23,43,66,75,https://txschools.net/district/dell-city-isd-115903
992,1012,4,246902,Florence ISD,Williamson,B,23,63,86,1125,https://txschools.net/district/florence-isd-246902
992,1012,4,167904,Priddy ISD,Mills,A,23,70,93,90,https://txschools.net/district/priddy-isd-167904
992,1012,4,224902,Woodson ISD,Throckmorton,B,23,67,90,158,https://txschools.net/district/woodson-isd-224902
997,1012,2,030903,Baird ISD,Callahan,B,24,56,80,345,https://txschools.net/district/baird-isd-030903
997,1012,2,177903,Blackwell CISD,Nolan,A,24,73,97,171,https://txschools.net/district/blackwell-cisd-177903
997,1012,2,146906,Liberty ISD,Liberty,C,24,53,77,2406,https://txschools.net/district/liberty-isd-146906
1000,1012,2,090902,Lefors ISD,Gray,C,26,45,71,177,https://txschools.net/district/lefors-isd-090902
1000,1012,2,152504,Texas Tech University K-12,Lubbock,B,26,64,90,829,https://txschools.net/district/texas-tech-university-k-12-152504
1000,1012,2,025906,Zephyr ISD,Brown,B,26,52,78,217,https://txschools.net/district/zephyr-isd-025906
1003,1012,0,013902,Pawnee ISD,Bee,C,29,55,84,252,https://txschools.net/district/pawnee-isd-013902
1004,1012,0,177901,Roscoe Collegiate ISD,Nolan,F,30,35,65,14905,https://txschools.net/district/roscoe-collegiate-isd-177901
1005,1012,0,014902,Bartlett ISD,Bell,C,32,46,78,399,https://txschools.net/district/bartlett-isd-014902
1006,1012,1,109913,Blum ISD,Hill,A,33,57,90,335,https://txschools.net/district/blum-isd-109913
1006,1012,1,161925,Gholson ISD,McLennan,B,33,57,90,227,https://txschools.net/district/gholson-isd-161925
1008,1012,0,184911,Garner ISD,Parker,B,35,55,90,352,https://txschools.net/district/garner-isd-184911
1009,1012,0,144903,Dime Box ISD,Lee,B,37,45,82,169,https://txschools.net/district/dime-box-isd-144903
1010,1012,0,025904,Blanket ISD,Brown,B,39,49,88,151,https://txschools.net/district/blanket-isd-025904
1011,1012,0,186902,Fort Stockton ISD,Pecos,C,40,40,80,11681,https://txschools.net/district/fort-stockton-isd-186902
1012,1012,0,089905,Waelder ISD,Gonzales,B,42,45,87,588,https://txschools.net/district/waelder-isd-089905
