# txschools.net — unofficial. Not operated by, endorsed by, or affiliated with the Texas Education Agency.
# source: Texas Education Agency, published publicly at https://txschools.gov
# snapshot: 15 August 2026 — the date this site fetched TEA's data. TEA may have revised it since.
# dataset: ranking board
# page: https://txschools.net/rankings/texas-districts/four-year-graduation-rate-lowest
# rows: 1058 (excluding this header and the column row)
# ranking: Texas school districts with the lowest Four-Year Graduation Rate in 2025-26
# population: 1,058 districts of 1,199 districts are ranked here.
# population: 6 were not rated by TEA for 2025-26 and are not ranked.
# population: 30 are judged under the other accountability standard, on which this measure means something different and are not ranked.
# population: 105 reported no figure for this measure and are not ranked.
# rank_of is how many rows were actually ranked (can be smaller than the population above); two rows on the same value share a rank ("tied"), and the next rank is skipped.
# empty cell = TEA did not publish that figure. It does not mean zero.
# numbers are unformatted: no thousands separators, no currency symbols, no percent signs.
# lines starting with # are comments — pandas: read_csv(path, comment='#')
rank,rank_of,tied,entity_id,name,county,rating,value,enrollment,url
1,1058,12,101871,A' Unlimited Potential,Harris,B,0,190,https://txschools.net/district/a-unlimited-potential-101871
1,1058,12,066901,Benavides ISD,Duval,D,0,352,https://txschools.net/district/benavides-isd-066901
1,1058,12,123805,Ehrhart School,Jefferson,A,0,593,https://txschools.net/district/ehrhart-school-123805
1,1058,12,071810,El Paso Leadership Academy,El Paso,F,0,665,https://txschools.net/district/el-paso-leadership-academy-071810
1,1058,12,143906,Ezzell ISD,Lavaca,B,0,124,https://txschools.net/district/ezzell-isd-143906
1,1058,12,184911,Garner ISD,Parker,B,0,352,https://txschools.net/district/garner-isd-184911
1,1058,12,225907,Harts Bluff ISD,Titus,C,0,873,https://txschools.net/district/harts-bluff-isd-225907
1,1058,12,158904,Matagorda ISD,Matagorda,C,0,118,https://txschools.net/district/matagorda-isd-158904
1,1058,12,013902,Pawnee ISD,Bee,C,0,252,https://txschools.net/district/pawnee-isd-013902
1,1058,12,098903,Pringle-Morse CISD,Hansford,C,0,126,https://txschools.net/district/pringle-morse-cisd-098903
1,1058,12,101802,Ser-Ninos Charter School,Harris,C,0,1206,https://txschools.net/district/ser-ninos-charter-school-101802
1,1058,12,057813,Trinity Basin Preparatory,Dallas,C,0,6741,https://txschools.net/district/trinity-basin-preparatory-057813
1,1058,12,101873,Yellowstone College Preparatory,Harris,D,0,361,https://txschools.net/district/yellowstone-college-preparatory-101873
14,1058,0,128901,Karnes City ISD,Karnes,B,53,928,https://txschools.net/district/karnes-city-isd-128901
15,1058,0,227506,University of Texas at Austin HS,Travis,C,59.4,1211,https://txschools.net/district/university-of-texas-at-austin-hs-227506
16,1058,0,186902,Fort Stockton ISD,Pecos,C,59.5,11681,https://txschools.net/district/fort-stockton-isd-186902
17,1058,0,128903,Runge ISD,Karnes,C,62.5,172,https://txschools.net/district/runge-isd-128903
18,1058,0,015825,Lighthouse Public Schools,Bexar,C,65.2,481,https://txschools.net/district/lighthouse-public-schools-015825
19,1058,0,015838,Compass Rose Public Schools,Bexar,C,65.5,4032,https://txschools.net/district/compass-rose-public-schools-015838
20,1058,0,102904,Hallsville ISD,Harrison,C,67.4,26808,https://txschools.net/district/hallsville-isd-102904
21,1058,0,152504,Texas Tech University K-12,Lubbock,B,69.9,829,https://txschools.net/district/texas-tech-university-k-12-152504
22,1058,1,025904,Blanket ISD,Brown,B,71.4,151,https://txschools.net/district/blanket-isd-025904
22,1058,1,212910,Winona ISD,Smith,C,71.4,1122,https://txschools.net/district/winona-isd-212910
24,1058,0,015808,Inspire Academies,Bexar,C,73.3,1158,https://txschools.net/district/inspire-academies-015808
25,1058,0,015905,Edgewood ISD,Bexar,D,74.6,7670,https://txschools.net/district/edgewood-isd-015905
26,1058,0,105801,Katherine Anne Porter School,Hays,D,76,76,https://txschools.net/district/katherine-anne-porter-school-105801
27,1058,0,229905,Spurger ISD,Tyler,B,77.3,375,https://txschools.net/district/spurger-isd-229905
28,1058,1,194904,Clarksville ISD,Red River,D,78.6,504,https://txschools.net/district/clarksville-isd-194904
28,1058,1,074905,Ector ISD,Fannin,B,78.6,234,https://txschools.net/district/ector-isd-074905
30,1058,0,103901,Channing ISD,Hartley,B,80,118,https://txschools.net/district/channing-isd-103901
31,1058,0,146901,Cleveland ISD,Liberty,D,82.2,12648,https://txschools.net/district/cleveland-isd-146901
32,1058,0,137901,Kingsville ISD,Kleberg,D,83.9,2341,https://txschools.net/district/kingsville-isd-137901
33,1058,0,067907,Ranger ISD,Eastland,D,84.2,262,https://txschools.net/district/ranger-isd-067907
34,1058,1,101912,Houston ISD,Harris,B,84.3,167793,https://txschools.net/district/houston-isd-101912
34,1058,1,101919,Spring ISD,Harris,C,84.3,32328,https://txschools.net/district/spring-isd-101919
36,1058,0,007906,Poteet ISD,Atascosa,D,84.5,1867,https://txschools.net/district/poteet-isd-007906
37,1058,0,076904,Rotan ISD,Fisher,C,84.6,265,https://txschools.net/district/rotan-isd-076904
38,1058,0,123910,Beaumont ISD,Jefferson,D,84.8,15838,https://txschools.net/district/beaumont-isd-123910
39,1058,0,101902,Aldine ISD,Harris,C,85.1,52115,https://txschools.net/district/aldine-isd-101902
40,1058,0,071902,El Paso ISD,El Paso,B,85.4,46113,https://txschools.net/district/el-paso-isd-071902
41,1058,1,206903,Cherokee ISD,San Saba,B,85.7,127,https://txschools.net/district/cherokee-isd-206903
41,1058,1,031914,Santa Rosa ISD,Cameron,B,85.7,811,https://txschools.net/district/santa-rosa-isd-031914
43,1058,0,129904,Kemp ISD,Kaufman,D,85.9,2017,https://txschools.net/district/kemp-isd-129904
44,1058,0,084906,Texas City ISD,Galveston,C,86.1,7379,https://txschools.net/district/texas-city-isd-084906
45,1058,1,193902,Leakey ISD,Real,C,86.4,308,https://txschools.net/district/leakey-isd-193902
45,1058,1,007904,Lytle ISD,Atascosa,D,86.4,1803,https://txschools.net/district/lytle-isd-007904
47,1058,0,220910,Lake Worth ISD,Tarrant,D,86.5,3165,https://txschools.net/district/lake-worth-isd-220910
48,1058,0,057905,Dallas ISD,Dallas,B,86.6,134302,https://txschools.net/district/dallas-isd-057905
49,1058,0,101920,Spring Branch ISD,Harris,B,87,31584,https://txschools.net/district/spring-branch-isd-101920
50,1058,0,113902,Grapeland ISD,Houston,C,87.1,578,https://txschools.net/district/grapeland-isd-113902
51,1058,0,015916,Judson ISD,Bexar,C,87.4,22556,https://txschools.net/district/judson-isd-015916
52,1058,1,166907,Buckholts ISD,Milam,C,87.5,107,https://txschools.net/district/buckholts-isd-166907
52,1058,1,220905,Fort Worth ISD,Tarrant,C,87.5,67315,https://txschools.net/district/fort-worth-isd-220905
54,1058,0,101903,Alief ISD,Harris,C,87.6,36376,https://txschools.net/district/alief-isd-101903
55,1058,0,184902,Springtown ISD,Parker,C,87.9,4227,https://txschools.net/district/springtown-isd-184902
56,1058,1,050901,Evant ISD,Coryell,D,88.2,192,https://txschools.net/district/evant-isd-050901
56,1058,1,161914,Waco ISD,McLennan,D,88.2,12892,https://txschools.net/district/waco-isd-161914
58,1058,1,101804,George I Sanchez Charter,Harris,C,88.3,941,https://txschools.net/district/george-i-sanchez-charter-101804
58,1058,1,205907,Taft ISD,San Patricio,C,88.3,786,https://txschools.net/district/taft-isd-205907
60,1058,1,024901,Brooks County ISD,Brooks,D,88.4,1074,https://txschools.net/district/brooks-county-isd-024901
60,1058,1,015911,East Central ISD,Bexar,C,88.4,11798,https://txschools.net/district/east-central-isd-015911
62,1058,2,235901,Bloomington ISD,Victoria,D,88.5,705,https://txschools.net/district/bloomington-isd-235901
62,1058,2,102902,Marshall ISD,Harrison,D,88.5,4726,https://txschools.net/district/marshall-isd-102902
62,1058,2,165901,Midland ISD,Midland,C,88.5,29048,https://txschools.net/district/midland-isd-165901
65,1058,0,011902,Elgin ISD,Bastrop,D,88.6,6221,https://txschools.net/district/elgin-isd-011902
66,1058,0,237902,Hempstead ISD,Waller,C,88.7,1563,https://txschools.net/district/hempstead-isd-237902
67,1058,2,100903,Kountze ISD,Hardin,C,88.9,1163,https://txschools.net/district/kountze-isd-100903
67,1058,2,254902,La Pryor ISD,Zavala,D,88.9,445,https://txschools.net/district/la-pryor-isd-254902
67,1058,2,041902,Robert Lee ISD,Coke,B,88.9,253,https://txschools.net/district/robert-lee-isd-041902
70,1058,0,015908,South San Antonio ISD,Bexar,C,89,7083,https://txschools.net/district/south-san-antonio-isd-015908
71,1058,0,068901,Ector County ISD,Ector,C,89.1,31866,https://txschools.net/district/ector-county-isd-068901
72,1058,0,082903,Pearsall ISD,Frio,C,89.4,1900,https://txschools.net/district/pearsall-isd-082903
73,1058,3,057906,Desoto ISD,Dallas,C,89.6,5564,https://txschools.net/district/desoto-isd-057906
73,1058,3,015802,George Gervin Academy,Bexar,B,89.6,744,https://txschools.net/district/george-gervin-academy-015802
73,1058,3,057916,Richardson ISD,Dallas,B,89.6,36142,https://txschools.net/district/richardson-isd-057916
73,1058,3,181906,West Orange-Cove CISD,Orange,C,89.6,2502,https://txschools.net/district/west-orange-cove-cisd-181906
77,1058,0,242902,Shamrock ISD,Wheeler,C,89.7,350,https://txschools.net/district/shamrock-isd-242902
78,1058,0,232903,Uvalde CISD,Uvalde,F,89.8,3815,https://txschools.net/district/uvalde-cisd-232903
79,1058,1,178914,Flour Bluff ISD,Nueces,B,89.9,5375,https://txschools.net/district/flour-bluff-isd-178914
79,1058,1,015910,North East ISD,Bexar,B,89.9,53464,https://txschools.net/district/north-east-isd-015910
81,1058,4,114901,Big Spring ISD,Howard,B,90,3107,https://txschools.net/district/big-spring-isd-114901
81,1058,4,227910,Del Valle ISD,Travis,D,90,11766,https://txschools.net/district/del-valle-isd-227910
81,1058,4,015907,San Antonio ISD,Bexar,C,90,42508,https://txschools.net/district/san-antonio-isd-015907
81,1058,4,224901,Throckmorton Collegiate ISD,Throckmorton,B,90,145,https://txschools.net/district/throckmorton-collegiate-isd-224901
81,1058,4,003906,Zavalla ISD,Angelina,B,90,308,https://txschools.net/district/zavalla-isd-003906
86,1058,0,105902,San Marcos CISD,Hays,C,90.2,8134,https://txschools.net/district/san-marcos-cisd-105902
87,1058,1,220904,Everman ISD,Tarrant,C,90.4,4704,https://txschools.net/district/everman-isd-220904
87,1058,1,236902,Huntsville ISD,Walker,C,90.4,11504,https://txschools.net/district/huntsville-isd-236902
89,1058,1,101905,Channelview ISD,Harris,B,90.5,9086,https://txschools.net/district/channelview-isd-101905
89,1058,1,227907,Manor ISD,Travis,D,90.5,9826,https://txschools.net/district/manor-isd-227907
91,1058,1,014906,Killeen ISD,Bell,C,90.6,41366,https://txschools.net/district/killeen-isd-014906
91,1058,1,227824,Valere Public Schools,Travis,C,90.6,812,https://txschools.net/district/valere-public-schools-227824
93,1058,0,057907,Duncanville ISD,Dallas,C,90.7,10988,https://txschools.net/district/duncanville-isd-057907
94,1058,0,152901,Lubbock ISD,Lubbock,B,90.8,23029,https://txschools.net/district/lubbock-isd-152901
95,1058,5,018906,Iredell ISD,Bosque,A,90.9,137,https://txschools.net/district/iredell-isd-018906
95,1058,5,185904,Lazbuddie ISD,Parmer,A,90.9,127,https://txschools.net/district/lazbuddie-isd-185904
95,1058,5,023902,Silverton ISD,Briscoe,A,90.9,194,https://txschools.net/district/silverton-isd-023902
95,1058,5,019907,Texarkana ISD,Bowie,C,90.9,7623,https://txschools.net/district/texarkana-isd-019907
95,1058,5,227805,Texas Empowerment Academy,Travis,F,90.9,760,https://txschools.net/district/texas-empowerment-academy-227805
95,1058,5,227803,Wayside Schools,Travis,C,90.9,1923,https://txschools.net/district/wayside-schools-227803
101,1058,0,057904,Cedar Hill ISD,Dallas,C,91,5876,https://txschools.net/district/cedar-hill-isd-057904
102,1058,3,035901,Dimmitt ISD,Castro,C,91.1,1072,https://txschools.net/district/dimmitt-isd-035901
102,1058,3,101910,Galena Park ISD,Harris,B,91.1,20108,https://txschools.net/district/galena-park-isd-101910
102,1058,3,109907,Itasca ISD,Hill,C,91.1,652,https://txschools.net/district/itasca-isd-109907
102,1058,3,071905,Ysleta ISD,El Paso,B,91.1,32593,https://txschools.net/district/ysleta-isd-071905
106,1058,0,177902,Sweetwater ISD,Nolan,C,91.2,1738,https://txschools.net/district/sweetwater-isd-177902
107,1058,0,123907,Port Arthur ISD,Jefferson,C,91.3,7664,https://txschools.net/district/port-arthur-isd-123907
108,1058,1,227901,Austin ISD,Travis,B,91.4,69000,https://txschools.net/district/austin-isd-227901
108,1058,1,125905,Premont ISD,Jim Wells,C,91.4,761,https://txschools.net/district/premont-isd-125905
110,1058,2,175903,Corsicana ISD,Navarro,C,91.5,5910,https://txschools.net/district/corsicana-isd-175903
110,1058,2,198905,Hearne ISD,Robertson,D,91.5,719,https://txschools.net/district/hearne-isd-198905
110,1058,2,158905,Palacios ISD,Matagorda,B,91.5,1266,https://txschools.net/district/palacios-isd-158905
113,1058,0,220901,Arlington ISD,Tarrant,C,91.6,51102,https://txschools.net/district/arlington-isd-220901
114,1058,0,028906,Prairie Lea ISD,Caldwell,F,91.7,276,https://txschools.net/district/prairie-lea-isd-028906
115,1058,1,230901,Big Sandy ISD,Upshur,C,91.8,643,https://txschools.net/district/big-sandy-isd-230901
115,1058,1,221801,Texas College Preparatory Academies,Taylor,B,91.8,17201,https://txschools.net/district/texas-college-preparatory-academies-221801
117,1058,2,119901,Bryson ISD,Jack,B,92,262,https://txschools.net/district/bryson-isd-119901
117,1058,2,133903,Kerrville ISD,Kerr,B,92,4402,https://txschools.net/district/kerrville-isd-133903
117,1058,2,101917,Pasadena ISD,Harris,B,92,44046,https://txschools.net/district/pasadena-isd-101917
120,1058,2,220912,Crowley ISD,Tarrant,B,92.1,17052,https://txschools.net/district/crowley-isd-220912
120,1058,2,061804,Leadership Prep School,Denton,B,92.1,1894,https://txschools.net/district/leadership-prep-school-061804
120,1058,2,101874,Legacy School of Sport Sciences,Harris,D,92.1,550,https://txschools.net/district/legacy-school-of-sport-sciences-101874
123,1058,1,142901,Cotulla ISD,La Salle,C,92.2,1130,https://txschools.net/district/cotulla-isd-142901
123,1058,1,028902,Lockhart ISD,Caldwell,C,92.2,6757,https://txschools.net/district/lockhart-isd-028902
125,1058,2,050910,Copperas Cove ISD,Coryell,B,92.3,7619,https://txschools.net/district/copperas-cove-isd-050910
125,1058,2,122901,Ft Davis ISD,Jeff Davis,C,92.3,818,https://txschools.net/district/ft-davis-isd-122901
125,1058,2,109914,Penelope ISD,Hill,A,92.3,215,https://txschools.net/district/penelope-isd-109914
128,1058,1,031909,Point Isabel ISD,Cameron,B,92.5,1718,https://txschools.net/district/point-isabel-isd-031909
128,1058,1,228903,Trinity ISD,Trinity,D,92.5,1150,https://txschools.net/district/trinity-isd-228903
130,1058,1,003903,Lufkin ISD,Angelina,C,92.6,6678,https://txschools.net/district/lufkin-isd-003903
130,1058,1,163903,Natalia ISD,Medina,C,92.6,1301,https://txschools.net/district/natalia-isd-163903
132,1058,2,034905,Linden-Kildare CISD,Cass,B,92.7,585,https://txschools.net/district/linden-kildare-cisd-034905
132,1058,2,094901,Seguin ISD,Guadalupe,C,92.7,7160,https://txschools.net/district/seguin-isd-094901
132,1058,2,178915,West Oso ISD,Nueces,D,92.7,1777,https://txschools.net/district/west-oso-isd-178915
135,1058,2,254901,Crystal City ISD,Zavala,C,92.8,1480,https://txschools.net/district/crystal-city-isd-254901
135,1058,2,108904,Edinburg CISD,Hidalgo,B,92.8,32466,https://txschools.net/district/edinburg-cisd-108904
135,1058,2,227904,Pflugerville ISD,Travis,B,92.8,25028,https://txschools.net/district/pflugerville-isd-227904
138,1058,6,194902,Avery ISD,Red River,A,92.9,295,https://txschools.net/district/avery-isd-194902
138,1058,6,015904,Harlandale ISD,Bexar,C,92.9,11096,https://txschools.net/district/harlandale-isd-015904
138,1058,6,145907,Oakwood ISD,Leon,C,92.9,205,https://txschools.net/district/oakwood-isd-145907
138,1058,6,071904,San Elizario ISD,El Paso,C,92.9,2776,https://txschools.net/district/san-elizario-isd-071904
138,1058,6,101924,Sheldon ISD,Harris,C,92.9,10576,https://txschools.net/district/sheldon-isd-101924
138,1058,6,091906,Sherman ISD,Grayson,C,92.9,7452,https://txschools.net/district/sherman-isd-091906
138,1058,6,229903,Woodville ISD,Tyler,D,92.9,1169,https://txschools.net/district/woodville-isd-229903
145,1058,5,021902,Bryan ISD,Brazos,C,93,15653,https://txschools.net/district/bryan-isd-021902
145,1058,5,071903,Fabens ISD,El Paso,B,93,1812,https://txschools.net/district/fabens-isd-071903
145,1058,5,187907,Livingston ISD,Polk,C,93,3988,https://txschools.net/district/livingston-isd-187907
145,1058,5,108915,Monte Alto ISD,Hidalgo,B,93,764,https://txschools.net/district/monte-alto-isd-108915
145,1058,5,031912,San Benito CISD,Cameron,C,93,8620,https://txschools.net/district/san-benito-cisd-031912
145,1058,5,091909,Whitesboro ISD,Grayson,C,93,1757,https://txschools.net/district/whitesboro-isd-091909
151,1058,5,020905,Brazosport ISD,Brazoria,B,93.1,10843,https://txschools.net/district/brazosport-isd-020905
151,1058,5,116903,Commerce ISD,Hunt,D,93.1,1526,https://txschools.net/district/commerce-isd-116903
151,1058,5,108903,Edcouch-Elsa ISD,Hidalgo,D,93.1,4162,https://txschools.net/district/edcouch-elsa-isd-108903
151,1058,5,057912,Irving ISD,Dallas,C,93.1,29182,https://txschools.net/district/irving-isd-057912
151,1058,5,161906,La Vega ISD,McLennan,C,93.1,3079,https://txschools.net/district/la-vega-isd-161906
151,1058,5,129906,Terrell ISD,Kaufman,C,93.1,5178,https://txschools.net/district/terrell-isd-129906
157,1058,4,113901,Crockett ISD,Houston,D,93.2,1098,https://txschools.net/district/crockett-isd-113901
157,1058,4,227820,KIPP Texas Public Schools,Travis,B,93.2,31596,https://txschools.net/district/kipp-texas-public-schools-227820
157,1058,4,108910,Progreso ISD,Hidalgo,B,93.2,1291,https://txschools.net/district/progreso-isd-108910
157,1058,4,177901,Roscoe Collegiate ISD,Nolan,F,93.2,14905,https://txschools.net/district/roscoe-collegiate-isd-177901
157,1058,4,226903,San Angelo ISD,Tom Green,C,93.2,12500,https://txschools.net/district/san-angelo-isd-226903
162,1058,4,072904,Bluff Dale ISD,Erath,B,93.3,226,https://txschools.net/district/bluff-dale-isd-072904
162,1058,4,127903,Hamlin Collegiate ISD,Jones,B,93.3,383,https://txschools.net/district/hamlin-collegiate-isd-127903
162,1058,4,050904,Oglesby ISD,Coryell,B,93.3,257,https://txschools.net/district/oglesby-isd-050904
162,1058,4,071909,Socorro ISD,El Paso,B,93.3,45850,https://txschools.net/district/socorro-isd-071909
162,1058,4,015917,Southside ISD,Bexar,B,93.3,6091,https://txschools.net/district/southside-isd-015917
167,1058,1,230905,Harmony ISD,Upshur,B,93.4,855,https://txschools.net/district/harmony-isd-230905
167,1058,1,170904,Willis ISD,Montgomery,C,93.4,9579,https://txschools.net/district/willis-isd-170904
169,1058,3,071907,Canutillo ISD,El Paso,C,93.5,5604,https://txschools.net/district/canutillo-isd-071907
169,1058,3,070915,Maypearl ISD,Ellis,C,93.5,1217,https://txschools.net/district/maypearl-isd-070915
169,1058,3,074917,Sam Rayburn ISD,Fannin,B,93.5,477,https://txschools.net/district/sam-rayburn-isd-074917
169,1058,3,015909,Somerset ISD,Bexar,B,93.5,4169,https://txschools.net/district/somerset-isd-015909
173,1058,3,221901,Abilene ISD,Taylor,C,93.6,14260,https://txschools.net/district/abilene-isd-221901
173,1058,3,043902,Anna ISD,Collin,C,93.6,6686,https://txschools.net/district/anna-isd-043902
173,1058,3,247901,Floresville ISD,Wilson,B,93.6,3893,https://txschools.net/district/floresville-isd-247901
173,1058,3,105906,Hays CISD,Hays,B,93.6,24938,https://txschools.net/district/hays-cisd-105906
177,1058,0,246911,Taylor ISD,Williamson,B,93.7,2882,https://txschools.net/district/taylor-isd-246911
178,1058,6,227825,Austin Achieve Public Schools,Travis,C,93.8,2852,https://txschools.net/district/austin-achieve-public-schools-227825
178,1058,6,198901,Bremond ISD,Robertson,A,93.8,461,https://txschools.net/district/bremond-isd-198901
178,1058,6,057910,Grand Prairie ISD,Dallas,B,93.8,25445,https://txschools.net/district/grand-prairie-isd-057910
178,1058,6,019908,Liberty-Eylau ISD,Bowie,D,93.8,1784,https://txschools.net/district/liberty-eylau-isd-019908
178,1058,6,189901,Marfa ISD,Presidio,D,93.8,339,https://txschools.net/district/marfa-isd-189901
178,1058,6,093905,Richards ISD,Grimes,C,93.8,261,https://txschools.net/district/richards-isd-093905
178,1058,6,075908,Round Top-Carmine ISD,Fayette,B,93.8,237,https://txschools.net/district/round-top-carmine-isd-075908
185,1058,4,163901,Devine ISD,Medina,C,93.9,1975,https://txschools.net/district/devine-isd-163901
185,1058,4,243902,Electra ISD,Wichita,C,93.9,418,https://txschools.net/district/electra-isd-243902
185,1058,4,116905,Greenville ISD,Hunt,C,93.9,5435,https://txschools.net/district/greenville-isd-116905
185,1058,4,098901,Gruver ISD,Hansford,A,93.9,419,https://txschools.net/district/gruver-isd-098901
185,1058,4,110906,Smyer ISD,Hockley,A,93.9,433,https://txschools.net/district/smyer-isd-110906
190,1058,7,101907,Cypress-Fairbanks ISD,Harris,B,94,114430,https://txschools.net/district/cypress-fairbanks-isd-101907
190,1058,7,079907,Fort Bend ISD,Fort Bend,B,94,77929,https://txschools.net/district/fort-bend-isd-079907
190,1058,7,059901,Hereford ISD,Deaf Smith,C,94,3836,https://txschools.net/district/hereford-isd-059901
190,1058,7,108905,Hidalgo ISD,Hidalgo,B,94,2788,https://txschools.net/district/hidalgo-isd-108905
190,1058,7,075902,La Grange ISD,Fayette,B,94,1839,https://txschools.net/district/la-grange-isd-075902
190,1058,7,227804,NYOS Charter School,Travis,B,94,1808,https://txschools.net/district/nyos-charter-school-227804
190,1058,7,183801,Panola Charter School,Panola,A,94,174,https://txschools.net/district/panola-charter-school-183801
190,1058,7,220920,White Settlement ISD,Tarrant,C,94,6684,https://txschools.net/district/white-settlement-isd-220920
198,1058,8,002901,Andrews ISD,Andrews,C,94.1,4159,https://txschools.net/district/andrews-isd-002901
198,1058,8,205901,Aransas Pass ISD,San Patricio,C,94.1,1595,https://txschools.net/district/aransas-pass-isd-205901
198,1058,8,243901,Burkburnett ISD,Wichita,C,94.1,3142,https://txschools.net/district/burkburnett-isd-243901
198,1058,8,129902,Forney ISD,Kaufman,C,94.1,19643,https://txschools.net/district/forney-isd-129902
198,1058,8,246906,Hutto ISD,Williamson,C,94.1,11069,https://txschools.net/district/hutto-isd-246906
198,1058,8,169909,Prairie Valley ISD,Montague,B,94.1,138,https://txschools.net/district/prairie-valley-isd-169909
198,1058,8,004901,Rockport-Fulton ISD,Aransas,C,94.1,2831,https://txschools.net/district/rockport-fulton-isd-004901
198,1058,8,237905,Royal ISD,Waller,D,94.1,3086,https://txschools.net/district/royal-isd-237905
198,1058,8,112909,Saltillo ISD,Hopkins,A,94.1,236,https://txschools.net/district/saltillo-isd-112909
207,1058,2,061914,Little Elm ISD,Denton,C,94.2,7647,https://txschools.net/district/little-elm-isd-061914
207,1058,2,031911,Rio Hondo ISD,Cameron,C,94.2,1312,https://txschools.net/district/rio-hondo-isd-031911
207,1058,2,227829,Valor Education,Travis,B,94.2,4738,https://txschools.net/district/valor-education-227829
210,1058,1,227912,Lago Vista ISD,Travis,C,94.3,1864,https://txschools.net/district/lago-vista-isd-227912
210,1058,1,091914,S and S CISD,Grayson,C,94.3,923,https://txschools.net/district/s-and-s-cisd-091914
212,1058,6,178904,Corpus Christi ISD,Nueces,B,94.4,31976,https://txschools.net/district/corpus-christi-isd-178904
212,1058,6,081902,Fairfield ISD,Freestone,C,94.4,1526,https://txschools.net/district/fairfield-isd-081902
212,1058,6,057909,Garland ISD,Dallas,B,94.4,49060,https://txschools.net/district/garland-isd-057909
212,1058,6,108807,IDEA Public Schools,Hidalgo,B,94.4,79607,https://txschools.net/district/idea-public-schools-108807
212,1058,6,010901,Medina ISD,Bandera,B,94.4,239,https://txschools.net/district/medina-isd-010901
212,1058,6,014803,Priority Charter Schools,Bell,B,94.4,529,https://txschools.net/district/priority-charter-schools-014803
212,1058,6,057803,Uplift Education,Dallas,B,94.4,23539,https://txschools.net/district/uplift-education-057803
219,1058,1,013901,Beeville ISD,Bee,C,94.5,2871,https://txschools.net/district/beeville-isd-013901
219,1058,1,070801,Faith Family Academy,Ellis,C,94.5,2883,https://txschools.net/district/faith-family-academy-070801
221,1058,3,136901,Brackett ISD,Kinney,C,94.6,490,https://txschools.net/district/brackett-isd-136901
221,1058,3,089901,Gonzales ISD,Gonzales,C,94.6,2514,https://txschools.net/district/gonzales-isd-089901
221,1058,3,228901,Groveton ISD,Trinity,C,94.6,740,https://txschools.net/district/groveton-isd-228901
221,1058,3,147903,Mexia ISD,Limestone,C,94.6,1780,https://txschools.net/district/mexia-isd-147903
225,1058,6,057903,Carrollton-Farmers Branch ISD,Dallas,B,94.7,22831,https://txschools.net/district/carrollton-farmers-branch-isd-057903
225,1058,6,183902,Carthage ISD,Panola,B,94.7,2602,https://txschools.net/district/carthage-isd-183902
225,1058,6,100905,Hardin-Jefferson ISD,Hardin,B,94.7,2828,https://txschools.net/district/hardin-jefferson-isd-100905
225,1058,6,121905,Kirbyville CISD,Jasper,C,94.7,1443,https://txschools.net/district/kirbyville-cisd-121905
225,1058,6,108912,La Joya ISD,Hidalgo,B,94.7,21606,https://txschools.net/district/la-joya-isd-108912
225,1058,6,201907,Mount Enterprise ISD,Rusk,B,94.7,482,https://txschools.net/district/mount-enterprise-isd-201907
225,1058,6,250905,Yantis ISD,Wood,C,94.7,309,https://txschools.net/district/yantis-isd-250905
232,1058,8,071906,Anthony ISD,El Paso,B,94.8,681,https://txschools.net/district/anthony-isd-071906
232,1058,8,126903,Cleburne ISD,Johnson,C,94.8,6776,https://txschools.net/district/cleburne-isd-126903
232,1058,8,091903,Denison ISD,Grayson,C,94.8,4742,https://txschools.net/district/denison-isd-091903
232,1058,8,230902,Gilmer ISD,Upshur,B,94.8,2923,https://txschools.net/district/gilmer-isd-230902
232,1058,8,101913,Humble ISD,Harris,B,94.8,47734,https://txschools.net/district/humble-isd-101913
232,1058,8,192901,Reagan County ISD,Reagan,C,94.8,840,https://txschools.net/district/reagan-county-isd-192901
232,1058,8,070911,Red Oak ISD,Ellis,C,94.8,6569,https://txschools.net/district/red-oak-isd-070911
232,1058,8,015830,Somerset Academies of Texas,Bexar,B,94.8,2682,https://txschools.net/district/somerset-academies-of-texas-015830
232,1058,8,126908,Venus ISD,Johnson,C,94.8,2191,https://txschools.net/district/venus-isd-126908
241,1058,4,220902,Birdville ISD,Tarrant,C,94.9,22044,https://txschools.net/district/birdville-isd-220902
241,1058,4,161921,Connally ISD,McLennan,D,94.9,2031,https://txschools.net/district/connally-isd-161921
241,1058,4,202903,Hemphill ISD,Sabine,A,94.9,728,https://txschools.net/district/hemphill-isd-202903
241,1058,4,170906,Magnolia ISD,Montgomery,B,94.9,15329,https://txschools.net/district/magnolia-isd-170906
241,1058,4,123905,Nederland ISD,Jefferson,A,94.9,5359,https://txschools.net/district/nederland-isd-123905
246,1058,8,163902,D'Hanis ISD,Medina,A,95,297,https://txschools.net/district/d-hanis-isd-163902
246,1058,8,101908,Deer Park ISD,Harris,B,95,12001,https://txschools.net/district/deer-park-isd-101908
246,1058,8,234903,Edgewood ISD,Van Zandt,B,95,997,https://txschools.net/district/edgewood-isd-234903
246,1058,8,101916,La Porte ISD,Harris,B,95,6900,https://txschools.net/district/la-porte-isd-101916
246,1058,8,057844,Manara Academy,Dallas,B,95,658,https://txschools.net/district/manara-academy-057844
246,1058,8,162904,McMullen County ISD,McMullen,A,95,286,https://txschools.net/district/mcmullen-county-isd-162904
246,1058,8,154903,North Zulch ISD,Madison,A,95,335,https://txschools.net/district/north-zulch-isd-154903
246,1058,8,233901,San Felipe-Del Rio CISD,Val Verde,C,95,9494,https://txschools.net/district/san-felipe-del-rio-cisd-233901
246,1058,8,062904,Yorktown ISD,Dewitt,B,95,552,https://txschools.net/district/yorktown-isd-062904
255,1058,1,145911,Leon ISD,Leon,B,95.1,790,https://txschools.net/district/leon-isd-145911
255,1058,1,237904,Waller ISD,Waller,B,95.1,10846,https://txschools.net/district/waller-isd-237904
257,1058,6,249901,Alvord ISD,Wise,B,95.2,875,https://txschools.net/district/alvord-isd-249901
257,1058,6,064903,Carrizo Springs CISD,Dimmit,C,95.2,1796,https://txschools.net/district/carrizo-springs-cisd-064903
257,1058,6,101915,Klein ISD,Harris,B,95.2,51154,https://txschools.net/district/klein-isd-101915
257,1058,6,205904,Mathis ISD,San Patricio,B,95.2,1364,https://txschools.net/district/mathis-isd-205904
257,1058,6,070909,Milford ISD,Ellis,C,95.2,277,https://txschools.net/district/milford-isd-070909
257,1058,6,138903,Munday CISD,Knox,B,95.2,375,https://txschools.net/district/munday-cisd-138903
257,1058,6,170907,Splendora ISD,Montgomery,C,95.2,5882,https://txschools.net/district/splendora-isd-170907
264,1058,3,045902,Columbus ISD,Colorado,B,95.3,1594,https://txschools.net/district/columbus-isd-045902
264,1058,3,139912,Prairiland ISD,Lamar,B,95.3,1060,https://txschools.net/district/prairiland-isd-139912
264,1058,3,045903,Rice CISD,Colorado,C,95.3,1287,https://txschools.net/district/rice-cisd-045903
264,1058,3,031913,Santa Maria ISD,Cameron,B,95.3,502,https://txschools.net/district/santa-maria-isd-031913
268,1058,5,146902,Dayton ISD,Liberty,C,95.4,5777,https://txschools.net/district/dayton-isd-146902
268,1058,5,159901,Eagle Pass ISD,Maverick,B,95.4,13415,https://txschools.net/district/eagle-pass-isd-159901
268,1058,5,128902,Kenedy ISD,Karnes,B,95.4,733,https://txschools.net/district/kenedy-isd-128902
268,1058,5,108907,Mercedes ISD,Hidalgo,C,95.4,3940,https://txschools.net/district/mercedes-isd-108907
268,1058,5,199902,Royse City ISD,Rockwall,C,95.4,10141,https://txschools.net/district/royse-city-isd-199902
268,1058,5,037907,Rusk ISD,Cherokee,B,95.4,1980,https://txschools.net/district/rusk-isd-037907
274,1058,10,158901,Bay City ISD,Matagorda,C,95.5,3312,https://txschools.net/district/bay-city-isd-158901
274,1058,10,215901,Breckenridge ISD,Stephens,B,95.5,1288,https://txschools.net/district/breckenridge-isd-215901
274,1058,10,025902,Brownwood ISD,Brown,B,95.5,3293,https://txschools.net/district/brownwood-isd-025902
274,1058,10,079901,Lamar CISD,Fort Bend,B,95.5,48645,https://txschools.net/district/lamar-cisd-079901
274,1058,10,011905,McDade ISD,Bastrop,C,95.5,373,https://txschools.net/district/mcdade-isd-011905
274,1058,10,139909,Paris ISD,Lamar,B,95.5,3728,https://txschools.net/district/paris-isd-139909
274,1058,10,043910,Plano ISD,Collin,B,95.5,43805,https://txschools.net/district/plano-isd-043910
274,1058,10,112910,Sulphur Bluff ISD,Hopkins,B,95.5,195,https://txschools.net/district/sulphur-bluff-isd-112910
274,1058,10,102903,Waskom ISD,Harrison,C,95.5,764,https://txschools.net/district/waskom-isd-102903
274,1058,10,212906,Whitehouse ISD,Smith,A,95.5,4840,https://txschools.net/district/whitehouse-isd-212906
274,1058,10,101845,Yes Prep Public Schools Inc,Harris,B,95.5,20806,https://txschools.net/district/yes-prep-public-schools-inc-101845
285,1058,3,003902,Hudson ISD,Angelina,B,95.6,2755,https://txschools.net/district/hudson-isd-003902
285,1058,3,175907,Kerens ISD,Navarro,B,95.6,692,https://txschools.net/district/kerens-isd-175907
285,1058,3,163908,Medina Valley ISD,Medina,B,95.6,10442,https://txschools.net/district/medina-valley-isd-163908
285,1058,3,108913,Weslaco ISD,Hidalgo,B,95.6,16012,https://txschools.net/district/weslaco-isd-108913
289,1058,8,175902,Blooming Grove ISD,Navarro,C,95.7,961,https://txschools.net/district/blooming-grove-isd-175902
289,1058,8,176901,Burkeville ISD,Newton,C,95.7,245,https://txschools.net/district/burkeville-isd-176901
289,1058,8,133901,Center Point ISD,Kerr,C,95.7,492,https://txschools.net/district/center-point-isd-133901
289,1058,8,139905,Chisum ISD,Lamar,B,95.7,1167,https://txschools.net/district/chisum-isd-139905
289,1058,8,246904,Georgetown ISD,Williamson,B,95.7,13951,https://txschools.net/district/georgetown-isd-246904
289,1058,8,086902,Harper ISD,Gillespie,B,95.7,566,https://txschools.net/district/harper-isd-086902
289,1058,8,057914,Mesquite ISD,Dallas,B,95.7,36585,https://txschools.net/district/mesquite-isd-057914
289,1058,8,071908,Tornillo ISD,El Paso,B,95.7,694,https://txschools.net/district/tornillo-isd-071908
289,1058,8,240904,Webb CISD,Webb,C,95.7,206,https://txschools.net/district/webb-cisd-240904
298,1058,10,022901,Alpine ISD,Brewster,C,95.8,956,https://txschools.net/district/alpine-isd-022901
298,1058,10,178903,Calallen ISD,Nueces,B,95.8,3677,https://txschools.net/district/calallen-isd-178903
298,1058,10,185903,Friona ISD,Parmer,C,95.8,979,https://txschools.net/district/friona-isd-185903
298,1058,10,155901,Jefferson ISD,Marion,C,95.8,1105,https://txschools.net/district/jefferson-isd-155901
298,1058,10,061902,Lewisville ISD,Denton,B,95.8,46328,https://txschools.net/district/lewisville-isd-061902
298,1058,10,181908,Little Cypress-Mauriceville CISD,Orange,C,95.8,3342,https://txschools.net/district/little-cypress-mauriceville-cisd-181908
298,1058,10,116906,Lone Oak ISD,Hunt,B,95.8,1090,https://txschools.net/district/lone-oak-isd-116906
298,1058,10,018902,Meridian ISD,Bosque,C,95.8,354,https://txschools.net/district/meridian-isd-018902
298,1058,10,221904,Merkel ISD,Taylor,C,95.8,1127,https://txschools.net/district/merkel-isd-221904
298,1058,10,040901,Morton ISD,Cochran,B,95.8,350,https://txschools.net/district/morton-isd-040901
298,1058,10,226905,Water Valley ISD,Tom Green,A,95.8,305,https://txschools.net/district/water-valley-isd-226905
309,1058,9,010902,Bandera ISD,Bandera,C,95.9,2159,https://txschools.net/district/bandera-isd-010902
309,1058,9,112908,Como-Pickton CISD,Hopkins,B,95.9,751,https://txschools.net/district/como-pickton-cisd-112908
309,1058,9,120901,Edna ISD,Jackson,B,95.9,1538,https://txschools.net/district/edna-isd-120901
309,1058,9,007902,Jourdanton ISD,Atascosa,C,95.9,1561,https://txschools.net/district/jourdanton-isd-007902
309,1058,9,028903,Luling ISD,Caldwell,C,95.9,1431,https://txschools.net/district/luling-isd-028903
309,1058,9,015915,Northside ISD,Bexar,C,95.9,98031,https://txschools.net/district/northside-isd-015915
309,1058,9,125903,Orange Grove ISD,Jim Wells,B,95.9,1585,https://txschools.net/district/orange-grove-isd-125903
309,1058,9,189902,Presidio ISD,Presidio,C,95.9,1063,https://txschools.net/district/presidio-isd-189902
309,1058,9,178909,Robstown ISD,Nueces,D,95.9,2478,https://txschools.net/district/robstown-isd-178909
309,1058,9,094902,Schertz-Cibolo-U City ISD,Guadalupe,B,95.9,14764,https://txschools.net/district/schertz-cibolo-u-city-isd-094902
319,1058,5,107902,Brownsboro ISD,Henderson,B,96,2583,https://txschools.net/district/brownsboro-isd-107902
319,1058,5,102906,Elysian Fields ISD,Harrison,B,96,753,https://txschools.net/district/elysian-fields-isd-102906
319,1058,5,234909,Fruitvale ISD,Van Zandt,B,96,390,https://txschools.net/district/fruitvale-isd-234909
319,1058,5,231901,McCamey ISD,Upton,C,96,469,https://txschools.net/district/mccamey-isd-231901
319,1058,5,061903,Pilot Point ISD,Denton,C,96,1728,https://txschools.net/district/pilot-point-isd-061903
319,1058,5,007905,Pleasanton ISD,Atascosa,C,96,3301,https://txschools.net/district/pleasanton-isd-007905
325,1058,9,239901,Brenham ISD,Washington,B,96.1,4712,https://txschools.net/district/brenham-isd-239901
325,1058,9,021901,College Station ISD,Brazos,B,96.1,13892,https://txschools.net/district/college-station-isd-021901
325,1058,9,126911,Godley ISD,Johnson,C,96.1,3315,https://txschools.net/district/godley-isd-126911
325,1058,9,205902,Gregory-Portland ISD,San Patricio,B,96.1,5116,https://txschools.net/district/gregory-portland-isd-205902
325,1058,9,092903,Longview ISD,Gregg,B,96.1,7906,https://txschools.net/district/longview-isd-092903
325,1058,9,182903,Mineral Wells ISD,Palo Pinto,B,96.1,3244,https://txschools.net/district/mineral-wells-isd-182903
325,1058,9,046901,New Braunfels ISD,Comal,B,96.1,9710,https://txschools.net/district/new-braunfels-isd-046901
325,1058,9,079910,Stafford MSD,Fort Bend,B,96.1,3529,https://txschools.net/district/stafford-msd-079910
325,1058,9,212905,Tyler ISD,Smith,B,96.1,18800,https://txschools.net/district/tyler-isd-212905
325,1058,9,100908,West Hardin County CISD,Hardin,C,96.1,506,https://txschools.net/district/west-hardin-county-cisd-100908
335,1058,3,054901,Crosbyton CISD,Crosby,C,96.2,293,https://txschools.net/district/crosbyton-cisd-054901
335,1058,3,204904,Shepherd ISD,San Jacinto,C,96.2,1967,https://txschools.net/district/shepherd-isd-204904
335,1058,3,015807,Southwest Preparatory School,Bexar,C,96.2,849,https://txschools.net/district/southwest-preparatory-school-015807
335,1058,3,212804,UT Tyler University Academy,Smith,A,96.2,1224,https://txschools.net/district/ut-tyler-university-academy-212804
339,1058,5,057829,A' Academy,Dallas,C,96.3,1703,https://txschools.net/district/a-academy-057829
339,1058,5,111902,Lipan ISD,Hood,B,96.3,492,https://txschools.net/district/lipan-isd-111902
339,1058,5,031906,Los Fresnos CISD,Cameron,A,96.3,10284,https://txschools.net/district/los-fresnos-cisd-031906
339,1058,5,019905,New Boston ISD,Bowie,B,96.3,1060,https://txschools.net/district/new-boston-isd-019905
339,1058,5,057802,Pegasus School of Liberal Arts and Sciences,Dallas,D,96.3,277,https://txschools.net/district/pegasus-school-of-liberal-arts-and-sciences-057802
339,1058,5,203901,San Augustine ISD,San Augustine,C,96.3,585,https://txschools.net/district/san-augustine-isd-203901
345,1058,8,126902,Burleson ISD,Johnson,B,96.4,12560,https://txschools.net/district/burleson-isd-126902
345,1058,8,230903,Ore City ISD,Upshur,C,96.4,786,https://txschools.net/district/ore-city-isd-230903
345,1058,8,232902,Sabinal ISD,Uvalde,C,96.4,447,https://txschools.net/district/sabinal-isd-232902
345,1058,8,156902,Stanton ISD,Martin,B,96.4,1069,https://txschools.net/district/stanton-isd-156902
345,1058,8,219903,Tulia ISD,Swisher,C,96.4,730,https://txschools.net/district/tulia-isd-219903
345,1058,8,244903,Vernon ISD,Wilbarger,C,96.4,1685,https://txschools.net/district/vernon-isd-244903
345,1058,8,229904,Warren ISD,Tyler,C,96.4,1178,https://txschools.net/district/warren-isd-229904
345,1058,8,091910,Whitewright ISD,Grayson,B,96.4,791,https://txschools.net/district/whitewright-isd-091910
345,1058,8,243905,Wichita Falls ISD,Wichita,C,96.4,12435,https://txschools.net/district/wichita-falls-isd-243905
354,1058,10,031901,Brownsville ISD,Cameron,B,96.5,34296,https://txschools.net/district/brownsville-isd-031901
354,1058,10,191901,Canyon ISD,Randall,B,96.5,11527,https://txschools.net/district/canyon-isd-191901
354,1058,10,084901,Dickinson ISD,Galveston,B,96.5,12569,https://txschools.net/district/dickinson-isd-084901
354,1058,10,108902,Donna ISD,Hidalgo,B,96.5,12436,https://txschools.net/district/donna-isd-108902
354,1058,10,101828,Houston Gateway Academy Inc,Harris,B,96.5,2364,https://txschools.net/district/houston-gateway-academy-inc-101828
354,1058,10,101914,Katy ISD,Harris,B,96.5,95136,https://txschools.net/district/katy-isd-101914
354,1058,10,227913,Lake Travis ISD,Travis,A,96.5,10748,https://txschools.net/district/lake-travis-isd-227913
354,1058,10,236901,New Waverly ISD,Walker,B,96.5,1064,https://txschools.net/district/new-waverly-isd-236901
354,1058,10,095905,Plainview ISD,Hale,C,96.5,3811,https://txschools.net/district/plainview-isd-095905
354,1058,10,246909,Round Rock ISD,Williamson,B,96.5,45865,https://txschools.net/district/round-rock-isd-246909
354,1058,10,049903,Valley View ISD,Cooke,B,96.5,875,https://txschools.net/district/valley-view-isd-049903
365,1058,8,148901,Booker ISD,Lipscomb,B,96.6,335,https://txschools.net/district/booker-isd-148901
365,1058,8,003907,Central ISD,Angelina,C,96.6,1491,https://txschools.net/district/central-isd-003907
365,1058,8,249905,Decatur ISD,Wise,C,96.6,3801,https://txschools.net/district/decatur-isd-249905
365,1058,8,050902,Gatesville ISD,Coryell,C,96.6,2547,https://txschools.net/district/gatesville-isd-050902
365,1058,8,111901,Granbury ISD,Hood,B,96.6,7850,https://txschools.net/district/granbury-isd-111901
365,1058,8,031905,La Feria ISD,Cameron,C,96.6,2754,https://txschools.net/district/la-feria-isd-031905
365,1058,8,013903,Pettus ISD,Bee,B,96.6,378,https://txschools.net/district/pettus-isd-013903
365,1058,8,226801,Texas Leadership Public Schools,Tom Green,B,96.6,4070,https://txschools.net/district/texas-leadership-public-schools-226801
365,1058,8,240903,United ISD,Webb,A,96.6,39764,https://txschools.net/district/united-isd-240903
374,1058,9,121903,Buna ISD,Jasper,C,96.7,1412,https://txschools.net/district/buna-isd-121903
374,1058,9,130902,Comfort ISD,Kendall,C,96.7,1012,https://txschools.net/district/comfort-isd-130902
374,1058,9,109903,Covington ISD,Hill,C,96.7,351,https://txschools.net/district/covington-isd-109903
374,1058,9,246905,Granger ISD,Williamson,C,96.7,573,https://txschools.net/district/granger-isd-246905
374,1058,9,101925,Huffman ISD,Harris,C,96.7,3698,https://txschools.net/district/huffman-isd-101925
374,1058,9,186903,Iraan-Sheffield Collegiate ISD,Pecos,C,96.7,514,https://txschools.net/district/iraan-sheffield-collegiate-isd-186903
374,1058,9,037904,Jacksonville ISD,Cherokee,D,96.7,4572,https://txschools.net/district/jacksonville-isd-037904
374,1058,9,220908,Mansfield ISD,Tarrant,B,96.7,34654,https://txschools.net/district/mansfield-isd-220908
374,1058,9,208902,Snyder ISD,Scurry,C,96.7,2220,https://txschools.net/district/snyder-isd-208902
374,1058,9,158902,Tidehaven ISD,Matagorda,A,96.7,1038,https://txschools.net/district/tidehaven-isd-158902
384,1058,5,071901,Clint ISD,El Paso,B,96.8,9829,https://txschools.net/district/clint-isd-071901
384,1058,5,168901,Colorado ISD,Mitchell,C,96.8,901,https://txschools.net/district/colorado-isd-168901
384,1058,5,212801,Cumberland Academy,Smith,C,96.8,1519,https://txschools.net/district/cumberland-academy-212801
384,1058,5,127904,Hawley ISD,Jones,B,96.8,773,https://txschools.net/district/hawley-isd-127904
384,1058,5,249906,Paradise ISD,Wise,B,96.8,1372,https://txschools.net/district/paradise-isd-249906
384,1058,5,184901,Poolville ISD,Parker,C,96.8,764,https://txschools.net/district/poolville-isd-184901
390,1058,13,014901,Academy ISD,Bell,B,96.9,1857,https://txschools.net/district/academy-isd-014901
390,1058,13,249902,Boyd ISD,Wise,C,96.9,1443,https://txschools.net/district/boyd-isd-249902
390,1058,13,203902,Broaddus ISD,San Augustine,A,96.9,380,https://txschools.net/district/broaddus-isd-203902
390,1058,13,204901,Coldspring-Oakhurst CISD,San Jacinto,C,96.9,1587,https://txschools.net/district/coldspring-oakhurst-cisd-204901
390,1058,13,092901,Gladewater ISD,Gregg,C,96.9,1577,https://txschools.net/district/gladewater-isd-092901
390,1058,13,126906,Keene ISD,Johnson,B,96.9,1131,https://txschools.net/district/keene-isd-126906
390,1058,13,240901,Laredo ISD,Webb,A,96.9,19461,https://txschools.net/district/laredo-isd-240901
390,1058,13,108908,Mission CISD,Hidalgo,B,96.9,13186,https://txschools.net/district/mission-cisd-108908
390,1058,13,170908,New Caney ISD,Montgomery,C,96.9,19642,https://txschools.net/district/new-caney-isd-170908
390,1058,13,070910,Palmer ISD,Ellis,B,96.9,1382,https://txschools.net/district/palmer-isd-070910
390,1058,13,169911,Saint Jo ISD,Montague,B,96.9,298,https://txschools.net/district/saint-jo-isd-169911
390,1058,13,014909,Temple ISD,Bell,B,96.9,8704,https://txschools.net/district/temple-isd-014909
390,1058,13,074912,Trenton ISD,Fannin,B,96.9,730,https://txschools.net/district/trenton-isd-074912
390,1058,13,196902,Woodsboro ISD,Refugio,C,96.9,383,https://txschools.net/district/woodsboro-isd-196902
404,1058,6,178901,Agua Dulce ISD,Nueces,B,97,387,https://txschools.net/district/agua-dulce-isd-178901
404,1058,6,007901,Charlotte ISD,Atascosa,B,97,422,https://txschools.net/district/charlotte-isd-007901
404,1058,6,052901,Crane ISD,Crane,D,97,1228,https://txschools.net/district/crane-isd-052901
404,1058,6,147902,Groesbeck ISD,Limestone,C,97,1457,https://txschools.net/district/groesbeck-isd-147902
404,1058,6,220916,Hurst-Euless-Bedford ISD,Tarrant,B,97,23159,https://txschools.net/district/hurst-euless-bedford-isd-220916
404,1058,6,174904,Nacogdoches ISD,Nacogdoches,C,97,5513,https://txschools.net/district/nacogdoches-isd-174904
404,1058,6,187910,Onalaska ISD,Polk,B,97,1206,https://txschools.net/district/onalaska-isd-187910
411,1058,16,015901,Alamo Heights ISD,Bexar,B,97.1,4723,https://txschools.net/district/alamo-heights-isd-015901
411,1058,16,188901,Amarillo ISD,Potter,B,97.1,28172,https://txschools.net/district/amarillo-isd-188901
411,1058,16,249903,Bridgeport ISD,Wise,C,97.1,2028,https://txschools.net/district/bridgeport-isd-249903
411,1058,16,049905,Callisburg ISD,Cooke,C,97.1,1139,https://txschools.net/district/callisburg-isd-049905
411,1058,16,185902,Farwell ISD,Parmer,B,97.1,570,https://txschools.net/district/farwell-isd-185902
411,1058,16,049901,Gainesville ISD,Cooke,D,97.1,3054,https://txschools.net/district/gainesville-isd-049901
411,1058,16,250902,Hawkins ISD,Wood,C,97.1,776,https://txschools.net/district/hawkins-isd-250902
411,1058,16,097903,Hico ISD,Hamilton,B,97.1,614,https://txschools.net/district/hico-isd-097903
411,1058,16,070907,Italy ISD,Ellis,B,97.1,599,https://txschools.net/district/italy-isd-070907
411,1058,16,220914,Kennedale ISD,Tarrant,B,97.1,2659,https://txschools.net/district/kennedale-isd-220914
411,1058,16,113905,Latexo ISD,Houston,C,97.1,551,https://txschools.net/district/latexo-isd-113905
411,1058,16,074909,Leonard ISD,Fannin,B,97.1,840,https://txschools.net/district/leonard-isd-074909
411,1058,16,245903,Raymondville ISD,Willacy,A,97.1,1901,https://txschools.net/district/raymondville-isd-245903
411,1058,16,214903,Roma ISD,Starr,A,97.1,5916,https://txschools.net/district/roma-isd-214903
411,1058,16,012901,Seymour ISD,Baylor,B,97.1,598,https://txschools.net/district/seymour-isd-012901
411,1058,16,205906,Sinton ISD,San Patricio,B,97.1,1959,https://txschools.net/district/sinton-isd-205906
411,1058,16,026902,Somerville ISD,Burleson,C,97.1,527,https://txschools.net/district/somerville-isd-026902
428,1058,7,201913,Carlisle ISD,Rusk,B,97.2,656,https://txschools.net/district/carlisle-isd-201913
428,1058,7,249904,Chico ISD,Wise,C,97.2,580,https://txschools.net/district/chico-isd-249904
428,1058,7,073901,Chilton ISD,Falls,A,97.2,574,https://txschools.net/district/chilton-isd-073901
428,1058,7,107905,Eustace ISD,Henderson,B,97.2,1685,https://txschools.net/district/eustace-isd-107905
428,1058,7,101911,Goose Creek CISD,Harris,B,97.2,23308,https://txschools.net/district/goose-creek-cisd-101911
428,1058,7,014804,Orenda Charter School,Bell,A,97.2,1936,https://txschools.net/district/orenda-charter-school-014804
428,1058,7,112901,Sulphur Springs ISD,Hopkins,C,97.2,4060,https://txschools.net/district/sulphur-springs-isd-112901
428,1058,7,081904,Teague ISD,Freestone,B,97.2,1166,https://txschools.net/district/teague-isd-081904
436,1058,8,241903,El Campo ISD,Wharton,B,97.3,3206,https://txschools.net/district/el-campo-isd-241903
436,1058,8,152907,Frenship ISD,Lubbock,C,97.3,12042,https://txschools.net/district/frenship-isd-152907
436,1058,8,031903,Harlingen CISD,Cameron,B,97.3,16187,https://txschools.net/district/harlingen-cisd-031903
436,1058,8,170903,Montgomery ISD,Montgomery,B,97.3,9699,https://txschools.net/district/montgomery-isd-170903
436,1058,8,201908,Overton ISD,Rusk,C,97.3,534,https://txschools.net/district/overton-isd-201908
436,1058,8,101921,Tomball ISD,Harris,A,97.3,23202,https://txschools.net/district/tomball-isd-101921
436,1058,8,181907,Vidor ISD,Orange,C,97.3,4095,https://txschools.net/district/vidor-isd-181907
436,1058,8,057847,Village Tech Schools,Dallas,B,97.3,1330,https://txschools.net/district/village-tech-schools-057847
436,1058,8,070912,Waxahachie ISD,Ellis,B,97.3,11092,https://txschools.net/district/waxahachie-isd-070912
445,1058,6,074903,Bonham ISD,Fannin,C,97.4,1939,https://txschools.net/district/bonham-isd-074903
445,1058,6,038901,Childress ISD,Childress,B,97.4,901,https://txschools.net/district/childress-isd-038901
445,1058,6,037908,New Summerfield ISD,Cherokee,B,97.4,512,https://txschools.net/district/new-summerfield-isd-037908
445,1058,6,205905,Odem-Edroy ISD,San Patricio,B,97.4,892,https://txschools.net/district/odem-edroy-isd-205905
445,1058,6,054903,Ralls ISD,Crosby,C,97.4,318,https://txschools.net/district/ralls-isd-054903
445,1058,6,019906,Redwater ISD,Bowie,B,97.4,1092,https://txschools.net/district/redwater-isd-019906
445,1058,6,014907,Rogers ISD,Bell,B,97.4,856,https://txschools.net/district/rogers-isd-014907
452,1058,7,101803,Aristoi Classical Academy,Harris,B,97.5,1713,https://txschools.net/district/aristoi-classical-academy-101803
452,1058,7,027903,Burnet CISD,Burnet,C,97.5,3224,https://txschools.net/district/burnet-cisd-027903
452,1058,7,003904,Huntington ISD,Angelina,B,97.5,1496,https://txschools.net/district/huntington-isd-003904
452,1058,7,027904,Marble Falls ISD,Burnet,C,97.5,4054,https://txschools.net/district/marble-falls-isd-027904
452,1058,7,094903,Navarro ISD,Guadalupe,B,97.5,3039,https://txschools.net/district/navarro-isd-094903
452,1058,7,181905,Orangefield ISD,Orange,B,97.5,1727,https://txschools.net/district/orangefield-isd-181905
452,1058,7,091913,Pottsboro ISD,Grayson,A,97.5,1363,https://txschools.net/district/pottsboro-isd-091913
452,1058,7,061908,Sanger ISD,Denton,B,97.5,2951,https://txschools.net/district/sanger-isd-061908
460,1058,12,117901,Borger ISD,Hutchinson,C,97.6,2147,https://txschools.net/district/borger-isd-117901
460,1058,12,239903,Burton ISD,Washington,A,97.6,650,https://txschools.net/district/burton-isd-239903
460,1058,12,226901,Christoval ISD,Tom Green,B,97.6,628,https://txschools.net/district/christoval-isd-226901
460,1058,12,129901,Crandall ISD,Kaufman,C,97.6,7455,https://txschools.net/district/crandall-isd-129901
460,1058,12,086901,Fredericksburg ISD,Gillespie,B,97.6,2956,https://txschools.net/district/fredericksburg-isd-086901
460,1058,12,095903,Hale Center ISD,Hale,B,97.6,553,https://txschools.net/district/hale-center-isd-095903
460,1058,12,043801,Imagine International Academy of North Texas,Collin,A,97.6,1438,https://txschools.net/district/imagine-international-academy-of-north-texas-043801
460,1058,12,015822,Jubilee Academies,Bexar,B,97.6,5019,https://txschools.net/district/jubilee-academies-015822
460,1058,12,200902,Miles ISD,Runnels,A,97.6,497,https://txschools.net/district/miles-isd-200902
460,1058,12,252903,Olney ISD,Young,B,97.6,701,https://txschools.net/district/olney-isd-252903
460,1058,12,090904,Pampa ISD,Gray,C,97.6,3036,https://txschools.net/district/pampa-isd-090904
460,1058,12,166905,Thorndale ISD,Milam,B,97.6,662,https://txschools.net/district/thorndale-isd-166905
460,1058,12,044902,Wellington ISD,Collingsworth,B,97.6,516,https://txschools.net/district/wellington-isd-044902
473,1058,11,014903,Belton ISD,Bell,B,97.7,13516,https://txschools.net/district/belton-isd-014903
473,1058,11,170902,Conroe ISD,Montgomery,B,97.7,72218,https://txschools.net/district/conroe-isd-170902
473,1058,11,053001,Crockett County Consolidated CSD,Crockett,B,97.7,615,https://txschools.net/district/crockett-county-consolidated-csd-053001
473,1058,11,201902,Henderson ISD,Rusk,B,97.7,3151,https://txschools.net/district/henderson-isd-201902
473,1058,11,034903,Hughes Springs ISD,Cass,B,97.7,1044,https://txschools.net/district/hughes-springs-isd-034903
473,1058,11,220907,Keller ISD,Tarrant,B,97.7,30440,https://txschools.net/district/keller-isd-220907
473,1058,11,107910,Lapoynor ISD,Henderson,C,97.7,465,https://txschools.net/district/lapoynor-isd-107910
473,1058,11,246913,Leander ISD,Williamson,B,97.7,41854,https://txschools.net/district/leander-isd-246913
473,1058,11,246801,Meridian World School LLC,Williamson,A,97.7,1757,https://txschools.net/district/meridian-world-school-llc-246801
473,1058,11,061911,Northwest ISD,Denton,B,97.7,32722,https://txschools.net/district/northwest-isd-061911
473,1058,11,210903,Shelbyville ISD,Shelby,B,97.7,862,https://txschools.net/district/shelbyville-isd-210903
473,1058,11,184903,Weatherford ISD,Parker,B,97.7,8118,https://txschools.net/district/weatherford-isd-184903
485,1058,12,016902,Blanco ISD,Blanco,B,97.8,1106,https://txschools.net/district/blanco-isd-016902
485,1058,12,071806,Harmony Public Schools - West Texas,El Paso,B,97.8,6738,https://txschools.net/district/harmony-public-schools-west-texas-071806
485,1058,12,084908,Hitchcock ISD,Galveston,D,97.8,1937,https://txschools.net/district/hitchcock-isd-084908
485,1058,12,146906,Liberty ISD,Liberty,C,97.8,2406,https://txschools.net/district/liberty-isd-146906
485,1058,12,140904,Littlefield ISD,Lamb,B,97.8,1185,https://txschools.net/district/littlefield-isd-140904
485,1058,12,093904,Navasota ISD,Grimes,C,97.8,3127,https://txschools.net/district/navasota-isd-093904
485,1058,12,188902,River Road ISD,Potter,B,97.8,1183,https://txschools.net/district/river-road-isd-188902
485,1058,12,152903,Slaton ISD,Lubbock,C,97.8,1308,https://txschools.net/district/slaton-isd-152903
485,1058,12,015912,Southwest ISD,Bexar,C,97.8,14839,https://txschools.net/district/southwest-isd-015912
485,1058,12,127906,Stamford ISD,Jones,B,97.8,546,https://txschools.net/district/stamford-isd-127906
485,1058,12,110907,Sundown ISD,Hockley,A,97.8,701,https://txschools.net/district/sundown-isd-110907
485,1058,12,171902,Sunray Collegiate ISD,Moore,B,97.8,548,https://txschools.net/district/sunray-collegiate-isd-171902
485,1058,12,001908,Westwood ISD,Anderson,D,97.8,1300,https://txschools.net/district/westwood-isd-001908
498,1058,11,126901,Alvarado ISD,Johnson,C,97.9,3703,https://txschools.net/district/alvarado-isd-126901
498,1058,11,070903,Ennis ISD,Ellis,C,97.9,6621,https://txschools.net/district/ennis-isd-070903
498,1058,11,070905,Ferris ISD,Ellis,B,97.9,3031,https://txschools.net/district/ferris-isd-070905
498,1058,11,205903,Ingleside ISD,San Patricio,B,97.9,1983,https://txschools.net/district/ingleside-isd-205903
498,1058,11,100907,Lumberton ISD,Hardin,B,97.9,4039,https://txschools.net/district/lumberton-isd-100907
498,1058,11,043911,Princeton ISD,Collin,B,97.9,11375,https://txschools.net/district/princeton-isd-043911
498,1058,11,015827,School of Science and Technology,Bexar,B,97.9,5855,https://txschools.net/district/school-of-science-and-technology-015827
498,1058,11,008902,Sealy ISD,Austin,C,97.9,3014,https://txschools.net/district/sealy-isd-008902
498,1058,11,100904,Silsbee ISD,Hardin,C,97.9,2377,https://txschools.net/district/silsbee-isd-100904
498,1058,11,211902,Stratford ISD,Sherman,B,97.9,487,https://txschools.net/district/stratford-isd-211902
498,1058,11,091908,Van Alstyne ISD,Grayson,B,97.9,2856,https://txschools.net/district/van-alstyne-isd-091908
498,1058,11,234906,Van ISD,Van Zandt,B,97.9,2265,https://txschools.net/district/van-isd-234906
510,1058,17,223901,Brownfield ISD,Terry,C,98,1587,https://txschools.net/district/brownfield-isd-223901
510,1058,17,145902,Centerville ISD,Leon,C,98,633,https://txschools.net/district/centerville-isd-145902
510,1058,17,077901,Floydada Collegiate ISD,Floyd,B,98,644,https://txschools.net/district/floydada-collegiate-isd-077901
510,1058,17,066903,Freer ISD,Duval,B,98,663,https://txschools.net/district/freer-isd-066903
510,1058,17,084902,Galveston ISD,Galveston,B,98,6664,https://txschools.net/district/galveston-isd-084902
510,1058,17,149901,George West ISD,Live Oak,A,98,1036,https://txschools.net/district/george-west-isd-149901
510,1058,17,220906,Grapevine-Colleyville ISD,Tarrant,A,98,13343,https://txschools.net/district/grapevine-colleyville-isd-220906
510,1058,17,015835,Great Hearts Texas,Bexar,B,98,14038,https://txschools.net/district/great-hearts-texas-015835
510,1058,17,143901,Hallettsville ISD,Lavaca,B,98,1129,https://txschools.net/district/hallettsville-isd-143901
510,1058,17,161807,Harmony Public Schools - North Texas,McLennan,B,98,11297,https://txschools.net/district/harmony-public-schools-north-texas-161807
510,1058,17,092902,Kilgore ISD,Gregg,C,98,3576,https://txschools.net/district/kilgore-isd-092902
510,1058,17,238902,Monahans-Wickett-Pyote ISD,Ward,C,98,2180,https://txschools.net/district/monahans-wickett-pyote-isd-238902
510,1058,17,176902,Newton ISD,Newton,C,98,946,https://txschools.net/district/newton-isd-176902
510,1058,17,179901,Perryton ISD,Ochiltree,B,98,1698,https://txschools.net/district/perryton-isd-179901
510,1058,17,214901,Rio Grande City Grulla ISD,Starr,B,98,9157,https://txschools.net/district/rio-grande-city-grulla-isd-214901
510,1058,17,247906,Stockdale ISD,Wilson,B,98,879,https://txschools.net/district/stockdale-isd-247906
510,1058,17,241904,Wharton ISD,Wharton,F,98,1707,https://txschools.net/district/wharton-isd-241904
510,1058,17,174906,Woden ISD,Nacogdoches,B,98,824,https://txschools.net/district/woden-isd-174906
528,1058,17,057806,Advantage Academy,Dallas,C,98.1,909,https://txschools.net/district/advantage-academy-057806
528,1058,17,125901,Alice ISD,Jim Wells,B,98.1,4198,https://txschools.net/district/alice-isd-125901
528,1058,17,161919,Bruceville-Eddy ISD,McLennan,C,98.1,505,https://txschools.net/district/bruceville-eddy-isd-161919
528,1058,17,043903,Celina ISD,Collin,B,98.1,6337,https://txschools.net/district/celina-isd-043903
528,1058,17,042901,Coleman ISD,Coleman,B,98.1,740,https://txschools.net/district/coleman-isd-042901
528,1058,17,187904,Corrigan-Camden ISD,Polk,B,98.1,800,https://txschools.net/district/corrigan-camden-isd-187904
528,1058,17,101906,Crosby ISD,Harris,B,98.1,7183,https://txschools.net/district/crosby-isd-101906
528,1058,17,020904,Danbury ISD,Brazoria,B,98.1,645,https://txschools.net/district/danbury-isd-020904
528,1058,17,114904,Forsan ISD,Howard,B,98.1,674,https://txschools.net/district/forsan-isd-114904
528,1058,17,088902,Goliad ISD,Goliad,B,98.1,1191,https://txschools.net/district/goliad-isd-088902
528,1058,17,091917,Gunter ISD,Grayson,B,98.1,1153,https://txschools.net/district/gunter-isd-091917
528,1058,17,121904,Jasper ISD,Jasper,C,98.1,1947,https://txschools.net/district/jasper-isd-121904
528,1058,17,108909,Pharr-San Juan-Alamo ISD,Hidalgo,A,98.1,29043,https://txschools.net/district/pharr-san-juan-alamo-isd-108909
528,1058,17,190903,Rains ISD,Rains,C,98.1,1664,https://txschools.net/district/rains-isd-190903
528,1058,17,161802,Rapoport Academy Public School,McLennan,C,98.1,914,https://txschools.net/district/rapoport-academy-public-school-161802
528,1058,17,161912,Riesel ISD,McLennan,B,98.1,683,https://txschools.net/district/riesel-isd-161912
528,1058,17,206901,San Saba ISD,San Saba,C,98.1,686,https://txschools.net/district/san-saba-isd-206901
528,1058,17,210905,Timpson ISD,Shelby,B,98.1,718,https://txschools.net/district/timpson-isd-210905
546,1058,16,043901,Allen ISD,Collin,A,98.2,20092,https://txschools.net/district/allen-isd-043901
546,1058,16,127901,Anson ISD,Jones,C,98.2,702,https://txschools.net/district/anson-isd-127901
546,1058,16,107901,Athens ISD,Henderson,C,98.2,2938,https://txschools.net/district/athens-isd-107901
546,1058,16,025901,Bangs ISD,Brown,B,98.2,768,https://txschools.net/district/bangs-isd-025901
546,1058,16,116915,Bland ISD,Hunt,B,98.2,777,https://txschools.net/district/bland-isd-116915
546,1058,16,060902,Cooper ISD,Delta,C,98.2,879,https://txschools.net/district/cooper-isd-060902
546,1058,16,074907,Honey Grove ISD,Fannin,B,98.2,674,https://txschools.net/district/honey-grove-isd-074907
546,1058,16,246907,Jarrell ISD,Williamson,C,98.2,4514,https://txschools.net/district/jarrell-isd-246907
546,1058,16,129903,Kaufman ISD,Kaufman,B,98.2,4208,https://txschools.net/district/kaufman-isd-129903
546,1058,16,129905,Mabank ISD,Kaufman,B,98.2,4098,https://txschools.net/district/mabank-isd-129905
546,1058,16,161909,McGregor ISD,McLennan,C,98.2,1448,https://txschools.net/district/mcgregor-isd-161909
546,1058,16,070908,Midlothian ISD,Ellis,B,98.2,11537,https://txschools.net/district/midlothian-isd-070908
546,1058,16,139911,North Lamar ISD,Lamar,C,98.2,2362,https://txschools.net/district/north-lamar-isd-139911
546,1058,16,194903,Rivercrest ISD,Red River,B,98.2,665,https://txschools.net/district/rivercrest-isd-194903
546,1058,16,166904,Rockdale ISD,Milam,C,98.2,1452,https://txschools.net/district/rockdale-isd-166904
546,1058,16,153904,Tahoka ISD,Lynn,B,98.2,556,https://txschools.net/district/tahoka-isd-153904
546,1058,16,201910,Tatum ISD,Rusk,B,98.2,1327,https://txschools.net/district/tatum-isd-201910
563,1058,14,036901,Anahuac ISD,Chambers,C,98.3,1533,https://txschools.net/district/anahuac-isd-036901
563,1058,14,178902,Bishop CISD,Nueces,A,98.3,1427,https://txschools.net/district/bishop-cisd-178902
563,1058,14,071801,Burnham Wood Charter School District,El Paso,B,98.3,1895,https://txschools.net/district/burnham-wood-charter-school-district-071801
563,1058,14,171901,Dumas ISD,Moore,B,98.3,4232,https://txschools.net/district/dumas-isd-171901
563,1058,14,220918,Eagle Mt-Saginaw ISD,Tarrant,C,98.3,24147,https://txschools.net/district/eagle-mt-saginaw-isd-220918
563,1058,14,220809,Fort Worth Academy of Fine Arts,Tarrant,B,98.3,668,https://txschools.net/district/fort-worth-academy-of-fine-arts-220809
563,1058,14,015914,Ft Sam Houston ISD,Bexar,A,98.3,1543,https://txschools.net/district/ft-sam-houston-isd-015914
563,1058,14,120902,Ganado ISD,Jackson,B,98.3,720,https://txschools.net/district/ganado-isd-120902
563,1058,14,097902,Hamilton ISD,Hamilton,C,98.3,794,https://txschools.net/district/hamilton-isd-097902
563,1058,14,188903,Highland Park ISD,Potter,B,98.3,723,https://txschools.net/district/highland-park-isd-188903
563,1058,14,250903,Mineola ISD,Wood,B,98.3,1790,https://txschools.net/district/mineola-isd-250903
563,1058,14,152902,New Deal ISD,Lubbock,B,98.3,697,https://txschools.net/district/new-deal-isd-152902
563,1058,14,085902,Post ISD,Garza,D,98.3,648,https://txschools.net/district/post-isd-085902
563,1058,14,073905,Rosebud-Lott ISD,Falls,B,98.3,763,https://txschools.net/district/rosebud-lott-isd-073905
563,1058,14,011904,Smithville ISD,Bastrop,C,98.3,1864,https://txschools.net/district/smithville-isd-011904
578,1058,12,161923,Bosqueville ISD,McLennan,C,98.4,718,https://txschools.net/district/bosqueville-isd-161923
578,1058,12,029901,Calhoun County ISD,Calhoun,B,98.4,3381,https://txschools.net/district/calhoun-county-isd-029901
578,1058,12,067902,Cisco ISD,Eastland,B,98.4,861,https://txschools.net/district/cisco-isd-067902
578,1058,12,082902,Dilley ISD,Frio,C,98.4,830,https://txschools.net/district/dilley-isd-082902
578,1058,12,001904,Frankston ISD,Anderson,B,98.4,785,https://txschools.net/district/frankston-isd-001904
578,1058,12,165902,Greenwood ISD,Midland,C,98.4,3621,https://txschools.net/district/greenwood-isd-165902
578,1058,12,039902,Henrietta ISD,Clay,B,98.4,862,https://txschools.net/district/henrietta-isd-039902
578,1058,12,247903,La Vernia ISD,Wilson,B,98.4,3505,https://txschools.net/district/la-vernia-isd-247903
578,1058,12,169902,Nocona ISD,Montague,B,98.4,764,https://txschools.net/district/nocona-isd-169902
578,1058,12,057850,Pioneer Technology & Arts Academy,Dallas,C,98.4,2400,https://txschools.net/district/pioneer-technology-arts-academy-057850
578,1058,12,178912,Tuloso-Midway ISD,Nueces,B,98.4,3659,https://txschools.net/district/tuloso-midway-isd-178912
578,1058,12,235902,Victoria ISD,Victoria,C,98.4,12534,https://txschools.net/district/victoria-isd-235902
578,1058,12,253901,Zapata County ISD,Zapata,B,98.4,3199,https://txschools.net/district/zapata-county-isd-253901
591,1058,13,095901,Abernathy ISD,Hale,B,98.5,775,https://txschools.net/district/abernathy-isd-095901
591,1058,13,212901,Arp ISD,Smith,C,98.5,918,https://txschools.net/district/arp-isd-212901
591,1058,13,220915,Azle ISD,Tarrant,C,98.5,7166,https://txschools.net/district/azle-isd-220915
591,1058,13,123807,Bob Hope School,Jefferson,A,98.5,2587,https://txschools.net/district/bob-hope-school-123807
591,1058,13,145901,Buffalo ISD,Leon,B,98.5,971,https://txschools.net/district/buffalo-isd-145901
591,1058,13,210901,Center ISD,Shelby,C,98.5,2258,https://txschools.net/district/center-isd-210901
591,1058,13,068802,Compass Academy Charter School,Ector,C,98.5,1759,https://txschools.net/district/compass-academy-charter-school-068802
591,1058,13,061901,Denton ISD,Denton,C,98.5,33101,https://txschools.net/district/denton-isd-061901
591,1058,13,003905,Diboll ISD,Angelina,B,98.5,1513,https://txschools.net/district/diboll-isd-003905
591,1058,13,067903,Eastland ISD,Eastland,B,98.5,939,https://txschools.net/district/eastland-isd-067903
591,1058,13,061912,Lake Dallas ISD,Denton,B,98.5,3935,https://txschools.net/district/lake-dallas-isd-061912
591,1058,13,084909,Santa Fe ISD,Galveston,B,98.5,4326,https://txschools.net/district/santa-fe-isd-084909
591,1058,13,075903,Schulenburg ISD,Fayette,C,98.5,644,https://txschools.net/district/schulenburg-isd-075903
591,1058,13,152909,Shallowater ISD,Lubbock,B,98.5,1714,https://txschools.net/district/shallowater-isd-152909
605,1058,13,160901,Brady ISD,McCulloch,B,98.6,857,https://txschools.net/district/brady-isd-160901
605,1058,13,026901,Caldwell ISD,Burleson,B,98.6,1828,https://txschools.net/district/caldwell-isd-026901
605,1058,13,243906,City View ISD,Wichita,B,98.6,1169,https://txschools.net/district/city-view-isd-243906
605,1058,13,043918,Community ISD,Collin,B,98.6,5764,https://txschools.net/district/community-isd-043918
605,1058,13,084911,Friendswood ISD,Galveston,A,98.6,6116,https://txschools.net/district/friendswood-isd-084911
605,1058,13,227816,Harmony Public Schools - Central Texas,Travis,B,98.6,5679,https://txschools.net/district/harmony-public-schools-central-texas-227816
605,1058,13,101846,Harmony Public Schools - Houston South,Harris,A,98.6,4100,https://txschools.net/district/harmony-public-schools-houston-south-101846
605,1058,13,016901,Johnson City ISD,Blanco,B,98.6,677,https://txschools.net/district/johnson-city-isd-016901
605,1058,13,058906,Lamesa ISD,Dawson,C,98.6,1373,https://txschools.net/district/lamesa-isd-058906
605,1058,13,212903,Lindale ISD,Smith,A,98.6,4613,https://txschools.net/district/lindale-isd-212903
605,1058,13,043908,Melissa ISD,Collin,A,98.6,8560,https://txschools.net/district/melissa-isd-043908
605,1058,13,009901,Muleshoe ISD,Bailey,B,98.6,1309,https://txschools.net/district/muleshoe-isd-009901
605,1058,13,020908,Pearland ISD,Brazoria,A,98.6,20555,https://txschools.net/district/pearland-isd-020908
605,1058,13,123908,Port Neches-Groves ISD,Jefferson,B,98.6,5289,https://txschools.net/district/port-neches-groves-isd-123908
619,1058,8,184907,Aledo ISD,Parker,A,98.7,8590,https://txschools.net/district/aledo-isd-184907
619,1058,8,020901,Alvin ISD,Brazoria,B,98.7,29994,https://txschools.net/district/alvin-isd-020901
619,1058,8,061907,Aubrey ISD,Denton,C,98.7,4885,https://txschools.net/district/aubrey-isd-061907
619,1058,8,106901,Canadian ISD,Hemphill,A,98.7,675,https://txschools.net/district/canadian-isd-106901
619,1058,8,212909,Chapel Hill ISD,Smith,C,98.7,3186,https://txschools.net/district/chapel-hill-isd-212909
619,1058,8,225906,Chapel Hill ISD,Titus,B,98.7,943,https://txschools.net/district/chapel-hill-isd-225906
619,1058,8,072902,Dublin ISD,Erath,A,98.7,1078,https://txschools.net/district/dublin-isd-072902
619,1058,8,025909,Early ISD,Brown,B,98.7,1087,https://txschools.net/district/early-isd-025909
619,1058,8,120905,Industrial ISD,Jackson,B,98.7,1153,https://txschools.net/district/industrial-isd-120905
628,1058,13,174908,Central Heights ISD,Nacogdoches,A,98.8,1106,https://txschools.net/district/central-heights-isd-174908
628,1058,13,046902,Comal ISD,Comal,B,98.8,30341,https://txschools.net/district/comal-isd-046902
628,1058,13,101862,Harmony Public Schools - Houston West,Harris,A,98.8,6906,https://txschools.net/district/harmony-public-schools-houston-west-101862
628,1058,13,091905,Howe ISD,Grayson,C,98.8,1191,https://txschools.net/district/howe-isd-091905
628,1058,13,124901,Jim Hogg County ISD,Jim Hogg,C,98.8,927,https://txschools.net/district/jim-hogg-county-isd-124901
628,1058,13,248901,Kermit ISD,Winkler,D,98.8,1255,https://txschools.net/district/kermit-isd-248901
628,1058,13,043907,McKinney ISD,Collin,B,98.8,23667,https://txschools.net/district/mckinney-isd-043907
628,1058,13,184904,Millsap ISD,Parker,B,98.8,1068,https://txschools.net/district/millsap-isd-184904
628,1058,13,230906,New Diana ISD,Upshur,B,98.8,1150,https://txschools.net/district/new-diana-isd-230906
628,1058,13,019912,Pleasant Grove ISD,Bowie,A,98.8,2348,https://txschools.net/district/pleasant-grove-isd-019912
628,1058,13,161922,Robinson ISD,McLennan,A,98.8,2401,https://txschools.net/district/robinson-isd-161922
628,1058,13,129910,Scurry-Rosser ISD,Kaufman,B,98.8,1052,https://txschools.net/district/scurry-rosser-isd-129910
628,1058,13,020906,Sweeny ISD,Brazoria,C,98.8,1691,https://txschools.net/district/sweeny-isd-020906
628,1058,13,158906,Van Vleck ISD,Matagorda,C,98.8,1048,https://txschools.net/district/van-vleck-isd-158906
642,1058,12,084910,Clear Creek ISD,Galveston,B,98.9,38634,https://txschools.net/district/clear-creek-isd-084910
642,1058,12,047901,Comanche ISD,Comanche,B,98.9,1327,https://txschools.net/district/comanche-isd-047901
642,1058,12,105904,Dripping Springs ISD,Hays,B,98.9,8793,https://txschools.net/district/dripping-springs-isd-105904
642,1058,12,246902,Florence ISD,Williamson,B,98.9,1125,https://txschools.net/district/florence-isd-246902
642,1058,12,234904,Grand Saline ISD,Van Zandt,B,98.9,1205,https://txschools.net/district/grand-saline-isd-234904
642,1058,12,126904,Grandview ISD,Johnson,B,98.9,1417,https://txschools.net/district/grandview-isd-126904
642,1058,12,126905,Joshua ISD,Johnson,B,98.9,5998,https://txschools.net/district/joshua-isd-126905
642,1058,12,144902,Lexington ISD,Lee,B,98.9,1014,https://txschools.net/district/lexington-isd-144902
642,1058,12,195901,Pecos-Barstow-Toyah ISD,Reeves,C,98.9,2945,https://txschools.net/district/pecos-barstow-toyah-isd-195901
642,1058,12,250904,Quitman ISD,Wood,B,98.9,1216,https://txschools.net/district/quitman-isd-250904
642,1058,12,014908,Salado ISD,Bell,B,98.9,2582,https://txschools.net/district/salado-isd-014908
642,1058,12,137904,Santa Gertrudis ISD,Kleberg,A,98.9,813,https://txschools.net/district/santa-gertrudis-isd-137904
642,1058,12,221912,Wylie ISD,Taylor,B,98.9,5617,https://txschools.net/district/wylie-isd-221912
655,1058,2,181901,Bridge City ISD,Orange,C,99,3072,https://txschools.net/district/bridge-city-isd-181901
655,1058,2,107906,Malakoff ISD,Henderson,B,99,1522,https://txschools.net/district/malakoff-isd-107906
655,1058,2,108916,Valley View ISD,Hidalgo,A,99,3304,https://txschools.net/district/valley-view-isd-108916
658,1058,14,212902,Bullard ISD,Smith,B,99.1,2853,https://txschools.net/district/bullard-isd-212902
658,1058,14,030902,Clyde CISD,Callahan,B,99.1,1421,https://txschools.net/district/clyde-cisd-030902
658,1058,14,020907,Columbia-Brazoria ISD,Brazoria,C,99.1,2942,https://txschools.net/district/columbia-brazoria-isd-020907
658,1058,14,057922,Coppell ISD,Dallas,A,99.1,13047,https://txschools.net/district/coppell-isd-057922
658,1058,14,163904,Hondo ISD,Medina,C,99.1,1720,https://txschools.net/district/hondo-isd-163904
658,1058,14,243903,Iowa Park CISD,Wichita,B,99.1,1974,https://txschools.net/district/iowa-park-cisd-243903
658,1058,14,221911,Jim Ned CISD,Taylor,A,99.1,1625,https://txschools.net/district/jim-ned-cisd-221911
658,1058,14,150901,Llano ISD,Llano,B,99.1,2009,https://txschools.net/district/llano-isd-150901
658,1058,14,245902,Lyford CISD,Willacy,B,99.1,1366,https://txschools.net/district/lyford-cisd-245902
658,1058,14,225902,Mount Pleasant ISD,Titus,B,99.1,5019,https://txschools.net/district/mount-pleasant-isd-225902
658,1058,14,092906,Sabine ISD,Gregg,B,99.1,1567,https://txschools.net/district/sabine-isd-092906
658,1058,14,066902,San Diego ISD,Duval,B,99.1,1416,https://txschools.net/district/san-diego-isd-066902
658,1058,14,083903,Seminole ISD,Gaines,C,99.1,3083,https://txschools.net/district/seminole-isd-083903
658,1058,14,109911,Whitney ISD,Hill,C,99.1,1433,https://txschools.net/district/whitney-isd-109911
658,1058,14,043914,Wylie ISD,Collin,A,99.1,19400,https://txschools.net/district/wylie-isd-043914
673,1058,12,034901,Atlanta ISD,Cass,B,99.2,1918,https://txschools.net/district/atlanta-isd-034901
673,1058,12,130901,Boerne ISD,Kendall,A,99.2,11132,https://txschools.net/district/boerne-isd-130901
673,1058,12,166901,Cameron ISD,Milam,D,99.2,1389,https://txschools.net/district/cameron-isd-166901
673,1058,12,251901,Denver City ISD,Yoakum,B,99.2,1395,https://txschools.net/district/denver-city-isd-251901
673,1058,12,227909,Eanes ISD,Travis,A,99.2,7524,https://txschools.net/district/eanes-isd-227909
673,1058,12,198903,Franklin ISD,Robertson,A,99.2,1438,https://txschools.net/district/franklin-isd-198903
673,1058,12,101858,Harmony Public Schools - Houston North,Harris,B,99.2,8807,https://txschools.net/district/harmony-public-schools-houston-north-101858
673,1058,12,057848,International Leadership of Texas (ILTexas),Dallas,B,99.2,26257,https://txschools.net/district/international-leadership-of-texas-iltexas-057848
673,1058,12,178906,London ISD,Nueces,A,99.2,1922,https://txschools.net/district/london-isd-178906
673,1058,12,079906,Needville ISD,Fort Bend,A,99.2,3673,https://txschools.net/district/needville-isd-079906
673,1058,12,061906,Ponder ISD,Denton,B,99.2,1737,https://txschools.net/district/ponder-isd-061906
673,1058,12,146907,Tarkington ISD,Liberty,C,99.2,1864,https://txschools.net/district/tarkington-isd-146907
673,1058,12,250907,Winnsboro ISD,Wood,B,99.2,1395,https://txschools.net/district/winnsboro-isd-250907
686,1058,8,220917,Castleberry ISD,Tarrant,B,99.3,3755,https://txschools.net/district/castleberry-isd-220917
686,1058,8,062901,Cuero ISD,Dewitt,C,99.3,1802,https://txschools.net/district/cuero-isd-062901
686,1058,8,043905,Frisco ISD,Collin,A,99.3,62627,https://txschools.net/district/frisco-isd-043905
686,1058,8,057911,Highland Park ISD,Dallas,A,99.3,6215,https://txschools.net/district/highland-park-isd-057911
686,1058,8,109904,Hillsboro ISD,Hill,B,99.3,1913,https://txschools.net/district/hillsboro-isd-109904
686,1058,8,057913,Lancaster ISD,Dallas,B,99.3,6431,https://txschools.net/district/lancaster-isd-057913
686,1058,8,152906,Lubbock-Cooper ISD,Lubbock,B,99.3,8094,https://txschools.net/district/lubbock-cooper-isd-152906
686,1058,8,092904,Pine Tree ISD,Gregg,B,99.3,4435,https://txschools.net/district/pine-tree-isd-092904
686,1058,8,043912,Prosper ISD,Collin,A,99.3,33583,https://txschools.net/district/prosper-isd-043912
695,1058,7,008901,Bellville ISD,Austin,C,99.4,2316,https://txschools.net/district/bellville-isd-008901
695,1058,7,116901,Caddo Mills ISD,Hunt,B,99.4,3325,https://txschools.net/district/caddo-mills-isd-116901
695,1058,7,144901,Giddings ISD,Lee,B,99.4,1798,https://txschools.net/district/giddings-isd-144901
695,1058,7,213901,Glen Rose ISD,Somervell,B,99.4,2091,https://txschools.net/district/glen-rose-isd-213901
695,1058,7,252901,Graham ISD,Young,C,99.4,2139,https://txschools.net/district/graham-isd-252901
695,1058,7,061905,Krum ISD,Denton,C,99.4,2573,https://txschools.net/district/krum-isd-061905
695,1058,7,110902,Levelland ISD,Hockley,B,99.4,2398,https://txschools.net/district/levelland-isd-110902
695,1058,7,246908,Liberty Hill ISD,Williamson,B,99.4,10446,https://txschools.net/district/liberty-hill-isd-246908
703,1058,4,020902,Angleton ISD,Brazoria,B,99.5,7241,https://txschools.net/district/angleton-isd-020902
703,1058,4,057807,Life School,Dallas,B,99.5,5560,https://txschools.net/district/life-school-057807
703,1058,4,161903,Midway ISD,McLennan,A,99.5,8704,https://txschools.net/district/midway-isd-161903
703,1058,4,116908,Quinlan ISD,Hunt,C,99.5,2974,https://txschools.net/district/quinlan-isd-116908
703,1058,4,105905,Wimberley ISD,Hays,B,99.5,2633,https://txschools.net/district/wimberley-isd-105905
708,1058,4,220919,Carroll ISD,Tarrant,A,99.6,7866,https://txschools.net/district/carroll-isd-220919
708,1058,4,161920,China Spring ISD,McLennan,B,99.6,2980,https://txschools.net/district/china-spring-isd-161920
708,1058,4,001907,Palestine ISD,Anderson,C,99.6,3144,https://txschools.net/district/palestine-isd-001907
708,1058,4,199901,Rockwall ISD,Rockwall,A,99.6,19077,https://txschools.net/district/rockwall-isd-199901
708,1058,4,031916,South Texas ISD,Cameron,A,99.6,4741,https://txschools.net/district/south-texas-isd-031916
713,1058,1,061910,Argyle ISD,Denton,A,99.7,6551,https://txschools.net/district/argyle-isd-061910
713,1058,1,015828,Harmony Public Schools - South Texas,Bexar,B,99.7,4991,https://txschools.net/district/harmony-public-schools-south-texas-015828
715,1058,3,036902,Barbers Hill ISD,Chambers,A,99.8,8069,https://txschools.net/district/barbers-hill-isd-036902
715,1058,3,011901,Bastrop ISD,Bastrop,C,99.8,13325,https://txschools.net/district/bastrop-isd-011901
715,1058,3,043919,Lovejoy ISD,Collin,A,99.8,3841,https://txschools.net/district/lovejoy-isd-043919
715,1058,3,108906,McAllen ISD,Hidalgo,B,99.8,19405,https://txschools.net/district/mcallen-isd-108906
719,1058,0,108911,Sharyland ISD,Hidalgo,B,99.9,9653,https://txschools.net/district/sharyland-isd-108911
720,1058,338,109901,Abbott ISD,Hill,A,100,285,https://txschools.net/district/abbott-isd-109901
720,1058,338,180903,Adrian ISD,Oldham,A,100,136,https://txschools.net/district/adrian-isd-180903
720,1058,338,250906,Alba-Golden ISD,Wood,B,100,772,https://txschools.net/district/alba-golden-isd-250906
720,1058,338,209901,Albany ISD,Shackelford,B,100,449,https://txschools.net/district/albany-isd-209901
720,1058,338,037901,Alto ISD,Cherokee,C,100,524,https://txschools.net/district/alto-isd-037901
720,1058,338,140901,Amherst ISD,Lamb,B,100,102,https://txschools.net/district/amherst-isd-140901
720,1058,338,093901,Anderson-Shiro CISD,Grimes,A,100,944,https://txschools.net/district/anderson-shiro-cisd-093901
720,1058,338,110901,Anton ISD,Hockley,C,100,171,https://txschools.net/district/anton-isd-110901
720,1058,338,228905,Apple Springs ISD,Trinity,D,100,156,https://txschools.net/district/apple-springs-isd-228905
720,1058,338,109912,Aquilla ISD,Hill,B,100,322,https://txschools.net/district/aquilla-isd-109912
720,1058,338,005901,Archer City ISD,Archer,A,100,486,https://txschools.net/district/archer-city-isd-005901
720,1058,338,217901,Aspermont ISD,Stonewall,A,100,210,https://txschools.net/district/aspermont-isd-217901
720,1058,338,196901,Austwell-Tivoli ISD,Refugio,C,100,122,https://txschools.net/district/austwell-tivoli-isd-196901
720,1058,338,070901,Avalon ISD,Ellis,B,100,316,https://txschools.net/district/avalon-isd-070901
720,1058,338,034902,Avinger ISD,Cass,B,100,103,https://txschools.net/district/avinger-isd-034902
720,1058,338,161918,Axtell ISD,McLennan,B,100,842,https://txschools.net/district/axtell-isd-161918
720,1058,338,030903,Baird ISD,Callahan,B,100,345,https://txschools.net/district/baird-isd-030903
720,1058,338,200901,Ballinger ISD,Runnels,B,100,781,https://txschools.net/district/ballinger-isd-200901
720,1058,338,195902,Balmorhea ISD,Reeves,B,100,149,https://txschools.net/district/balmorhea-isd-195902
720,1058,338,178913,Banquete ISD,Nueces,B,100,724,https://txschools.net/district/banquete-isd-178913
720,1058,338,014902,Bartlett ISD,Bell,C,100,399,https://txschools.net/district/bartlett-isd-014902
720,1058,338,015834,Basis Texas,Bexar,A,100,9480,https://txschools.net/district/basis-texas-015834
720,1058,338,183901,Beckville ISD,Panola,B,100,652,https://txschools.net/district/beckville-isd-183901
720,1058,338,039904,Bellevue ISD,Clay,A,100,242,https://txschools.net/district/bellevue-isd-039904
720,1058,338,091901,Bells ISD,Grayson,A,100,1011,https://txschools.net/district/bells-isd-091901
720,1058,338,125902,Ben Bolt-Palito Blanco ISD,Jim Wells,B,100,420,https://txschools.net/district/ben-bolt-palito-blanco-isd-125902
720,1058,338,138904,Benjamin ISD,Knox,B,100,96,https://txschools.net/district/benjamin-isd-138904
720,1058,338,101870,Beta Academy,Harris,B,100,1674,https://txschools.net/district/beta-academy-101870
720,1058,338,187901,Big Sandy ISD,Polk,A,100,526,https://txschools.net/district/big-sandy-isd-187901
720,1058,338,177903,Blackwell CISD,Nolan,A,100,171,https://txschools.net/district/blackwell-cisd-177903
720,1058,338,034909,Bloomburg ISD,Cass,B,100,202,https://txschools.net/district/bloomburg-isd-034909
720,1058,338,043917,Blue Ridge ISD,Collin,C,100,1056,https://txschools.net/district/blue-ridge-isd-043917
720,1058,338,109913,Blum ISD,Hill,A,100,335,https://txschools.net/district/blum-isd-109913
720,1058,338,116916,Boles ISD,Hunt,B,100,530,https://txschools.net/district/boles-isd-116916
720,1058,338,241901,Boling ISD,Wharton,C,100,1143,https://txschools.net/district/boling-isd-241901
720,1058,338,017901,Borden County ISD,Borden,A,100,238,https://txschools.net/district/borden-county-isd-017901
720,1058,338,185901,Bovina ISD,Parmer,D,100,370,https://txschools.net/district/bovina-isd-185901
720,1058,338,169901,Bowie ISD,Montague,B,100,1457,https://txschools.net/district/bowie-isd-169901
720,1058,338,008903,Brazos ISD,Austin,B,100,824,https://txschools.net/district/brazos-isd-008903
720,1058,338,184909,Brock ISD,Parker,A,100,2181,https://txschools.net/district/brock-isd-184909
720,1058,338,041901,Bronte ISD,Coke,A,100,224,https://txschools.net/district/bronte-isd-041901
720,1058,338,121902,Brookeland ISD,Jasper,B,100,391,https://txschools.net/district/brookeland-isd-121902
720,1058,338,025908,Brookesmith ISD,Brown,C,100,508,https://txschools.net/district/brookesmith-isd-025908
720,1058,338,186901,Buena Vista ISD,Pecos,D,100,235,https://txschools.net/district/buena-vista-isd-186901
720,1058,338,188904,Bushland ISD,Potter,B,100,1424,https://txschools.net/district/bushland-isd-188904
720,1058,338,109902,Bynum ISD,Hill,B,100,174,https://txschools.net/district/bynum-isd-109902
720,1058,338,198902,Calvert ISD,Robertson,D,100,143,https://txschools.net/district/calvert-isd-198902
720,1058,338,101837,Calvin Nelms Charter Schools,Harris,A,100,414,https://txschools.net/district/calvin-nelms-charter-schools-101837
720,1058,338,116910,Campbell ISD,Hunt,D,100,298,https://txschools.net/district/campbell-isd-116910
720,1058,338,234902,Canton ISD,Van Zandt,B,100,2249,https://txschools.net/district/canton-isd-234902
720,1058,338,001902,Cayuga ISD,Anderson,B,100,574,https://txschools.net/district/cayuga-isd-001902
720,1058,338,227817,Cedars International Academy,Travis,B,100,543,https://txschools.net/district/cedars-international-academy-227817
720,1058,338,116902,Celeste ISD,Hunt,B,100,471,https://txschools.net/district/celeste-isd-116902
720,1058,338,228904,Centerville ISD,Trinity,D,100,143,https://txschools.net/district/centerville-isd-228904
720,1058,338,227814,Chaparral Star Academy,Travis,A,100,385,https://txschools.net/district/chaparral-star-academy-227814
720,1058,338,229906,Chester ISD,Tyler,B,100,186,https://txschools.net/district/chester-isd-229906
720,1058,338,099902,Chillicothe ISD,Hardeman,B,100,172,https://txschools.net/district/chillicothe-isd-099902
720,1058,338,174901,Chireno ISD,Nacogdoches,B,100,343,https://txschools.net/district/chireno-isd-174901
720,1058,338,065901,Clarendon ISD,Donley,C,100,403,https://txschools.net/district/clarendon-isd-065901
720,1058,338,006902,Claude ISD,Armstrong,A,100,311,https://txschools.net/district/claude-isd-006902
720,1058,338,018901,Clifton ISD,Bosque,B,100,938,https://txschools.net/district/clifton-isd-018901
720,1058,338,114902,Coahoma ISD,Howard,C,100,1157,https://txschools.net/district/coahoma-isd-114902
720,1058,338,091902,Collinsville ISD,Grayson,B,100,647,https://txschools.net/district/collinsville-isd-091902
720,1058,338,229901,Colmesneil ISD,Tyler,C,100,388,https://txschools.net/district/colmesneil-isd-229901
720,1058,338,101842,Comquest Academy,Harris,B,100,35,https://txschools.net/district/comquest-academy-101842
720,1058,338,233903,Comstock ISD,Val Verde,C,100,166,https://txschools.net/district/comstock-isd-233903
720,1058,338,147901,Coolidge ISD,Limestone,B,100,311,https://txschools.net/district/coolidge-isd-147901
720,1058,338,095902,Cotton Center ISD,Hale,A,100,97,https://txschools.net/district/cotton-center-isd-095902
720,1058,338,018908,Cranfills Gap ISD,Bosque,B,100,116,https://txschools.net/district/cranfills-gap-isd-018908
720,1058,338,161901,Crawford ISD,McLennan,B,100,585,https://txschools.net/district/crawford-isd-161901
720,1058,338,030901,Cross Plains ISD,Callahan,B,100,357,https://txschools.net/district/cross-plains-isd-030901
720,1058,338,107904,Cross Roads ISD,Henderson,B,100,541,https://txschools.net/district/cross-roads-isd-107904
720,1058,338,078901,Crowell ISD,Foard,B,100,172,https://txschools.net/district/crowell-isd-078901
720,1058,338,055901,Culberson County-Allamoore ISD,Culberson,B,100,377,https://txschools.net/district/culberson-county-allamoore-isd-055901
720,1058,338,112905,Cumby Collegiate ISD,Hopkins,C,100,485,https://txschools.net/district/cumby-collegiate-isd-112905
720,1058,338,174902,Cushing ISD,Nacogdoches,B,100,561,https://txschools.net/district/cushing-isd-174902
720,1058,338,172902,Daingerfield-Lone Star ISD,Morris,C,100,988,https://txschools.net/district/daingerfield-lone-star-isd-172902
720,1058,338,056901,Dalhart ISD,Dallam,C,100,1801,https://txschools.net/district/dalhart-isd-056901
720,1058,338,175904,Dawson ISD,Navarro,B,100,608,https://txschools.net/district/dawson-isd-175904
720,1058,338,047902,De Leon ISD,Comanche,A,100,616,https://txschools.net/district/de-leon-isd-047902
720,1058,338,019901,DeKalb ISD,Bowie,B,100,928,https://txschools.net/district/dekalb-isd-019901
720,1058,338,194905,Detroit ISD,Red River,C,100,469,https://txschools.net/district/detroit-isd-194905
720,1058,338,176903,Deweyville ISD,Newton,C,100,574,https://txschools.net/district/deweyville-isd-176903
720,1058,338,144903,Dime Box ISD,Lee,B,100,169,https://txschools.net/district/dime-box-isd-144903
720,1058,338,074904,Dodd City ISD,Fannin,A,100,319,https://txschools.net/district/dodd-city-isd-074904
720,1058,338,174911,Douglass ISD,Nacogdoches,A,100,405,https://txschools.net/district/douglass-isd-174911
720,1058,338,241902,East Bernard ISD,Wharton,B,100,987,https://txschools.net/district/east-bernard-isd-241902
720,1058,338,036903,East Chambers ISD,Chambers,B,100,1563,https://txschools.net/district/east-chambers-isd-036903
720,1058,338,048901,Eden CISD,Concho,B,100,217,https://txschools.net/district/eden-cisd-048901
720,1058,338,001903,Elkhart ISD,Anderson,B,100,1175,https://txschools.net/district/elkhart-isd-001903
720,1058,338,049906,Era ISD,Cooke,A,100,517,https://txschools.net/district/era-isd-049906
720,1058,338,030906,Eula ISD,Callahan,B,100,486,https://txschools.net/district/eula-isd-030906
720,1058,338,121906,Evadale ISD,Jasper,A,100,450,https://txschools.net/district/evadale-isd-121906
720,1058,338,128904,Falls City ISD,Karnes,A,100,452,https://txschools.net/district/falls-city-isd-128904
720,1058,338,060914,Fannindel ISD,Delta,D,100,152,https://txschools.net/district/fannindel-isd-060914
720,1058,338,043904,Farmersville ISD,Collin,B,100,2523,https://txschools.net/district/farmersville-isd-043904
720,1058,338,075906,Fayetteville ISD,Fayette,A,100,308,https://txschools.net/district/fayetteville-isd-075906
720,1058,338,075901,Flatonia ISD,Fayette,A,100,675,https://txschools.net/district/flatonia-isd-075901
720,1058,338,148902,Follett ISD,Lipscomb,C,100,170,https://txschools.net/district/follett-isd-148902
720,1058,338,169910,Forestburg ISD,Montague,B,100,172,https://txschools.net/district/forestburg-isd-169910
720,1058,338,242906,Fort Elliott CISD,Wheeler,B,100,133,https://txschools.net/district/fort-elliott-cisd-242906
720,1058,338,175905,Frost ISD,Navarro,C,100,459,https://txschools.net/district/frost-isd-175905
720,1058,338,115901,Ft Hancock ISD,Hudspeth,C,100,390,https://txschools.net/district/ft-hancock-isd-115901
720,1058,338,174903,Garrison ISD,Nacogdoches,A,100,739,https://txschools.net/district/garrison-isd-174903
720,1058,338,183904,Gary ISD,Panola,D,100,478,https://txschools.net/district/gary-isd-183904
720,1058,338,057831,Gateway Charter Academy,Dallas,D,100,430,https://txschools.net/district/gateway-charter-academy-057831
720,1058,338,161925,Gholson ISD,McLennan,B,100,227,https://txschools.net/district/gholson-isd-161925
720,1058,338,087901,Glasscock County ISD,Glasscock,A,100,290,https://txschools.net/district/glasscock-county-isd-087901
720,1058,338,169906,Gold Burg ISD,Montague,C,100,149,https://txschools.net/district/gold-burg-isd-169906
720,1058,338,167901,Goldthwaite ISD,Mills,B,100,504,https://txschools.net/district/goldthwaite-isd-167901
720,1058,338,187903,Goodrich ISD,Polk,B,100,270,https://txschools.net/district/goodrich-isd-187903
720,1058,338,182901,Gordon ISD,Palo Pinto,A,100,240,https://txschools.net/district/gordon-isd-182901
720,1058,338,067904,Gorman ISD,Eastland,C,100,210,https://txschools.net/district/gorman-isd-067904
720,1058,338,156905,Grady ISD,Martin,A,100,242,https://txschools.net/district/grady-isd-156905
720,1058,338,182902,Graford ISD,Palo Pinto,A,100,329,https://txschools.net/district/graford-isd-182902
720,1058,338,238904,Grandfalls-Royalty ISD,Ward,C,100,121,https://txschools.net/district/grandfalls-royalty-isd-238904
720,1058,338,226907,Grape Creek ISD,Tom Green,C,100,1192,https://txschools.net/district/grape-creek-isd-226907
720,1058,338,033901,Groom ISD,Carson,B,100,112,https://txschools.net/district/groom-isd-033901
720,1058,338,047903,Gustine ISD,Comanche,B,100,166,https://txschools.net/district/gustine-isd-047903
720,1058,338,123914,Hamshire-Fannett ISD,Jefferson,B,100,1947,https://txschools.net/district/hamshire-fannett-isd-123914
720,1058,338,219901,Happy ISD,Swisher,A,100,238,https://txschools.net/district/happy-isd-219901
720,1058,338,146904,Hardin ISD,Liberty,C,100,1175,https://txschools.net/district/hardin-isd-146904
720,1058,338,102905,Harleton ISD,Harrison,B,100,702,https://txschools.net/district/harleton-isd-102905
720,1058,338,244901,Harrold ISD,Wilbarger,B,100,159,https://txschools.net/district/harrold-isd-244901
720,1058,338,035902,Hart ISD,Castro,B,100,208,https://txschools.net/district/hart-isd-035902
720,1058,338,103902,Hartley ISD,Hartley,A,100,242,https://txschools.net/district/hartley-isd-103902
720,1058,338,104901,Haskell CISD,Haskell,B,100,545,https://txschools.net/district/haskell-cisd-104901
720,1058,338,065902,Hedley ISD,Donley,B,100,85,https://txschools.net/district/hedley-isd-065902
720,1058,338,208901,Hermleigh ISD,Scurry,B,100,265,https://txschools.net/district/hermleigh-isd-208901
720,1058,338,084903,High Island ISD,Galveston,B,100,122,https://txschools.net/district/high-island-isd-084903
720,1058,338,177905,Highland ISD,Nolan,A,100,211,https://txschools.net/district/highland-isd-177905
720,1058,338,014905,Holland ISD,Bell,A,100,669,https://txschools.net/district/holland-isd-014905
720,1058,338,005902,Holliday ISD,Archer,A,100,1127,https://txschools.net/district/holliday-isd-005902
720,1058,338,019902,Hooks ISD,Bowie,B,100,883,https://txschools.net/district/hooks-isd-019902
720,1058,338,109905,Hubbard ISD,Hill,C,100,398,https://txschools.net/district/hubbard-isd-109905
720,1058,338,072908,Huckabay ISD,Erath,A,100,345,https://txschools.net/district/huckabay-isd-072908
720,1058,338,146905,Hull-Daisetta ISD,Liberty,D,100,425,https://txschools.net/district/hull-daisetta-isd-146905
720,1058,338,152910,Idalou ISD,Lubbock,A,100,1036,https://txschools.net/district/idalou-isd-152910
720,1058,338,133904,Ingram ISD,Kerr,A,100,1365,https://txschools.net/district/ingram-isd-133904
720,1058,338,057830,Inspired Vision Academy,Dallas,C,100,1103,https://txschools.net/district/inspired-vision-academy-057830
720,1058,338,093903,Iola ISD,Grimes,A,100,656,https://txschools.net/district/iola-isd-093903
720,1058,338,208903,Ira ISD,Scurry,A,100,307,https://txschools.net/district/ira-isd-208903
720,1058,338,118902,Irion County ISD,Irion,A,100,307,https://txschools.net/district/irion-county-isd-118902
720,1058,338,119902,Jacksboro ISD,Jack,B,100,1032,https://txschools.net/district/jacksboro-isd-119902
720,1058,338,132902,Jayton-Girard ISD,Kent,A,100,187,https://txschools.net/district/jayton-girard-isd-132902
720,1058,338,057819,Jean Massieu Academy,Dallas,D,100,172,https://txschools.net/district/jean-massieu-academy-057819
720,1058,338,210902,Joaquin ISD,Shelby,A,100,695,https://txschools.net/district/joaquin-isd-210902
720,1058,338,050909,Jonesboro ISD,Coryell,C,100,317,https://txschools.net/district/jonesboro-isd-050909
720,1058,338,134901,Junction ISD,Kimble,C,100,552,https://txschools.net/district/junction-isd-134901
720,1058,338,242905,Kelton ISD,Wheeler,B,100,129,https://txschools.net/district/kelton-isd-242905
720,1058,338,113906,Kennard ISD,Houston,C,100,254,https://txschools.net/district/kennard-isd-113906
720,1058,338,058905,Klondike ISD,Dawson,A,100,269,https://txschools.net/district/klondike-isd-058905
720,1058,338,232901,Knippa ISD,Uvalde,A,100,408,https://txschools.net/district/knippa-isd-232901
720,1058,338,138902,Knox City-O'Brien CISD,Knox,A,100,183,https://txschools.net/district/knox-city-o-brien-cisd-138902
720,1058,338,018907,Kopperl ISD,Bosque,D,100,163,https://txschools.net/district/kopperl-isd-018907
720,1058,338,219905,Kress ISD,Swisher,B,100,278,https://txschools.net/district/kress-isd-219905
720,1058,338,108914,La Villa ISD,Hidalgo,B,100,459,https://txschools.net/district/la-villa-isd-108914
720,1058,338,015913,Lackland ISD,Bexar,B,100,966,https://txschools.net/district/lackland-isd-015913
720,1058,338,141901,Lampasas ISD,Lampasas,B,100,3625,https://txschools.net/district/lampasas-isd-141901
720,1058,338,201903,Laneville ISD,Rusk,D,100,104,https://txschools.net/district/laneville-isd-201903
720,1058,338,245901,Lasara ISD,Willacy,B,100,330,https://txschools.net/district/lasara-isd-245901
720,1058,338,090902,Lefors ISD,Gray,C,100,177,https://txschools.net/district/lefors-isd-090902
720,1058,338,057846,Legacy Preparatory,Dallas,B,100,914,https://txschools.net/district/legacy-preparatory-057846
720,1058,338,187906,Leggett ISD,Polk,C,100,204,https://txschools.net/district/leggett-isd-187906
720,1058,338,201904,Leveretts Chapel ISD,Rusk,C,100,233,https://txschools.net/district/leveretts-chapel-isd-201904
720,1058,338,049907,Lindsay ISD,Cooke,B,100,504,https://txschools.net/district/lindsay-isd-049907
720,1058,338,072909,Lingleville ISD,Erath,B,100,264,https://txschools.net/district/lingleville-isd-072909
720,1058,338,077902,Lockney ISD,Floyd,D,100,387,https://txschools.net/district/lockney-isd-077902
720,1058,338,160905,Lohn ISD,McCulloch,B,100,109,https://txschools.net/district/lohn-isd-160905
720,1058,338,141902,Lometa ISD,Lampasas,B,100,293,https://txschools.net/district/lometa-isd-141902
720,1058,338,083902,Loop ISD,Gaines,A,100,143,https://txschools.net/district/loop-isd-083902
720,1058,338,168902,Loraine ISD,Mitchell,C,100,133,https://txschools.net/district/loraine-isd-168902
720,1058,338,161907,Lorena ISD,McLennan,A,100,1740,https://txschools.net/district/lorena-isd-161907
720,1058,338,054902,Lorenzo ISD,Crosby,C,100,175,https://txschools.net/district/lorenzo-isd-054902
720,1058,338,241906,Louise ISD,Wharton,B,100,510,https://txschools.net/district/louise-isd-241906
720,1058,338,113903,Lovelady ISD,Houston,B,100,526,https://txschools.net/district/lovelady-isd-113903
720,1058,338,127905,Lueders-Avoca ISD,Jones,D,100,103,https://txschools.net/district/lueders-avoca-isd-127905
720,1058,338,154901,Madisonville CISD,Madison,B,100,2339,https://txschools.net/district/madisonville-cisd-154901
720,1058,338,022902,Marathon ISD,Brewster,B,100,46,https://txschools.net/district/marathon-isd-022902
720,1058,338,094904,Marion ISD,Guadalupe,B,100,1741,https://txschools.net/district/marion-isd-094904
720,1058,338,073903,Marlin ISD,Falls,D,100,796,https://txschools.net/district/marlin-isd-073903
720,1058,338,161908,Mart ISD,McLennan,B,100,597,https://txschools.net/district/mart-isd-161908
720,1058,338,234905,Martins Mill ISD,Van Zandt,B,100,447,https://txschools.net/district/martins-mill-isd-234905
720,1058,338,174909,Martinsville ISD,Nacogdoches,B,100,315,https://txschools.net/district/martinsville-isd-174909
720,1058,338,157901,Mason ISD,Mason,A,100,675,https://txschools.net/district/mason-isd-157901
720,1058,338,019903,Maud ISD,Bowie,A,100,459,https://txschools.net/district/maud-isd-019903
720,1058,338,025905,May ISD,Brown,C,100,257,https://txschools.net/district/may-isd-025905
720,1058,338,090903,McLean ISD,Gray,B,100,177,https://txschools.net/district/mclean-isd-090903
720,1058,338,034906,McLeod ISD,Cass,A,100,420,https://txschools.net/district/mcleod-isd-034906
720,1058,338,223902,Meadow ISD,Terry,B,100,199,https://txschools.net/district/meadow-isd-223902
720,1058,338,096904,Memphis ISD,Hall,B,100,331,https://txschools.net/district/memphis-isd-096904
720,1058,338,164901,Menard ISD,Menard,B,100,249,https://txschools.net/district/menard-isd-164901
720,1058,338,197902,Miami ISD,Roberts,A,100,179,https://txschools.net/district/miami-isd-197902
720,1058,338,039905,Midway ISD,Clay,B,100,128,https://txschools.net/district/midway-isd-039905
720,1058,338,166903,Milano ISD,Milam,B,100,394,https://txschools.net/district/milano-isd-166903
720,1058,338,175910,Mildred ISD,Navarro,B,100,801,https://txschools.net/district/mildred-isd-175910
720,1058,338,112907,Miller Grove ISD,Hopkins,B,100,314,https://txschools.net/district/miller-grove-isd-112907
720,1058,338,161910,Moody ISD,McLennan,B,100,761,https://txschools.net/district/moody-isd-161910
720,1058,338,209902,Moran ISD,Shackelford,C,100,86,https://txschools.net/district/moran-isd-209902
720,1058,338,018903,Morgan ISD,Bosque,C,100,138,https://txschools.net/district/morgan-isd-018903
720,1058,338,173901,Motley County ISD,Motley,A,100,188,https://txschools.net/district/motley-county-isd-173901
720,1058,338,143902,Moulton ISD,Lavaca,B,100,258,https://txschools.net/district/moulton-isd-143902
720,1058,338,109910,Mount Calm ISD,Hill,C,100,176,https://txschools.net/district/mount-calm-isd-109910
720,1058,338,080901,Mount Vernon ISD,Franklin,B,100,1514,https://txschools.net/district/mount-vernon-isd-080901
720,1058,338,049902,Muenster ISD,Cooke,B,100,551,https://txschools.net/district/muenster-isd-049902
720,1058,338,198906,Mumford ISD,Robertson,A,100,600,https://txschools.net/district/mumford-isd-198906
720,1058,338,035903,Nazareth ISD,Castro,A,100,239,https://txschools.net/district/nazareth-isd-035903
720,1058,338,001906,Neches ISD,Anderson,B,100,338,https://txschools.net/district/neches-isd-001906
720,1058,338,015805,New Frontiers Public Schools Inc,Bexar,B,100,335,https://txschools.net/district/new-frontiers-public-schools-inc-015805
720,1058,338,153905,New Home ISD,Lynn,A,100,685,https://txschools.net/district/new-home-isd-153905
720,1058,338,252902,Newcastle ISD,Young,B,100,231,https://txschools.net/district/newcastle-isd-252902
720,1058,338,220817,Newman International Academy of Arlington,Tarrant,C,100,2697,https://txschools.net/district/newman-international-academy-of-arlington-220817
720,1058,338,089903,Nixon-Smiley CISD,Gonzales,C,100,994,https://txschools.net/district/nixon-smiley-cisd-089903
720,1058,338,062902,Nordheim ISD,Dewitt,B,100,111,https://txschools.net/district/nordheim-isd-062902
720,1058,338,145906,Normangee ISD,Leon,B,100,655,https://txschools.net/district/normangee-isd-145906
720,1058,338,112906,North Hopkins ISD,Hopkins,B,100,517,https://txschools.net/district/north-hopkins-isd-112906
720,1058,338,244905,Northside ISD,Wilbarger,B,100,246,https://txschools.net/district/northside-isd-244905
720,1058,338,069902,Nueces Canyon CISD,Edwards,B,100,198,https://txschools.net/district/nueces-canyon-cisd-069902
720,1058,338,153903,O'Donnell ISD,Lynn,B,100,235,https://txschools.net/district/o-donnell-isd-153903
720,1058,338,084802,Odyssey Academy Inc,Galveston,C,100,1778,https://txschools.net/district/odyssey-academy-inc-084802
720,1058,338,200906,Olfen ISD,Runnels,B,100,137,https://txschools.net/district/olfen-isd-200906
720,1058,338,140905,Olton ISD,Lamb,B,100,592,https://txschools.net/district/olton-isd-140905
720,1058,338,051901,Paducah ISD,Cottle,B,100,137,https://txschools.net/district/paducah-isd-051901
720,1058,338,104907,Paint Creek ISD,Haskell,A,100,116,https://txschools.net/district/paint-creek-isd-104907
720,1058,338,048903,Paint Rock ISD,Concho,B,100,330,https://txschools.net/district/paint-rock-isd-048903
720,1058,338,033902,Panhandle ISD,Carson,A,100,576,https://txschools.net/district/panhandle-isd-033902
720,1058,338,042905,Panther Creek CISD,Coleman,B,100,139,https://txschools.net/district/panther-creek-cisd-042905
720,1058,338,184908,Peaster ISD,Parker,B,100,1715,https://txschools.net/district/peaster-isd-184908
720,1058,338,119903,Perrin-Whitt CISD,Jack,A,100,306,https://txschools.net/district/perrin-whitt-cisd-119903
720,1058,338,095904,Petersburg ISD,Hale,A,100,230,https://txschools.net/district/petersburg-isd-095904
720,1058,338,039903,Petrolia CISD,Clay,C,100,485,https://txschools.net/district/petrolia-cisd-039903
720,1058,338,172905,Pewitt CISD,Morris,B,100,794,https://txschools.net/district/pewitt-cisd-172905
720,1058,338,003801,Pineywoods Community Academy,Angelina,B,100,1060,https://txschools.net/district/pineywoods-community-academy-003801
720,1058,338,032902,Pittsburg ISD,Camp,A,100,2228,https://txschools.net/district/pittsburg-isd-032902
720,1058,338,251902,Plains ISD,Yoakum,C,100,413,https://txschools.net/district/plains-isd-251902
720,1058,338,117904,Plemons-Stinnett-Phillips CISD,Hutchinson,A,100,529,https://txschools.net/district/plemons-stinnett-phillips-cisd-117904
720,1058,338,178908,Port Aransas ISD,Nueces,B,100,577,https://txschools.net/district/port-aransas-isd-178908
720,1058,338,247904,Poth ISD,Wilson,A,100,967,https://txschools.net/district/poth-isd-247904
720,1058,338,167904,Priddy ISD,Mills,A,100,90,https://txschools.net/district/priddy-isd-167904
720,1058,338,099903,Quanah ISD,Hardeman,B,100,396,https://txschools.net/district/quanah-isd-099903
720,1058,338,034907,Queen City ISD,Cass,C,100,860,https://txschools.net/district/queen-city-isd-034907
720,1058,338,015906,Randolph Field ISD,Bexar,A,100,1402,https://txschools.net/district/randolph-field-isd-015906
720,1058,338,231902,Rankin ISD,Upton,A,100,300,https://txschools.net/district/rankin-isd-231902
720,1058,338,101806,Raul Yzaguirre Schools for Success,Harris,B,100,2180,https://txschools.net/district/raul-yzaguirre-schools-for-success-101806
720,1058,338,196903,Refugio ISD,Refugio,B,100,591,https://txschools.net/district/refugio-isd-196903
720,1058,338,175911,Rice ISD,Navarro,B,100,1094,https://txschools.net/district/rice-isd-175911
720,1058,338,206902,Richland Springs ISD,San Saba,C,100,101,https://txschools.net/district/richland-springs-isd-206902
720,1058,338,126907,Rio Vista ISD,Johnson,C,100,1031,https://txschools.net/district/rio-vista-isd-126907
720,1058,338,067908,Rising Star ISD,Eastland,B,100,160,https://txschools.net/district/rising-star-isd-067908
720,1058,338,137903,Riviera ISD,Kleberg,B,100,406,https://txschools.net/district/riviera-isd-137903
720,1058,338,076903,Roby CISD,Fisher,A,100,313,https://txschools.net/district/roby-cisd-076903
720,1058,338,160904,Rochelle ISD,McCulloch,A,100,166,https://txschools.net/district/rochelle-isd-160904
720,1058,338,069901,Rocksprings ISD,Edwards,B,100,201,https://txschools.net/district/rocksprings-isd-069901
720,1058,338,152908,Roosevelt ISD,Lubbock,B,100,1115,https://txschools.net/district/roosevelt-isd-152908
720,1058,338,110905,Ropes ISD,Hockley,A,100,670,https://txschools.net/district/ropes-isd-110905
720,1058,338,104903,Rule ISD,Haskell,B,100,143,https://txschools.net/district/rule-isd-104903
720,1058,338,123913,Sabine Pass ISD,Jefferson,B,100,373,https://txschools.net/district/sabine-pass-isd-123913
720,1058,338,214902,San Isidro ISD,Starr,B,100,151,https://txschools.net/district/san-isidro-isd-214902
720,1058,338,245904,San Perlita ISD,Willacy,B,100,174,https://txschools.net/district/san-perlita-isd-245904
720,1058,338,058909,Sands CISD,Dawson,A,100,225,https://txschools.net/district/sands-cisd-058909
720,1058,338,117903,Sanford-Fritch ISD,Hutchinson,C,100,714,https://txschools.net/district/sanford-fritch-isd-117903
720,1058,338,042903,Santa Anna ISD,Coleman,C,100,245,https://txschools.net/district/santa-anna-isd-042903
720,1058,338,182904,Santo ISD,Palo Pinto,A,100,570,https://txschools.net/district/santo-isd-182904
720,1058,338,074911,Savoy ISD,Fannin,C,100,301,https://txschools.net/district/savoy-isd-074911
720,1058,338,207901,Schleicher ISD,Schleicher,B,100,383,https://txschools.net/district/schleicher-isd-207901
720,1058,338,015831,School of Science and Technology Discovery,Bexar,A,100,6366,https://txschools.net/district/school-of-science-and-technology-discovery-015831
720,1058,338,083901,Seagraves ISD,Gaines,B,100,523,https://txschools.net/district/seagraves-isd-083901
720,1058,338,143903,Shiner ISD,Lavaca,A,100,700,https://txschools.net/district/shiner-isd-143903
720,1058,338,047905,Sidney ISD,Comanche,A,100,115,https://txschools.net/district/sidney-isd-047905
720,1058,338,115902,Sierra Blanca ISD,Hudspeth,C,100,97,https://txschools.net/district/sierra-blanca-isd-115902
720,1058,338,019909,Simms ISD,Bowie,B,100,462,https://txschools.net/district/simms-isd-019909
720,1058,338,013905,Skidmore-Tynan ISD,Bee,B,100,769,https://txschools.net/district/skidmore-tynan-isd-013905
720,1058,338,249908,Slidell ISD,Wise,B,100,515,https://txschools.net/district/slidell-isd-249908
720,1058,338,001909,Slocum ISD,Anderson,B,100,330,https://txschools.net/district/slocum-isd-001909
720,1058,338,026903,Snook ISD,Burleson,B,100,585,https://txschools.net/district/snook-isd-026903
720,1058,338,218901,Sonora ISD,Sutton,C,100,642,https://txschools.net/district/sonora-isd-218901
720,1058,338,085903,Southland ISD,Garza,B,100,145,https://txschools.net/district/southland-isd-085903
720,1058,338,098904,Spearman ISD,Hansford,B,100,652,https://txschools.net/district/spearman-isd-098904
720,1058,338,092907,Spring Hill ISD,Gregg,A,100,1941,https://txschools.net/district/spring-hill-isd-092907
720,1058,338,140907,Springlake-Earth ISD,Lamb,A,100,221,https://txschools.net/district/springlake-earth-isd-140907
720,1058,338,063903,Spur ISD,Dickens,B,100,210,https://txschools.net/district/spur-isd-063903
720,1058,338,072903,Stephenville ISD,Erath,A,100,3503,https://txschools.net/district/stephenville-isd-072903
720,1058,338,216901,Sterling City ISD,Sterling,A,100,312,https://txschools.net/district/sterling-city-isd-216901
720,1058,338,182905,Strawn ISD,Palo Pinto,B,100,172,https://txschools.net/district/strawn-isd-182905
720,1058,338,140908,Sudan ISD,Lamb,B,100,445,https://txschools.net/district/sudan-isd-140908
720,1058,338,057919,Sunnyvale ISD,Dallas,A,100,2313,https://txschools.net/district/sunnyvale-isd-057919
720,1058,338,123803,Tekoa Academy of Accelerated Studies STEM School,Jefferson,A,100,395,https://txschools.net/district/tekoa-academy-of-accelerated-studies-stem-school-123803
720,1058,338,210904,Tenaha ISD,Shelby,C,100,402,https://txschools.net/district/tenaha-isd-210904
720,1058,338,022004,Terlingua CSD,Brewster,D,100,140,https://txschools.net/district/terlingua-csd-022004
720,1058,338,222901,Terrell County ISD,Terrell,B,100,108,https://txschools.net/district/terrell-county-isd-222901
720,1058,338,056902,Texline ISD,Dallam,A,100,224,https://txschools.net/district/texline-isd-056902
720,1058,338,246912,Thrall ISD,Williamson,A,100,916,https://txschools.net/district/thrall-isd-246912
720,1058,338,149902,Three Rivers ISD,Live Oak,C,100,541,https://txschools.net/district/three-rivers-isd-149902
720,1058,338,072901,Three Way ISD,Erath,C,100,224,https://txschools.net/district/three-way-isd-072901
720,1058,338,091907,Tioga ISD,Grayson,A,100,610,https://txschools.net/district/tioga-isd-091907
720,1058,338,111903,Tolar ISD,Hood,A,100,898,https://txschools.net/district/tolar-isd-111903
720,1058,338,091918,Tom Bean ISD,Grayson,B,100,763,https://txschools.net/district/tom-bean-isd-091918
720,1058,338,221905,Trent ISD,Taylor,B,100,118,https://txschools.net/district/trent-isd-221905
720,1058,338,107907,Trinidad ISD,Henderson,B,100,175,https://txschools.net/district/trinidad-isd-107907
720,1058,338,061805,Trivium Academy,Denton,B,100,503,https://txschools.net/district/trivium-academy-061805
720,1058,338,212904,Troup ISD,Smith,C,100,1067,https://txschools.net/district/troup-isd-212904
720,1058,338,014910,Troy ISD,Bell,B,100,1723,https://txschools.net/district/troy-isd-014910
720,1058,338,096905,Turkey-Quitaque ISD,Hall,A,100,175,https://txschools.net/district/turkey-quitaque-isd-096905
720,1058,338,057845,UME Preparatory Academy,Dallas,B,100,1766,https://txschools.net/district/ume-preparatory-academy-057845
720,1058,338,230908,Union Grove ISD,Upshur,B,100,710,https://txschools.net/district/union-grove-isd-230908
720,1058,338,230904,Union Hill ISD,Upshur,C,100,254,https://txschools.net/district/union-hill-isd-230904
720,1058,338,057808,Universal Academy,Dallas,A,100,2051,https://txschools.net/district/universal-academy-057808
720,1058,338,232904,Utopia ISD,Uvalde,A,100,190,https://txschools.net/district/utopia-isd-232904
720,1058,338,018904,Valley Mills ISD,Bosque,C,100,664,https://txschools.net/district/valley-mills-isd-018904
720,1058,338,108808,Vanguard Academy,Hidalgo,A,100,6739,https://txschools.net/district/vanguard-academy-108808
720,1058,338,180902,Vega ISD,Oldham,A,100,354,https://txschools.net/district/vega-isd-180902
720,1058,338,226908,Veribest ISD,Tom Green,B,100,258,https://txschools.net/district/veribest-isd-226908
720,1058,338,089905,Waelder ISD,Gonzales,B,100,588,https://txschools.net/district/waelder-isd-089905
720,1058,338,226906,Wall ISD,Tom Green,B,100,1306,https://txschools.net/district/wall-isd-226906
720,1058,338,018905,Walnut Springs ISD,Bosque,C,100,152,https://txschools.net/district/walnut-springs-isd-018905
720,1058,338,045905,Weimar ISD,Colorado,A,100,735,https://txschools.net/district/weimar-isd-045905
720,1058,338,223904,Wellman-Union CISD,Terry,A,100,245,https://txschools.net/district/wellman-union-cisd-223904
720,1058,338,037909,Wells ISD,Cherokee,B,100,235,https://txschools.net/district/wells-isd-037909
720,1058,338,161916,West ISD,McLennan,B,100,1338,https://txschools.net/district/west-isd-161916
720,1058,338,201914,West Rusk County Consolidated ISD,Rusk,C,100,1006,https://txschools.net/district/west-rusk-county-consolidated-isd-201914
720,1058,338,202905,West Sabine ISD,Sabine,C,100,659,https://txschools.net/district/west-sabine-isd-202905
720,1058,338,168903,Westbrook ISD,Mitchell,A,100,217,https://txschools.net/district/westbrook-isd-168903
720,1058,338,220810,Westlake Academy Charter School,Tarrant,A,100,908,https://txschools.net/district/westlake-academy-charter-school-220810
720,1058,338,242903,Wheeler ISD,Wheeler,B,100,341,https://txschools.net/district/wheeler-isd-242903
720,1058,338,033904,White Deer ISD,Carson,B,100,302,https://txschools.net/district/white-deer-isd-033904
720,1058,338,092908,White Oak ISD,Gregg,B,100,1429,https://txschools.net/district/white-oak-isd-092908
720,1058,338,040902,Whiteface CISD,Cochran,B,100,294,https://txschools.net/district/whiteface-cisd-040902
720,1058,338,110908,Whitharral ISD,Hockley,A,100,223,https://txschools.net/district/whitharral-isd-110908
720,1058,338,180904,Wildorado ISD,Oldham,A,100,198,https://txschools.net/district/wildorado-isd-180904
720,1058,338,234907,Wills Point ISD,Van Zandt,C,100,2882,https://txschools.net/district/wills-point-isd-234907
720,1058,338,153907,Wilson ISD,Lynn,C,100,120,https://txschools.net/district/wilson-isd-153907
720,1058,338,005904,Windthorst ISD,Archer,A,100,491,https://txschools.net/district/windthorst-isd-005904
720,1058,338,248902,Wink-Loving ISD,Winkler,B,100,434,https://txschools.net/district/wink-loving-isd-248902
720,1058,338,200904,Winters ISD,Runnels,B,100,499,https://txschools.net/district/winters-isd-200904
720,1058,338,116909,Wolfe City ISD,Hunt,B,100,694,https://txschools.net/district/wolfe-city-isd-116909
720,1058,338,224902,Woodson ISD,Throckmorton,B,100,158,https://txschools.net/district/woodson-isd-224902
720,1058,338,081905,Wortham ISD,Freestone,C,100,501,https://txschools.net/district/wortham-isd-081905
720,1058,338,062903,Yoakum ISD,Dewitt,B,100,1409,https://txschools.net/district/yoakum-isd-062903
720,1058,338,025906,Zephyr ISD,Brown,B,100,217,https://txschools.net/district/zephyr-isd-025906
