# txschools.net — unofficial. Not operated by, endorsed by, or affiliated with the Texas Education Agency.
# source: Texas Education Agency, published publicly at https://txschools.gov
# snapshot: 15 August 2026 — the date this site fetched TEA's data. TEA may have revised it since.
# dataset: ranking board
# page: https://txschools.net/rankings/texas-districts/math-masters-grade-level-lowest
# rows: 1184 (excluding this header and the column row)
# ranking: Texas school districts with the lowest Math — Masters in 2025-26
# population: 1,184 districts of 1,199 districts are ranked here.
# population: 15 were not rated by TEA for 2025-26 and are not ranked.
# rank_of is how many rows were actually ranked (can be smaller than the population above); two rows on the same value share a rank ("tied"), and the next rank is skipped.
# empty cell = TEA did not publish that figure. It does not mean zero.
# numbers are unformatted: no thousands separators, no currency symbols, no percent signs.
# lines starting with # are comments — pandas: read_csv(path, comment='#')
rank,rank_of,tied,entity_id,name,county,rating,value,enrollment,url
1,1184,14,110901,Anton ISD,Hockley,C,0,171,https://txschools.net/district/anton-isd-110901
1,1184,14,213801,Brazos River Charter School,Somervell,C,0,60,https://txschools.net/district/brazos-river-charter-school-213801
1,1184,14,015845,Celebrate Dyslexia Schools,Bexar,F,0,100,https://txschools.net/district/celebrate-dyslexia-schools-015845
1,1184,14,184801,Crosstimbers Academy,Parker,A,0,114,https://txschools.net/district/crosstimbers-academy-184801
1,1184,14,072802,Erath Excels Academy Inc,Erath,B,0,111,https://txschools.net/district/erath-excels-academy-inc-072802
1,1184,14,019913,Hubbard ISD,Bowie,F,0,54,https://txschools.net/district/hubbard-isd-019913
1,1184,14,057809,Nova Academy,Dallas,F,0,67,https://txschools.net/district/nova-academy-057809
1,1184,14,114801,Pathway Academy,Howard,F,0,130,https://txschools.net/district/pathway-academy-114801
1,1184,14,015814,Positive Solutions Charter School,Bexar,B,0,91,https://txschools.net/district/positive-solutions-charter-school-015814
1,1184,14,022903,San Vicente ISD,Brewster,B,0,14,https://txschools.net/district/san-vicente-isd-022903
1,1184,14,022004,Terlingua CSD,Brewster,D,0,140,https://txschools.net/district/terlingua-csd-022004
1,1184,14,152803,Triumph Public High Schools-Lubbock,Lubbock,C,0,118,https://txschools.net/district/triumph-public-high-schools-lubbock-152803
1,1184,14,227806,University of Texas University Charter School,Travis,B,0,695,https://txschools.net/district/university-of-texas-university-charter-school-227806
1,1184,14,101881,Up Excellence Academy,Harris,F,0,116,https://txschools.net/district/up-excellence-academy-101881
1,1184,14,122902,Valentine ISD,Jeff Davis,B,0,28,https://txschools.net/district/valentine-isd-122902
16,1184,5,014902,Bartlett ISD,Bell,C,1,399,https://txschools.net/district/bartlett-isd-014902
16,1184,5,198902,Calvert ISD,Robertson,D,1,143,https://txschools.net/district/calvert-isd-198902
16,1184,5,187906,Leggett ISD,Polk,C,1,204,https://txschools.net/district/leggett-isd-187906
16,1184,5,054902,Lorenzo ISD,Crosby,C,1,175,https://txschools.net/district/lorenzo-isd-054902
16,1184,5,042905,Panther Creek CISD,Coleman,B,1,139,https://txschools.net/district/panther-creek-cisd-042905
16,1184,5,071803,Triumph Public High Schools-West Texas,El Paso,B,1,348,https://txschools.net/district/triumph-public-high-schools-west-texas-071803
22,1184,9,057806,Advantage Academy,Dallas,C,2,909,https://txschools.net/district/advantage-academy-057806
22,1184,9,138904,Benjamin ISD,Knox,B,2,96,https://txschools.net/district/benjamin-isd-138904
22,1184,9,021803,Brazos School for Inquiry & Creativity,Brazos,C,2,310,https://txschools.net/district/brazos-school-for-inquiry-creativity-021803
22,1184,9,095902,Cotton Center ISD,Hale,A,2,97,https://txschools.net/district/cotton-center-isd-095902
22,1184,9,148905,Darrouzett ISD,Lipscomb,D,2,97,https://txschools.net/district/darrouzett-isd-148905
22,1184,9,169910,Forestburg ISD,Montague,B,2,172,https://txschools.net/district/forestburg-isd-169910
22,1184,9,209902,Moran ISD,Shackelford,C,2,86,https://txschools.net/district/moran-isd-209902
22,1184,9,014801,Richard Milburn Alter High School (Killeen),Bell,C,2,1525,https://txschools.net/district/richard-milburn-alter-high-school-killeen-014801
22,1184,9,101868,The Pro-Vision Academy,Harris,B,2,239,https://txschools.net/district/the-pro-vision-academy-101868
22,1184,9,037909,Wells ISD,Cherokee,B,2,235,https://txschools.net/district/wells-isd-037909
32,1184,22,178807,Corpus Christi Montessori School,Nueces,F,3,132,https://txschools.net/district/corpus-christi-montessori-school-178807
32,1184,22,109903,Covington ISD,Hill,C,3,351,https://txschools.net/district/covington-isd-109903
32,1184,22,054901,Crosbyton CISD,Crosby,C,3,293,https://txschools.net/district/crosbyton-cisd-054901
32,1184,22,015844,Essence Preparatory Charter School,Bexar,F,3,438,https://txschools.net/district/essence-preparatory-charter-school-015844
32,1184,22,070801,Faith Family Academy,Ellis,C,3,2883,https://txschools.net/district/faith-family-academy-070801
32,1184,22,057831,Gateway Charter Academy,Dallas,D,3,430,https://txschools.net/district/gateway-charter-academy-057831
32,1184,22,169906,Gold Burg ISD,Montague,C,3,149,https://txschools.net/district/gold-burg-isd-169906
32,1184,22,238904,Grandfalls-Royalty ISD,Ward,C,3,121,https://txschools.net/district/grandfalls-royalty-isd-238904
32,1184,22,146905,Hull-Daisetta ISD,Liberty,D,3,425,https://txschools.net/district/hull-daisetta-isd-146905
32,1184,22,125906,La Gloria ISD,Jim Wells,D,3,126,https://txschools.net/district/la-gloria-isd-125906
32,1184,22,201903,Laneville ISD,Rusk,D,3,104,https://txschools.net/district/laneville-isd-201903
32,1184,22,101874,Legacy School of Sport Sciences,Harris,D,3,550,https://txschools.net/district/legacy-school-of-sport-sciences-101874
32,1184,22,070909,Milford ISD,Ellis,C,3,277,https://txschools.net/district/milford-isd-070909
32,1184,22,145907,Oakwood ISD,Leon,C,3,205,https://txschools.net/district/oakwood-isd-145907
32,1184,22,057802,Pegasus School of Liberal Arts and Sciences,Dallas,D,3,277,https://txschools.net/district/pegasus-school-of-liberal-arts-and-sciences-057802
32,1184,22,028906,Prairie Lea ISD,Caldwell,F,3,276,https://txschools.net/district/prairie-lea-isd-028906
32,1184,22,177901,Roscoe Collegiate ISD,Nolan,F,3,14905,https://txschools.net/district/roscoe-collegiate-isd-177901
32,1184,22,042903,Santa Anna ISD,Coleman,C,3,245,https://txschools.net/district/santa-anna-isd-042903
32,1184,22,057804,Texans Can Academies,Dallas,B,3,2880,https://txschools.net/district/texans-can-academies-057804
32,1184,22,220801,Treetops School International,Tarrant,C,3,186,https://txschools.net/district/treetops-school-international-220801
32,1184,22,057847,Village Tech Schools,Dallas,B,3,1330,https://txschools.net/district/village-tech-schools-057847
32,1184,22,153907,Wilson ISD,Lynn,C,3,120,https://txschools.net/district/wilson-isd-153907
32,1184,22,057828,Winfree Academy Charter Schools,Dallas,B,3,1051,https://txschools.net/district/winfree-academy-charter-schools-057828
55,1184,12,186901,Buena Vista ISD,Pecos,D,4,235,https://txschools.net/district/buena-vista-isd-186901
55,1184,12,057830,Inspired Vision Academy,Dallas,C,4,1103,https://txschools.net/district/inspired-vision-academy-057830
55,1184,12,160905,Lohn ISD,McCulloch,B,4,109,https://txschools.net/district/lohn-isd-160905
55,1184,12,109908,Malone ISD,Hill,F,4,64,https://txschools.net/district/malone-isd-109908
55,1184,12,189901,Marfa ISD,Presidio,D,4,339,https://txschools.net/district/marfa-isd-189901
55,1184,12,018902,Meridian ISD,Bosque,C,4,354,https://txschools.net/district/meridian-isd-018902
55,1184,12,018903,Morgan ISD,Bosque,C,4,138,https://txschools.net/district/morgan-isd-018903
55,1184,12,072910,Morgan Mill ISD,Erath,F,4,132,https://txschools.net/district/morgan-mill-isd-072910
55,1184,12,167902,Mullin ISD,Mills,C,4,176,https://txschools.net/district/mullin-isd-167902
55,1184,12,048903,Paint Rock ISD,Concho,B,4,330,https://txschools.net/district/paint-rock-isd-048903
55,1184,12,249908,Slidell ISD,Wise,B,4,515,https://txschools.net/district/slidell-isd-249908
55,1184,12,015807,Southwest Preparatory School,Bexar,C,4,849,https://txschools.net/district/southwest-preparatory-school-015807
55,1184,12,228903,Trinity ISD,Trinity,D,4,1150,https://txschools.net/district/trinity-isd-228903
68,1184,27,140901,Amherst ISD,Lamb,B,5,102,https://txschools.net/district/amherst-isd-140901
68,1184,27,152806,Betty M Condra School for Education Innovation,Lubbock,D,5,168,https://txschools.net/district/betty-m-condra-school-for-education-innovation-152806
68,1184,27,108810,Brillante Academy,Hidalgo,F,5,426,https://txschools.net/district/brillante-academy-108810
68,1184,27,055901,Culberson County-Allamoore ISD,Culberson,B,5,377,https://txschools.net/district/culberson-county-allamoore-isd-055901
68,1184,27,178801,Dr M L Garza-Gonzalez Charter School,Nueces,B,5,154,https://txschools.net/district/dr-m-l-garza-gonzalez-charter-school-178801
68,1184,27,186902,Fort Stockton ISD,Pecos,C,5,11681,https://txschools.net/district/fort-stockton-isd-186902
68,1184,27,067904,Gorman ISD,Eastland,C,5,210,https://txschools.net/district/gorman-isd-067904
68,1184,27,090905,Grandview-Hopkins ISD,Gray,C,5,44,https://txschools.net/district/grandview-hopkins-isd-090905
68,1184,27,246905,Granger ISD,Williamson,C,5,573,https://txschools.net/district/granger-isd-246905
68,1184,27,146904,Hardin ISD,Liberty,C,5,1175,https://txschools.net/district/hardin-isd-146904
68,1184,27,101821,Houston Heights High School,Harris,A,5,152,https://txschools.net/district/houston-heights-high-school-101821
68,1184,27,109907,Itasca ISD,Hill,C,5,652,https://txschools.net/district/itasca-isd-109907
68,1184,27,050909,Jonesboro ISD,Coryell,C,5,317,https://txschools.net/district/jonesboro-isd-050909
68,1184,27,248901,Kermit ISD,Winkler,D,5,1255,https://txschools.net/district/kermit-isd-248901
68,1184,27,137901,Kingsville ISD,Kleberg,D,5,2341,https://txschools.net/district/kingsville-isd-137901
68,1184,27,019914,Leary ISD,Bowie,A,5,106,https://txschools.net/district/leary-isd-019914
68,1184,27,168902,Loraine ISD,Mitchell,C,5,133,https://txschools.net/district/loraine-isd-168902
68,1184,27,073903,Marlin ISD,Falls,D,5,796,https://txschools.net/district/marlin-isd-073903
68,1184,27,040901,Morton ISD,Cochran,B,5,350,https://txschools.net/district/morton-isd-040901
68,1184,27,051901,Paducah ISD,Cottle,B,5,137,https://txschools.net/district/paducah-isd-051901
68,1184,27,072801,Premier High Schools,Erath,B,5,8825,https://txschools.net/district/premier-high-schools-072801
68,1184,27,190903,Rains ISD,Rains,C,5,1664,https://txschools.net/district/rains-isd-190903
68,1184,27,054903,Ralls ISD,Crosby,C,5,318,https://txschools.net/district/ralls-isd-054903
68,1184,27,115902,Sierra Blanca ISD,Hudspeth,C,5,97,https://txschools.net/district/sierra-blanca-isd-115902
68,1184,27,108804,Triumph Public High Schools-Rio Grande Valley,Hidalgo,B,5,477,https://txschools.net/district/triumph-public-high-schools-rio-grande-valley-108804
68,1184,27,219903,Tulia ISD,Swisher,C,5,730,https://txschools.net/district/tulia-isd-219903
68,1184,27,232903,Uvalde CISD,Uvalde,F,5,3815,https://txschools.net/district/uvalde-cisd-232903
68,1184,27,018905,Walnut Springs ISD,Bosque,C,5,152,https://txschools.net/district/walnut-springs-isd-018905
96,1184,31,127901,Anson ISD,Jones,C,6,702,https://txschools.net/district/anson-isd-127901
96,1184,31,228905,Apple Springs ISD,Trinity,D,6,156,https://txschools.net/district/apple-springs-isd-228905
96,1184,31,196901,Austwell-Tivoli ISD,Refugio,C,6,122,https://txschools.net/district/austwell-tivoli-isd-196901
96,1184,31,195902,Balmorhea ISD,Reeves,B,6,149,https://txschools.net/district/balmorhea-isd-195902
96,1184,31,101875,Bloom Academy Charter School,Harris,F,6,364,https://txschools.net/district/bloom-academy-charter-school-101875
96,1184,31,161923,Bosqueville ISD,McLennan,C,6,718,https://txschools.net/district/bosqueville-isd-161923
96,1184,31,228904,Centerville ISD,Trinity,D,6,143,https://txschools.net/district/centerville-isd-228904
96,1184,31,194904,Clarksville ISD,Red River,D,6,504,https://txschools.net/district/clarksville-isd-194904
96,1184,31,058902,Dawson ISD,Dawson,B,6,145,https://txschools.net/district/dawson-isd-058902
96,1184,31,071810,El Paso Leadership Academy,El Paso,F,6,665,https://txschools.net/district/el-paso-leadership-academy-071810
96,1184,31,057834,Evolution Academy Charter School,Dallas,A,6,639,https://txschools.net/district/evolution-academy-charter-school-057834
96,1184,31,060914,Fannindel ISD,Delta,D,6,152,https://txschools.net/district/fannindel-isd-060914
96,1184,31,101804,George I Sanchez Charter,Harris,C,6,941,https://txschools.net/district/george-i-sanchez-charter-101804
96,1184,31,102904,Hallsville ISD,Harrison,C,6,26808,https://txschools.net/district/hallsville-isd-102904
96,1184,31,015808,Inspire Academies,Bexar,C,6,1158,https://txschools.net/district/inspire-academies-015808
96,1184,31,161906,La Vega ISD,McLennan,C,6,3079,https://txschools.net/district/la-vega-isd-161906
96,1184,31,058906,Lamesa ISD,Dawson,C,6,1373,https://txschools.net/district/lamesa-isd-058906
96,1184,31,245901,Lasara ISD,Willacy,B,6,330,https://txschools.net/district/lasara-isd-245901
96,1184,31,090902,Lefors ISD,Gray,C,6,177,https://txschools.net/district/lefors-isd-090902
96,1184,31,201904,Leveretts Chapel ISD,Rusk,C,6,233,https://txschools.net/district/leveretts-chapel-isd-201904
96,1184,31,109910,Mount Calm ISD,Hill,C,6,176,https://txschools.net/district/mount-calm-isd-109910
96,1184,31,163903,Natalia ISD,Medina,C,6,1301,https://txschools.net/district/natalia-isd-163903
96,1184,31,244905,Northside ISD,Wilbarger,B,6,246,https://txschools.net/district/northside-isd-244905
96,1184,31,084802,Odyssey Academy Inc,Galveston,C,6,1778,https://txschools.net/district/odyssey-academy-inc-084802
96,1184,31,201908,Overton ISD,Rusk,C,6,534,https://txschools.net/district/overton-isd-201908
96,1184,31,067907,Ranger ISD,Eastland,D,6,262,https://txschools.net/district/ranger-isd-067907
96,1184,31,015842,Royal Public Schools,Bexar,F,6,394,https://txschools.net/district/royal-public-schools-015842
96,1184,31,226801,Texas Leadership Public Schools,Tom Green,B,6,4070,https://txschools.net/district/texas-leadership-public-schools-226801
96,1184,31,161914,Waco ISD,McLennan,D,6,12892,https://txschools.net/district/waco-isd-161914
96,1184,31,202905,West Sabine ISD,Sabine,C,6,659,https://txschools.net/district/west-sabine-isd-202905
96,1184,31,001908,Westwood ISD,Anderson,D,6,1300,https://txschools.net/district/westwood-isd-001908
96,1184,31,196902,Woodsboro ISD,Refugio,C,6,383,https://txschools.net/district/woodsboro-isd-196902
128,1184,35,034902,Avinger ISD,Cass,B,7,103,https://txschools.net/district/avinger-isd-034902
128,1184,35,200901,Ballinger ISD,Runnels,B,7,781,https://txschools.net/district/ballinger-isd-200901
128,1184,35,074903,Bonham ISD,Fannin,C,7,1939,https://txschools.net/district/bonham-isd-074903
128,1184,35,185901,Bovina ISD,Parmer,D,7,370,https://txschools.net/district/bovina-isd-185901
128,1184,35,176901,Burkeville ISD,Newton,C,7,245,https://txschools.net/district/burkeville-isd-176901
128,1184,35,027903,Burnet CISD,Burnet,C,7,3224,https://txschools.net/district/burnet-cisd-027903
128,1184,35,166901,Cameron ISD,Milam,D,7,1389,https://txschools.net/district/cameron-isd-166901
128,1184,35,145902,Centerville ISD,Leon,C,7,633,https://txschools.net/district/centerville-isd-145902
128,1184,35,146901,Cleveland ISD,Liberty,D,7,12648,https://txschools.net/district/cleveland-isd-146901
128,1184,35,116903,Commerce ISD,Hunt,D,7,1526,https://txschools.net/district/commerce-isd-116903
128,1184,35,113901,Crockett ISD,Houston,D,7,1098,https://txschools.net/district/crockett-isd-113901
128,1184,35,172902,Daingerfield-Lone Star ISD,Morris,C,7,988,https://txschools.net/district/daingerfield-lone-star-isd-172902
128,1184,35,220811,East Fort Worth Montessori Academy,Tarrant,D,7,106,https://txschools.net/district/east-fort-worth-montessori-academy-220811
128,1184,35,011902,Elgin ISD,Bastrop,D,7,6221,https://txschools.net/district/elgin-isd-011902
128,1184,35,050901,Evant ISD,Coryell,D,7,192,https://txschools.net/district/evant-isd-050901
128,1184,35,161924,Hallsburg ISD,McLennan,F,7,106,https://txschools.net/district/hallsburg-isd-161924
128,1184,35,102901,Karnack ISD,Harrison,D,7,121,https://txschools.net/district/karnack-isd-102901
128,1184,35,105801,Katherine Anne Porter School,Hays,D,7,76,https://txschools.net/district/katherine-anne-porter-school-105801
128,1184,35,019908,Liberty-Eylau ISD,Bowie,D,7,1784,https://txschools.net/district/liberty-eylau-isd-019908
128,1184,35,077902,Lockney ISD,Floyd,D,7,387,https://txschools.net/district/lockney-isd-077902
128,1184,35,231901,McCamey ISD,Upton,C,7,469,https://txschools.net/district/mccamey-isd-231901
128,1184,35,223902,Meadow ISD,Terry,B,7,199,https://txschools.net/district/meadow-isd-223902
128,1184,35,010901,Medina ISD,Bandera,B,7,239,https://txschools.net/district/medina-isd-010901
128,1184,35,069902,Nueces Canyon CISD,Edwards,B,7,198,https://txschools.net/district/nueces-canyon-cisd-069902
128,1184,35,050904,Oglesby ISD,Coryell,B,7,257,https://txschools.net/district/oglesby-isd-050904
128,1184,35,172905,Pewitt CISD,Morris,B,7,794,https://txschools.net/district/pewitt-cisd-172905
128,1184,35,178909,Robstown ISD,Nueces,D,7,2478,https://txschools.net/district/robstown-isd-178909
128,1184,35,128903,Runge ISD,Karnes,C,7,172,https://txschools.net/district/runge-isd-128903
128,1184,35,015830,Somerset Academies of Texas,Bexar,B,7,2682,https://txschools.net/district/somerset-academies-of-texas-015830
128,1184,35,101814,The Varnett Public School,Harris,D,7,1084,https://txschools.net/district/the-varnett-public-school-101814
128,1184,35,240801,Triumph Public High Schools Central Texas,Webb,B,7,362,https://txschools.net/district/triumph-public-high-schools-central-texas-240801
128,1184,35,101840,Two Dimensions Preparatory Academy,Harris,D,7,342,https://txschools.net/district/two-dimensions-preparatory-academy-101840
128,1184,35,126908,Venus ISD,Johnson,C,7,2191,https://txschools.net/district/venus-isd-126908
128,1184,35,089905,Waelder ISD,Gonzales,B,7,588,https://txschools.net/district/waelder-isd-089905
128,1184,35,241904,Wharton ISD,Wharton,F,7,1707,https://txschools.net/district/wharton-isd-241904
128,1184,35,212910,Winona ISD,Smith,C,7,1122,https://txschools.net/district/winona-isd-212910
164,1184,48,178901,Agua Dulce ISD,Nueces,B,8,387,https://txschools.net/district/agua-dulce-isd-178901
164,1184,48,205901,Aransas Pass ISD,San Patricio,C,8,1595,https://txschools.net/district/aransas-pass-isd-205901
164,1184,48,227825,Austin Achieve Public Schools,Travis,C,8,2852,https://txschools.net/district/austin-achieve-public-schools-227825
164,1184,48,070901,Avalon ISD,Ellis,B,8,316,https://txschools.net/district/avalon-isd-070901
164,1184,48,123910,Beaumont ISD,Jefferson,D,8,15838,https://txschools.net/district/beaumont-isd-123910
164,1184,48,066901,Benavides ISD,Duval,D,8,352,https://txschools.net/district/benavides-isd-066901
164,1184,48,230901,Big Sandy ISD,Upshur,C,8,643,https://txschools.net/district/big-sandy-isd-230901
164,1184,48,043917,Blue Ridge ISD,Collin,C,8,1056,https://txschools.net/district/blue-ridge-isd-043917
164,1184,48,136901,Brackett ISD,Kinney,C,8,490,https://txschools.net/district/brackett-isd-136901
164,1184,48,024901,Brooks County ISD,Brooks,D,8,1074,https://txschools.net/district/brooks-county-isd-024901
164,1184,48,166907,Buckholts ISD,Milam,C,8,107,https://txschools.net/district/buckholts-isd-166907
164,1184,48,161921,Connally ISD,McLennan,D,8,2031,https://txschools.net/district/connally-isd-161921
164,1184,48,175904,Dawson ISD,Navarro,B,8,608,https://txschools.net/district/dawson-isd-175904
164,1184,48,194905,Detroit ISD,Red River,C,8,469,https://txschools.net/district/detroit-isd-194905
164,1184,48,082902,Dilley ISD,Frio,C,8,830,https://txschools.net/district/dilley-isd-082902
164,1184,48,015905,Edgewood ISD,Bexar,D,8,7670,https://txschools.net/district/edgewood-isd-015905
164,1184,48,122901,Ft Davis ISD,Jeff Davis,C,8,818,https://txschools.net/district/ft-davis-isd-122901
164,1184,48,049901,Gainesville ISD,Cooke,D,8,3054,https://txschools.net/district/gainesville-isd-049901
164,1184,48,183904,Gary ISD,Panola,D,8,478,https://txschools.net/district/gary-isd-183904
164,1184,48,057835,Golden Rule Charter School,Dallas,D,8,1285,https://txschools.net/district/golden-rule-charter-school-057835
164,1184,48,116905,Greenville ISD,Hunt,C,8,5435,https://txschools.net/district/greenville-isd-116905
164,1184,48,198905,Hearne ISD,Robertson,D,8,719,https://txschools.net/district/hearne-isd-198905
164,1184,48,084908,Hitchcock ISD,Galveston,D,8,1937,https://txschools.net/district/hitchcock-isd-084908
164,1184,48,236902,Huntsville ISD,Walker,C,8,11504,https://txschools.net/district/huntsville-isd-236902
164,1184,48,018906,Iredell ISD,Bosque,A,8,137,https://txschools.net/district/iredell-isd-018906
164,1184,48,134901,Junction ISD,Kimble,C,8,552,https://txschools.net/district/junction-isd-134901
164,1184,48,128901,Karnes City ISD,Karnes,B,8,928,https://txschools.net/district/karnes-city-isd-128901
164,1184,48,129904,Kemp ISD,Kaufman,D,8,2017,https://txschools.net/district/kemp-isd-129904
164,1184,48,219905,Kress ISD,Swisher,B,8,278,https://txschools.net/district/kress-isd-219905
164,1184,48,220910,Lake Worth ISD,Tarrant,D,8,3165,https://txschools.net/district/lake-worth-isd-220910
164,1184,48,146906,Liberty ISD,Liberty,C,8,2406,https://txschools.net/district/liberty-isd-146906
164,1184,48,007904,Lytle ISD,Atascosa,D,8,1803,https://txschools.net/district/lytle-isd-007904
164,1184,48,227907,Manor ISD,Travis,D,8,9826,https://txschools.net/district/manor-isd-227907
164,1184,48,108907,Mercedes ISD,Hidalgo,C,8,3940,https://txschools.net/district/mercedes-isd-108907
164,1184,48,101855,Meyerpark Charter,Harris,C,8,259,https://txschools.net/district/meyerpark-charter-101855
164,1184,48,062902,Nordheim ISD,Dewitt,B,8,111,https://txschools.net/district/nordheim-isd-062902
164,1184,48,230903,Ore City ISD,Upshur,C,8,786,https://txschools.net/district/ore-city-isd-230903
164,1184,48,007906,Poteet ISD,Atascosa,D,8,1867,https://txschools.net/district/poteet-isd-007906
164,1184,48,125905,Premont ISD,Jim Wells,C,8,761,https://txschools.net/district/premont-isd-125905
164,1184,48,189902,Presidio ISD,Presidio,C,8,1063,https://txschools.net/district/presidio-isd-189902
164,1184,48,031911,Rio Hondo ISD,Cameron,C,8,1312,https://txschools.net/district/rio-hondo-isd-031911
164,1184,48,214902,San Isidro ISD,Starr,B,8,151,https://txschools.net/district/san-isidro-isd-214902
164,1184,48,206901,San Saba ISD,San Saba,C,8,686,https://txschools.net/district/san-saba-isd-206901
164,1184,48,227805,Texas Empowerment Academy,Travis,F,8,760,https://txschools.net/district/texas-empowerment-academy-227805
164,1184,48,227831,Unparalleled Preparatory Academy,Travis,C,8,33,https://txschools.net/district/unparalleled-preparatory-academy-227831
164,1184,48,049908,Walnut Bend ISD,Cooke,C,8,59,https://txschools.net/district/walnut-bend-isd-049908
164,1184,48,229904,Warren ISD,Tyler,C,8,1178,https://txschools.net/district/warren-isd-229904
164,1184,48,178915,West Oso ISD,Nueces,D,8,1777,https://txschools.net/district/west-oso-isd-178915
164,1184,48,081905,Wortham ISD,Freestone,C,8,501,https://txschools.net/district/wortham-isd-081905
213,1184,61,037901,Alto ISD,Cherokee,C,9,524,https://txschools.net/district/alto-isd-037901
213,1184,61,036901,Anahuac ISD,Chambers,C,9,1533,https://txschools.net/district/anahuac-isd-036901
213,1184,61,212901,Arp ISD,Smith,C,9,918,https://txschools.net/district/arp-isd-212901
213,1184,61,011901,Bastrop ISD,Bastrop,C,9,13325,https://txschools.net/district/bastrop-isd-011901
213,1184,61,101870,Beta Academy,Harris,B,9,1674,https://txschools.net/district/beta-academy-101870
213,1184,61,235901,Bloomington ISD,Victoria,D,9,705,https://txschools.net/district/bloomington-isd-235901
213,1184,61,241901,Boling ISD,Wharton,C,9,1143,https://txschools.net/district/boling-isd-241901
213,1184,61,249903,Bridgeport ISD,Wise,C,9,2028,https://txschools.net/district/bridgeport-isd-249903
213,1184,61,025908,Brookesmith ISD,Brown,C,9,508,https://txschools.net/district/brookesmith-isd-025908
213,1184,61,201913,Carlisle ISD,Rusk,B,9,656,https://txschools.net/district/carlisle-isd-201913
213,1184,61,249904,Chico ISD,Wise,C,9,580,https://txschools.net/district/chico-isd-249904
213,1184,61,099902,Chillicothe ISD,Hardeman,B,9,172,https://txschools.net/district/chillicothe-isd-099902
213,1184,61,204901,Coldspring-Oakhurst CISD,San Jacinto,C,9,1587,https://txschools.net/district/coldspring-oakhurst-cisd-204901
213,1184,61,229901,Colmesneil ISD,Tyler,C,9,388,https://txschools.net/district/colmesneil-isd-229901
213,1184,61,129901,Crandall ISD,Kaufman,C,9,7455,https://txschools.net/district/crandall-isd-129901
213,1184,61,112905,Cumby Collegiate ISD,Hopkins,C,9,485,https://txschools.net/district/cumby-collegiate-isd-112905
213,1184,61,174902,Cushing ISD,Nacogdoches,B,9,561,https://txschools.net/district/cushing-isd-174902
213,1184,61,227910,Del Valle ISD,Travis,D,9,11766,https://txschools.net/district/del-valle-isd-227910
213,1184,61,057906,Desoto ISD,Dallas,C,9,5564,https://txschools.net/district/desoto-isd-057906
213,1184,61,035901,Dimmitt ISD,Castro,C,9,1072,https://txschools.net/district/dimmitt-isd-035901
213,1184,61,101856,Draw Academy,Harris,C,9,695,https://txschools.net/district/draw-academy-101856
213,1184,61,057907,Duncanville ISD,Dallas,C,9,10988,https://txschools.net/district/duncanville-isd-057907
213,1184,61,108903,Edcouch-Elsa ISD,Hidalgo,D,9,4162,https://txschools.net/district/edcouch-elsa-isd-108903
213,1184,61,001903,Elkhart ISD,Anderson,B,9,1175,https://txschools.net/district/elkhart-isd-001903
213,1184,61,101872,Etoile Academy Charter School,Harris,F,9,1064,https://txschools.net/district/etoile-academy-charter-school-101872
213,1184,61,220904,Everman ISD,Tarrant,C,9,4704,https://txschools.net/district/everman-isd-220904
213,1184,61,066903,Freer ISD,Duval,B,9,663,https://txschools.net/district/freer-isd-066903
213,1184,61,185903,Friona ISD,Parmer,C,9,979,https://txschools.net/district/friona-isd-185903
213,1184,61,092901,Gladewater ISD,Gregg,C,9,1577,https://txschools.net/district/gladewater-isd-092901
213,1184,61,113902,Grapeland ISD,Houston,C,9,578,https://txschools.net/district/grapeland-isd-113902
213,1184,61,228901,Groveton ISD,Trinity,C,9,740,https://txschools.net/district/groveton-isd-228901
213,1184,61,037904,Jacksonville ISD,Cherokee,D,9,4572,https://txschools.net/district/jacksonville-isd-037904
213,1184,61,057819,Jean Massieu Academy,Dallas,D,9,172,https://txschools.net/district/jean-massieu-academy-057819
213,1184,61,015916,Judson ISD,Bexar,C,9,22556,https://txschools.net/district/judson-isd-015916
213,1184,61,108914,La Villa ISD,Hidalgo,B,9,459,https://txschools.net/district/la-villa-isd-108914
213,1184,61,107910,Lapoynor ISD,Henderson,C,9,465,https://txschools.net/district/lapoynor-isd-107910
213,1184,61,193902,Leakey ISD,Real,C,9,308,https://txschools.net/district/leakey-isd-193902
213,1184,61,034905,Linden-Kildare CISD,Cass,B,9,585,https://txschools.net/district/linden-kildare-cisd-034905
213,1184,61,025905,May ISD,Brown,C,9,257,https://txschools.net/district/may-isd-025905
213,1184,61,108915,Monte Alto ISD,Hidalgo,B,9,764,https://txschools.net/district/monte-alto-isd-108915
213,1184,61,174904,Nacogdoches ISD,Nacogdoches,C,9,5513,https://txschools.net/district/nacogdoches-isd-174904
213,1184,61,015805,New Frontiers Public Schools Inc,Bexar,B,9,335,https://txschools.net/district/new-frontiers-public-schools-inc-015805
213,1184,61,176902,Newton ISD,Newton,C,9,946,https://txschools.net/district/newton-isd-176902
213,1184,61,089903,Nixon-Smiley CISD,Gonzales,C,9,994,https://txschools.net/district/nixon-smiley-cisd-089903
213,1184,61,119903,Perrin-Whitt CISD,Jack,A,9,306,https://txschools.net/district/perrin-whitt-cisd-119903
213,1184,61,061903,Pilot Point ISD,Denton,C,9,1728,https://txschools.net/district/pilot-point-isd-061903
213,1184,61,014803,Priority Charter Schools,Bell,B,9,529,https://txschools.net/district/priority-charter-schools-014803
213,1184,61,066005,Ramirez CSD,Duval,D,9,24,https://txschools.net/district/ramirez-csd-066005
213,1184,61,076904,Rotan ISD,Fisher,C,9,265,https://txschools.net/district/rotan-isd-076904
213,1184,61,204904,Shepherd ISD,San Jacinto,C,9,1967,https://txschools.net/district/shepherd-isd-204904
213,1184,61,152903,Slaton ISD,Lubbock,C,9,1308,https://txschools.net/district/slaton-isd-152903
213,1184,61,170907,Splendora ISD,Montgomery,C,9,5882,https://txschools.net/district/splendora-isd-170907
213,1184,61,146907,Tarkington ISD,Liberty,C,9,1864,https://txschools.net/district/tarkington-isd-146907
213,1184,61,072901,Three Way ISD,Erath,C,9,224,https://txschools.net/district/three-way-isd-072901
213,1184,61,091918,Tom Bean ISD,Grayson,B,9,763,https://txschools.net/district/tom-bean-isd-091918
213,1184,61,107907,Trinidad ISD,Henderson,B,9,175,https://txschools.net/district/trinidad-isd-107907
213,1184,61,230904,Union Hill ISD,Upshur,C,9,254,https://txschools.net/district/union-hill-isd-230904
213,1184,61,102903,Waskom ISD,Harrison,C,9,764,https://txschools.net/district/waskom-isd-102903
213,1184,61,100908,West Hardin County CISD,Hardin,C,9,506,https://txschools.net/district/west-hardin-county-cisd-100908
213,1184,61,181906,West Orange-Cove CISD,Orange,C,9,2502,https://txschools.net/district/west-orange-cove-cisd-181906
213,1184,61,201914,West Rusk County Consolidated ISD,Rusk,C,9,1006,https://txschools.net/district/west-rusk-county-consolidated-isd-201914
213,1184,61,229903,Woodville ISD,Tyler,D,9,1169,https://txschools.net/district/woodville-isd-229903
275,1184,63,013901,Beeville ISD,Bee,C,10,2871,https://txschools.net/district/beeville-isd-013901
275,1184,63,175902,Blooming Grove ISD,Navarro,C,10,961,https://txschools.net/district/blooming-grove-isd-175902
275,1184,63,223901,Brownfield ISD,Terry,C,10,1587,https://txschools.net/district/brownfield-isd-223901
275,1184,63,057904,Cedar Hill ISD,Dallas,C,10,5876,https://txschools.net/district/cedar-hill-isd-057904
275,1184,63,003907,Central ISD,Angelina,C,10,1491,https://txschools.net/district/central-isd-003907
275,1184,63,174901,Chireno ISD,Nacogdoches,B,10,343,https://txschools.net/district/chireno-isd-174901
275,1184,63,126903,Cleburne ISD,Johnson,C,10,6776,https://txschools.net/district/cleburne-isd-126903
275,1184,63,130902,Comfort ISD,Kendall,C,10,1012,https://txschools.net/district/comfort-isd-130902
275,1184,63,101842,Comquest Academy,Harris,B,10,35,https://txschools.net/district/comquest-academy-101842
275,1184,63,052901,Crane ISD,Crane,D,10,1228,https://txschools.net/district/crane-isd-052901
275,1184,63,220912,Crowley ISD,Tarrant,B,10,17052,https://txschools.net/district/crowley-isd-220912
275,1184,63,254901,Crystal City ISD,Zavala,C,10,1480,https://txschools.net/district/crystal-city-isd-254901
275,1184,63,062901,Cuero ISD,Dewitt,C,10,1802,https://txschools.net/district/cuero-isd-062901
275,1184,63,251901,Denver City ISD,Yoakum,B,10,1395,https://txschools.net/district/denver-city-isd-251901
275,1184,63,178905,Driscoll ISD,Nueces,B,10,1030,https://txschools.net/district/driscoll-isd-178905
275,1184,63,048901,Eden CISD,Concho,B,10,217,https://txschools.net/district/eden-cisd-048901
275,1184,63,057833,Education Center International Academy,Dallas,D,10,144,https://txschools.net/district/education-center-international-academy-057833
275,1184,63,101877,Elevate Collegiate Charter School,Harris,C,10,224,https://txschools.net/district/elevate-collegiate-charter-school-101877
275,1184,63,210906,Excelsior ISD,Shelby,C,10,112,https://txschools.net/district/excelsior-isd-210906
275,1184,63,070905,Ferris ISD,Ellis,B,10,3031,https://txschools.net/district/ferris-isd-070905
275,1184,63,148902,Follett ISD,Lipscomb,C,10,170,https://txschools.net/district/follett-isd-148902
275,1184,63,115901,Ft Hancock ISD,Hudspeth,C,10,390,https://txschools.net/district/ft-hancock-isd-115901
275,1184,63,015802,George Gervin Academy,Bexar,B,10,744,https://txschools.net/district/george-gervin-academy-015802
275,1184,63,015904,Harlandale ISD,Bexar,C,10,11096,https://txschools.net/district/harlandale-isd-015904
275,1184,63,035902,Hart ISD,Castro,B,10,208,https://txschools.net/district/hart-isd-035902
275,1184,63,091905,Howe ISD,Grayson,C,10,1191,https://txschools.net/district/howe-isd-091905
275,1184,63,101925,Huffman ISD,Harris,C,10,3698,https://txschools.net/district/huffman-isd-101925
275,1184,63,246907,Jarrell ISD,Williamson,C,10,4514,https://txschools.net/district/jarrell-isd-246907
275,1184,63,121904,Jasper ISD,Jasper,C,10,1947,https://txschools.net/district/jasper-isd-121904
275,1184,63,175907,Kerens ISD,Navarro,B,10,692,https://txschools.net/district/kerens-isd-175907
275,1184,63,057839,La Academia De Estrellas,Dallas,C,10,1021,https://txschools.net/district/la-academia-de-estrellas-057839
275,1184,63,254902,La Pryor ISD,Zavala,D,10,445,https://txschools.net/district/la-pryor-isd-254902
275,1184,63,057807,Life School,Dallas,B,10,5560,https://txschools.net/district/life-school-057807
275,1184,63,111902,Lipan ISD,Hood,B,10,492,https://txschools.net/district/lipan-isd-111902
275,1184,63,141902,Lometa ISD,Lampasas,B,10,293,https://txschools.net/district/lometa-isd-141902
275,1184,63,205904,Mathis ISD,San Patricio,B,10,1364,https://txschools.net/district/mathis-isd-205904
275,1184,63,011905,McDade ISD,Bastrop,C,10,373,https://txschools.net/district/mcdade-isd-011905
275,1184,63,090903,McLean ISD,Gray,B,10,177,https://txschools.net/district/mclean-isd-090903
275,1184,63,238902,Monahans-Wickett-Pyote ISD,Ward,C,10,2180,https://txschools.net/district/monahans-wickett-pyote-isd-238902
275,1184,63,158905,Palacios ISD,Matagorda,B,10,1266,https://txschools.net/district/palacios-isd-158905
275,1184,63,031909,Point Isabel ISD,Cameron,B,10,1718,https://txschools.net/district/point-isabel-isd-031909
275,1184,63,123907,Port Arthur ISD,Jefferson,C,10,7664,https://txschools.net/district/port-arthur-isd-123907
275,1184,63,085902,Post ISD,Garza,D,10,648,https://txschools.net/district/post-isd-085902
275,1184,63,161802,Rapoport Academy Public School,McLennan,C,10,914,https://txschools.net/district/rapoport-academy-public-school-161802
275,1184,63,196903,Refugio ISD,Refugio,B,10,591,https://txschools.net/district/refugio-isd-196903
275,1184,63,069901,Rocksprings ISD,Edwards,B,10,201,https://txschools.net/district/rocksprings-isd-069901
275,1184,63,237905,Royal ISD,Waller,D,10,3086,https://txschools.net/district/royal-isd-237905
275,1184,63,091914,S and S CISD,Grayson,C,10,923,https://txschools.net/district/s-and-s-cisd-091914
275,1184,63,074911,Savoy ISD,Fannin,C,10,301,https://txschools.net/district/savoy-isd-074911
275,1184,63,083901,Seagraves ISD,Gaines,B,10,523,https://txschools.net/district/seagraves-isd-083901
275,1184,63,101802,Ser-Ninos Charter School,Harris,C,10,1206,https://txschools.net/district/ser-ninos-charter-school-101802
275,1184,63,026902,Somerville ISD,Burleson,C,10,527,https://txschools.net/district/somerville-isd-026902
275,1184,63,015908,South San Antonio ISD,Bexar,C,10,7083,https://txschools.net/district/south-san-antonio-isd-015908
275,1184,63,015912,Southwest ISD,Bexar,C,10,14839,https://txschools.net/district/southwest-isd-015912
275,1184,63,177902,Sweetwater ISD,Nolan,C,10,1738,https://txschools.net/district/sweetwater-isd-177902
275,1184,63,205907,Taft ISD,San Patricio,C,10,786,https://txschools.net/district/taft-isd-205907
275,1184,63,129906,Terrell ISD,Kaufman,C,10,5178,https://txschools.net/district/terrell-isd-129906
275,1184,63,170802,Thrive Center for Success,Montgomery,B,10,177,https://txschools.net/district/thrive-center-for-success-170802
275,1184,63,221905,Trent ISD,Taylor,B,10,118,https://txschools.net/district/trent-isd-221905
275,1184,63,057813,Trinity Basin Preparatory,Dallas,C,10,6741,https://txschools.net/district/trinity-basin-preparatory-057813
275,1184,63,227824,Valere Public Schools,Travis,C,10,812,https://txschools.net/district/valere-public-schools-227824
275,1184,63,158906,Van Vleck ISD,Matagorda,C,10,1048,https://txschools.net/district/van-vleck-isd-158906
275,1184,63,003906,Zavalla ISD,Angelina,B,10,308,https://txschools.net/district/zavalla-isd-003906
275,1184,63,025906,Zephyr ISD,Brown,B,10,217,https://txschools.net/district/zephyr-isd-025906
339,1184,77,180903,Adrian ISD,Oldham,A,11,136,https://txschools.net/district/adrian-isd-180903
339,1184,77,043902,Anna ISD,Collin,C,11,6686,https://txschools.net/district/anna-isd-043902
339,1184,77,178913,Banquete ISD,Nueces,B,11,724,https://txschools.net/district/banquete-isd-178913
339,1184,77,025904,Blanket ISD,Brown,B,11,151,https://txschools.net/district/blanket-isd-025904
339,1184,77,034909,Bloomburg ISD,Cass,B,11,202,https://txschools.net/district/bloomburg-isd-034909
339,1184,77,121903,Buna ISD,Jasper,C,11,1412,https://txschools.net/district/buna-isd-121903
339,1184,77,064903,Carrizo Springs CISD,Dimmit,C,11,1796,https://txschools.net/district/carrizo-springs-cisd-064903
339,1184,77,210901,Center ISD,Shelby,C,11,2258,https://txschools.net/district/center-isd-210901
339,1184,77,065901,Clarendon ISD,Donley,C,11,403,https://txschools.net/district/clarendon-isd-065901
339,1184,77,114902,Coahoma ISD,Howard,C,11,1157,https://txschools.net/district/coahoma-isd-114902
339,1184,77,020907,Columbia-Brazoria ISD,Brazoria,C,11,2942,https://txschools.net/district/columbia-brazoria-isd-020907
339,1184,77,175903,Corsicana ISD,Navarro,C,11,5910,https://txschools.net/district/corsicana-isd-175903
339,1184,77,142901,Cotulla ISD,La Salle,C,11,1130,https://txschools.net/district/cotulla-isd-142901
339,1184,77,146902,Dayton ISD,Liberty,C,11,5777,https://txschools.net/district/dayton-isd-146902
339,1184,77,176903,Deweyville ISD,Newton,C,11,574,https://txschools.net/district/deweyville-isd-176903
339,1184,77,003905,Diboll ISD,Angelina,B,11,1513,https://txschools.net/district/diboll-isd-003905
339,1184,77,241902,East Bernard ISD,Wharton,B,11,987,https://txschools.net/district/east-bernard-isd-241902
339,1184,77,015911,East Central ISD,Bexar,C,11,11798,https://txschools.net/district/east-central-isd-015911
339,1184,77,067903,Eastland ISD,Eastland,B,11,939,https://txschools.net/district/eastland-isd-067903
339,1184,77,068901,Ector County ISD,Ector,C,11,31866,https://txschools.net/district/ector-county-isd-068901
339,1184,77,108809,Excellence In Leadership Academy,Hidalgo,D,11,168,https://txschools.net/district/excellence-in-leadership-academy-108809
339,1184,77,114904,Forsan ISD,Howard,B,11,674,https://txschools.net/district/forsan-isd-114904
339,1184,77,175905,Frost ISD,Navarro,C,11,459,https://txschools.net/district/frost-isd-175905
339,1184,77,050902,Gatesville ISD,Coryell,C,11,2547,https://txschools.net/district/gatesville-isd-050902
339,1184,77,161925,Gholson ISD,McLennan,B,11,227,https://txschools.net/district/gholson-isd-161925
339,1184,77,226907,Grape Creek ISD,Tom Green,C,11,1192,https://txschools.net/district/grape-creek-isd-226907
339,1184,77,095903,Hale Center ISD,Hale,B,11,553,https://txschools.net/district/hale-center-isd-095903
339,1184,77,065902,Hedley ISD,Donley,B,11,85,https://txschools.net/district/hedley-isd-065902
339,1184,77,237902,Hempstead ISD,Waller,C,11,1563,https://txschools.net/district/hempstead-isd-237902
339,1184,77,201902,Henderson ISD,Rusk,B,11,3151,https://txschools.net/district/henderson-isd-201902
339,1184,77,208901,Hermleigh ISD,Scurry,B,11,265,https://txschools.net/district/hermleigh-isd-208901
339,1184,77,084903,High Island ISD,Galveston,B,11,122,https://txschools.net/district/high-island-isd-084903
339,1184,77,163904,Hondo ISD,Medina,C,11,1720,https://txschools.net/district/hondo-isd-163904
339,1184,77,109905,Hubbard ISD,Hill,C,11,398,https://txschools.net/district/hubbard-isd-109905
339,1184,77,186903,Iraan-Sheffield Collegiate ISD,Pecos,C,11,514,https://txschools.net/district/iraan-sheffield-collegiate-isd-186903
339,1184,77,057912,Irving ISD,Dallas,C,11,29182,https://txschools.net/district/irving-isd-057912
339,1184,77,070907,Italy ISD,Ellis,B,11,599,https://txschools.net/district/italy-isd-070907
339,1184,77,128902,Kenedy ISD,Karnes,B,11,733,https://txschools.net/district/kenedy-isd-128902
339,1184,77,018907,Kopperl ISD,Bosque,D,11,163,https://txschools.net/district/kopperl-isd-018907
339,1184,77,031905,La Feria ISD,Cameron,C,11,2754,https://txschools.net/district/la-feria-isd-031905
339,1184,77,057913,Lancaster ISD,Dallas,B,11,6431,https://txschools.net/district/lancaster-isd-057913
339,1184,77,113905,Latexo ISD,Houston,C,11,551,https://txschools.net/district/latexo-isd-113905
339,1184,77,057846,Legacy Preparatory,Dallas,B,11,914,https://txschools.net/district/legacy-preparatory-057846
339,1184,77,015806,Legacy Traditional Schools - Texas,Bexar,B,11,1855,https://txschools.net/district/legacy-traditional-schools-texas-015806
339,1184,77,015825,Lighthouse Public Schools,Bexar,C,11,481,https://txschools.net/district/lighthouse-public-schools-015825
339,1184,77,181908,Little Cypress-Mauriceville CISD,Orange,C,11,3342,https://txschools.net/district/little-cypress-mauriceville-cisd-181908
339,1184,77,127905,Lueders-Avoca ISD,Jones,D,11,103,https://txschools.net/district/lueders-avoca-isd-127905
339,1184,77,057844,Manara Academy,Dallas,B,11,658,https://txschools.net/district/manara-academy-057844
339,1184,77,022902,Marathon ISD,Brewster,B,11,46,https://txschools.net/district/marathon-isd-022902
339,1184,77,158904,Matagorda ISD,Matagorda,C,11,118,https://txschools.net/district/matagorda-isd-158904
339,1184,77,107908,Murchison ISD,Henderson,D,11,187,https://txschools.net/district/murchison-isd-107908
339,1184,77,152902,New Deal ISD,Lubbock,B,11,697,https://txschools.net/district/new-deal-isd-152902
339,1184,77,037908,New Summerfield ISD,Cherokee,B,11,512,https://txschools.net/district/new-summerfield-isd-037908
339,1184,77,153903,O'Donnell ISD,Lynn,B,11,235,https://txschools.net/district/o-donnell-isd-153903
339,1184,77,205905,Odem-Edroy ISD,San Patricio,B,11,892,https://txschools.net/district/odem-edroy-isd-205905
339,1184,77,187910,Onalaska ISD,Polk,B,11,1206,https://txschools.net/district/onalaska-isd-187910
339,1184,77,057850,Pioneer Technology & Arts Academy,Dallas,C,11,2400,https://txschools.net/district/pioneer-technology-arts-academy-057850
339,1184,77,095905,Plainview ISD,Hale,C,11,3811,https://txschools.net/district/plainview-isd-095905
339,1184,77,184901,Poolville ISD,Parker,C,11,764,https://txschools.net/district/poolville-isd-184901
339,1184,77,192901,Reagan County ISD,Reagan,C,11,840,https://txschools.net/district/reagan-county-isd-192901
339,1184,77,045903,Rice CISD,Colorado,C,11,1287,https://txschools.net/district/rice-cisd-045903
339,1184,77,093905,Richards ISD,Grimes,C,11,261,https://txschools.net/district/richards-isd-093905
339,1184,77,067908,Rising Star ISD,Eastland,B,11,160,https://txschools.net/district/rising-star-isd-067908
339,1184,77,166904,Rockdale ISD,Milam,C,11,1452,https://txschools.net/district/rockdale-isd-166904
339,1184,77,232902,Sabinal ISD,Uvalde,C,11,447,https://txschools.net/district/sabinal-isd-232902
339,1184,77,015907,San Antonio ISD,Bexar,C,11,42508,https://txschools.net/district/san-antonio-isd-015907
339,1184,77,203901,San Augustine ISD,San Augustine,C,11,585,https://txschools.net/district/san-augustine-isd-203901
339,1184,77,071904,San Elizario ISD,El Paso,C,11,2776,https://txschools.net/district/san-elizario-isd-071904
339,1184,77,091906,Sherman ISD,Grayson,C,11,7452,https://txschools.net/district/sherman-isd-091906
339,1184,77,047905,Sidney ISD,Comanche,A,11,115,https://txschools.net/district/sidney-isd-047905
339,1184,77,100904,Silsbee ISD,Hardin,C,11,2377,https://txschools.net/district/silsbee-isd-100904
339,1184,77,085903,Southland ISD,Garza,B,11,145,https://txschools.net/district/southland-isd-085903
339,1184,77,149902,Three Rivers ISD,Live Oak,C,11,541,https://txschools.net/district/three-rivers-isd-149902
339,1184,77,244903,Vernon ISD,Wilbarger,C,11,1685,https://txschools.net/district/vernon-isd-244903
339,1184,77,143904,Vysehrad ISD,Lavaca,D,11,46,https://txschools.net/district/vysehrad-isd-143904
339,1184,77,109911,Whitney ISD,Hill,C,11,1433,https://txschools.net/district/whitney-isd-109911
339,1184,77,234907,Wills Point ISD,Van Zandt,C,11,2882,https://txschools.net/district/wills-point-isd-234907
339,1184,77,101873,Yellowstone College Preparatory,Harris,D,11,361,https://txschools.net/district/yellowstone-college-preparatory-101873
417,1184,60,221901,Abilene ISD,Taylor,C,12,14260,https://txschools.net/district/abilene-isd-221901
417,1184,60,126901,Alvarado ISD,Johnson,C,12,3703,https://txschools.net/district/alvarado-isd-126901
417,1184,60,107901,Athens ISD,Henderson,C,12,2938,https://txschools.net/district/athens-isd-107901
417,1184,60,030903,Baird ISD,Callahan,B,12,345,https://txschools.net/district/baird-isd-030903
417,1184,60,101847,Beatrice Mayes Institute Charter School,Harris,C,12,628,https://txschools.net/district/beatrice-mayes-institute-charter-school-101847
417,1184,60,125902,Ben Bolt-Palito Blanco ISD,Jim Wells,B,12,420,https://txschools.net/district/ben-bolt-palito-blanco-isd-125902
417,1184,60,249902,Boyd ISD,Wise,C,12,1443,https://txschools.net/district/boyd-isd-249902
417,1184,60,161919,Bruceville-Eddy ISD,McLennan,C,12,505,https://txschools.net/district/bruceville-eddy-isd-161919
417,1184,60,021902,Bryan ISD,Brazos,C,12,15653,https://txschools.net/district/bryan-isd-021902
417,1184,60,116910,Campbell ISD,Hunt,D,12,298,https://txschools.net/district/campbell-isd-116910
417,1184,60,133901,Center Point ISD,Kerr,C,12,492,https://txschools.net/district/center-point-isd-133901
417,1184,60,103901,Channing ISD,Hartley,B,12,118,https://txschools.net/district/channing-isd-103901
417,1184,60,212909,Chapel Hill ISD,Smith,C,12,3186,https://txschools.net/district/chapel-hill-isd-212909
417,1184,60,206903,Cherokee ISD,San Saba,B,12,127,https://txschools.net/district/cherokee-isd-206903
417,1184,60,073901,Chilton ISD,Falls,A,12,574,https://txschools.net/district/chilton-isd-073901
417,1184,60,112908,Como-Pickton CISD,Hopkins,B,12,751,https://txschools.net/district/como-pickton-cisd-112908
417,1184,60,068802,Compass Academy Charter School,Ector,C,12,1759,https://txschools.net/district/compass-academy-charter-school-068802
417,1184,60,015838,Compass Rose Public Schools,Bexar,C,12,4032,https://txschools.net/district/compass-rose-public-schools-015838
417,1184,60,163901,Devine ISD,Medina,C,12,1975,https://txschools.net/district/devine-isd-163901
417,1184,60,187903,Goodrich ISD,Polk,B,12,270,https://txschools.net/district/goodrich-isd-187903
417,1184,60,101911,Goose Creek CISD,Harris,B,12,23308,https://txschools.net/district/goose-creek-cisd-101911
417,1184,60,059901,Hereford ISD,Deaf Smith,C,12,3836,https://txschools.net/district/hereford-isd-059901
417,1184,60,119902,Jacksboro ISD,Jack,B,12,1032,https://txschools.net/district/jacksboro-isd-119902
417,1184,60,126906,Keene ISD,Johnson,B,12,1131,https://txschools.net/district/keene-isd-126906
417,1184,60,113906,Kennard ISD,Houston,C,12,254,https://txschools.net/district/kennard-isd-113906
417,1184,60,092902,Kilgore ISD,Gregg,C,12,3576,https://txschools.net/district/kilgore-isd-092902
417,1184,60,074909,Leonard ISD,Fannin,B,12,840,https://txschools.net/district/leonard-isd-074909
417,1184,60,110902,Levelland ISD,Hockley,B,12,2398,https://txschools.net/district/levelland-isd-110902
417,1184,60,245902,Lyford CISD,Willacy,B,12,1366,https://txschools.net/district/lyford-cisd-245902
417,1184,60,027904,Marble Falls ISD,Burnet,C,12,4054,https://txschools.net/district/marble-falls-isd-027904
417,1184,60,102902,Marshall ISD,Harrison,D,12,4726,https://txschools.net/district/marshall-isd-102902
417,1184,60,057914,Mesquite ISD,Dallas,B,12,36585,https://txschools.net/district/mesquite-isd-057914
417,1184,60,147903,Mexia ISD,Limestone,C,12,1780,https://txschools.net/district/mexia-isd-147903
417,1184,60,197902,Miami ISD,Roberts,A,12,179,https://txschools.net/district/miami-isd-197902
417,1184,60,093904,Navasota ISD,Grimes,C,12,3127,https://txschools.net/district/navasota-isd-093904
417,1184,60,220817,Newman International Academy of Arlington,Tarrant,C,12,2697,https://txschools.net/district/newman-international-academy-of-arlington-220817
417,1184,60,195901,Pecos-Barstow-Toyah ISD,Reeves,C,12,2945,https://txschools.net/district/pecos-barstow-toyah-isd-195901
417,1184,60,039903,Petrolia CISD,Clay,C,12,485,https://txschools.net/district/petrolia-cisd-039903
417,1184,60,007905,Pleasanton ISD,Atascosa,C,12,3301,https://txschools.net/district/pleasanton-isd-007905
417,1184,60,108910,Progreso ISD,Hidalgo,B,12,1291,https://txschools.net/district/progreso-isd-108910
417,1184,60,116908,Quinlan ISD,Hunt,C,12,2974,https://txschools.net/district/quinlan-isd-116908
417,1184,60,188902,River Road ISD,Potter,B,12,1183,https://txschools.net/district/river-road-isd-188902
417,1184,60,004901,Rockport-Fulton ISD,Aransas,C,12,2831,https://txschools.net/district/rockport-fulton-isd-004901
417,1184,60,092906,Sabine ISD,Gregg,B,12,1567,https://txschools.net/district/sabine-isd-092906
417,1184,60,233901,San Felipe-Del Rio CISD,Val Verde,C,12,9494,https://txschools.net/district/san-felipe-del-rio-cisd-233901
417,1184,60,245904,San Perlita ISD,Willacy,B,12,174,https://txschools.net/district/san-perlita-isd-245904
417,1184,60,075903,Schulenburg ISD,Fayette,C,12,644,https://txschools.net/district/schulenburg-isd-075903
417,1184,60,094901,Seguin ISD,Guadalupe,C,12,7160,https://txschools.net/district/seguin-isd-094901
417,1184,60,242902,Shamrock ISD,Wheeler,C,12,350,https://txschools.net/district/shamrock-isd-242902
417,1184,60,101924,Sheldon ISD,Harris,C,12,10576,https://txschools.net/district/sheldon-isd-101924
417,1184,60,208902,Snyder ISD,Scurry,C,12,2220,https://txschools.net/district/snyder-isd-208902
417,1184,60,218901,Sonora ISD,Sutton,C,12,642,https://txschools.net/district/sonora-isd-218901
417,1184,60,246911,Taylor ISD,Williamson,B,12,2882,https://txschools.net/district/taylor-isd-246911
417,1184,60,019907,Texarkana ISD,Bowie,C,12,7623,https://txschools.net/district/texarkana-isd-019907
417,1184,60,152504,Texas Tech University K-12,Lubbock,B,12,829,https://txschools.net/district/texas-tech-university-k-12-152504
417,1184,60,224901,Throckmorton Collegiate ISD,Throckmorton,B,12,145,https://txschools.net/district/throckmorton-collegiate-isd-224901
417,1184,60,226905,Water Valley ISD,Tom Green,A,12,305,https://txschools.net/district/water-valley-isd-226905
417,1184,60,240904,Webb CISD,Webb,C,12,206,https://txschools.net/district/webb-cisd-240904
417,1184,60,220920,White Settlement ISD,Tarrant,C,12,6684,https://txschools.net/district/white-settlement-isd-220920
417,1184,60,170904,Willis ISD,Montgomery,C,12,9579,https://txschools.net/district/willis-isd-170904
417,1184,60,224902,Woodson ISD,Throckmorton,B,12,158,https://txschools.net/district/woodson-isd-224902
478,1184,61,101902,Aldine ISD,Harris,C,13,52115,https://txschools.net/district/aldine-isd-101902
478,1184,61,002901,Andrews ISD,Andrews,C,13,4159,https://txschools.net/district/andrews-isd-002901
478,1184,61,161918,Axtell ISD,McLennan,B,13,842,https://txschools.net/district/axtell-isd-161918
478,1184,61,121902,Brookeland ISD,Jasper,B,13,391,https://txschools.net/district/brookeland-isd-121902
478,1184,61,071907,Canutillo ISD,El Paso,C,13,5604,https://txschools.net/district/canutillo-isd-071907
478,1184,61,225906,Chapel Hill ISD,Titus,B,13,943,https://txschools.net/district/chapel-hill-isd-225906
478,1184,61,139905,Chisum ISD,Lamar,B,13,1167,https://txschools.net/district/chisum-isd-139905
478,1184,61,243906,City View ISD,Wichita,B,13,1169,https://txschools.net/district/city-view-isd-243906
478,1184,61,030901,Cross Plains ISD,Callahan,B,13,357,https://txschools.net/district/cross-plains-isd-030901
478,1184,61,212801,Cumberland Academy,Smith,C,13,1519,https://txschools.net/district/cumberland-academy-212801
478,1184,61,056901,Dalhart ISD,Dallam,C,13,1801,https://txschools.net/district/dalhart-isd-056901
478,1184,61,249905,Decatur ISD,Wise,C,13,3801,https://txschools.net/district/decatur-isd-249905
478,1184,61,019901,DeKalb ISD,Bowie,B,13,928,https://txschools.net/district/dekalb-isd-019901
478,1184,61,091903,Denison ISD,Grayson,C,13,4742,https://txschools.net/district/denison-isd-091903
478,1184,61,108902,Donna ISD,Hidalgo,B,13,12436,https://txschools.net/district/donna-isd-108902
478,1184,61,220918,Eagle Mt-Saginaw ISD,Tarrant,C,13,24147,https://txschools.net/district/eagle-mt-saginaw-isd-220918
478,1184,61,241903,El Campo ISD,Wharton,B,13,3206,https://txschools.net/district/el-campo-isd-241903
478,1184,61,243902,Electra ISD,Wichita,C,13,418,https://txschools.net/district/electra-isd-243902
478,1184,61,070903,Ennis ISD,Ellis,C,13,6621,https://txschools.net/district/ennis-isd-070903
478,1184,61,071903,Fabens ISD,El Paso,B,13,1812,https://txschools.net/district/fabens-isd-071903
478,1184,61,089901,Gonzales ISD,Gonzales,C,13,2514,https://txschools.net/district/gonzales-isd-089901
478,1184,61,165902,Greenwood ISD,Midland,C,13,3621,https://txschools.net/district/greenwood-isd-165902
478,1184,61,127903,Hamlin Collegiate ISD,Jones,B,13,383,https://txschools.net/district/hamlin-collegiate-isd-127903
478,1184,61,123914,Hamshire-Fannett ISD,Jefferson,B,13,1947,https://txschools.net/district/hamshire-fannett-isd-123914
478,1184,61,250902,Hawkins ISD,Wood,C,13,776,https://txschools.net/district/hawkins-isd-250902
478,1184,61,039902,Henrietta ISD,Clay,B,13,862,https://txschools.net/district/henrietta-isd-039902
478,1184,61,034903,Hughes Springs ISD,Cass,B,13,1044,https://txschools.net/district/hughes-springs-isd-034903
478,1184,61,118902,Irion County ISD,Irion,A,13,307,https://txschools.net/district/irion-county-isd-118902
478,1184,61,155901,Jefferson ISD,Marion,C,13,1105,https://txschools.net/district/jefferson-isd-155901
478,1184,61,007902,Jourdanton ISD,Atascosa,C,13,1561,https://txschools.net/district/jourdanton-isd-007902
478,1184,61,015822,Jubilee Academies,Bexar,B,13,5019,https://txschools.net/district/jubilee-academies-015822
478,1184,61,061905,Krum ISD,Denton,C,13,2573,https://txschools.net/district/krum-isd-061905
478,1184,61,185904,Lazbuddie ISD,Parmer,A,13,127,https://txschools.net/district/lazbuddie-isd-185904
478,1184,61,070915,Maypearl ISD,Ellis,C,13,1217,https://txschools.net/district/maypearl-isd-070915
478,1184,61,096904,Memphis ISD,Hall,B,13,331,https://txschools.net/district/memphis-isd-096904
478,1184,61,221904,Merkel ISD,Taylor,C,13,1127,https://txschools.net/district/merkel-isd-221904
478,1184,61,170908,New Caney ISD,Montgomery,C,13,19642,https://txschools.net/district/new-caney-isd-170908
478,1184,61,090904,Pampa ISD,Gray,C,13,3036,https://txschools.net/district/pampa-isd-090904
478,1184,61,251902,Plains ISD,Yoakum,C,13,413,https://txschools.net/district/plains-isd-251902
478,1184,61,015801,Por Vida Academy,Bexar,B,13,167,https://txschools.net/district/por-vida-academy-015801
478,1184,61,167904,Priddy ISD,Mills,A,13,90,https://txschools.net/district/priddy-isd-167904
478,1184,61,098903,Pringle-Morse CISD,Hansford,C,13,126,https://txschools.net/district/pringle-morse-cisd-098903
478,1184,61,015839,Promesa Academy Charter School,Bexar,D,13,275,https://txschools.net/district/promesa-academy-charter-school-015839
478,1184,61,070911,Red Oak ISD,Ellis,C,13,6569,https://txschools.net/district/red-oak-isd-070911
478,1184,61,041902,Robert Lee ISD,Coke,B,13,253,https://txschools.net/district/robert-lee-isd-041902
478,1184,61,104903,Rule ISD,Haskell,B,13,143,https://txschools.net/district/rule-isd-104903
478,1184,61,117903,Sanford-Fritch ISD,Hutchinson,C,13,714,https://txschools.net/district/sanford-fritch-isd-117903
478,1184,61,031913,Santa Maria ISD,Cameron,B,13,502,https://txschools.net/district/santa-maria-isd-031913
478,1184,61,207901,Schleicher ISD,Schleicher,B,13,383,https://txschools.net/district/schleicher-isd-207901
478,1184,61,008902,Sealy ISD,Austin,C,13,3014,https://txschools.net/district/sealy-isd-008902
478,1184,61,101838,Southwest Public Schools,Harris,B,13,1727,https://txschools.net/district/southwest-public-schools-101838
478,1184,61,101919,Spring ISD,Harris,C,13,32328,https://txschools.net/district/spring-isd-101919
478,1184,61,229905,Spurger ISD,Tyler,B,13,375,https://txschools.net/district/spurger-isd-229905
478,1184,61,013801,St Mary's Academy Charter School,Bee,C,13,329,https://txschools.net/district/st-mary-s-academy-charter-school-013801
478,1184,61,171902,Sunray Collegiate ISD,Moore,B,13,548,https://txschools.net/district/sunray-collegiate-isd-171902
478,1184,61,084906,Texas City ISD,Galveston,C,13,7379,https://txschools.net/district/texas-city-isd-084906
478,1184,61,212904,Troup ISD,Smith,C,13,1067,https://txschools.net/district/troup-isd-212904
478,1184,61,091909,Whitesboro ISD,Grayson,C,13,1757,https://txschools.net/district/whitesboro-isd-091909
478,1184,61,250907,Winnsboro ISD,Wood,B,13,1395,https://txschools.net/district/winnsboro-isd-250907
478,1184,61,200904,Winters ISD,Runnels,B,13,499,https://txschools.net/district/winters-isd-200904
478,1184,61,116909,Wolfe City ISD,Hunt,B,13,694,https://txschools.net/district/wolfe-city-isd-116909
478,1184,61,250905,Yantis ISD,Wood,C,13,309,https://txschools.net/district/yantis-isd-250905
540,1184,66,057829,A' Academy,Dallas,C,14,1703,https://txschools.net/district/a-academy-057829
540,1184,66,250906,Alba-Golden ISD,Wood,B,14,772,https://txschools.net/district/alba-golden-isd-250906
540,1184,66,101903,Alief ISD,Harris,C,14,36376,https://txschools.net/district/alief-isd-101903
540,1184,66,220901,Arlington ISD,Tarrant,C,14,51102,https://txschools.net/district/arlington-isd-220901
540,1184,66,220915,Azle ISD,Tarrant,C,14,7166,https://txschools.net/district/azle-isd-220915
540,1184,66,025901,Bangs ISD,Brown,B,14,768,https://txschools.net/district/bangs-isd-025901
540,1184,66,158901,Bay City ISD,Matagorda,C,14,3312,https://txschools.net/district/bay-city-isd-158901
540,1184,66,114901,Big Spring ISD,Howard,B,14,3107,https://txschools.net/district/big-spring-isd-114901
540,1184,66,109913,Blum ISD,Hill,A,14,335,https://txschools.net/district/blum-isd-109913
540,1184,66,148901,Booker ISD,Lipscomb,B,14,335,https://txschools.net/district/booker-isd-148901
540,1184,66,160901,Brady ISD,McCulloch,B,14,857,https://txschools.net/district/brady-isd-160901
540,1184,66,049905,Callisburg ISD,Cooke,C,14,1139,https://txschools.net/district/callisburg-isd-049905
540,1184,66,183902,Carthage ISD,Panola,B,14,2602,https://txschools.net/district/carthage-isd-183902
540,1184,66,220917,Castleberry ISD,Tarrant,B,14,3755,https://txschools.net/district/castleberry-isd-220917
540,1184,66,227817,Cedars International Academy,Travis,B,14,543,https://txschools.net/district/cedars-international-academy-227817
540,1184,66,101905,Channelview ISD,Harris,B,14,9086,https://txschools.net/district/channelview-isd-101905
540,1184,66,007901,Charlotte ISD,Atascosa,B,14,422,https://txschools.net/district/charlotte-isd-007901
540,1184,66,067902,Cisco ISD,Eastland,B,14,861,https://txschools.net/district/cisco-isd-067902
540,1184,66,057841,Cityscape Schools,Dallas,C,14,1218,https://txschools.net/district/cityscape-schools-057841
540,1184,66,018901,Clifton ISD,Bosque,B,14,938,https://txschools.net/district/clifton-isd-018901
540,1184,66,071901,Clint ISD,El Paso,B,14,9829,https://txschools.net/district/clint-isd-071901
540,1184,66,168901,Colorado ISD,Mitchell,C,14,901,https://txschools.net/district/colorado-isd-168901
540,1184,66,043918,Community ISD,Collin,B,14,5764,https://txschools.net/district/community-isd-043918
540,1184,66,233903,Comstock ISD,Val Verde,C,14,166,https://txschools.net/district/comstock-isd-233903
540,1184,66,060902,Cooper ISD,Delta,C,14,879,https://txschools.net/district/cooper-isd-060902
540,1184,66,187904,Corrigan-Camden ISD,Polk,B,14,800,https://txschools.net/district/corrigan-camden-isd-187904
540,1184,66,144903,Dime Box ISD,Lee,B,14,169,https://txschools.net/district/dime-box-isd-144903
540,1184,66,133905,Divide ISD,Kerr,B,14,41,https://txschools.net/district/divide-isd-133905
540,1184,66,081902,Fairfield ISD,Freestone,C,14,1526,https://txschools.net/district/fairfield-isd-081902
540,1184,66,220905,Fort Worth ISD,Tarrant,C,14,67315,https://txschools.net/district/fort-worth-isd-220905
540,1184,66,084902,Galveston ISD,Galveston,B,14,6664,https://txschools.net/district/galveston-isd-084902
540,1184,66,184911,Garner ISD,Parker,B,14,352,https://txschools.net/district/garner-isd-184911
540,1184,66,126911,Godley ISD,Johnson,C,14,3315,https://txschools.net/district/godley-isd-126911
540,1184,66,182902,Graford ISD,Palo Pinto,A,14,329,https://txschools.net/district/graford-isd-182902
540,1184,66,147902,Groesbeck ISD,Limestone,C,14,1457,https://txschools.net/district/groesbeck-isd-147902
540,1184,66,102905,Harleton ISD,Harrison,B,14,702,https://txschools.net/district/harleton-isd-102905
540,1184,66,108802,Horizon Montessori Public Schools,Hidalgo,B,14,1034,https://txschools.net/district/horizon-montessori-public-schools-108802
540,1184,66,108807,IDEA Public Schools,Hidalgo,B,14,79607,https://txschools.net/district/idea-public-schools-108807
540,1184,66,124901,Jim Hogg County ISD,Jim Hogg,C,14,927,https://txschools.net/district/jim-hogg-county-isd-124901
540,1184,66,016901,Johnson City ISD,Blanco,B,14,677,https://txschools.net/district/johnson-city-isd-016901
540,1184,66,014906,Killeen ISD,Bell,C,14,41366,https://txschools.net/district/killeen-isd-014906
540,1184,66,061914,Little Elm ISD,Denton,C,14,7647,https://txschools.net/district/little-elm-isd-061914
540,1184,66,161909,McGregor ISD,McLennan,C,14,1448,https://txschools.net/district/mcgregor-isd-161909
540,1184,66,039905,Midway ISD,Clay,B,14,128,https://txschools.net/district/midway-isd-039905
540,1184,66,182903,Mineral Wells ISD,Palo Pinto,B,14,3244,https://txschools.net/district/mineral-wells-isd-182903
540,1184,66,140905,Olton ISD,Lamb,B,14,592,https://txschools.net/district/olton-isd-140905
540,1184,66,082903,Pearsall ISD,Frio,C,14,1900,https://txschools.net/district/pearsall-isd-082903
540,1184,66,099903,Quanah ISD,Hardeman,B,14,396,https://txschools.net/district/quanah-isd-099903
540,1184,66,194903,Rivercrest ISD,Red River,B,14,665,https://txschools.net/district/rivercrest-isd-194903
540,1184,66,226903,San Angelo ISD,Tom Green,C,14,12500,https://txschools.net/district/san-angelo-isd-226903
540,1184,66,031912,San Benito CISD,Cameron,C,14,8620,https://txschools.net/district/san-benito-cisd-031912
540,1184,66,105902,San Marcos CISD,Hays,C,14,8134,https://txschools.net/district/san-marcos-cisd-105902
540,1184,66,205906,Sinton ISD,San Patricio,B,14,1959,https://txschools.net/district/sinton-isd-205906
540,1184,66,049909,Sivells Bend ISD,Cooke,B,14,56,https://txschools.net/district/sivells-bend-isd-049909
540,1184,66,026903,Snook ISD,Burleson,B,14,585,https://txschools.net/district/snook-isd-026903
540,1184,66,063903,Spur ISD,Dickens,B,14,210,https://txschools.net/district/spur-isd-063903
540,1184,66,182905,Strawn ISD,Palo Pinto,B,14,172,https://txschools.net/district/strawn-isd-182905
540,1184,66,112910,Sulphur Bluff ISD,Hopkins,B,14,195,https://txschools.net/district/sulphur-bluff-isd-112910
540,1184,66,074912,Trenton ISD,Fannin,B,14,730,https://txschools.net/district/trenton-isd-074912
540,1184,66,057803,Uplift Education,Dallas,B,14,23539,https://txschools.net/district/uplift-education-057803
540,1184,66,018904,Valley Mills ISD,Bosque,C,14,664,https://txschools.net/district/valley-mills-isd-018904
540,1184,66,049903,Valley View ISD,Cooke,B,14,875,https://txschools.net/district/valley-view-isd-049903
540,1184,66,226908,Veribest ISD,Tom Green,B,14,258,https://txschools.net/district/veribest-isd-226908
540,1184,66,235902,Victoria ISD,Victoria,C,14,12534,https://txschools.net/district/victoria-isd-235902
540,1184,66,181907,Vidor ISD,Orange,C,14,4095,https://txschools.net/district/vidor-isd-181907
540,1184,66,227803,Wayside Schools,Travis,C,14,1923,https://txschools.net/district/wayside-schools-227803
540,1184,66,040902,Whiteface CISD,Cochran,B,14,294,https://txschools.net/district/whiteface-cisd-040902
607,1184,54,101871,A' Unlimited Potential,Harris,B,15,190,https://txschools.net/district/a-unlimited-potential-101871
607,1184,54,071906,Anthony ISD,El Paso,B,15,681,https://txschools.net/district/anthony-isd-071906
607,1184,54,109912,Aquilla ISD,Hill,B,15,322,https://txschools.net/district/aquilla-isd-109912
607,1184,54,061907,Aubrey ISD,Denton,C,15,4885,https://txschools.net/district/aubrey-isd-061907
607,1184,54,010902,Bandera ISD,Bandera,C,15,2159,https://txschools.net/district/bandera-isd-010902
607,1184,54,116916,Boles ISD,Hunt,B,15,530,https://txschools.net/district/boles-isd-116916
607,1184,54,117901,Borger ISD,Hutchinson,C,15,2147,https://txschools.net/district/borger-isd-117901
607,1184,54,145901,Buffalo ISD,Leon,B,15,971,https://txschools.net/district/buffalo-isd-145901
607,1184,54,042901,Coleman ISD,Coleman,B,15,740,https://txschools.net/district/coleman-isd-042901
607,1184,54,147901,Coolidge ISD,Limestone,B,15,311,https://txschools.net/district/coolidge-isd-147901
607,1184,54,115903,Dell City ISD,Hudspeth,B,15,75,https://txschools.net/district/dell-city-isd-115903
607,1184,54,061901,Denton ISD,Denton,C,15,33101,https://txschools.net/district/denton-isd-061901
607,1184,54,081906,Dew ISD,Freestone,C,15,170,https://txschools.net/district/dew-isd-081906
607,1184,54,171901,Dumas ISD,Moore,B,15,4232,https://txschools.net/district/dumas-isd-171901
607,1184,54,036903,East Chambers ISD,Chambers,B,15,1563,https://txschools.net/district/east-chambers-isd-036903
607,1184,54,246902,Florence ISD,Williamson,B,15,1125,https://txschools.net/district/florence-isd-246902
607,1184,54,057910,Grand Prairie ISD,Dallas,B,15,25445,https://txschools.net/district/grand-prairie-isd-057910
607,1184,54,047903,Gustine ISD,Comanche,B,15,166,https://txschools.net/district/gustine-isd-047903
607,1184,54,230905,Harmony ISD,Upshur,B,15,855,https://txschools.net/district/harmony-isd-230905
607,1184,54,225907,Harts Bluff ISD,Titus,C,15,873,https://txschools.net/district/harts-bluff-isd-225907
607,1184,54,127904,Hawley ISD,Jones,B,15,773,https://txschools.net/district/hawley-isd-127904
607,1184,54,097903,Hico ISD,Hamilton,B,15,614,https://txschools.net/district/hico-isd-097903
607,1184,54,188903,Highland Park ISD,Potter,B,15,723,https://txschools.net/district/highland-park-isd-188903
607,1184,54,246906,Hutto ISD,Williamson,C,15,11069,https://txschools.net/district/hutto-isd-246906
607,1184,54,057848,International Leadership of Texas (ILTexas),Dallas,B,15,26257,https://txschools.net/district/international-leadership-of-texas-iltexas-057848
607,1184,54,242905,Kelton ISD,Wheeler,B,15,129,https://txschools.net/district/kelton-isd-242905
607,1184,54,227820,KIPP Texas Public Schools,Travis,B,15,31596,https://txschools.net/district/kipp-texas-public-schools-227820
607,1184,54,121905,Kirbyville CISD,Jasper,C,15,1443,https://txschools.net/district/kirbyville-cisd-121905
607,1184,54,227912,Lago Vista ISD,Travis,C,15,1864,https://txschools.net/district/lago-vista-isd-227912
607,1184,54,061912,Lake Dallas ISD,Denton,B,15,3935,https://txschools.net/district/lake-dallas-isd-061912
607,1184,54,145911,Leon ISD,Leon,B,15,790,https://txschools.net/district/leon-isd-145911
607,1184,54,140904,Littlefield ISD,Lamb,B,15,1185,https://txschools.net/district/littlefield-isd-140904
607,1184,54,187907,Livingston ISD,Polk,C,15,3988,https://txschools.net/district/livingston-isd-187907
607,1184,54,113903,Lovelady ISD,Houston,B,15,526,https://txschools.net/district/lovelady-isd-113903
607,1184,54,161908,Mart ISD,McLennan,B,15,597,https://txschools.net/district/mart-isd-161908
607,1184,54,174909,Martinsville ISD,Nacogdoches,B,15,315,https://txschools.net/district/martinsville-isd-174909
607,1184,54,175910,Mildred ISD,Navarro,B,15,801,https://txschools.net/district/mildred-isd-175910
607,1184,54,250903,Mineola ISD,Wood,B,15,1790,https://txschools.net/district/mineola-isd-250903
607,1184,54,108908,Mission CISD,Hidalgo,B,15,13186,https://txschools.net/district/mission-cisd-108908
607,1184,54,061802,North Texas Collegiate Academy,Denton,D,15,797,https://txschools.net/district/north-texas-collegiate-academy-061802
607,1184,54,015915,Northside ISD,Bexar,C,15,98031,https://txschools.net/district/northside-isd-015915
607,1184,54,001907,Palestine ISD,Anderson,C,15,3144,https://txschools.net/district/palestine-isd-001907
607,1184,54,101917,Pasadena ISD,Harris,B,15,44046,https://txschools.net/district/pasadena-isd-101917
607,1184,54,015843,Prelude Preparatory Charter School,Bexar,B,15,165,https://txschools.net/district/prelude-preparatory-charter-school-015843
607,1184,54,034907,Queen City ISD,Cass,C,15,860,https://txschools.net/district/queen-city-isd-034907
607,1184,54,014907,Rogers ISD,Bell,B,15,856,https://txschools.net/district/rogers-isd-014907
607,1184,54,037907,Rusk ISD,Cherokee,B,15,1980,https://txschools.net/district/rusk-isd-037907
607,1184,54,061908,Sanger ISD,Denton,B,15,2951,https://txschools.net/district/sanger-isd-061908
607,1184,54,129910,Scurry-Rosser ISD,Kaufman,B,15,1052,https://txschools.net/district/scurry-rosser-isd-129910
607,1184,54,011904,Smithville ISD,Bastrop,C,15,1864,https://txschools.net/district/smithville-isd-011904
607,1184,54,184902,Springtown ISD,Parker,C,15,4227,https://txschools.net/district/springtown-isd-184902
607,1184,54,247906,Stockdale ISD,Wilson,B,15,879,https://txschools.net/district/stockdale-isd-247906
607,1184,54,153904,Tahoka ISD,Lynn,B,15,556,https://txschools.net/district/tahoka-isd-153904
607,1184,54,014909,Temple ISD,Bell,B,15,8704,https://txschools.net/district/temple-isd-014909
607,1184,54,091907,Tioga ISD,Grayson,A,15,610,https://txschools.net/district/tioga-isd-091907
662,1184,48,022901,Alpine ISD,Brewster,C,16,956,https://txschools.net/district/alpine-isd-022901
662,1184,48,008901,Bellville ISD,Austin,C,16,2316,https://txschools.net/district/bellville-isd-008901
662,1184,48,014903,Belton ISD,Bell,B,16,13516,https://txschools.net/district/belton-isd-014903
662,1184,48,016902,Blanco ISD,Blanco,B,16,1106,https://txschools.net/district/blanco-isd-016902
662,1184,48,181901,Bridge City ISD,Orange,C,16,3072,https://txschools.net/district/bridge-city-isd-181901
662,1184,48,101906,Crosby ISD,Harris,B,16,7183,https://txschools.net/district/crosby-isd-101906
662,1184,48,234903,Edgewood ISD,Van Zandt,B,16,997,https://txschools.net/district/edgewood-isd-234903
662,1184,48,102906,Elysian Fields ISD,Harrison,B,16,753,https://txschools.net/district/elysian-fields-isd-102906
662,1184,48,244901,Harrold ISD,Wilbarger,B,16,159,https://txschools.net/district/harrold-isd-244901
662,1184,48,015815,Heritage Academy,Bexar,A,16,574,https://txschools.net/district/heritage-academy-015815
662,1184,48,019902,Hooks ISD,Bowie,B,16,883,https://txschools.net/district/hooks-isd-019902
662,1184,48,108912,La Joya ISD,Hidalgo,B,16,21606,https://txschools.net/district/la-joya-isd-108912
662,1184,48,141901,Lampasas ISD,Lampasas,B,16,3625,https://txschools.net/district/lampasas-isd-141901
662,1184,48,144902,Lexington ISD,Lee,B,16,1014,https://txschools.net/district/lexington-isd-144902
662,1184,48,028902,Lockhart ISD,Caldwell,C,16,6757,https://txschools.net/district/lockhart-isd-028902
662,1184,48,003903,Lufkin ISD,Angelina,C,16,6678,https://txschools.net/district/lufkin-isd-003903
662,1184,48,028903,Luling ISD,Caldwell,C,16,1431,https://txschools.net/district/luling-isd-028903
662,1184,48,107906,Malakoff ISD,Henderson,B,16,1522,https://txschools.net/district/malakoff-isd-107906
662,1184,48,019903,Maud ISD,Bowie,A,16,459,https://txschools.net/district/maud-isd-019903
662,1184,48,163908,Medina Valley ISD,Medina,B,16,10442,https://txschools.net/district/medina-valley-isd-163908
662,1184,48,201907,Mount Enterprise ISD,Rusk,B,16,482,https://txschools.net/district/mount-enterprise-isd-201907
662,1184,48,225902,Mount Pleasant ISD,Titus,B,16,5019,https://txschools.net/district/mount-pleasant-isd-225902
662,1184,48,009901,Muleshoe ISD,Bailey,B,16,1309,https://txschools.net/district/muleshoe-isd-009901
662,1184,48,125903,Orange Grove ISD,Jim Wells,B,16,1585,https://txschools.net/district/orange-grove-isd-125903
662,1184,48,139909,Paris ISD,Lamar,B,16,3728,https://txschools.net/district/paris-isd-139909
662,1184,48,013903,Pettus ISD,Bee,B,16,378,https://txschools.net/district/pettus-isd-013903
662,1184,48,061906,Ponder ISD,Denton,B,16,1737,https://txschools.net/district/ponder-isd-061906
662,1184,48,250904,Quitman ISD,Wood,B,16,1216,https://txschools.net/district/quitman-isd-250904
662,1184,48,137903,Riviera ISD,Kleberg,B,16,406,https://txschools.net/district/riviera-isd-137903
662,1184,48,199902,Royse City ISD,Rockwall,C,16,10141,https://txschools.net/district/royse-city-isd-199902
662,1184,48,123913,Sabine Pass ISD,Jefferson,B,16,373,https://txschools.net/district/sabine-pass-isd-123913
662,1184,48,084909,Santa Fe ISD,Galveston,B,16,4326,https://txschools.net/district/santa-fe-isd-084909
662,1184,48,031914,Santa Rosa ISD,Cameron,B,16,811,https://txschools.net/district/santa-rosa-isd-031914
662,1184,48,094902,Schertz-Cibolo-U City ISD,Guadalupe,B,16,14764,https://txschools.net/district/schertz-cibolo-u-city-isd-094902
662,1184,48,013905,Skidmore-Tynan ISD,Bee,B,16,769,https://txschools.net/district/skidmore-tynan-isd-013905
662,1184,48,110906,Smyer ISD,Hockley,A,16,433,https://txschools.net/district/smyer-isd-110906
662,1184,48,079910,Stafford MSD,Fort Bend,B,16,3529,https://txschools.net/district/stafford-msd-079910
662,1184,48,127906,Stamford ISD,Jones,B,16,546,https://txschools.net/district/stamford-isd-127906
662,1184,48,101859,Step Charter School,Harris,B,16,723,https://txschools.net/district/step-charter-school-101859
662,1184,48,143905,Sweet Home ISD,Lavaca,C,16,164,https://txschools.net/district/sweet-home-isd-143905
662,1184,48,210904,Tenaha ISD,Shelby,C,16,402,https://txschools.net/district/tenaha-isd-210904
662,1184,48,101864,The Lawson Academy,Harris,B,16,317,https://txschools.net/district/the-lawson-academy-101864
662,1184,48,014910,Troy ISD,Bell,B,16,1723,https://txschools.net/district/troy-isd-014910
662,1184,48,178912,Tuloso-Midway ISD,Nueces,B,16,3659,https://txschools.net/district/tuloso-midway-isd-178912
662,1184,48,108808,Vanguard Academy,Hidalgo,A,16,6739,https://txschools.net/district/vanguard-academy-108808
662,1184,48,070912,Waxahachie ISD,Ellis,B,16,11092,https://txschools.net/district/waxahachie-isd-070912
662,1184,48,062905,Westhoff ISD,Dewitt,B,16,100,https://txschools.net/district/westhoff-isd-062905
662,1184,48,243905,Wichita Falls ISD,Wichita,C,16,12435,https://txschools.net/district/wichita-falls-isd-243905
662,1184,48,062903,Yoakum ISD,Dewitt,B,16,1409,https://txschools.net/district/yoakum-isd-062903
711,1184,50,188901,Amarillo ISD,Potter,B,17,28172,https://txschools.net/district/amarillo-isd-188901
711,1184,50,020902,Angleton ISD,Brazoria,B,17,7241,https://txschools.net/district/angleton-isd-020902
711,1184,50,101853,Bakerripley Community Schools,Harris,B,17,1908,https://txschools.net/district/bakerripley-community-schools-101853
711,1184,50,039904,Bellevue ISD,Clay,A,17,242,https://txschools.net/district/bellevue-isd-039904
711,1184,50,169901,Bowie ISD,Montague,B,17,1457,https://txschools.net/district/bowie-isd-169901
711,1184,50,020905,Brazosport ISD,Brazoria,B,17,10843,https://txschools.net/district/brazosport-isd-020905
711,1184,50,239901,Brenham ISD,Washington,B,17,4712,https://txschools.net/district/brenham-isd-239901
711,1184,50,041901,Bronte ISD,Coke,A,17,224,https://txschools.net/district/bronte-isd-041901
711,1184,50,091902,Collinsville ISD,Grayson,B,17,647,https://txschools.net/district/collinsville-isd-091902
711,1184,50,246914,Coupland ISD,Williamson,C,17,315,https://txschools.net/district/coupland-isd-246914
711,1184,50,018908,Cranfills Gap ISD,Bosque,B,17,116,https://txschools.net/district/cranfills-gap-isd-018908
711,1184,50,074904,Dodd City ISD,Fannin,A,17,319,https://txschools.net/district/dodd-city-isd-074904
711,1184,50,074905,Ector ISD,Fannin,B,17,234,https://txschools.net/district/ector-isd-074905
711,1184,50,071902,El Paso ISD,El Paso,B,17,46113,https://txschools.net/district/el-paso-isd-071902
711,1184,50,247901,Floresville ISD,Wilson,B,17,3893,https://txschools.net/district/floresville-isd-247901
711,1184,50,152907,Frenship ISD,Lubbock,C,17,12042,https://txschools.net/district/frenship-isd-152907
711,1184,50,166902,Gause ISD,Milam,B,17,149,https://txschools.net/district/gause-isd-166902
711,1184,50,246904,Georgetown ISD,Williamson,B,17,13951,https://txschools.net/district/georgetown-isd-246904
711,1184,50,252901,Graham ISD,Young,C,17,2139,https://txschools.net/district/graham-isd-252901
711,1184,50,111901,Granbury ISD,Hood,B,17,7850,https://txschools.net/district/granbury-isd-111901
711,1184,50,126904,Grandview ISD,Johnson,B,17,1417,https://txschools.net/district/grandview-isd-126904
711,1184,50,129903,Kaufman ISD,Kaufman,B,17,4208,https://txschools.net/district/kaufman-isd-129903
711,1184,50,220914,Kennedale ISD,Tarrant,B,17,2659,https://txschools.net/district/kennedale-isd-220914
711,1184,50,133903,Kerrville ISD,Kerr,B,17,4402,https://txschools.net/district/kerrville-isd-133903
711,1184,50,100903,Kountze ISD,Hardin,C,17,1163,https://txschools.net/district/kountze-isd-100903
711,1184,50,083902,Loop ISD,Gaines,A,17,143,https://txschools.net/district/loop-isd-083902
711,1184,50,152901,Lubbock ISD,Lubbock,B,17,23029,https://txschools.net/district/lubbock-isd-152901
711,1184,50,164901,Menard ISD,Menard,B,17,249,https://txschools.net/district/menard-isd-164901
711,1184,50,112907,Miller Grove ISD,Hopkins,B,17,314,https://txschools.net/district/miller-grove-isd-112907
711,1184,50,227826,Montessori for All,Travis,D,17,556,https://txschools.net/district/montessori-for-all-227826
711,1184,50,057827,Nova Academy Southeast,Dallas,B,17,181,https://txschools.net/district/nova-academy-southeast-057827
711,1184,50,200906,Olfen ISD,Runnels,B,17,137,https://txschools.net/district/olfen-isd-200906
711,1184,50,181905,Orangefield ISD,Orange,B,17,1727,https://txschools.net/district/orangefield-isd-181905
711,1184,50,178908,Port Aransas ISD,Nueces,B,17,577,https://txschools.net/district/port-aransas-isd-178908
711,1184,50,019906,Redwater ISD,Bowie,B,17,1092,https://txschools.net/district/redwater-isd-019906
711,1184,50,126907,Rio Vista ISD,Johnson,C,17,1031,https://txschools.net/district/rio-vista-isd-126907
711,1184,50,152908,Roosevelt ISD,Lubbock,B,17,1115,https://txschools.net/district/roosevelt-isd-152908
711,1184,50,110905,Ropes ISD,Hockley,A,17,670,https://txschools.net/district/ropes-isd-110905
711,1184,50,169911,Saint Jo ISD,Montague,B,17,298,https://txschools.net/district/saint-jo-isd-169911
711,1184,50,066902,San Diego ISD,Duval,B,17,1416,https://txschools.net/district/san-diego-isd-066902
711,1184,50,058909,Sands CISD,Dawson,A,17,225,https://txschools.net/district/sands-cisd-058909
711,1184,50,083903,Seminole ISD,Gaines,C,17,3083,https://txschools.net/district/seminole-isd-083903
711,1184,50,020906,Sweeny ISD,Brazoria,C,17,1691,https://txschools.net/district/sweeny-isd-020906
711,1184,50,221801,Texas College Preparatory Academies,Taylor,B,17,17201,https://txschools.net/district/texas-college-preparatory-academies-221801
711,1184,50,101861,The Rhodes School for Performing Arts,Harris,B,17,405,https://txschools.net/district/the-rhodes-school-for-performing-arts-101861
711,1184,50,210905,Timpson ISD,Shelby,B,17,718,https://txschools.net/district/timpson-isd-210905
711,1184,50,227506,University of Texas at Austin HS,Travis,C,17,1211,https://txschools.net/district/university-of-texas-at-austin-hs-227506
711,1184,50,232904,Utopia ISD,Uvalde,A,17,190,https://txschools.net/district/utopia-isd-232904
711,1184,50,184903,Weatherford ISD,Parker,B,17,8118,https://txschools.net/district/weatherford-isd-184903
711,1184,50,033904,White Deer ISD,Carson,B,17,302,https://txschools.net/district/white-deer-isd-033904
711,1184,50,062904,Yorktown ISD,Dewitt,B,17,552,https://txschools.net/district/yorktown-isd-062904
762,1184,39,125901,Alice ISD,Jim Wells,B,18,4198,https://txschools.net/district/alice-isd-125901
762,1184,39,101803,Aristoi Classical Academy,Harris,B,18,1713,https://txschools.net/district/aristoi-classical-academy-101803
762,1184,39,034901,Atlanta ISD,Cass,B,18,1918,https://txschools.net/district/atlanta-isd-034901
762,1184,39,243901,Burkburnett ISD,Wichita,C,18,3142,https://txschools.net/district/burkburnett-isd-243901
762,1184,39,071801,Burnham Wood Charter School District,El Paso,B,18,1895,https://txschools.net/district/burnham-wood-charter-school-district-071801
762,1184,39,047901,Comanche ISD,Comanche,B,18,1327,https://txschools.net/district/comanche-isd-047901
762,1184,39,050910,Copperas Cove ISD,Coryell,B,18,7619,https://txschools.net/district/copperas-cove-isd-050910
762,1184,39,159901,Eagle Pass ISD,Maverick,B,18,13415,https://txschools.net/district/eagle-pass-isd-159901
762,1184,39,071804,El Paso Academy,El Paso,A,18,294,https://txschools.net/district/el-paso-academy-071804
762,1184,39,043904,Farmersville ISD,Collin,B,18,2523,https://txschools.net/district/farmersville-isd-043904
762,1184,39,129902,Forney ISD,Kaufman,C,18,19643,https://txschools.net/district/forney-isd-129902
762,1184,39,220809,Fort Worth Academy of Fine Arts,Tarrant,B,18,668,https://txschools.net/district/fort-worth-academy-of-fine-arts-220809
762,1184,39,174903,Garrison ISD,Nacogdoches,A,18,739,https://txschools.net/district/garrison-isd-174903
762,1184,39,144901,Giddings ISD,Lee,B,18,1798,https://txschools.net/district/giddings-isd-144901
762,1184,39,088902,Goliad ISD,Goliad,B,18,1191,https://txschools.net/district/goliad-isd-088902
762,1184,39,234904,Grand Saline ISD,Van Zandt,B,18,1205,https://txschools.net/district/grand-saline-isd-234904
762,1184,39,015835,Great Hearts Texas,Bexar,B,18,14038,https://txschools.net/district/great-hearts-texas-015835
762,1184,39,033901,Groom ISD,Carson,B,18,112,https://txschools.net/district/groom-isd-033901
762,1184,39,015828,Harmony Public Schools - South Texas,Bexar,B,18,4991,https://txschools.net/district/harmony-public-schools-south-texas-015828
762,1184,39,105906,Hays CISD,Hays,B,18,24938,https://txschools.net/district/hays-cisd-105906
762,1184,39,003904,Huntington ISD,Angelina,B,18,1496,https://txschools.net/district/huntington-isd-003904
762,1184,39,210902,Joaquin ISD,Shelby,A,18,695,https://txschools.net/district/joaquin-isd-210902
762,1184,39,015913,Lackland ISD,Bexar,B,18,966,https://txschools.net/district/lackland-isd-015913
762,1184,39,116906,Lone Oak ISD,Hunt,B,18,1090,https://txschools.net/district/lone-oak-isd-116906
762,1184,39,100907,Lumberton ISD,Hardin,B,18,4039,https://txschools.net/district/lumberton-isd-100907
762,1184,39,129905,Mabank ISD,Kaufman,B,18,4098,https://txschools.net/district/mabank-isd-129905
762,1184,39,154901,Madisonville CISD,Madison,B,18,2339,https://txschools.net/district/madisonville-cisd-154901
762,1184,39,165802,Midland Academy Charter School,Midland,B,18,431,https://txschools.net/district/midland-academy-charter-school-165802
762,1184,39,165901,Midland ISD,Midland,C,18,29048,https://txschools.net/district/midland-isd-165901
762,1184,39,230906,New Diana ISD,Upshur,B,18,1150,https://txschools.net/district/new-diana-isd-230906
762,1184,39,139911,North Lamar ISD,Lamar,C,18,2362,https://txschools.net/district/north-lamar-isd-139911
762,1184,39,070910,Palmer ISD,Ellis,B,18,1382,https://txschools.net/district/palmer-isd-070910
762,1184,39,227904,Pflugerville ISD,Travis,B,18,25028,https://txschools.net/district/pflugerville-isd-227904
762,1184,39,003801,Pineywoods Community Academy,Angelina,B,18,1060,https://txschools.net/district/pineywoods-community-academy-003801
762,1184,39,123908,Port Neches-Groves ISD,Jefferson,B,18,5289,https://txschools.net/district/port-neches-groves-isd-123908
762,1184,39,182904,Santo ISD,Palo Pinto,A,18,570,https://txschools.net/district/santo-isd-182904
762,1184,39,098904,Spearman ISD,Hansford,B,18,652,https://txschools.net/district/spearman-isd-098904
762,1184,39,234906,Van ISD,Van Zandt,B,18,2265,https://txschools.net/district/van-isd-234906
762,1184,39,237904,Waller ISD,Waller,B,18,10846,https://txschools.net/district/waller-isd-237904
762,1184,39,174906,Woden ISD,Nacogdoches,B,18,824,https://txschools.net/district/woden-isd-174906
802,1184,36,109901,Abbott ISD,Hill,A,19,285,https://txschools.net/district/abbott-isd-109901
802,1184,36,095901,Abernathy ISD,Hale,B,19,775,https://txschools.net/district/abernathy-isd-095901
802,1184,36,014901,Academy ISD,Bell,B,19,1857,https://txschools.net/district/academy-isd-014901
802,1184,36,116915,Bland ISD,Hunt,B,19,777,https://txschools.net/district/bland-isd-116915
802,1184,36,072904,Bluff Dale ISD,Erath,B,19,226,https://txschools.net/district/bluff-dale-isd-072904
802,1184,36,107902,Brownsboro ISD,Henderson,B,19,2583,https://txschools.net/district/brownsboro-isd-107902
802,1184,36,026901,Caldwell ISD,Burleson,B,19,1828,https://txschools.net/district/caldwell-isd-026901
802,1184,36,029901,Calhoun County ISD,Calhoun,B,19,3381,https://txschools.net/district/calhoun-county-isd-029901
802,1184,36,057903,Carrollton-Farmers Branch ISD,Dallas,B,19,22831,https://txschools.net/district/carrollton-farmers-branch-isd-057903
802,1184,36,178904,Corpus Christi ISD,Nueces,B,19,31976,https://txschools.net/district/corpus-christi-isd-178904
802,1184,36,053001,Crockett County Consolidated CSD,Crockett,B,19,615,https://txschools.net/district/crockett-county-consolidated-csd-053001
802,1184,36,107905,Eustace ISD,Henderson,B,19,1685,https://txschools.net/district/eustace-isd-107905
802,1184,36,077901,Floydada Collegiate ISD,Floyd,B,19,644,https://txschools.net/district/floydada-collegiate-isd-077901
802,1184,36,234909,Fruitvale ISD,Van Zandt,B,19,390,https://txschools.net/district/fruitvale-isd-234909
802,1184,36,213901,Glen Rose ISD,Somervell,B,19,2091,https://txschools.net/district/glen-rose-isd-213901
802,1184,36,182901,Gordon ISD,Palo Pinto,A,19,240,https://txschools.net/district/gordon-isd-182901
802,1184,36,091917,Gunter ISD,Grayson,B,19,1153,https://txschools.net/district/gunter-isd-091917
802,1184,36,097902,Hamilton ISD,Hamilton,C,19,794,https://txschools.net/district/hamilton-isd-097902
802,1184,36,031903,Harlingen CISD,Cameron,B,19,16187,https://txschools.net/district/harlingen-cisd-031903
802,1184,36,074907,Honey Grove ISD,Fannin,B,19,674,https://txschools.net/district/honey-grove-isd-074907
802,1184,36,132902,Jayton-Girard ISD,Kent,A,19,187,https://txschools.net/district/jayton-girard-isd-132902
802,1184,36,071807,La Fe Preparatory School,El Paso,B,19,185,https://txschools.net/district/la-fe-preparatory-school-071807
802,1184,36,075902,La Grange ISD,Fayette,B,19,1839,https://txschools.net/district/la-grange-isd-075902
802,1184,36,184904,Millsap ISD,Parker,B,19,1068,https://txschools.net/district/millsap-isd-184904
802,1184,36,019905,New Boston ISD,Bowie,B,19,1060,https://txschools.net/district/new-boston-isd-019905
802,1184,36,236901,New Waverly ISD,Walker,B,19,1064,https://txschools.net/district/new-waverly-isd-236901
802,1184,36,249906,Paradise ISD,Wise,B,19,1372,https://txschools.net/district/paradise-isd-249906
802,1184,36,013902,Pawnee ISD,Bee,C,19,252,https://txschools.net/district/pawnee-isd-013902
802,1184,36,179901,Perryton ISD,Ochiltree,B,19,1698,https://txschools.net/district/perryton-isd-179901
802,1184,36,095904,Petersburg ISD,Hale,A,19,230,https://txschools.net/district/petersburg-isd-095904
802,1184,36,169909,Prairie Valley ISD,Montague,B,19,138,https://txschools.net/district/prairie-valley-isd-169909
802,1184,36,206902,Richland Springs ISD,San Saba,C,19,101,https://txschools.net/district/richland-springs-isd-206902
802,1184,36,001909,Slocum ISD,Anderson,B,19,330,https://txschools.net/district/slocum-isd-001909
802,1184,36,015917,Southside ISD,Bexar,B,19,6091,https://txschools.net/district/southside-isd-015917
802,1184,36,156902,Stanton ISD,Martin,B,19,1069,https://txschools.net/district/stanton-isd-156902
802,1184,36,092908,White Oak ISD,Gregg,B,19,1429,https://txschools.net/district/white-oak-isd-092908
802,1184,36,180904,Wildorado ISD,Oldham,A,19,198,https://txschools.net/district/wildorado-isd-180904
839,1184,44,209901,Albany ISD,Shackelford,B,20,449,https://txschools.net/district/albany-isd-209901
839,1184,44,249901,Alvord ISD,Wise,B,20,875,https://txschools.net/district/alvord-isd-249901
839,1184,44,183901,Beckville ISD,Panola,B,20,652,https://txschools.net/district/beckville-isd-183901
839,1184,44,220902,Birdville ISD,Tarrant,C,20,22044,https://txschools.net/district/birdville-isd-220902
839,1184,44,025902,Brownwood ISD,Brown,B,20,3293,https://txschools.net/district/brownwood-isd-025902
839,1184,44,126902,Burleson ISD,Johnson,B,20,12560,https://txschools.net/district/burleson-isd-126902
839,1184,44,116901,Caddo Mills ISD,Hunt,B,20,3325,https://txschools.net/district/caddo-mills-isd-116901
839,1184,44,229906,Chester ISD,Tyler,B,20,186,https://txschools.net/district/chester-isd-229906
839,1184,44,045902,Columbus ISD,Colorado,B,20,1594,https://txschools.net/district/columbus-isd-045902
839,1184,44,057905,Dallas ISD,Dallas,B,20,134302,https://txschools.net/district/dallas-isd-057905
839,1184,44,025909,Early ISD,Brown,B,20,1087,https://txschools.net/district/early-isd-025909
839,1184,44,049906,Era ISD,Cooke,A,20,517,https://txschools.net/district/era-isd-049906
839,1184,44,121906,Evadale ISD,Jasper,A,20,450,https://txschools.net/district/evadale-isd-121906
839,1184,44,242906,Fort Elliott CISD,Wheeler,B,20,133,https://txschools.net/district/fort-elliott-cisd-242906
839,1184,44,167901,Goldthwaite ISD,Mills,B,20,504,https://txschools.net/district/goldthwaite-isd-167901
839,1184,44,219901,Happy ISD,Swisher,A,20,238,https://txschools.net/district/happy-isd-219901
839,1184,44,086902,Harper ISD,Gillespie,B,20,566,https://txschools.net/district/harper-isd-086902
839,1184,44,232901,Knippa ISD,Uvalde,A,20,408,https://txschools.net/district/knippa-isd-232901
839,1184,44,101916,La Porte ISD,Harris,B,20,6900,https://txschools.net/district/la-porte-isd-101916
839,1184,44,247903,La Vernia ISD,Wilson,B,20,3505,https://txschools.net/district/la-vernia-isd-247903
839,1184,44,061804,Leadership Prep School,Denton,B,20,1894,https://txschools.net/district/leadership-prep-school-061804
839,1184,44,072909,Lingleville ISD,Erath,B,20,264,https://txschools.net/district/lingleville-isd-072909
839,1184,44,150901,Llano ISD,Llano,B,20,2009,https://txschools.net/district/llano-isd-150901
839,1184,44,094904,Marion ISD,Guadalupe,B,20,1741,https://txschools.net/district/marion-isd-094904
839,1184,44,234905,Martins Mill ISD,Van Zandt,B,20,447,https://txschools.net/district/martins-mill-isd-234905
839,1184,44,062906,Meyersville ISD,Dewitt,B,20,167,https://txschools.net/district/meyersville-isd-062906
839,1184,44,161910,Moody ISD,McLennan,B,20,761,https://txschools.net/district/moody-isd-161910
839,1184,44,153905,New Home ISD,Lynn,A,20,685,https://txschools.net/district/new-home-isd-153905
839,1184,44,169902,Nocona ISD,Montague,B,20,764,https://txschools.net/district/nocona-isd-169902
839,1184,44,145906,Normangee ISD,Leon,B,20,655,https://txschools.net/district/normangee-isd-145906
839,1184,44,015910,North East ISD,Bexar,B,20,53464,https://txschools.net/district/north-east-isd-015910
839,1184,44,061911,Northwest ISD,Denton,B,20,32722,https://txschools.net/district/northwest-isd-061911
839,1184,44,092904,Pine Tree ISD,Gregg,B,20,4435,https://txschools.net/district/pine-tree-isd-092904
839,1184,44,117904,Plemons-Stinnett-Phillips CISD,Hutchinson,A,20,529,https://txschools.net/district/plemons-stinnett-phillips-cisd-117904
839,1184,44,214901,Rio Grande City Grulla ISD,Starr,B,20,9157,https://txschools.net/district/rio-grande-city-grulla-isd-214901
839,1184,44,074917,Sam Rayburn ISD,Fannin,B,20,477,https://txschools.net/district/sam-rayburn-isd-074917
839,1184,44,178808,Seashore Charter Schools,Nueces,B,20,422,https://txschools.net/district/seashore-charter-schools-178808
839,1184,44,112901,Sulphur Springs ISD,Hopkins,C,20,4060,https://txschools.net/district/sulphur-springs-isd-112901
839,1184,44,201910,Tatum ISD,Rusk,B,20,1327,https://txschools.net/district/tatum-isd-201910
839,1184,44,071908,Tornillo ISD,El Paso,B,20,694,https://txschools.net/district/tornillo-isd-071908
839,1184,44,212905,Tyler ISD,Smith,B,20,18800,https://txschools.net/district/tyler-isd-212905
839,1184,44,059902,Walcott ISD,Deaf Smith,B,20,138,https://txschools.net/district/walcott-isd-059902
839,1184,44,223904,Wellman-Union CISD,Terry,A,20,245,https://txschools.net/district/wellman-union-cisd-223904
839,1184,44,105905,Wimberley ISD,Hays,B,20,2633,https://txschools.net/district/wimberley-isd-105905
839,1184,44,101845,Yes Prep Public Schools Inc,Harris,B,20,20806,https://txschools.net/district/yes-prep-public-schools-inc-101845
884,1184,28,101810,Academy of Accelerated Learning Inc,Harris,B,21,711,https://txschools.net/district/academy-of-accelerated-learning-inc-101810
884,1184,28,008903,Brazos ISD,Austin,B,21,824,https://txschools.net/district/brazos-isd-008903
884,1184,28,215901,Breckenridge ISD,Stephens,B,21,1288,https://txschools.net/district/breckenridge-isd-215901
884,1184,28,119901,Bryson ISD,Jack,B,21,262,https://txschools.net/district/bryson-isd-119901
884,1184,28,239903,Burton ISD,Washington,A,21,650,https://txschools.net/district/burton-isd-239903
884,1184,28,116902,Celeste ISD,Hunt,B,21,471,https://txschools.net/district/celeste-isd-116902
884,1184,28,038901,Childress ISD,Childress,B,21,901,https://txschools.net/district/childress-isd-038901
884,1184,28,078901,Crowell ISD,Foard,B,21,172,https://txschools.net/district/crowell-isd-078901
884,1184,28,101908,Deer Park ISD,Harris,B,21,12001,https://txschools.net/district/deer-park-isd-101908
884,1184,28,108904,Edinburg CISD,Hidalgo,B,21,32466,https://txschools.net/district/edinburg-cisd-108904
884,1184,28,001904,Frankston ISD,Anderson,B,21,785,https://txschools.net/district/frankston-isd-001904
884,1184,28,057909,Garland ISD,Dallas,B,21,49060,https://txschools.net/district/garland-isd-057909
884,1184,28,071806,Harmony Public Schools - West Texas,El Paso,B,21,6738,https://txschools.net/district/harmony-public-schools-west-texas-071806
884,1184,28,101913,Humble ISD,Harris,B,21,47734,https://txschools.net/district/humble-isd-101913
884,1184,28,205903,Ingleside ISD,San Patricio,B,21,1983,https://txschools.net/district/ingleside-isd-205903
884,1184,28,166903,Milano ISD,Milam,B,21,394,https://txschools.net/district/milano-isd-166903
884,1184,28,143902,Moulton ISD,Lavaca,B,21,258,https://txschools.net/district/moulton-isd-143902
884,1184,28,046901,New Braunfels ISD,Comal,B,21,9710,https://txschools.net/district/new-braunfels-isd-046901
884,1184,28,154903,North Zulch ISD,Madison,A,21,335,https://txschools.net/district/north-zulch-isd-154903
884,1184,28,109914,Penelope ISD,Hill,A,21,215,https://txschools.net/district/penelope-isd-109914
884,1184,28,139912,Prairiland ISD,Lamar,B,21,1060,https://txschools.net/district/prairiland-isd-139912
884,1184,28,019909,Simms ISD,Bowie,B,21,462,https://txschools.net/district/simms-isd-019909
884,1184,28,071909,Socorro ISD,El Paso,B,21,45850,https://txschools.net/district/socorro-isd-071909
884,1184,28,096905,Turkey-Quitaque ISD,Hall,A,21,175,https://txschools.net/district/turkey-quitaque-isd-096905
884,1184,28,212804,UT Tyler University Academy,Smith,A,21,1224,https://txschools.net/district/ut-tyler-university-academy-212804
884,1184,28,091908,Van Alstyne ISD,Grayson,B,21,2856,https://txschools.net/district/van-alstyne-isd-091908
884,1184,28,071809,Vista Del Futuro Charter School,El Paso,B,21,346,https://txschools.net/district/vista-del-futuro-charter-school-071809
884,1184,28,242903,Wheeler ISD,Wheeler,B,21,341,https://txschools.net/district/wheeler-isd-242903
884,1184,28,253901,Zapata County ISD,Zapata,B,21,3199,https://txschools.net/district/zapata-county-isd-253901
913,1184,37,101815,Alief Montessori Community School,Harris,B,22,416,https://txschools.net/district/alief-montessori-community-school-101815
913,1184,37,194902,Avery ISD,Red River,A,22,295,https://txschools.net/district/avery-isd-194902
913,1184,37,187901,Big Sandy ISD,Polk,A,22,526,https://txschools.net/district/big-sandy-isd-187901
913,1184,37,031901,Brownsville ISD,Cameron,B,22,34296,https://txschools.net/district/brownsville-isd-031901
913,1184,37,188904,Bushland ISD,Potter,B,22,1424,https://txschools.net/district/bushland-isd-188904
913,1184,37,178903,Calallen ISD,Nueces,B,22,3677,https://txschools.net/district/calallen-isd-178903
913,1184,37,161920,China Spring ISD,McLennan,B,22,2980,https://txschools.net/district/china-spring-isd-161920
913,1184,37,030902,Clyde CISD,Callahan,B,22,1421,https://txschools.net/district/clyde-cisd-030902
913,1184,37,020904,Danbury ISD,Brazoria,B,22,645,https://txschools.net/district/danbury-isd-020904
913,1184,37,084901,Dickinson ISD,Galveston,B,22,12569,https://txschools.net/district/dickinson-isd-084901
913,1184,37,086901,Fredericksburg ISD,Gillespie,B,22,2956,https://txschools.net/district/fredericksburg-isd-086901
913,1184,37,135001,Guthrie CSD,King,A,22,99,https://txschools.net/district/guthrie-csd-135001
913,1184,37,003902,Hudson ISD,Angelina,B,22,2755,https://txschools.net/district/hudson-isd-003902
913,1184,37,208903,Ira ISD,Scurry,A,22,307,https://txschools.net/district/ira-isd-208903
913,1184,37,131001,Kenedy County Wide CSD,Kenedy,B,22,123,https://txschools.net/district/kenedy-county-wide-csd-131001
913,1184,37,034906,McLeod ISD,Cass,A,22,420,https://txschools.net/district/mcleod-isd-034906
913,1184,37,173901,Motley County ISD,Motley,A,22,188,https://txschools.net/district/motley-county-isd-173901
913,1184,37,080901,Mount Vernon ISD,Franklin,B,22,1514,https://txschools.net/district/mount-vernon-isd-080901
913,1184,37,138903,Munday CISD,Knox,B,22,375,https://txschools.net/district/munday-cisd-138903
913,1184,37,112906,North Hopkins ISD,Hopkins,B,22,517,https://txschools.net/district/north-hopkins-isd-112906
913,1184,37,014804,Orenda Charter School,Bell,A,22,1936,https://txschools.net/district/orenda-charter-school-014804
913,1184,37,183801,Panola Charter School,Panola,A,22,174,https://txschools.net/district/panola-charter-school-183801
913,1184,37,063906,Patton Springs ISD,Dickens,A,22,22,https://txschools.net/district/patton-springs-isd-063906
913,1184,37,184908,Peaster ISD,Parker,B,22,1715,https://txschools.net/district/peaster-isd-184908
913,1184,37,019912,Pleasant Grove ISD,Bowie,A,22,2348,https://txschools.net/district/pleasant-grove-isd-019912
913,1184,37,043911,Princeton ISD,Collin,B,22,11375,https://txschools.net/district/princeton-isd-043911
913,1184,37,231902,Rankin ISD,Upton,A,22,300,https://txschools.net/district/rankin-isd-231902
913,1184,37,175911,Rice ISD,Navarro,B,22,1094,https://txschools.net/district/rice-isd-175911
913,1184,37,161912,Riesel ISD,McLennan,B,22,683,https://txschools.net/district/riesel-isd-161912
913,1184,37,076903,Roby CISD,Fisher,A,22,313,https://txschools.net/district/roby-cisd-076903
913,1184,37,014908,Salado ISD,Bell,B,22,2582,https://txschools.net/district/salado-isd-014908
913,1184,37,015909,Somerset ISD,Bexar,B,22,4169,https://txschools.net/district/somerset-isd-015909
913,1184,37,057836,St Anthony School,Dallas,B,22,321,https://txschools.net/district/st-anthony-school-057836
913,1184,37,081904,Teague ISD,Freestone,B,22,1166,https://txschools.net/district/teague-isd-081904
913,1184,37,166905,Thorndale ISD,Milam,B,22,662,https://txschools.net/district/thorndale-isd-166905
913,1184,37,227819,University of Texas Elem Charter School,Travis,C,22,305,https://txschools.net/district/university-of-texas-elem-charter-school-227819
913,1184,37,248902,Wink-Loving ISD,Winkler,B,22,434,https://txschools.net/district/wink-loving-isd-248902
913,1184,37,071905,Ysleta ISD,El Paso,B,22,32593,https://txschools.net/district/ysleta-isd-071905
951,1184,20,101849,Accelerated Intermediate Academy,Harris,A,23,166,https://txschools.net/district/accelerated-intermediate-academy-101849
951,1184,20,220802,Arlington Classics Academy,Tarrant,B,23,1552,https://txschools.net/district/arlington-classics-academy-220802
951,1184,20,109902,Bynum ISD,Hill,B,23,174,https://txschools.net/district/bynum-isd-109902
951,1184,20,043903,Celina ISD,Collin,B,23,6337,https://txschools.net/district/celina-isd-043903
951,1184,20,105804,Doral Academy of Texas,Hays,B,23,450,https://txschools.net/district/doral-academy-of-texas-105804
951,1184,20,174911,Douglass ISD,Nacogdoches,A,23,405,https://txschools.net/district/douglass-isd-174911
951,1184,20,120901,Edna ISD,Jackson,B,23,1538,https://txschools.net/district/edna-isd-120901
951,1184,20,101910,Galena Park ISD,Harris,B,23,20108,https://txschools.net/district/galena-park-isd-101910
951,1184,20,161807,Harmony Public Schools - North Texas,McLennan,B,23,11297,https://txschools.net/district/harmony-public-schools-north-texas-161807
951,1184,20,093903,Iola ISD,Grimes,A,23,656,https://txschools.net/district/iola-isd-093903
951,1184,20,092903,Longview ISD,Gregg,B,23,7906,https://txschools.net/district/longview-isd-092903
951,1184,20,152906,Lubbock-Cooper ISD,Lubbock,B,23,8094,https://txschools.net/district/lubbock-cooper-isd-152906
951,1184,20,019910,Malta ISD,Bowie,B,23,208,https://txschools.net/district/malta-isd-019910
951,1184,20,227804,NYOS Charter School,Travis,B,23,1808,https://txschools.net/district/nyos-charter-school-227804
951,1184,20,032902,Pittsburg ISD,Camp,A,23,2228,https://txschools.net/district/pittsburg-isd-032902
951,1184,20,137904,Santa Gertrudis ISD,Kleberg,A,23,813,https://txschools.net/district/santa-gertrudis-isd-137904
951,1184,20,140907,Springlake-Earth ISD,Lamb,A,23,221,https://txschools.net/district/springlake-earth-isd-140907
951,1184,20,211902,Stratford ISD,Sherman,B,23,487,https://txschools.net/district/stratford-isd-211902
951,1184,20,140908,Sudan ISD,Lamb,B,23,445,https://txschools.net/district/sudan-isd-140908
951,1184,20,240903,United ISD,Webb,A,23,39764,https://txschools.net/district/united-isd-240903
951,1184,20,045905,Weimar ISD,Colorado,A,23,735,https://txschools.net/district/weimar-isd-045905
972,1184,30,084804,Ambassadors Preparatory Academy,Galveston,A,24,140,https://txschools.net/district/ambassadors-preparatory-academy-084804
972,1184,30,021805,Arrow Academy,Brazos,B,24,427,https://txschools.net/district/arrow-academy-021805
972,1184,30,227901,Austin ISD,Travis,B,24,69000,https://txschools.net/district/austin-isd-227901
972,1184,30,091901,Bells ISD,Grayson,A,24,1011,https://txschools.net/district/bells-isd-091901
972,1184,30,234902,Canton ISD,Van Zandt,B,24,2249,https://txschools.net/district/canton-isd-234902
972,1184,30,001902,Cayuga ISD,Anderson,B,24,574,https://txschools.net/district/cayuga-isd-001902
972,1184,30,226901,Christoval ISD,Tom Green,B,24,628,https://txschools.net/district/christoval-isd-226901
972,1184,30,101907,Cypress-Fairbanks ISD,Harris,B,24,114430,https://txschools.net/district/cypress-fairbanks-isd-101907
972,1184,30,185902,Farwell ISD,Parmer,B,24,570,https://txschools.net/district/farwell-isd-185902
972,1184,30,101846,Harmony Public Schools - Houston South,Harris,A,24,4100,https://txschools.net/district/harmony-public-schools-houston-south-101846
972,1184,30,103902,Hartley ISD,Hartley,A,24,242,https://txschools.net/district/hartley-isd-103902
972,1184,30,104901,Haskell CISD,Haskell,B,24,545,https://txschools.net/district/haskell-cisd-104901
972,1184,30,109904,Hillsboro ISD,Hill,B,24,1913,https://txschools.net/district/hillsboro-isd-109904
972,1184,30,101912,Houston ISD,Harris,B,24,167793,https://txschools.net/district/houston-isd-101912
972,1184,30,220907,Keller ISD,Tarrant,B,24,30440,https://txschools.net/district/keller-isd-220907
972,1184,30,101915,Klein ISD,Harris,B,24,51154,https://txschools.net/district/klein-isd-101915
972,1184,30,138902,Knox City-O'Brien CISD,Knox,A,24,183,https://txschools.net/district/knox-city-o-brien-cisd-138902
972,1184,30,246908,Liberty Hill ISD,Williamson,B,24,10446,https://txschools.net/district/liberty-hill-isd-246908
972,1184,30,049907,Lindsay ISD,Cooke,B,24,504,https://txschools.net/district/lindsay-isd-049907
972,1184,30,170906,Magnolia ISD,Montgomery,B,24,15329,https://txschools.net/district/magnolia-isd-170906
972,1184,30,070908,Midlothian ISD,Ellis,B,24,11537,https://txschools.net/district/midlothian-isd-070908
972,1184,30,094903,Navarro ISD,Guadalupe,B,24,3039,https://txschools.net/district/navarro-isd-094903
972,1184,30,252903,Olney ISD,Young,B,24,701,https://txschools.net/district/olney-isd-252903
972,1184,30,101806,Raul Yzaguirre Schools for Success,Harris,B,24,2180,https://txschools.net/district/raul-yzaguirre-schools-for-success-101806
972,1184,30,152909,Shallowater ISD,Lubbock,B,24,1714,https://txschools.net/district/shallowater-isd-152909
972,1184,30,210903,Shelbyville ISD,Shelby,B,24,862,https://txschools.net/district/shelbyville-isd-210903
972,1184,30,216901,Sterling City ISD,Sterling,A,24,312,https://txschools.net/district/sterling-city-isd-216901
972,1184,30,111903,Tolar ISD,Hood,A,24,898,https://txschools.net/district/tolar-isd-111903
972,1184,30,108916,Valley View ISD,Hidalgo,A,24,3304,https://txschools.net/district/valley-view-isd-108916
972,1184,30,227829,Valor Education,Travis,B,24,4738,https://txschools.net/district/valor-education-227829
972,1184,30,108913,Weslaco ISD,Hidalgo,B,24,16012,https://txschools.net/district/weslaco-isd-108913
1003,1184,25,020901,Alvin ISD,Brazoria,B,25,29994,https://txschools.net/district/alvin-isd-020901
1003,1184,25,123807,Bob Hope School,Jefferson,A,25,2587,https://txschools.net/district/bob-hope-school-123807
1003,1184,25,198901,Bremond ISD,Robertson,A,25,461,https://txschools.net/district/bremond-isd-198901
1003,1184,25,191901,Canyon ISD,Randall,B,25,11527,https://txschools.net/district/canyon-isd-191901
1003,1184,25,174908,Central Heights ISD,Nacogdoches,A,25,1106,https://txschools.net/district/central-heights-isd-174908
1003,1184,25,047902,De Leon ISD,Comanche,A,25,616,https://txschools.net/district/de-leon-isd-047902
1003,1184,25,123805,Ehrhart School,Jefferson,A,25,593,https://txschools.net/district/ehrhart-school-123805
1003,1184,25,143906,Ezzell ISD,Lavaca,B,25,124,https://txschools.net/district/ezzell-isd-143906
1003,1184,25,120902,Ganado ISD,Jackson,B,25,720,https://txschools.net/district/ganado-isd-120902
1003,1184,25,230902,Gilmer ISD,Upshur,B,25,2923,https://txschools.net/district/gilmer-isd-230902
1003,1184,25,205902,Gregory-Portland ISD,San Patricio,B,25,5116,https://txschools.net/district/gregory-portland-isd-205902
1003,1184,25,143901,Hallettsville ISD,Lavaca,B,25,1129,https://txschools.net/district/hallettsville-isd-143901
1003,1184,25,100905,Hardin-Jefferson ISD,Hardin,B,25,2828,https://txschools.net/district/hardin-jefferson-isd-100905
1003,1184,25,108905,Hidalgo ISD,Hidalgo,B,25,2788,https://txschools.net/district/hidalgo-isd-108905
1003,1184,25,005902,Holliday ISD,Archer,A,25,1127,https://txschools.net/district/holliday-isd-005902
1003,1184,25,133904,Ingram ISD,Kerr,A,25,1365,https://txschools.net/district/ingram-isd-133904
1003,1184,25,126905,Joshua ISD,Johnson,B,25,5998,https://txschools.net/district/joshua-isd-126905
1003,1184,25,240901,Laredo ISD,Webb,A,25,19461,https://txschools.net/district/laredo-isd-240901
1003,1184,25,241906,Louise ISD,Wharton,B,25,510,https://txschools.net/district/louise-isd-241906
1003,1184,25,220908,Mansfield ISD,Tarrant,B,25,34654,https://txschools.net/district/mansfield-isd-220908
1003,1184,25,079906,Needville ISD,Fort Bend,A,25,3673,https://txschools.net/district/needville-isd-079906
1003,1184,25,108909,Pharr-San Juan-Alamo ISD,Hidalgo,A,25,29043,https://txschools.net/district/pharr-san-juan-alamo-isd-108909
1003,1184,25,057916,Richardson ISD,Dallas,B,25,36142,https://txschools.net/district/richardson-isd-057916
1003,1184,25,222901,Terrell County ISD,Terrell,B,25,108,https://txschools.net/district/terrell-county-isd-222901
1003,1184,25,230908,Union Grove ISD,Upshur,B,25,710,https://txschools.net/district/union-grove-isd-230908
1003,1184,25,110908,Whitharral ISD,Hockley,A,25,223,https://txschools.net/district/whitharral-isd-110908
1029,1184,14,093901,Anderson-Shiro CISD,Grimes,A,26,944,https://txschools.net/district/anderson-shiro-cisd-093901
1029,1184,14,217901,Aspermont ISD,Stonewall,A,26,210,https://txschools.net/district/aspermont-isd-217901
1029,1184,14,106901,Canadian ISD,Hemphill,A,26,675,https://txschools.net/district/canadian-isd-106901
1029,1184,14,202903,Hemphill ISD,Sabine,A,26,728,https://txschools.net/district/hemphill-isd-202903
1029,1184,14,243903,Iowa Park CISD,Wichita,B,26,1974,https://txschools.net/district/iowa-park-cisd-243903
1029,1184,14,079901,Lamar CISD,Fort Bend,B,26,48645,https://txschools.net/district/lamar-cisd-079901
1029,1184,14,061902,Lewisville ISD,Denton,B,26,46328,https://txschools.net/district/lewisville-isd-061902
1029,1184,14,178906,London ISD,Nueces,A,26,1922,https://txschools.net/district/london-isd-178906
1029,1184,14,108906,McAllen ISD,Hidalgo,B,26,19405,https://txschools.net/district/mcallen-isd-108906
1029,1184,14,104907,Paint Creek ISD,Haskell,A,26,116,https://txschools.net/district/paint-creek-isd-104907
1029,1184,14,073905,Rosebud-Lott ISD,Falls,B,26,763,https://txschools.net/district/rosebud-lott-isd-073905
1029,1184,14,061805,Trivium Academy,Denton,B,26,503,https://txschools.net/district/trivium-academy-061805
1029,1184,14,057845,UME Preparatory Academy,Dallas,B,26,1766,https://txschools.net/district/ume-preparatory-academy-057845
1029,1184,14,168903,Westbrook ISD,Mitchell,A,26,217,https://txschools.net/district/westbrook-isd-168903
1029,1184,14,091910,Whitewright ISD,Grayson,B,26,791,https://txschools.net/district/whitewright-isd-091910
1044,1184,16,015901,Alamo Heights ISD,Bexar,B,27,4723,https://txschools.net/district/alamo-heights-isd-015901
1044,1184,16,177903,Blackwell CISD,Nolan,A,27,171,https://txschools.net/district/blackwell-cisd-177903
1044,1184,16,086024,Doss Consolidated CSD,Gillespie,B,27,18,https://txschools.net/district/doss-consolidated-csd-086024
1044,1184,16,015914,Ft Sam Houston ISD,Bexar,A,27,1543,https://txschools.net/district/ft-sam-houston-isd-015914
1044,1184,16,101858,Harmony Public Schools - Houston North,Harris,B,27,8807,https://txschools.net/district/harmony-public-schools-houston-north-101858
1044,1184,16,014905,Holland ISD,Bell,A,27,669,https://txschools.net/district/holland-isd-014905
1044,1184,16,031906,Los Fresnos CISD,Cameron,A,27,10284,https://txschools.net/district/los-fresnos-cisd-031906
1044,1184,16,157901,Mason ISD,Mason,A,27,675,https://txschools.net/district/mason-isd-157901
1044,1184,16,043907,McKinney ISD,Collin,B,27,23667,https://txschools.net/district/mckinney-isd-043907
1044,1184,16,170903,Montgomery ISD,Montgomery,B,27,9699,https://txschools.net/district/montgomery-isd-170903
1044,1184,16,019911,Red Lick ISD,Bowie,A,27,515,https://txschools.net/district/red-lick-isd-019911
1044,1184,16,137902,Ricardo ISD,Kleberg,B,27,667,https://txschools.net/district/ricardo-isd-137902
1044,1184,16,161922,Robinson ISD,McLennan,A,27,2401,https://txschools.net/district/robinson-isd-161922
1044,1184,16,015827,School of Science and Technology,Bexar,B,27,5855,https://txschools.net/district/school-of-science-and-technology-015827
1044,1184,16,108911,Sharyland ISD,Hidalgo,B,27,9653,https://txschools.net/district/sharyland-isd-108911
1044,1184,16,246803,The Texas Girls School,Williamson,A,27,37,https://txschools.net/district/the-texas-girls-school-246803
1044,1184,16,161916,West ISD,McLennan,B,27,1338,https://txschools.net/district/west-isd-161916
1061,1184,19,203902,Broaddus ISD,San Augustine,A,28,380,https://txschools.net/district/broaddus-isd-203902
1061,1184,19,184909,Brock ISD,Parker,A,28,2181,https://txschools.net/district/brock-isd-184909
1061,1184,19,212902,Bullard ISD,Smith,B,28,2853,https://txschools.net/district/bullard-isd-212902
1061,1184,19,101837,Calvin Nelms Charter Schools,Harris,A,28,414,https://txschools.net/district/calvin-nelms-charter-schools-101837
1061,1184,19,006902,Claude ISD,Armstrong,A,28,311,https://txschools.net/district/claude-isd-006902
1061,1184,19,084910,Clear Creek ISD,Galveston,B,28,38634,https://txschools.net/district/clear-creek-isd-084910
1061,1184,19,046902,Comal ISD,Comal,B,28,30341,https://txschools.net/district/comal-isd-046902
1061,1184,19,105904,Dripping Springs ISD,Hays,B,28,8793,https://txschools.net/district/dripping-springs-isd-105904
1061,1184,19,072902,Dublin ISD,Erath,A,28,1078,https://txschools.net/district/dublin-isd-072902
1061,1184,19,030906,Eula ISD,Callahan,B,28,486,https://txschools.net/district/eula-isd-030906
1061,1184,19,178914,Flour Bluff ISD,Nueces,B,28,5375,https://txschools.net/district/flour-bluff-isd-178914
1061,1184,19,079907,Fort Bend ISD,Fort Bend,B,28,77929,https://txschools.net/district/fort-bend-isd-079907
1061,1184,19,133902,Hunt ISD,Kerr,A,28,211,https://txschools.net/district/hunt-isd-133902
1061,1184,19,161907,Lorena ISD,McLennan,A,28,1740,https://txschools.net/district/lorena-isd-161907
1061,1184,19,049902,Muenster ISD,Cooke,B,28,551,https://txschools.net/district/muenster-isd-049902
1061,1184,19,091913,Pottsboro ISD,Grayson,A,28,1363,https://txschools.net/district/pottsboro-isd-091913
1061,1184,19,245903,Raymondville ISD,Willacy,A,28,1901,https://txschools.net/district/raymondville-isd-245903
1061,1184,19,023902,Silverton ISD,Briscoe,A,28,194,https://txschools.net/district/silverton-isd-023902
1061,1184,19,072903,Stephenville ISD,Erath,A,28,3503,https://txschools.net/district/stephenville-isd-072903
1061,1184,19,221912,Wylie ISD,Taylor,B,28,5617,https://txschools.net/district/wylie-isd-221912
1081,1184,7,170902,Conroe ISD,Montgomery,B,29,72218,https://txschools.net/district/conroe-isd-170902
1081,1184,7,101828,Houston Gateway Academy Inc,Harris,B,29,2364,https://txschools.net/district/houston-gateway-academy-inc-101828
1081,1184,7,220916,Hurst-Euless-Bedford ISD,Tarrant,B,29,23159,https://txschools.net/district/hurst-euless-bedford-isd-220916
1081,1184,7,123905,Nederland ISD,Jefferson,A,29,5359,https://txschools.net/district/nederland-isd-123905
1081,1184,7,236802,Sam Houston State University Charter School,Walker,B,29,343,https://txschools.net/district/sam-houston-state-university-charter-school-236802
1081,1184,7,015831,School of Science and Technology Discovery,Bexar,A,29,6366,https://txschools.net/district/school-of-science-and-technology-discovery-015831
1081,1184,7,012901,Seymour ISD,Baylor,B,29,598,https://txschools.net/district/seymour-isd-012901
1081,1184,7,211901,Texhoma ISD,Sherman,A,29,96,https://txschools.net/district/texhoma-isd-211901
1089,1184,11,101819,Amigos Por Vida-Friends for Life Pub Chtr Sch,Harris,A,30,802,https://txschools.net/district/amigos-por-vida-friends-for-life-pub-chtr-sch-101819
1089,1184,11,107904,Cross Roads ISD,Henderson,B,30,541,https://txschools.net/district/cross-roads-isd-107904
1089,1184,11,015836,Eleanor Kolitz Hebrew Language Academy,Bexar,B,30,464,https://txschools.net/district/eleanor-kolitz-hebrew-language-academy-015836
1089,1184,11,072908,Huckabay ISD,Erath,A,30,345,https://txschools.net/district/huckabay-isd-072908
1089,1184,11,152910,Idalou ISD,Lubbock,A,30,1036,https://txschools.net/district/idalou-isd-152910
1089,1184,11,120905,Industrial ISD,Jackson,B,30,1153,https://txschools.net/district/industrial-isd-120905
1089,1184,11,058905,Klondike ISD,Dawson,A,30,269,https://txschools.net/district/klondike-isd-058905
1089,1184,11,246913,Leander ISD,Williamson,B,30,41854,https://txschools.net/district/leander-isd-246913
1089,1184,11,161903,Midway ISD,McLennan,A,30,8704,https://txschools.net/district/midway-isd-161903
1089,1184,11,199901,Rockwall ISD,Rockwall,A,30,19077,https://txschools.net/district/rockwall-isd-199901
1089,1184,11,092907,Spring Hill ISD,Gregg,A,30,1941,https://txschools.net/district/spring-hill-isd-092907
1089,1184,11,226906,Wall ISD,Tom Green,B,30,1306,https://txschools.net/district/wall-isd-226906
1101,1184,9,130901,Boerne ISD,Kendall,A,31,11132,https://txschools.net/district/boerne-isd-130901
1101,1184,9,021901,College Station ISD,Brazos,B,31,13892,https://txschools.net/district/college-station-isd-021901
1101,1184,9,156905,Grady ISD,Martin,A,31,242,https://txschools.net/district/grady-isd-156905
1101,1184,9,221911,Jim Ned CISD,Taylor,A,31,1625,https://txschools.net/district/jim-ned-cisd-221911
1101,1184,9,252902,Newcastle ISD,Young,B,31,231,https://txschools.net/district/newcastle-isd-252902
1101,1184,9,033902,Panhandle ISD,Carson,A,31,576,https://txschools.net/district/panhandle-isd-033902
1101,1184,9,043910,Plano ISD,Collin,B,31,43805,https://txschools.net/district/plano-isd-043910
1101,1184,9,247904,Poth ISD,Wilson,A,31,967,https://txschools.net/district/poth-isd-247904
1101,1184,9,031916,South Texas ISD,Cameron,A,31,4741,https://txschools.net/district/south-texas-isd-031916
1101,1184,9,044902,Wellington ISD,Collingsworth,B,31,516,https://txschools.net/district/wellington-isd-044902
1111,1184,11,161901,Crawford ISD,McLennan,B,32,585,https://txschools.net/district/crawford-isd-161901
1111,1184,11,198903,Franklin ISD,Robertson,A,32,1438,https://txschools.net/district/franklin-isd-198903
1111,1184,11,149901,George West ISD,Live Oak,A,32,1036,https://txschools.net/district/george-west-isd-149901
1111,1184,11,227816,Harmony Public Schools - Central Texas,Travis,B,32,5679,https://txschools.net/district/harmony-public-schools-central-texas-227816
1111,1184,11,177905,Highland ISD,Nolan,A,32,211,https://txschools.net/district/highland-isd-177905
1111,1184,11,162904,McMullen County ISD,McMullen,A,32,286,https://txschools.net/district/mcmullen-county-isd-162904
1111,1184,11,043908,Melissa ISD,Collin,A,32,8560,https://txschools.net/district/melissa-isd-043908
1111,1184,11,001906,Neches ISD,Anderson,B,32,338,https://txschools.net/district/neches-isd-001906
1111,1184,11,015906,Randolph Field ISD,Bexar,A,32,1402,https://txschools.net/district/randolph-field-isd-015906
1111,1184,11,152802,Rise Academy,Lubbock,A,32,287,https://txschools.net/district/rise-academy-152802
1111,1184,11,101920,Spring Branch ISD,Harris,B,32,31584,https://txschools.net/district/spring-branch-isd-101920
1111,1184,11,246912,Thrall ISD,Williamson,A,32,916,https://txschools.net/district/thrall-isd-246912
1123,1184,3,017901,Borden County ISD,Borden,A,33,238,https://txschools.net/district/borden-county-isd-017901
1123,1184,3,075906,Fayetteville ISD,Fayette,A,33,308,https://txschools.net/district/fayetteville-isd-075906
1123,1184,3,220906,Grapevine-Colleyville ISD,Tarrant,A,33,13343,https://txschools.net/district/grapevine-colleyville-isd-220906
1123,1184,3,057808,Universal Academy,Dallas,A,33,2051,https://txschools.net/district/universal-academy-057808
1127,1184,2,178902,Bishop CISD,Nueces,A,34,1427,https://txschools.net/district/bishop-cisd-178902
1127,1184,2,057919,Sunnyvale ISD,Dallas,A,34,2313,https://txschools.net/district/sunnyvale-isd-057919
1127,1184,2,073904,Westphalia ISD,Falls,A,34,148,https://txschools.net/district/westphalia-isd-073904
1130,1184,1,158902,Tidehaven ISD,Matagorda,A,35,1038,https://txschools.net/district/tidehaven-isd-158902
1130,1184,1,212906,Whitehouse ISD,Smith,A,35,4840,https://txschools.net/district/whitehouse-isd-212906
1132,1184,8,184907,Aledo ISD,Parker,A,36,8590,https://txschools.net/district/aledo-isd-184907
1132,1184,8,163902,D'Hanis ISD,Medina,A,36,297,https://txschools.net/district/d-hanis-isd-163902
1132,1184,8,075901,Flatonia ISD,Fayette,A,36,675,https://txschools.net/district/flatonia-isd-075901
1132,1184,8,098901,Gruver ISD,Hansford,A,36,419,https://txschools.net/district/gruver-isd-098901
1132,1184,8,101914,Katy ISD,Harris,B,36,95136,https://txschools.net/district/katy-isd-101914
1132,1184,8,198906,Mumford ISD,Robertson,A,36,600,https://txschools.net/district/mumford-isd-198906
1132,1184,8,020908,Pearland ISD,Brazoria,A,36,20555,https://txschools.net/district/pearland-isd-020908
1132,1184,8,043912,Prosper ISD,Collin,A,36,33583,https://txschools.net/district/prosper-isd-043912
1132,1184,8,005904,Windthorst ISD,Archer,A,36,491,https://txschools.net/district/windthorst-isd-005904
1141,1184,2,092801,East Texas Charter Schools,Gregg,A,37,125,https://txschools.net/district/east-texas-charter-schools-092801
1141,1184,2,101878,Houston Classical Charter School,Harris,A,37,430,https://txschools.net/district/houston-classical-charter-school-101878
1141,1184,2,056902,Texline ISD,Dallam,A,37,224,https://txschools.net/district/texline-isd-056902
1144,1184,4,227913,Lake Travis ISD,Travis,A,38,10748,https://txschools.net/district/lake-travis-isd-227913
1144,1184,4,214903,Roma ISD,Starr,A,38,5916,https://txschools.net/district/roma-isd-214903
1144,1184,4,246909,Round Rock ISD,Williamson,B,38,45865,https://txschools.net/district/round-rock-isd-246909
1144,1184,4,143903,Shiner ISD,Lavaca,A,38,700,https://txschools.net/district/shiner-isd-143903
1144,1184,4,123803,Tekoa Academy of Accelerated Studies STEM School,Jefferson,A,38,395,https://txschools.net/district/tekoa-academy-of-accelerated-studies-stem-school-123803
1149,1184,4,036902,Barbers Hill ISD,Chambers,A,39,8069,https://txschools.net/district/barbers-hill-isd-036902
1149,1184,4,020910,Damon ISD,Brazoria,B,39,87,https://txschools.net/district/damon-isd-020910
1149,1184,4,043802,Imagine Lone Star International Academy,Collin,A,39,269,https://txschools.net/district/imagine-lone-star-international-academy-043802
1149,1184,4,169908,Montague ISD,Montague,A,39,170,https://txschools.net/district/montague-isd-169908
1149,1184,4,235904,Nursery ISD,Victoria,B,39,179,https://txschools.net/district/nursery-isd-235904
1154,1184,6,061910,Argyle ISD,Denton,A,40,6551,https://txschools.net/district/argyle-isd-061910
1154,1184,6,084911,Friendswood ISD,Galveston,A,40,6116,https://txschools.net/district/friendswood-isd-084911
1154,1184,6,101862,Harmony Public Schools - Houston West,Harris,A,40,6906,https://txschools.net/district/harmony-public-schools-houston-west-101862
1154,1184,6,043801,Imagine International Academy of North Texas,Collin,A,40,1438,https://txschools.net/district/imagine-international-academy-of-north-texas-043801
1154,1184,6,200902,Miles ISD,Runnels,A,40,497,https://txschools.net/district/miles-isd-200902
1154,1184,6,182906,Palo Pinto ISD,Palo Pinto,A,40,92,https://txschools.net/district/palo-pinto-isd-182906
1154,1184,6,110907,Sundown ISD,Hockley,A,40,701,https://txschools.net/district/sundown-isd-110907
1161,1184,1,075908,Round Top-Carmine ISD,Fayette,B,41,237,https://txschools.net/district/round-top-carmine-isd-075908
1161,1184,1,220810,Westlake Academy Charter School,Tarrant,A,41,908,https://txschools.net/district/westlake-academy-charter-school-220810
1163,1184,5,043901,Allen ISD,Collin,A,42,20092,https://txschools.net/district/allen-isd-043901
1163,1184,5,005901,Archer City ISD,Archer,A,42,486,https://txschools.net/district/archer-city-isd-005901
1163,1184,5,212903,Lindale ISD,Smith,A,42,4613,https://txschools.net/district/lindale-isd-212903
1163,1184,5,246801,Meridian World School LLC,Williamson,A,42,1757,https://txschools.net/district/meridian-world-school-llc-246801
1163,1184,5,101921,Tomball ISD,Harris,A,42,23202,https://txschools.net/district/tomball-isd-101921
1163,1184,5,180902,Vega ISD,Oldham,A,42,354,https://txschools.net/district/vega-isd-180902
1169,1184,0,043905,Frisco ISD,Collin,A,43,62627,https://txschools.net/district/frisco-isd-043905
1170,1184,0,043914,Wylie ISD,Collin,A,44,19400,https://txschools.net/district/wylie-isd-043914
1171,1184,2,227814,Chaparral Star Academy,Travis,A,45,385,https://txschools.net/district/chaparral-star-academy-227814
1171,1184,2,146903,Devers ISD,Liberty,A,45,198,https://txschools.net/district/devers-isd-146903
1171,1184,2,112909,Saltillo ISD,Hopkins,A,45,236,https://txschools.net/district/saltillo-isd-112909
1174,1184,2,015834,Basis Texas,Bexar,A,47,9480,https://txschools.net/district/basis-texas-015834
1174,1184,2,227909,Eanes ISD,Travis,A,47,7524,https://txschools.net/district/eanes-isd-227909
1174,1184,2,087901,Glasscock County ISD,Glasscock,A,47,290,https://txschools.net/district/glasscock-county-isd-087901
1177,1184,0,043919,Lovejoy ISD,Collin,A,49,3841,https://txschools.net/district/lovejoy-isd-043919
1178,1184,1,035903,Nazareth ISD,Castro,A,51,239,https://txschools.net/district/nazareth-isd-035903
1178,1184,1,160904,Rochelle ISD,McCulloch,A,51,166,https://txschools.net/district/rochelle-isd-160904
1180,1184,0,057922,Coppell ISD,Dallas,A,52,13047,https://txschools.net/district/coppell-isd-057922
1181,1184,0,128904,Falls City ISD,Karnes,A,53,452,https://txschools.net/district/falls-city-isd-128904
1182,1184,0,057911,Highland Park ISD,Dallas,A,56,6215,https://txschools.net/district/highland-park-isd-057911
1183,1184,1,220919,Carroll ISD,Tarrant,A,57,7866,https://txschools.net/district/carroll-isd-220919
1183,1184,1,174801,Stephen F Austin State University Charter School,Nacogdoches,A,57,254,https://txschools.net/district/stephen-f-austin-state-university-charter-school-174801
