# txschools.net — unofficial. Not operated by, endorsed by, or affiliated with the Texas Education Agency.
# source: Texas Education Agency, published publicly at https://txschools.gov
# snapshot: 15 August 2026 — the date this site fetched TEA's data. TEA may have revised it since.
# dataset: ranking board
# page: https://txschools.net/rankings/texas-districts/overall-score-lowest
# rows: 1184 (excluding this header and the column row)
# ranking: Texas school districts with the lowest overall score in 2025-26
# population: 1,184 districts of 1,199 districts are ranked here.
# population: 15 were not rated by TEA for 2025-26 and are not ranked.
# rank_of is how many rows were actually ranked (can be smaller than the population above); two rows on the same value share a rank ("tied"), and the next rank is skipped.
# empty cell = TEA did not publish that figure. It does not mean zero.
# numbers are unformatted: no thousands separators, no currency symbols, no percent signs.
# lines starting with # are comments — pandas: read_csv(path, comment='#')
rank,rank_of,tied,entity_id,name,county,rating,value,enrollment,url
1,1184,0,015845,Celebrate Dyslexia Schools,Bexar,F,41,100,https://txschools.net/district/celebrate-dyslexia-schools-015845
2,1184,0,109908,Malone ISD,Hill,F,44,64,https://txschools.net/district/malone-isd-109908
3,1184,1,057809,Nova Academy,Dallas,F,47,67,https://txschools.net/district/nova-academy-057809
3,1184,1,101881,Up Excellence Academy,Harris,F,47,116,https://txschools.net/district/up-excellence-academy-101881
5,1184,1,178807,Corpus Christi Montessori School,Nueces,F,49,132,https://txschools.net/district/corpus-christi-montessori-school-178807
5,1184,1,114801,Pathway Academy,Howard,F,49,130,https://txschools.net/district/pathway-academy-114801
7,1184,1,019913,Hubbard ISD,Bowie,F,52,54,https://txschools.net/district/hubbard-isd-019913
7,1184,1,028906,Prairie Lea ISD,Caldwell,F,52,276,https://txschools.net/district/prairie-lea-isd-028906
9,1184,0,072910,Morgan Mill ISD,Erath,F,53,132,https://txschools.net/district/morgan-mill-isd-072910
10,1184,2,108810,Brillante Academy,Hidalgo,F,57,426,https://txschools.net/district/brillante-academy-108810
10,1184,2,177901,Roscoe Collegiate ISD,Nolan,F,57,14905,https://txschools.net/district/roscoe-collegiate-isd-177901
10,1184,2,227805,Texas Empowerment Academy,Travis,F,57,760,https://txschools.net/district/texas-empowerment-academy-227805
13,1184,1,071810,El Paso Leadership Academy,El Paso,F,58,665,https://txschools.net/district/el-paso-leadership-academy-071810
13,1184,1,241904,Wharton ISD,Wharton,F,58,1707,https://txschools.net/district/wharton-isd-241904
15,1184,5,101875,Bloom Academy Charter School,Harris,F,59,364,https://txschools.net/district/bloom-academy-charter-school-101875
15,1184,5,015844,Essence Preparatory Charter School,Bexar,F,59,438,https://txschools.net/district/essence-preparatory-charter-school-015844
15,1184,5,101872,Etoile Academy Charter School,Harris,F,59,1064,https://txschools.net/district/etoile-academy-charter-school-101872
15,1184,5,161924,Hallsburg ISD,McLennan,F,59,106,https://txschools.net/district/hallsburg-isd-161924
15,1184,5,015842,Royal Public Schools,Bexar,F,59,394,https://txschools.net/district/royal-public-schools-015842
15,1184,5,232903,Uvalde CISD,Uvalde,F,59,3815,https://txschools.net/district/uvalde-cisd-232903
21,1184,2,018907,Kopperl ISD,Bosque,D,62,163,https://txschools.net/district/kopperl-isd-018907
21,1184,2,015839,Promesa Academy Charter School,Bexar,D,62,275,https://txschools.net/district/promesa-academy-charter-school-015839
21,1184,2,101840,Two Dimensions Preparatory Academy,Harris,D,62,342,https://txschools.net/district/two-dimensions-preparatory-academy-101840
24,1184,4,024901,Brooks County ISD,Brooks,D,63,1074,https://txschools.net/district/brooks-county-isd-024901
24,1184,4,146905,Hull-Daisetta ISD,Liberty,D,63,425,https://txschools.net/district/hull-daisetta-isd-146905
24,1184,4,189901,Marfa ISD,Presidio,D,63,339,https://txschools.net/district/marfa-isd-189901
24,1184,4,022004,Terlingua CSD,Brewster,D,63,140,https://txschools.net/district/terlingua-csd-022004
24,1184,4,143904,Vysehrad ISD,Lavaca,D,63,46,https://txschools.net/district/vysehrad-isd-143904
29,1184,5,186901,Buena Vista ISD,Pecos,D,64,235,https://txschools.net/district/buena-vista-isd-186901
29,1184,5,220811,East Fort Worth Montessori Academy,Tarrant,D,64,106,https://txschools.net/district/east-fort-worth-montessori-academy-220811
29,1184,5,198905,Hearne ISD,Robertson,D,64,719,https://txschools.net/district/hearne-isd-198905
29,1184,5,125906,La Gloria ISD,Jim Wells,D,64,126,https://txschools.net/district/la-gloria-isd-125906
29,1184,5,237905,Royal ISD,Waller,D,64,3086,https://txschools.net/district/royal-isd-237905
29,1184,5,101814,The Varnett Public School,Harris,D,64,1084,https://txschools.net/district/the-varnett-public-school-101814
35,1184,2,146901,Cleveland ISD,Liberty,D,65,12648,https://txschools.net/district/cleveland-isd-146901
35,1184,2,107908,Murchison ISD,Henderson,D,65,187,https://txschools.net/district/murchison-isd-107908
35,1184,2,061802,North Texas Collegiate Academy,Denton,D,65,797,https://txschools.net/district/north-texas-collegiate-academy-061802
38,1184,12,227910,Del Valle ISD,Travis,D,66,11766,https://txschools.net/district/del-valle-isd-227910
38,1184,12,011902,Elgin ISD,Bastrop,D,66,6221,https://txschools.net/district/elgin-isd-011902
38,1184,12,102901,Karnack ISD,Harrison,D,66,121,https://txschools.net/district/karnack-isd-102901
38,1184,12,105801,Katherine Anne Porter School,Hays,D,66,76,https://txschools.net/district/katherine-anne-porter-school-105801
38,1184,12,137901,Kingsville ISD,Kleberg,D,66,2341,https://txschools.net/district/kingsville-isd-137901
38,1184,12,019908,Liberty-Eylau ISD,Bowie,D,66,1784,https://txschools.net/district/liberty-eylau-isd-019908
38,1184,12,077902,Lockney ISD,Floyd,D,66,387,https://txschools.net/district/lockney-isd-077902
38,1184,12,227907,Manor ISD,Travis,D,66,9826,https://txschools.net/district/manor-isd-227907
38,1184,12,073903,Marlin ISD,Falls,D,66,796,https://txschools.net/district/marlin-isd-073903
38,1184,12,057802,Pegasus School of Liberal Arts and Sciences,Dallas,D,66,277,https://txschools.net/district/pegasus-school-of-liberal-arts-and-sciences-057802
38,1184,12,007906,Poteet ISD,Atascosa,D,66,1867,https://txschools.net/district/poteet-isd-007906
38,1184,12,161914,Waco ISD,McLennan,D,66,12892,https://txschools.net/district/waco-isd-161914
38,1184,12,101873,Yellowstone College Preparatory,Harris,D,66,361,https://txschools.net/district/yellowstone-college-preparatory-101873
51,1184,7,116903,Commerce ISD,Hunt,D,67,1526,https://txschools.net/district/commerce-isd-116903
51,1184,7,148905,Darrouzett ISD,Lipscomb,D,67,97,https://txschools.net/district/darrouzett-isd-148905
51,1184,7,057833,Education Center International Academy,Dallas,D,67,144,https://txschools.net/district/education-center-international-academy-057833
51,1184,7,084908,Hitchcock ISD,Galveston,D,67,1937,https://txschools.net/district/hitchcock-isd-084908
51,1184,7,248901,Kermit ISD,Winkler,D,67,1255,https://txschools.net/district/kermit-isd-248901
51,1184,7,254902,La Pryor ISD,Zavala,D,67,445,https://txschools.net/district/la-pryor-isd-254902
51,1184,7,001908,Westwood ISD,Anderson,D,67,1300,https://txschools.net/district/westwood-isd-001908
51,1184,7,229903,Woodville ISD,Tyler,D,67,1169,https://txschools.net/district/woodville-isd-229903
59,1184,6,235901,Bloomington ISD,Victoria,D,68,705,https://txschools.net/district/bloomington-isd-235901
59,1184,6,113901,Crockett ISD,Houston,D,68,1098,https://txschools.net/district/crockett-isd-113901
59,1184,6,015905,Edgewood ISD,Bexar,D,68,7670,https://txschools.net/district/edgewood-isd-015905
59,1184,6,060914,Fannindel ISD,Delta,D,68,152,https://txschools.net/district/fannindel-isd-060914
59,1184,6,183904,Gary ISD,Panola,D,68,478,https://txschools.net/district/gary-isd-183904
59,1184,6,057835,Golden Rule Charter School,Dallas,D,68,1285,https://txschools.net/district/golden-rule-charter-school-057835
59,1184,6,129904,Kemp ISD,Kaufman,D,68,2017,https://txschools.net/district/kemp-isd-129904
66,1184,31,228905,Apple Springs ISD,Trinity,D,69,156,https://txschools.net/district/apple-springs-isd-228905
66,1184,31,123910,Beaumont ISD,Jefferson,D,69,15838,https://txschools.net/district/beaumont-isd-123910
66,1184,31,066901,Benavides ISD,Duval,D,69,352,https://txschools.net/district/benavides-isd-066901
66,1184,31,152806,Betty M Condra School for Education Innovation,Lubbock,D,69,168,https://txschools.net/district/betty-m-condra-school-for-education-innovation-152806
66,1184,31,185901,Bovina ISD,Parmer,D,69,370,https://txschools.net/district/bovina-isd-185901
66,1184,31,198902,Calvert ISD,Robertson,D,69,143,https://txschools.net/district/calvert-isd-198902
66,1184,31,166901,Cameron ISD,Milam,D,69,1389,https://txschools.net/district/cameron-isd-166901
66,1184,31,116910,Campbell ISD,Hunt,D,69,298,https://txschools.net/district/campbell-isd-116910
66,1184,31,228904,Centerville ISD,Trinity,D,69,143,https://txschools.net/district/centerville-isd-228904
66,1184,31,194904,Clarksville ISD,Red River,D,69,504,https://txschools.net/district/clarksville-isd-194904
66,1184,31,161921,Connally ISD,McLennan,D,69,2031,https://txschools.net/district/connally-isd-161921
66,1184,31,052901,Crane ISD,Crane,D,69,1228,https://txschools.net/district/crane-isd-052901
66,1184,31,108903,Edcouch-Elsa ISD,Hidalgo,D,69,4162,https://txschools.net/district/edcouch-elsa-isd-108903
66,1184,31,050901,Evant ISD,Coryell,D,69,192,https://txschools.net/district/evant-isd-050901
66,1184,31,108809,Excellence In Leadership Academy,Hidalgo,D,69,168,https://txschools.net/district/excellence-in-leadership-academy-108809
66,1184,31,049901,Gainesville ISD,Cooke,D,69,3054,https://txschools.net/district/gainesville-isd-049901
66,1184,31,057831,Gateway Charter Academy,Dallas,D,69,430,https://txschools.net/district/gateway-charter-academy-057831
66,1184,31,037904,Jacksonville ISD,Cherokee,D,69,4572,https://txschools.net/district/jacksonville-isd-037904
66,1184,31,057819,Jean Massieu Academy,Dallas,D,69,172,https://txschools.net/district/jean-massieu-academy-057819
66,1184,31,220910,Lake Worth ISD,Tarrant,D,69,3165,https://txschools.net/district/lake-worth-isd-220910
66,1184,31,201903,Laneville ISD,Rusk,D,69,104,https://txschools.net/district/laneville-isd-201903
66,1184,31,101874,Legacy School of Sport Sciences,Harris,D,69,550,https://txschools.net/district/legacy-school-of-sport-sciences-101874
66,1184,31,127905,Lueders-Avoca ISD,Jones,D,69,103,https://txschools.net/district/lueders-avoca-isd-127905
66,1184,31,007904,Lytle ISD,Atascosa,D,69,1803,https://txschools.net/district/lytle-isd-007904
66,1184,31,102902,Marshall ISD,Harrison,D,69,4726,https://txschools.net/district/marshall-isd-102902
66,1184,31,227826,Montessori for All,Travis,D,69,556,https://txschools.net/district/montessori-for-all-227826
66,1184,31,085902,Post ISD,Garza,D,69,648,https://txschools.net/district/post-isd-085902
66,1184,31,066005,Ramirez CSD,Duval,D,69,24,https://txschools.net/district/ramirez-csd-066005
66,1184,31,067907,Ranger ISD,Eastland,D,69,262,https://txschools.net/district/ranger-isd-067907
66,1184,31,178909,Robstown ISD,Nueces,D,69,2478,https://txschools.net/district/robstown-isd-178909
66,1184,31,228903,Trinity ISD,Trinity,D,69,1150,https://txschools.net/district/trinity-isd-228903
66,1184,31,178915,West Oso ISD,Nueces,D,69,1777,https://txschools.net/district/west-oso-isd-178915
98,1184,12,074903,Bonham ISD,Fannin,C,70,1939,https://txschools.net/district/bonham-isd-074903
98,1184,12,161919,Bruceville-Eddy ISD,McLennan,C,70,505,https://txschools.net/district/bruceville-eddy-isd-161919
98,1184,12,015838,Compass Rose Public Schools,Bexar,C,70,4032,https://txschools.net/district/compass-rose-public-schools-015838
98,1184,12,090905,Grandview-Hopkins ISD,Gray,C,70,44,https://txschools.net/district/grandview-hopkins-isd-090905
98,1184,12,090902,Lefors ISD,Gray,C,70,177,https://txschools.net/district/lefors-isd-090902
98,1184,12,011905,McDade ISD,Bastrop,C,70,373,https://txschools.net/district/mcdade-isd-011905
98,1184,12,018903,Morgan ISD,Bosque,C,70,138,https://txschools.net/district/morgan-isd-018903
98,1184,12,084802,Odyssey Academy Inc,Galveston,C,70,1778,https://txschools.net/district/odyssey-academy-inc-084802
98,1184,12,094901,Seguin ISD,Guadalupe,C,70,7160,https://txschools.net/district/seguin-isd-094901
98,1184,12,220801,Treetops School International,Tarrant,C,70,186,https://txschools.net/district/treetops-school-international-220801
98,1184,12,227506,University of Texas at Austin HS,Travis,C,70,1211,https://txschools.net/district/university-of-texas-at-austin-hs-227506
98,1184,12,227824,Valere Public Schools,Travis,C,70,812,https://txschools.net/district/valere-public-schools-227824
98,1184,12,196902,Woodsboro ISD,Refugio,C,70,383,https://txschools.net/district/woodsboro-isd-196902
111,1184,27,227825,Austin Achieve Public Schools,Travis,C,71,2852,https://txschools.net/district/austin-achieve-public-schools-227825
111,1184,27,176901,Burkeville ISD,Newton,C,71,245,https://txschools.net/district/burkeville-isd-176901
111,1184,27,027903,Burnet CISD,Burnet,C,71,3224,https://txschools.net/district/burnet-cisd-027903
111,1184,27,057906,Desoto ISD,Dallas,C,71,5564,https://txschools.net/district/desoto-isd-057906
111,1184,27,243902,Electra ISD,Wichita,C,71,418,https://txschools.net/district/electra-isd-243902
111,1184,27,067904,Gorman ISD,Eastland,C,71,210,https://txschools.net/district/gorman-isd-067904
111,1184,27,059901,Hereford ISD,Deaf Smith,C,71,3836,https://txschools.net/district/hereford-isd-059901
111,1184,27,101925,Huffman ISD,Harris,C,71,3698,https://txschools.net/district/huffman-isd-101925
111,1184,27,015808,Inspire Academies,Bexar,C,71,1158,https://txschools.net/district/inspire-academies-015808
111,1184,27,057830,Inspired Vision Academy,Dallas,C,71,1103,https://txschools.net/district/inspired-vision-academy-057830
111,1184,27,121904,Jasper ISD,Jasper,C,71,1947,https://txschools.net/district/jasper-isd-121904
111,1184,27,015916,Judson ISD,Bexar,C,71,22556,https://txschools.net/district/judson-isd-015916
111,1184,27,201904,Leveretts Chapel ISD,Rusk,C,71,233,https://txschools.net/district/leveretts-chapel-isd-201904
111,1184,27,015825,Lighthouse Public Schools,Bexar,C,71,481,https://txschools.net/district/lighthouse-public-schools-015825
111,1184,27,025905,May ISD,Brown,C,71,257,https://txschools.net/district/may-isd-025905
111,1184,27,018902,Meridian ISD,Bosque,C,71,354,https://txschools.net/district/meridian-isd-018902
111,1184,27,167902,Mullin ISD,Mills,C,71,176,https://txschools.net/district/mullin-isd-167902
111,1184,27,195901,Pecos-Barstow-Toyah ISD,Reeves,C,71,2945,https://txschools.net/district/pecos-barstow-toyah-isd-195901
111,1184,27,123907,Port Arthur ISD,Jefferson,C,71,7664,https://txschools.net/district/port-arthur-isd-123907
111,1184,27,192901,Reagan County ISD,Reagan,C,71,840,https://txschools.net/district/reagan-county-isd-192901
111,1184,27,071904,San Elizario ISD,El Paso,C,71,2776,https://txschools.net/district/san-elizario-isd-071904
111,1184,27,042903,Santa Anna ISD,Coleman,C,71,245,https://txschools.net/district/santa-anna-isd-042903
111,1184,27,208902,Snyder ISD,Scurry,C,71,2220,https://txschools.net/district/snyder-isd-208902
111,1184,27,026902,Somerville ISD,Burleson,C,71,527,https://txschools.net/district/somerville-isd-026902
111,1184,27,149902,Three Rivers ISD,Live Oak,C,71,541,https://txschools.net/district/three-rivers-isd-149902
111,1184,27,219903,Tulia ISD,Swisher,C,71,730,https://txschools.net/district/tulia-isd-219903
111,1184,27,227831,Unparalleled Preparatory Academy,Travis,C,71,33,https://txschools.net/district/unparalleled-preparatory-academy-227831
111,1184,27,018905,Walnut Springs ISD,Bosque,C,71,152,https://txschools.net/district/walnut-springs-isd-018905
139,1184,18,036901,Anahuac ISD,Chambers,C,72,1533,https://txschools.net/district/anahuac-isd-036901
139,1184,18,011901,Bastrop ISD,Bastrop,C,72,13325,https://txschools.net/district/bastrop-isd-011901
139,1184,18,057904,Cedar Hill ISD,Dallas,C,72,5876,https://txschools.net/district/cedar-hill-isd-057904
139,1184,18,109903,Covington ISD,Hill,C,72,351,https://txschools.net/district/covington-isd-109903
139,1184,18,057907,Duncanville ISD,Dallas,C,72,10988,https://txschools.net/district/duncanville-isd-057907
139,1184,18,148902,Follett ISD,Lipscomb,C,72,170,https://txschools.net/district/follett-isd-148902
139,1184,18,116905,Greenville ISD,Hunt,C,72,5435,https://txschools.net/district/greenville-isd-116905
139,1184,18,236902,Huntsville ISD,Walker,C,72,11504,https://txschools.net/district/huntsville-isd-236902
139,1184,18,109907,Itasca ISD,Hill,C,72,652,https://txschools.net/district/itasca-isd-109907
139,1184,18,134901,Junction ISD,Kimble,C,72,552,https://txschools.net/district/junction-isd-134901
139,1184,18,161906,La Vega ISD,McLennan,C,72,3079,https://txschools.net/district/la-vega-isd-161906
139,1184,18,193902,Leakey ISD,Real,C,72,308,https://txschools.net/district/leakey-isd-193902
139,1184,18,187906,Leggett ISD,Polk,C,72,204,https://txschools.net/district/leggett-isd-187906
139,1184,18,101855,Meyerpark Charter,Harris,C,72,259,https://txschools.net/district/meyerpark-charter-101855
139,1184,18,163903,Natalia ISD,Medina,C,72,1301,https://txschools.net/district/natalia-isd-163903
139,1184,18,190903,Rains ISD,Rains,C,72,1664,https://txschools.net/district/rains-isd-190903
139,1184,18,177902,Sweetwater ISD,Nolan,C,72,1738,https://txschools.net/district/sweetwater-isd-177902
139,1184,18,152803,Triumph Public High Schools-Lubbock,Lubbock,C,72,118,https://txschools.net/district/triumph-public-high-schools-lubbock-152803
139,1184,18,081905,Wortham ISD,Freestone,C,72,501,https://txschools.net/district/wortham-isd-081905
158,1184,27,127901,Anson ISD,Jones,C,73,702,https://txschools.net/district/anson-isd-127901
158,1184,27,196901,Austwell-Tivoli ISD,Refugio,C,73,122,https://txschools.net/district/austwell-tivoli-isd-196901
158,1184,27,064903,Carrizo Springs CISD,Dimmit,C,73,1796,https://txschools.net/district/carrizo-springs-cisd-064903
158,1184,27,210901,Center ISD,Shelby,C,73,2258,https://txschools.net/district/center-isd-210901
158,1184,27,175903,Corsicana ISD,Navarro,C,73,5910,https://txschools.net/district/corsicana-isd-175903
158,1184,27,129901,Crandall ISD,Kaufman,C,73,7455,https://txschools.net/district/crandall-isd-129901
158,1184,27,212801,Cumberland Academy,Smith,C,73,1519,https://txschools.net/district/cumberland-academy-212801
158,1184,27,056901,Dalhart ISD,Dallam,C,73,1801,https://txschools.net/district/dalhart-isd-056901
158,1184,27,185903,Friona ISD,Parmer,C,73,979,https://txschools.net/district/friona-isd-185903
158,1184,27,228901,Groveton ISD,Trinity,C,73,740,https://txschools.net/district/groveton-isd-228901
158,1184,27,146904,Hardin ISD,Liberty,C,73,1175,https://txschools.net/district/hardin-isd-146904
158,1184,27,231901,McCamey ISD,Upton,C,73,469,https://txschools.net/district/mccamey-isd-231901
158,1184,27,108907,Mercedes ISD,Hidalgo,C,73,3940,https://txschools.net/district/mercedes-isd-108907
158,1184,27,174904,Nacogdoches ISD,Nacogdoches,C,73,5513,https://txschools.net/district/nacogdoches-isd-174904
158,1184,27,098903,Pringle-Morse CISD,Hansford,C,73,126,https://txschools.net/district/pringle-morse-cisd-098903
158,1184,27,004901,Rockport-Fulton ISD,Aransas,C,73,2831,https://txschools.net/district/rockport-fulton-isd-004901
158,1184,27,128903,Runge ISD,Karnes,C,73,172,https://txschools.net/district/runge-isd-128903
158,1184,27,203901,San Augustine ISD,San Augustine,C,73,585,https://txschools.net/district/san-augustine-isd-203901
158,1184,27,206901,San Saba ISD,San Saba,C,73,686,https://txschools.net/district/san-saba-isd-206901
158,1184,27,091906,Sherman ISD,Grayson,C,73,7452,https://txschools.net/district/sherman-isd-091906
158,1184,27,170907,Splendora ISD,Montgomery,C,73,5882,https://txschools.net/district/splendora-isd-170907
158,1184,27,146907,Tarkington ISD,Liberty,C,73,1864,https://txschools.net/district/tarkington-isd-146907
158,1184,27,129906,Terrell ISD,Kaufman,C,73,5178,https://txschools.net/district/terrell-isd-129906
158,1184,27,126908,Venus ISD,Johnson,C,73,2191,https://txschools.net/district/venus-isd-126908
158,1184,27,229904,Warren ISD,Tyler,C,73,1178,https://txschools.net/district/warren-isd-229904
158,1184,27,102903,Waskom ISD,Harrison,C,73,764,https://txschools.net/district/waskom-isd-102903
158,1184,27,181906,West Orange-Cove CISD,Orange,C,73,2502,https://txschools.net/district/west-orange-cove-cisd-181906
158,1184,27,212910,Winona ISD,Smith,C,73,1122,https://txschools.net/district/winona-isd-212910
186,1184,25,043902,Anna ISD,Collin,C,74,6686,https://txschools.net/district/anna-isd-043902
186,1184,25,110901,Anton ISD,Hockley,C,74,171,https://txschools.net/district/anton-isd-110901
186,1184,25,230901,Big Sandy ISD,Upshur,C,74,643,https://txschools.net/district/big-sandy-isd-230901
186,1184,25,249903,Bridgeport ISD,Wise,C,74,2028,https://txschools.net/district/bridgeport-isd-249903
186,1184,25,223901,Brownfield ISD,Terry,C,74,1587,https://txschools.net/district/brownfield-isd-223901
186,1184,25,249904,Chico ISD,Wise,C,74,580,https://txschools.net/district/chico-isd-249904
186,1184,25,057841,Cityscape Schools,Dallas,C,74,1218,https://txschools.net/district/cityscape-schools-057841
186,1184,25,229901,Colmesneil ISD,Tyler,C,74,388,https://txschools.net/district/colmesneil-isd-229901
186,1184,25,068802,Compass Academy Charter School,Ector,C,74,1759,https://txschools.net/district/compass-academy-charter-school-068802
186,1184,25,233903,Comstock ISD,Val Verde,C,74,166,https://txschools.net/district/comstock-isd-233903
186,1184,25,254901,Crystal City ISD,Zavala,C,74,1480,https://txschools.net/district/crystal-city-isd-254901
186,1184,25,163901,Devine ISD,Medina,C,74,1975,https://txschools.net/district/devine-isd-163901
186,1184,25,082902,Dilley ISD,Frio,C,74,830,https://txschools.net/district/dilley-isd-082902
186,1184,25,101856,Draw Academy,Harris,C,74,695,https://txschools.net/district/draw-academy-101856
186,1184,25,122901,Ft Davis ISD,Jeff Davis,C,74,818,https://txschools.net/district/ft-davis-isd-122901
186,1184,25,015904,Harlandale ISD,Bexar,C,74,11096,https://txschools.net/district/harlandale-isd-015904
186,1184,25,246907,Jarrell ISD,Williamson,C,74,4514,https://txschools.net/district/jarrell-isd-246907
186,1184,25,054903,Ralls ISD,Crosby,C,74,318,https://txschools.net/district/ralls-isd-054903
186,1184,25,093905,Richards ISD,Grimes,C,74,261,https://txschools.net/district/richards-isd-093905
186,1184,25,076904,Rotan ISD,Fisher,C,74,265,https://txschools.net/district/rotan-isd-076904
186,1184,25,091914,S and S CISD,Grayson,C,74,923,https://txschools.net/district/s-and-s-cisd-091914
186,1184,25,232902,Sabinal ISD,Uvalde,C,74,447,https://txschools.net/district/sabinal-isd-232902
186,1184,25,204904,Shepherd ISD,San Jacinto,C,74,1967,https://txschools.net/district/shepherd-isd-204904
186,1184,25,100904,Silsbee ISD,Hardin,C,74,2377,https://txschools.net/district/silsbee-isd-100904
186,1184,25,152903,Slaton ISD,Lubbock,C,74,1308,https://txschools.net/district/slaton-isd-152903
186,1184,25,100908,West Hardin County CISD,Hardin,C,74,506,https://txschools.net/district/west-hardin-county-cisd-100908
212,1184,38,205901,Aransas Pass ISD,San Patricio,C,75,1595,https://txschools.net/district/aransas-pass-isd-205901
212,1184,38,013901,Beeville ISD,Bee,C,75,2871,https://txschools.net/district/beeville-isd-013901
212,1184,38,021803,Brazos School for Inquiry & Creativity,Brazos,C,75,310,https://txschools.net/district/brazos-school-for-inquiry-creativity-021803
212,1184,38,166907,Buckholts ISD,Milam,C,75,107,https://txschools.net/district/buckholts-isd-166907
212,1184,38,204901,Coldspring-Oakhurst CISD,San Jacinto,C,75,1587,https://txschools.net/district/coldspring-oakhurst-cisd-204901
212,1184,38,130902,Comfort ISD,Kendall,C,75,1012,https://txschools.net/district/comfort-isd-130902
212,1184,38,220904,Everman ISD,Tarrant,C,75,4704,https://txschools.net/district/everman-isd-220904
212,1184,38,210906,Excelsior ISD,Shelby,C,75,112,https://txschools.net/district/excelsior-isd-210906
212,1184,38,101804,George I Sanchez Charter,Harris,C,75,941,https://txschools.net/district/george-i-sanchez-charter-101804
212,1184,38,238904,Grandfalls-Royalty ISD,Ward,C,75,121,https://txschools.net/district/grandfalls-royalty-isd-238904
212,1184,38,163904,Hondo ISD,Medina,C,75,1720,https://txschools.net/district/hondo-isd-163904
212,1184,38,246906,Hutto ISD,Williamson,C,75,11069,https://txschools.net/district/hutto-isd-246906
212,1184,38,092902,Kilgore ISD,Gregg,C,75,3576,https://txschools.net/district/kilgore-isd-092902
212,1184,38,031905,La Feria ISD,Cameron,C,75,2754,https://txschools.net/district/la-feria-isd-031905
212,1184,38,058906,Lamesa ISD,Dawson,C,75,1373,https://txschools.net/district/lamesa-isd-058906
212,1184,38,168902,Loraine ISD,Mitchell,C,75,133,https://txschools.net/district/loraine-isd-168902
212,1184,38,027904,Marble Falls ISD,Burnet,C,75,4054,https://txschools.net/district/marble-falls-isd-027904
212,1184,38,158904,Matagorda ISD,Matagorda,C,75,118,https://txschools.net/district/matagorda-isd-158904
212,1184,38,165901,Midland ISD,Midland,C,75,29048,https://txschools.net/district/midland-isd-165901
212,1184,38,070909,Milford ISD,Ellis,C,75,277,https://txschools.net/district/milford-isd-070909
212,1184,38,238902,Monahans-Wickett-Pyote ISD,Ward,C,75,2180,https://txschools.net/district/monahans-wickett-pyote-isd-238902
212,1184,38,201908,Overton ISD,Rusk,C,75,534,https://txschools.net/district/overton-isd-201908
212,1184,38,082903,Pearsall ISD,Frio,C,75,1900,https://txschools.net/district/pearsall-isd-082903
212,1184,38,014801,Richard Milburn Alter High School (Killeen),Bell,C,75,1525,https://txschools.net/district/richard-milburn-alter-high-school-killeen-014801
212,1184,38,015907,San Antonio ISD,Bexar,C,75,42508,https://txschools.net/district/san-antonio-isd-015907
212,1184,38,233901,San Felipe-Del Rio CISD,Val Verde,C,75,9494,https://txschools.net/district/san-felipe-del-rio-cisd-233901
212,1184,38,008902,Sealy ISD,Austin,C,75,3014,https://txschools.net/district/sealy-isd-008902
212,1184,38,083903,Seminole ISD,Gaines,C,75,3083,https://txschools.net/district/seminole-isd-083903
212,1184,38,015908,South San Antonio ISD,Bexar,C,75,7083,https://txschools.net/district/south-san-antonio-isd-015908
212,1184,38,143905,Sweet Home ISD,Lavaca,C,75,164,https://txschools.net/district/sweet-home-isd-143905
212,1184,38,205907,Taft ISD,San Patricio,C,75,786,https://txschools.net/district/taft-isd-205907
212,1184,38,072901,Three Way ISD,Erath,C,75,224,https://txschools.net/district/three-way-isd-072901
212,1184,38,057813,Trinity Basin Preparatory,Dallas,C,75,6741,https://txschools.net/district/trinity-basin-preparatory-057813
212,1184,38,230904,Union Hill ISD,Upshur,C,75,254,https://txschools.net/district/union-hill-isd-230904
212,1184,38,227803,Wayside Schools,Travis,C,75,1923,https://txschools.net/district/wayside-schools-227803
212,1184,38,220920,White Settlement ISD,Tarrant,C,75,6684,https://txschools.net/district/white-settlement-isd-220920
212,1184,38,243905,Wichita Falls ISD,Wichita,C,75,12435,https://txschools.net/district/wichita-falls-isd-243905
212,1184,38,234907,Wills Point ISD,Van Zandt,C,75,2882,https://txschools.net/district/wills-point-isd-234907
212,1184,38,153907,Wilson ISD,Lynn,C,75,120,https://txschools.net/district/wilson-isd-153907
251,1184,45,221901,Abilene ISD,Taylor,C,76,14260,https://txschools.net/district/abilene-isd-221901
251,1184,45,212901,Arp ISD,Smith,C,76,918,https://txschools.net/district/arp-isd-212901
251,1184,45,107901,Athens ISD,Henderson,C,76,2938,https://txschools.net/district/athens-isd-107901
251,1184,45,010902,Bandera ISD,Bandera,C,76,2159,https://txschools.net/district/bandera-isd-010902
251,1184,45,161923,Bosqueville ISD,McLennan,C,76,718,https://txschools.net/district/bosqueville-isd-161923
251,1184,45,136901,Brackett ISD,Kinney,C,76,490,https://txschools.net/district/brackett-isd-136901
251,1184,45,003907,Central ISD,Angelina,C,76,1491,https://txschools.net/district/central-isd-003907
251,1184,45,212909,Chapel Hill ISD,Smith,C,76,3186,https://txschools.net/district/chapel-hill-isd-212909
251,1184,45,246914,Coupland ISD,Williamson,C,76,315,https://txschools.net/district/coupland-isd-246914
251,1184,45,054901,Crosbyton CISD,Crosby,C,76,293,https://txschools.net/district/crosbyton-cisd-054901
251,1184,45,062901,Cuero ISD,Dewitt,C,76,1802,https://txschools.net/district/cuero-isd-062901
251,1184,45,249905,Decatur ISD,Wise,C,76,3801,https://txschools.net/district/decatur-isd-249905
251,1184,45,061901,Denton ISD,Denton,C,76,33101,https://txschools.net/district/denton-isd-061901
251,1184,45,194905,Detroit ISD,Red River,C,76,469,https://txschools.net/district/detroit-isd-194905
251,1184,45,081906,Dew ISD,Freestone,C,76,170,https://txschools.net/district/dew-isd-081906
251,1184,45,015911,East Central ISD,Bexar,C,76,11798,https://txschools.net/district/east-central-isd-015911
251,1184,45,175905,Frost ISD,Navarro,C,76,459,https://txschools.net/district/frost-isd-175905
251,1184,45,169906,Gold Burg ISD,Montague,C,76,149,https://txschools.net/district/gold-burg-isd-169906
251,1184,45,089901,Gonzales ISD,Gonzales,C,76,2514,https://txschools.net/district/gonzales-isd-089901
251,1184,45,246905,Granger ISD,Williamson,C,76,573,https://txschools.net/district/granger-isd-246905
251,1184,45,113902,Grapeland ISD,Houston,C,76,578,https://txschools.net/district/grapeland-isd-113902
251,1184,45,147902,Groesbeck ISD,Limestone,C,76,1457,https://txschools.net/district/groesbeck-isd-147902
251,1184,45,057839,La Academia De Estrellas,Dallas,C,76,1021,https://txschools.net/district/la-academia-de-estrellas-057839
251,1184,45,107910,Lapoynor ISD,Henderson,C,76,465,https://txschools.net/district/lapoynor-isd-107910
251,1184,45,113905,Latexo ISD,Houston,C,76,551,https://txschools.net/district/latexo-isd-113905
251,1184,45,146906,Liberty ISD,Liberty,C,76,2406,https://txschools.net/district/liberty-isd-146906
251,1184,45,028903,Luling ISD,Caldwell,C,76,1431,https://txschools.net/district/luling-isd-028903
251,1184,45,147903,Mexia ISD,Limestone,C,76,1780,https://txschools.net/district/mexia-isd-147903
251,1184,45,209902,Moran ISD,Shackelford,C,76,86,https://txschools.net/district/moran-isd-209902
251,1184,45,145907,Oakwood ISD,Leon,C,76,205,https://txschools.net/district/oakwood-isd-145907
251,1184,45,090904,Pampa ISD,Gray,C,76,3036,https://txschools.net/district/pampa-isd-090904
251,1184,45,095905,Plainview ISD,Hale,C,76,3811,https://txschools.net/district/plainview-isd-095905
251,1184,45,161802,Rapoport Academy Public School,McLennan,C,76,914,https://txschools.net/district/rapoport-academy-public-school-161802
251,1184,45,045903,Rice CISD,Colorado,C,76,1287,https://txschools.net/district/rice-cisd-045903
251,1184,45,226903,San Angelo ISD,Tom Green,C,76,12500,https://txschools.net/district/san-angelo-isd-226903
251,1184,45,105902,San Marcos CISD,Hays,C,76,8134,https://txschools.net/district/san-marcos-cisd-105902
251,1184,45,101802,Ser-Ninos Charter School,Harris,C,76,1206,https://txschools.net/district/ser-ninos-charter-school-101802
251,1184,45,015807,Southwest Preparatory School,Bexar,C,76,849,https://txschools.net/district/southwest-preparatory-school-015807
251,1184,45,101919,Spring ISD,Harris,C,76,32328,https://txschools.net/district/spring-isd-101919
251,1184,45,019907,Texarkana ISD,Bowie,C,76,7623,https://txschools.net/district/texarkana-isd-019907
251,1184,45,227819,University of Texas Elem Charter School,Travis,C,76,305,https://txschools.net/district/university-of-texas-elem-charter-school-227819
251,1184,45,158906,Van Vleck ISD,Matagorda,C,76,1048,https://txschools.net/district/van-vleck-isd-158906
251,1184,45,244903,Vernon ISD,Wilbarger,C,76,1685,https://txschools.net/district/vernon-isd-244903
251,1184,45,181907,Vidor ISD,Orange,C,76,4095,https://txschools.net/district/vidor-isd-181907
251,1184,45,240904,Webb CISD,Webb,C,76,206,https://txschools.net/district/webb-cisd-240904
251,1184,45,250905,Yantis ISD,Wood,C,76,309,https://txschools.net/district/yantis-isd-250905
297,1184,51,057806,Advantage Academy,Dallas,C,77,909,https://txschools.net/district/advantage-academy-057806
297,1184,51,037901,Alto ISD,Cherokee,C,77,524,https://txschools.net/district/alto-isd-037901
297,1184,51,126901,Alvarado ISD,Johnson,C,77,3703,https://txschools.net/district/alvarado-isd-126901
297,1184,51,061907,Aubrey ISD,Denton,C,77,4885,https://txschools.net/district/aubrey-isd-061907
297,1184,51,008901,Bellville ISD,Austin,C,77,2316,https://txschools.net/district/bellville-isd-008901
297,1184,51,043917,Blue Ridge ISD,Collin,C,77,1056,https://txschools.net/district/blue-ridge-isd-043917
297,1184,51,249902,Boyd ISD,Wise,C,77,1443,https://txschools.net/district/boyd-isd-249902
297,1184,51,021902,Bryan ISD,Brazos,C,77,15653,https://txschools.net/district/bryan-isd-021902
297,1184,51,243901,Burkburnett ISD,Wichita,C,77,3142,https://txschools.net/district/burkburnett-isd-243901
297,1184,51,145902,Centerville ISD,Leon,C,77,633,https://txschools.net/district/centerville-isd-145902
297,1184,51,114902,Coahoma ISD,Howard,C,77,1157,https://txschools.net/district/coahoma-isd-114902
297,1184,51,168901,Colorado ISD,Mitchell,C,77,901,https://txschools.net/district/colorado-isd-168901
297,1184,51,020907,Columbia-Brazoria ISD,Brazoria,C,77,2942,https://txschools.net/district/columbia-brazoria-isd-020907
297,1184,51,035901,Dimmitt ISD,Castro,C,77,1072,https://txschools.net/district/dimmitt-isd-035901
297,1184,51,220918,Eagle Mt-Saginaw ISD,Tarrant,C,77,24147,https://txschools.net/district/eagle-mt-saginaw-isd-220918
297,1184,51,068901,Ector County ISD,Ector,C,77,31866,https://txschools.net/district/ector-county-isd-068901
297,1184,51,101877,Elevate Collegiate Charter School,Harris,C,77,224,https://txschools.net/district/elevate-collegiate-charter-school-101877
297,1184,51,070801,Faith Family Academy,Ellis,C,77,2883,https://txschools.net/district/faith-family-academy-070801
297,1184,51,186902,Fort Stockton ISD,Pecos,C,77,11681,https://txschools.net/district/fort-stockton-isd-186902
297,1184,51,220905,Fort Worth ISD,Tarrant,C,77,67315,https://txschools.net/district/fort-worth-isd-220905
297,1184,51,152907,Frenship ISD,Lubbock,C,77,12042,https://txschools.net/district/frenship-isd-152907
297,1184,51,115901,Ft Hancock ISD,Hudspeth,C,77,390,https://txschools.net/district/ft-hancock-isd-115901
297,1184,51,126911,Godley ISD,Johnson,C,77,3315,https://txschools.net/district/godley-isd-126911
297,1184,51,252901,Graham ISD,Young,C,77,2139,https://txschools.net/district/graham-isd-252901
297,1184,51,165902,Greenwood ISD,Midland,C,77,3621,https://txschools.net/district/greenwood-isd-165902
297,1184,51,237902,Hempstead ISD,Waller,C,77,1563,https://txschools.net/district/hempstead-isd-237902
297,1184,51,091905,Howe ISD,Grayson,C,77,1191,https://txschools.net/district/howe-isd-091905
297,1184,51,109905,Hubbard ISD,Hill,C,77,398,https://txschools.net/district/hubbard-isd-109905
297,1184,51,155901,Jefferson ISD,Marion,C,77,1105,https://txschools.net/district/jefferson-isd-155901
297,1184,51,227912,Lago Vista ISD,Travis,C,77,1864,https://txschools.net/district/lago-vista-isd-227912
297,1184,51,181908,Little Cypress-Mauriceville CISD,Orange,C,77,3342,https://txschools.net/district/little-cypress-mauriceville-cisd-181908
297,1184,51,054902,Lorenzo ISD,Crosby,C,77,175,https://txschools.net/district/lorenzo-isd-054902
297,1184,51,161909,McGregor ISD,McLennan,C,77,1448,https://txschools.net/district/mcgregor-isd-161909
297,1184,51,221904,Merkel ISD,Taylor,C,77,1127,https://txschools.net/district/merkel-isd-221904
297,1184,51,093904,Navasota ISD,Grimes,C,77,3127,https://txschools.net/district/navasota-isd-093904
297,1184,51,139911,North Lamar ISD,Lamar,C,77,2362,https://txschools.net/district/north-lamar-isd-139911
297,1184,51,001907,Palestine ISD,Anderson,C,77,3144,https://txschools.net/district/palestine-isd-001907
297,1184,51,061903,Pilot Point ISD,Denton,C,77,1728,https://txschools.net/district/pilot-point-isd-061903
297,1184,51,251902,Plains ISD,Yoakum,C,77,413,https://txschools.net/district/plains-isd-251902
297,1184,51,007905,Pleasanton ISD,Atascosa,C,77,3301,https://txschools.net/district/pleasanton-isd-007905
297,1184,51,184901,Poolville ISD,Parker,C,77,764,https://txschools.net/district/poolville-isd-184901
297,1184,51,125905,Premont ISD,Jim Wells,C,77,761,https://txschools.net/district/premont-isd-125905
297,1184,51,031911,Rio Hondo ISD,Cameron,C,77,1312,https://txschools.net/district/rio-hondo-isd-031911
297,1184,51,075903,Schulenburg ISD,Fayette,C,77,644,https://txschools.net/district/schulenburg-isd-075903
297,1184,51,184902,Springtown ISD,Parker,C,77,4227,https://txschools.net/district/springtown-isd-184902
297,1184,51,013801,St Mary's Academy Charter School,Bee,C,77,329,https://txschools.net/district/st-mary-s-academy-charter-school-013801
297,1184,51,112901,Sulphur Springs ISD,Hopkins,C,77,4060,https://txschools.net/district/sulphur-springs-isd-112901
297,1184,51,210904,Tenaha ISD,Shelby,C,77,402,https://txschools.net/district/tenaha-isd-210904
297,1184,51,084906,Texas City ISD,Galveston,C,77,7379,https://txschools.net/district/texas-city-isd-084906
297,1184,51,018904,Valley Mills ISD,Bosque,C,77,664,https://txschools.net/district/valley-mills-isd-018904
297,1184,51,202905,West Sabine ISD,Sabine,C,77,659,https://txschools.net/district/west-sabine-isd-202905
297,1184,51,170904,Willis ISD,Montgomery,C,77,9579,https://txschools.net/district/willis-isd-170904
349,1184,45,101903,Alief ISD,Harris,C,78,36376,https://txschools.net/district/alief-isd-101903
349,1184,45,220901,Arlington ISD,Tarrant,C,78,51102,https://txschools.net/district/arlington-isd-220901
349,1184,45,220915,Azle ISD,Tarrant,C,78,7166,https://txschools.net/district/azle-isd-220915
349,1184,45,241901,Boling ISD,Wharton,C,78,1143,https://txschools.net/district/boling-isd-241901
349,1184,45,117901,Borger ISD,Hutchinson,C,78,2147,https://txschools.net/district/borger-isd-117901
349,1184,45,213801,Brazos River Charter School,Somervell,C,78,60,https://txschools.net/district/brazos-river-charter-school-213801
349,1184,45,025908,Brookesmith ISD,Brown,C,78,508,https://txschools.net/district/brookesmith-isd-025908
349,1184,45,049905,Callisburg ISD,Cooke,C,78,1139,https://txschools.net/district/callisburg-isd-049905
349,1184,45,071907,Canutillo ISD,El Paso,C,78,5604,https://txschools.net/district/canutillo-isd-071907
349,1184,45,126903,Cleburne ISD,Johnson,C,78,6776,https://txschools.net/district/cleburne-isd-126903
349,1184,45,142901,Cotulla ISD,La Salle,C,78,1130,https://txschools.net/district/cotulla-isd-142901
349,1184,45,112905,Cumby Collegiate ISD,Hopkins,C,78,485,https://txschools.net/district/cumby-collegiate-isd-112905
349,1184,45,146902,Dayton ISD,Liberty,C,78,5777,https://txschools.net/district/dayton-isd-146902
349,1184,45,091903,Denison ISD,Grayson,C,78,4742,https://txschools.net/district/denison-isd-091903
349,1184,45,070903,Ennis ISD,Ellis,C,78,6621,https://txschools.net/district/ennis-isd-070903
349,1184,45,050902,Gatesville ISD,Coryell,C,78,2547,https://txschools.net/district/gatesville-isd-050902
349,1184,45,226907,Grape Creek ISD,Tom Green,C,78,1192,https://txschools.net/district/grape-creek-isd-226907
349,1184,45,102904,Hallsville ISD,Harrison,C,78,26808,https://txschools.net/district/hallsville-isd-102904
349,1184,45,097902,Hamilton ISD,Hamilton,C,78,794,https://txschools.net/district/hamilton-isd-097902
349,1184,45,225907,Harts Bluff ISD,Titus,C,78,873,https://txschools.net/district/harts-bluff-isd-225907
349,1184,45,250902,Hawkins ISD,Wood,C,78,776,https://txschools.net/district/hawkins-isd-250902
349,1184,45,057912,Irving ISD,Dallas,C,78,29182,https://txschools.net/district/irving-isd-057912
349,1184,45,007902,Jourdanton ISD,Atascosa,C,78,1561,https://txschools.net/district/jourdanton-isd-007902
349,1184,45,121905,Kirbyville CISD,Jasper,C,78,1443,https://txschools.net/district/kirbyville-cisd-121905
349,1184,45,061914,Little Elm ISD,Denton,C,78,7647,https://txschools.net/district/little-elm-isd-061914
349,1184,45,187907,Livingston ISD,Polk,C,78,3988,https://txschools.net/district/livingston-isd-187907
349,1184,45,070915,Maypearl ISD,Ellis,C,78,1217,https://txschools.net/district/maypearl-isd-070915
349,1184,45,220817,Newman International Academy of Arlington,Tarrant,C,78,2697,https://txschools.net/district/newman-international-academy-of-arlington-220817
349,1184,45,089903,Nixon-Smiley CISD,Gonzales,C,78,994,https://txschools.net/district/nixon-smiley-cisd-089903
349,1184,45,015915,Northside ISD,Bexar,C,78,98031,https://txschools.net/district/northside-isd-015915
349,1184,45,013902,Pawnee ISD,Bee,C,78,252,https://txschools.net/district/pawnee-isd-013902
349,1184,45,189902,Presidio ISD,Presidio,C,78,1063,https://txschools.net/district/presidio-isd-189902
349,1184,45,070911,Red Oak ISD,Ellis,C,78,6569,https://txschools.net/district/red-oak-isd-070911
349,1184,45,206902,Richland Springs ISD,San Saba,C,78,101,https://txschools.net/district/richland-springs-isd-206902
349,1184,45,166904,Rockdale ISD,Milam,C,78,1452,https://txschools.net/district/rockdale-isd-166904
349,1184,45,199902,Royse City ISD,Rockwall,C,78,10141,https://txschools.net/district/royse-city-isd-199902
349,1184,45,074911,Savoy ISD,Fannin,C,78,301,https://txschools.net/district/savoy-isd-074911
349,1184,45,242902,Shamrock ISD,Wheeler,C,78,350,https://txschools.net/district/shamrock-isd-242902
349,1184,45,115902,Sierra Blanca ISD,Hudspeth,C,78,97,https://txschools.net/district/sierra-blanca-isd-115902
349,1184,45,218901,Sonora ISD,Sutton,C,78,642,https://txschools.net/district/sonora-isd-218901
349,1184,45,212904,Troup ISD,Smith,C,78,1067,https://txschools.net/district/troup-isd-212904
349,1184,45,235902,Victoria ISD,Victoria,C,78,12534,https://txschools.net/district/victoria-isd-235902
349,1184,45,049908,Walnut Bend ISD,Cooke,C,78,59,https://txschools.net/district/walnut-bend-isd-049908
349,1184,45,201914,West Rusk County Consolidated ISD,Rusk,C,78,1006,https://txschools.net/district/west-rusk-county-consolidated-isd-201914
349,1184,45,091909,Whitesboro ISD,Grayson,C,78,1757,https://txschools.net/district/whitesboro-isd-091909
349,1184,45,109911,Whitney ISD,Hill,C,78,1433,https://txschools.net/district/whitney-isd-109911
395,1184,42,057829,A' Academy,Dallas,C,79,1703,https://txschools.net/district/a-academy-057829
395,1184,42,101902,Aldine ISD,Harris,C,79,52115,https://txschools.net/district/aldine-isd-101902
395,1184,42,022901,Alpine ISD,Brewster,C,79,956,https://txschools.net/district/alpine-isd-022901
395,1184,42,002901,Andrews ISD,Andrews,C,79,4159,https://txschools.net/district/andrews-isd-002901
395,1184,42,014902,Bartlett ISD,Bell,C,79,399,https://txschools.net/district/bartlett-isd-014902
395,1184,42,158901,Bay City ISD,Matagorda,C,79,3312,https://txschools.net/district/bay-city-isd-158901
395,1184,42,101847,Beatrice Mayes Institute Charter School,Harris,C,79,628,https://txschools.net/district/beatrice-mayes-institute-charter-school-101847
395,1184,42,220902,Birdville ISD,Tarrant,C,79,22044,https://txschools.net/district/birdville-isd-220902
395,1184,42,175902,Blooming Grove ISD,Navarro,C,79,961,https://txschools.net/district/blooming-grove-isd-175902
395,1184,42,181901,Bridge City ISD,Orange,C,79,3072,https://txschools.net/district/bridge-city-isd-181901
395,1184,42,121903,Buna ISD,Jasper,C,79,1412,https://txschools.net/district/buna-isd-121903
395,1184,42,133901,Center Point ISD,Kerr,C,79,492,https://txschools.net/district/center-point-isd-133901
395,1184,42,065901,Clarendon ISD,Donley,C,79,403,https://txschools.net/district/clarendon-isd-065901
395,1184,42,060902,Cooper ISD,Delta,C,79,879,https://txschools.net/district/cooper-isd-060902
395,1184,42,172902,Daingerfield-Lone Star ISD,Morris,C,79,988,https://txschools.net/district/daingerfield-lone-star-isd-172902
395,1184,42,176903,Deweyville ISD,Newton,C,79,574,https://txschools.net/district/deweyville-isd-176903
395,1184,42,081902,Fairfield ISD,Freestone,C,79,1526,https://txschools.net/district/fairfield-isd-081902
395,1184,42,129902,Forney ISD,Kaufman,C,79,19643,https://txschools.net/district/forney-isd-129902
395,1184,42,092901,Gladewater ISD,Gregg,C,79,1577,https://txschools.net/district/gladewater-isd-092901
395,1184,42,186903,Iraan-Sheffield Collegiate ISD,Pecos,C,79,514,https://txschools.net/district/iraan-sheffield-collegiate-isd-186903
395,1184,42,124901,Jim Hogg County ISD,Jim Hogg,C,79,927,https://txschools.net/district/jim-hogg-county-isd-124901
395,1184,42,050909,Jonesboro ISD,Coryell,C,79,317,https://txschools.net/district/jonesboro-isd-050909
395,1184,42,113906,Kennard ISD,Houston,C,79,254,https://txschools.net/district/kennard-isd-113906
395,1184,42,014906,Killeen ISD,Bell,C,79,41366,https://txschools.net/district/killeen-isd-014906
395,1184,42,100903,Kountze ISD,Hardin,C,79,1163,https://txschools.net/district/kountze-isd-100903
395,1184,42,061905,Krum ISD,Denton,C,79,2573,https://txschools.net/district/krum-isd-061905
395,1184,42,028902,Lockhart ISD,Caldwell,C,79,6757,https://txschools.net/district/lockhart-isd-028902
395,1184,42,003903,Lufkin ISD,Angelina,C,79,6678,https://txschools.net/district/lufkin-isd-003903
395,1184,42,109910,Mount Calm ISD,Hill,C,79,176,https://txschools.net/district/mount-calm-isd-109910
395,1184,42,170908,New Caney ISD,Montgomery,C,79,19642,https://txschools.net/district/new-caney-isd-170908
395,1184,42,176902,Newton ISD,Newton,C,79,946,https://txschools.net/district/newton-isd-176902
395,1184,42,230903,Ore City ISD,Upshur,C,79,786,https://txschools.net/district/ore-city-isd-230903
395,1184,42,039903,Petrolia CISD,Clay,C,79,485,https://txschools.net/district/petrolia-cisd-039903
395,1184,42,057850,Pioneer Technology & Arts Academy,Dallas,C,79,2400,https://txschools.net/district/pioneer-technology-arts-academy-057850
395,1184,42,034907,Queen City ISD,Cass,C,79,860,https://txschools.net/district/queen-city-isd-034907
395,1184,42,116908,Quinlan ISD,Hunt,C,79,2974,https://txschools.net/district/quinlan-isd-116908
395,1184,42,126907,Rio Vista ISD,Johnson,C,79,1031,https://txschools.net/district/rio-vista-isd-126907
395,1184,42,031912,San Benito CISD,Cameron,C,79,8620,https://txschools.net/district/san-benito-cisd-031912
395,1184,42,117903,Sanford-Fritch ISD,Hutchinson,C,79,714,https://txschools.net/district/sanford-fritch-isd-117903
395,1184,42,101924,Sheldon ISD,Harris,C,79,10576,https://txschools.net/district/sheldon-isd-101924
395,1184,42,011904,Smithville ISD,Bastrop,C,79,1864,https://txschools.net/district/smithville-isd-011904
395,1184,42,015912,Southwest ISD,Bexar,C,79,14839,https://txschools.net/district/southwest-isd-015912
395,1184,42,020906,Sweeny ISD,Brazoria,C,79,1691,https://txschools.net/district/sweeny-isd-020906
438,1184,65,101810,Academy of Accelerated Learning Inc,Harris,B,80,711,https://txschools.net/district/academy-of-accelerated-learning-inc-101810
438,1184,65,021805,Arrow Academy,Brazos,B,80,427,https://txschools.net/district/arrow-academy-021805
438,1184,65,070901,Avalon ISD,Ellis,B,80,316,https://txschools.net/district/avalon-isd-070901
438,1184,65,014903,Belton ISD,Bell,B,80,13516,https://txschools.net/district/belton-isd-014903
438,1184,65,169901,Bowie ISD,Montague,B,80,1457,https://txschools.net/district/bowie-isd-169901
438,1184,65,239901,Brenham ISD,Washington,B,80,4712,https://txschools.net/district/brenham-isd-239901
438,1184,65,183902,Carthage ISD,Panola,B,80,2602,https://txschools.net/district/carthage-isd-183902
438,1184,65,007901,Charlotte ISD,Atascosa,B,80,422,https://txschools.net/district/charlotte-isd-007901
438,1184,65,043918,Community ISD,Collin,B,80,5764,https://txschools.net/district/community-isd-043918
438,1184,65,101842,Comquest Academy,Harris,B,80,35,https://txschools.net/district/comquest-academy-101842
438,1184,65,220912,Crowley ISD,Tarrant,B,80,17052,https://txschools.net/district/crowley-isd-220912
438,1184,65,115903,Dell City ISD,Hudspeth,B,80,75,https://txschools.net/district/dell-city-isd-115903
438,1184,65,251901,Denver City ISD,Yoakum,B,80,1395,https://txschools.net/district/denver-city-isd-251901
438,1184,65,105804,Doral Academy of Texas,Hays,B,80,450,https://txschools.net/district/doral-academy-of-texas-105804
438,1184,65,178801,Dr M L Garza-Gonzalez Charter School,Nueces,B,80,154,https://txschools.net/district/dr-m-l-garza-gonzalez-charter-school-178801
438,1184,65,074905,Ector ISD,Fannin,B,80,234,https://txschools.net/district/ector-isd-074905
438,1184,65,102906,Elysian Fields ISD,Harrison,B,80,753,https://txschools.net/district/elysian-fields-isd-102906
438,1184,65,071903,Fabens ISD,El Paso,B,80,1812,https://txschools.net/district/fabens-isd-071903
438,1184,65,084902,Galveston ISD,Galveston,B,80,6664,https://txschools.net/district/galveston-isd-084902
438,1184,65,246904,Georgetown ISD,Williamson,B,80,13951,https://txschools.net/district/georgetown-isd-246904
438,1184,65,101911,Goose Creek CISD,Harris,B,80,23308,https://txschools.net/district/goose-creek-cisd-101911
438,1184,65,057910,Grand Prairie ISD,Dallas,B,80,25445,https://txschools.net/district/grand-prairie-isd-057910
438,1184,65,234904,Grand Saline ISD,Van Zandt,B,80,1205,https://txschools.net/district/grand-saline-isd-234904
438,1184,65,095903,Hale Center ISD,Hale,B,80,553,https://txschools.net/district/hale-center-isd-095903
438,1184,65,127903,Hamlin Collegiate ISD,Jones,B,80,383,https://txschools.net/district/hamlin-collegiate-isd-127903
438,1184,65,201902,Henderson ISD,Rusk,B,80,3151,https://txschools.net/district/henderson-isd-201902
438,1184,65,097903,Hico ISD,Hamilton,B,80,614,https://txschools.net/district/hico-isd-097903
438,1184,65,108802,Horizon Montessori Public Schools,Hidalgo,B,80,1034,https://txschools.net/district/horizon-montessori-public-schools-108802
438,1184,65,070907,Italy ISD,Ellis,B,80,599,https://txschools.net/district/italy-isd-070907
438,1184,65,108912,La Joya ISD,Hidalgo,B,80,21606,https://txschools.net/district/la-joya-isd-108912
438,1184,65,108914,La Villa ISD,Hidalgo,B,80,459,https://txschools.net/district/la-villa-isd-108914
438,1184,65,057913,Lancaster ISD,Dallas,B,80,6431,https://txschools.net/district/lancaster-isd-057913
438,1184,65,245901,Lasara ISD,Willacy,B,80,330,https://txschools.net/district/lasara-isd-245901
438,1184,65,015806,Legacy Traditional Schools - Texas,Bexar,B,80,1855,https://txschools.net/district/legacy-traditional-schools-texas-015806
438,1184,65,110902,Levelland ISD,Hockley,B,80,2398,https://txschools.net/district/levelland-isd-110902
438,1184,65,057807,Life School,Dallas,B,80,5560,https://txschools.net/district/life-school-057807
438,1184,65,141902,Lometa ISD,Lampasas,B,80,293,https://txschools.net/district/lometa-isd-141902
438,1184,65,010901,Medina ISD,Bandera,B,80,239,https://txschools.net/district/medina-isd-010901
438,1184,65,057914,Mesquite ISD,Dallas,B,80,36585,https://txschools.net/district/mesquite-isd-057914
438,1184,65,040901,Morton ISD,Cochran,B,80,350,https://txschools.net/district/morton-isd-040901
438,1184,65,139909,Paris ISD,Lamar,B,80,3728,https://txschools.net/district/paris-isd-139909
438,1184,65,015843,Prelude Preparatory Charter School,Bexar,B,80,165,https://txschools.net/district/prelude-preparatory-charter-school-015843
438,1184,65,108910,Progreso ISD,Hidalgo,B,80,1291,https://txschools.net/district/progreso-isd-108910
438,1184,65,188902,River Road ISD,Potter,B,80,1183,https://txschools.net/district/river-road-isd-188902
438,1184,65,092906,Sabine ISD,Gregg,B,80,1567,https://txschools.net/district/sabine-isd-092906
438,1184,65,061908,Sanger ISD,Denton,B,80,2951,https://txschools.net/district/sanger-isd-061908
438,1184,65,178808,Seashore Charter Schools,Nueces,B,80,422,https://txschools.net/district/seashore-charter-schools-178808
438,1184,65,205906,Sinton ISD,San Patricio,B,80,1959,https://txschools.net/district/sinton-isd-205906
438,1184,65,049909,Sivells Bend ISD,Cooke,B,80,56,https://txschools.net/district/sivells-bend-isd-049909
438,1184,65,026903,Snook ISD,Burleson,B,80,585,https://txschools.net/district/snook-isd-026903
438,1184,65,063903,Spur ISD,Dickens,B,80,210,https://txschools.net/district/spur-isd-063903
438,1184,65,229905,Spurger ISD,Tyler,B,80,375,https://txschools.net/district/spurger-isd-229905
438,1184,65,101859,Step Charter School,Harris,B,80,723,https://txschools.net/district/step-charter-school-101859
438,1184,65,246911,Taylor ISD,Williamson,B,80,2882,https://txschools.net/district/taylor-isd-246911
438,1184,65,101868,The Pro-Vision Academy,Harris,B,80,239,https://txschools.net/district/the-pro-vision-academy-101868
438,1184,65,224901,Throckmorton Collegiate ISD,Throckmorton,B,80,145,https://txschools.net/district/throckmorton-collegiate-isd-224901
438,1184,65,091918,Tom Bean ISD,Grayson,B,80,763,https://txschools.net/district/tom-bean-isd-091918
438,1184,65,071908,Tornillo ISD,El Paso,B,80,694,https://txschools.net/district/tornillo-isd-071908
438,1184,65,107907,Trinidad ISD,Henderson,B,80,175,https://txschools.net/district/trinidad-isd-107907
438,1184,65,057803,Uplift Education,Dallas,B,80,23539,https://txschools.net/district/uplift-education-057803
438,1184,65,234906,Van ISD,Van Zandt,B,80,2265,https://txschools.net/district/van-isd-234906
438,1184,65,059902,Walcott ISD,Deaf Smith,B,80,138,https://txschools.net/district/walcott-isd-059902
438,1184,65,237904,Waller ISD,Waller,B,80,10846,https://txschools.net/district/waller-isd-237904
438,1184,65,070912,Waxahachie ISD,Ellis,B,80,11092,https://txschools.net/district/waxahachie-isd-070912
438,1184,65,184903,Weatherford ISD,Parker,B,80,8118,https://txschools.net/district/weatherford-isd-184903
438,1184,65,200904,Winters ISD,Runnels,B,80,499,https://txschools.net/district/winters-isd-200904
504,1184,61,140901,Amherst ISD,Lamb,B,81,102,https://txschools.net/district/amherst-isd-140901
504,1184,61,227901,Austin ISD,Travis,B,81,69000,https://txschools.net/district/austin-isd-227901
504,1184,61,025901,Bangs ISD,Brown,B,81,768,https://txschools.net/district/bangs-isd-025901
504,1184,61,138904,Benjamin ISD,Knox,B,81,96,https://txschools.net/district/benjamin-isd-138904
504,1184,61,016902,Blanco ISD,Blanco,B,81,1106,https://txschools.net/district/blanco-isd-016902
504,1184,61,025904,Blanket ISD,Brown,B,81,151,https://txschools.net/district/blanket-isd-025904
504,1184,61,215901,Breckenridge ISD,Stephens,B,81,1288,https://txschools.net/district/breckenridge-isd-215901
504,1184,61,057903,Carrollton-Farmers Branch ISD,Dallas,B,81,22831,https://txschools.net/district/carrollton-farmers-branch-isd-057903
504,1184,61,101905,Channelview ISD,Harris,B,81,9086,https://txschools.net/district/channelview-isd-101905
504,1184,61,038901,Childress ISD,Childress,B,81,901,https://txschools.net/district/childress-isd-038901
504,1184,61,174901,Chireno ISD,Nacogdoches,B,81,343,https://txschools.net/district/chireno-isd-174901
504,1184,61,243906,City View ISD,Wichita,B,81,1169,https://txschools.net/district/city-view-isd-243906
504,1184,61,018901,Clifton ISD,Bosque,B,81,938,https://txschools.net/district/clifton-isd-018901
504,1184,61,042901,Coleman ISD,Coleman,B,81,740,https://txschools.net/district/coleman-isd-042901
504,1184,61,045902,Columbus ISD,Colorado,B,81,1594,https://txschools.net/district/columbus-isd-045902
504,1184,61,047901,Comanche ISD,Comanche,B,81,1327,https://txschools.net/district/comanche-isd-047901
504,1184,61,101906,Crosby ISD,Harris,B,81,7183,https://txschools.net/district/crosby-isd-101906
504,1184,61,058902,Dawson ISD,Dawson,B,81,145,https://txschools.net/district/dawson-isd-058902
504,1184,61,108902,Donna ISD,Hidalgo,B,81,12436,https://txschools.net/district/donna-isd-108902
504,1184,61,067903,Eastland ISD,Eastland,B,81,939,https://txschools.net/district/eastland-isd-067903
504,1184,61,234903,Edgewood ISD,Van Zandt,B,81,997,https://txschools.net/district/edgewood-isd-234903
504,1184,61,241903,El Campo ISD,Wharton,B,81,3206,https://txschools.net/district/el-campo-isd-241903
504,1184,61,247901,Floresville ISD,Wilson,B,81,3893,https://txschools.net/district/floresville-isd-247901
504,1184,61,114904,Forsan ISD,Howard,B,81,674,https://txschools.net/district/forsan-isd-114904
504,1184,61,111901,Granbury ISD,Hood,B,81,7850,https://txschools.net/district/granbury-isd-111901
504,1184,61,033901,Groom ISD,Carson,B,81,112,https://txschools.net/district/groom-isd-033901
504,1184,61,035902,Hart ISD,Castro,B,81,208,https://txschools.net/district/hart-isd-035902
504,1184,61,127904,Hawley ISD,Jones,B,81,773,https://txschools.net/district/hawley-isd-127904
504,1184,61,105906,Hays CISD,Hays,B,81,24938,https://txschools.net/district/hays-cisd-105906
504,1184,61,039902,Henrietta ISD,Clay,B,81,862,https://txschools.net/district/henrietta-isd-039902
504,1184,61,188903,Highland Park ISD,Potter,B,81,723,https://txschools.net/district/highland-park-isd-188903
504,1184,61,057848,International Leadership of Texas (ILTexas),Dallas,B,81,26257,https://txschools.net/district/international-leadership-of-texas-iltexas-057848
504,1184,61,015822,Jubilee Academies,Bexar,B,81,5019,https://txschools.net/district/jubilee-academies-015822
504,1184,61,128902,Kenedy ISD,Karnes,B,81,733,https://txschools.net/district/kenedy-isd-128902
504,1184,61,220914,Kennedale ISD,Tarrant,B,81,2659,https://txschools.net/district/kennedale-isd-220914
504,1184,61,133903,Kerrville ISD,Kerr,B,81,4402,https://txschools.net/district/kerrville-isd-133903
504,1184,61,074909,Leonard ISD,Fannin,B,81,840,https://txschools.net/district/leonard-isd-074909
504,1184,61,034905,Linden-Kildare CISD,Cass,B,81,585,https://txschools.net/district/linden-kildare-cisd-034905
504,1184,61,205904,Mathis ISD,San Patricio,B,81,1364,https://txschools.net/district/mathis-isd-205904
504,1184,61,165802,Midland Academy Charter School,Midland,B,81,431,https://txschools.net/district/midland-academy-charter-school-165802
504,1184,61,009901,Muleshoe ISD,Bailey,B,81,1309,https://txschools.net/district/muleshoe-isd-009901
504,1184,61,015910,North East ISD,Bexar,B,81,53464,https://txschools.net/district/north-east-isd-015910
504,1184,61,244905,Northside ISD,Wilbarger,B,81,246,https://txschools.net/district/northside-isd-244905
504,1184,61,057827,Nova Academy Southeast,Dallas,B,81,181,https://txschools.net/district/nova-academy-southeast-057827
504,1184,61,187910,Onalaska ISD,Polk,B,81,1206,https://txschools.net/district/onalaska-isd-187910
504,1184,61,227904,Pflugerville ISD,Travis,B,81,25028,https://txschools.net/district/pflugerville-isd-227904
504,1184,61,043911,Princeton ISD,Collin,B,81,11375,https://txschools.net/district/princeton-isd-043911
504,1184,61,250904,Quitman ISD,Wood,B,81,1216,https://txschools.net/district/quitman-isd-250904
504,1184,61,014907,Rogers ISD,Bell,B,81,856,https://txschools.net/district/rogers-isd-014907
504,1184,61,104903,Rule ISD,Haskell,B,81,143,https://txschools.net/district/rule-isd-104903
504,1184,61,084909,Santa Fe ISD,Galveston,B,81,4326,https://txschools.net/district/santa-fe-isd-084909
504,1184,61,094902,Schertz-Cibolo-U City ISD,Guadalupe,B,81,14764,https://txschools.net/district/schertz-cibolo-u-city-isd-094902
504,1184,61,083901,Seagraves ISD,Gaines,B,81,523,https://txschools.net/district/seagraves-isd-083901
504,1184,61,101838,Southwest Public Schools,Harris,B,81,1727,https://txschools.net/district/southwest-public-schools-101838
504,1184,61,014909,Temple ISD,Bell,B,81,8704,https://txschools.net/district/temple-isd-014909
504,1184,61,057804,Texans Can Academies,Dallas,B,81,2880,https://txschools.net/district/texans-can-academies-057804
504,1184,61,221801,Texas College Preparatory Academies,Taylor,B,81,17201,https://txschools.net/district/texas-college-preparatory-academies-221801
504,1184,61,101864,The Lawson Academy,Harris,B,81,317,https://txschools.net/district/the-lawson-academy-101864
504,1184,61,221905,Trent ISD,Taylor,B,81,118,https://txschools.net/district/trent-isd-221905
504,1184,61,178912,Tuloso-Midway ISD,Nueces,B,81,3659,https://txschools.net/district/tuloso-midway-isd-178912
504,1184,61,049903,Valley View ISD,Cooke,B,81,875,https://txschools.net/district/valley-view-isd-049903
504,1184,61,227829,Valor Education,Travis,B,81,4738,https://txschools.net/district/valor-education-227829
566,1184,58,101871,A' Unlimited Potential,Harris,B,82,190,https://txschools.net/district/a-unlimited-potential-101871
566,1184,58,030903,Baird ISD,Callahan,B,82,345,https://txschools.net/district/baird-isd-030903
566,1184,58,200901,Ballinger ISD,Runnels,B,82,781,https://txschools.net/district/ballinger-isd-200901
566,1184,58,114901,Big Spring ISD,Howard,B,82,3107,https://txschools.net/district/big-spring-isd-114901
566,1184,58,116916,Boles ISD,Hunt,B,82,530,https://txschools.net/district/boles-isd-116916
566,1184,58,148901,Booker ISD,Lipscomb,B,82,335,https://txschools.net/district/booker-isd-148901
566,1184,58,103901,Channing ISD,Hartley,B,82,118,https://txschools.net/district/channing-isd-103901
566,1184,58,187904,Corrigan-Camden ISD,Polk,B,82,800,https://txschools.net/district/corrigan-camden-isd-187904
566,1184,58,055901,Culberson County-Allamoore ISD,Culberson,B,82,377,https://txschools.net/district/culberson-county-allamoore-isd-055901
566,1184,58,174902,Cushing ISD,Nacogdoches,B,82,561,https://txschools.net/district/cushing-isd-174902
566,1184,58,175904,Dawson ISD,Navarro,B,82,608,https://txschools.net/district/dawson-isd-175904
566,1184,58,003905,Diboll ISD,Angelina,B,82,1513,https://txschools.net/district/diboll-isd-003905
566,1184,58,133905,Divide ISD,Kerr,B,82,41,https://txschools.net/district/divide-isd-133905
566,1184,58,178905,Driscoll ISD,Nueces,B,82,1030,https://txschools.net/district/driscoll-isd-178905
566,1184,58,025909,Early ISD,Brown,B,82,1087,https://txschools.net/district/early-isd-025909
566,1184,58,071902,El Paso ISD,El Paso,B,82,46113,https://txschools.net/district/el-paso-isd-071902
566,1184,58,001903,Elkhart ISD,Anderson,B,82,1175,https://txschools.net/district/elkhart-isd-001903
566,1184,58,169910,Forestburg ISD,Montague,B,82,172,https://txschools.net/district/forestburg-isd-169910
566,1184,58,079907,Fort Bend ISD,Fort Bend,B,82,77929,https://txschools.net/district/fort-bend-isd-079907
566,1184,58,234909,Fruitvale ISD,Van Zandt,B,82,390,https://txschools.net/district/fruitvale-isd-234909
566,1184,58,166902,Gause ISD,Milam,B,82,149,https://txschools.net/district/gause-isd-166902
566,1184,58,144901,Giddings ISD,Lee,B,82,1798,https://txschools.net/district/giddings-isd-144901
566,1184,58,088902,Goliad ISD,Goliad,B,82,1191,https://txschools.net/district/goliad-isd-088902
566,1184,58,015835,Great Hearts Texas,Bexar,B,82,14038,https://txschools.net/district/great-hearts-texas-015835
566,1184,58,108905,Hidalgo ISD,Hidalgo,B,82,2788,https://txschools.net/district/hidalgo-isd-108905
566,1184,58,019902,Hooks ISD,Bowie,B,82,883,https://txschools.net/district/hooks-isd-019902
566,1184,58,003904,Huntington ISD,Angelina,B,82,1496,https://txschools.net/district/huntington-isd-003904
566,1184,58,108807,IDEA Public Schools,Hidalgo,B,82,79607,https://txschools.net/district/idea-public-schools-108807
566,1184,58,242905,Kelton ISD,Wheeler,B,82,129,https://txschools.net/district/kelton-isd-242905
566,1184,58,061912,Lake Dallas ISD,Denton,B,82,3935,https://txschools.net/district/lake-dallas-isd-061912
566,1184,58,144902,Lexington ISD,Lee,B,82,1014,https://txschools.net/district/lexington-isd-144902
566,1184,58,152901,Lubbock ISD,Lubbock,B,82,23029,https://txschools.net/district/lubbock-isd-152901
566,1184,58,057844,Manara Academy,Dallas,B,82,658,https://txschools.net/district/manara-academy-057844
566,1184,58,163908,Medina Valley ISD,Medina,B,82,10442,https://txschools.net/district/medina-valley-isd-163908
566,1184,58,184904,Millsap ISD,Parker,B,82,1068,https://txschools.net/district/millsap-isd-184904
566,1184,58,108915,Monte Alto ISD,Hidalgo,B,82,764,https://txschools.net/district/monte-alto-isd-108915
566,1184,58,061911,Northwest ISD,Denton,B,82,32722,https://txschools.net/district/northwest-isd-061911
566,1184,58,205905,Odem-Edroy ISD,San Patricio,B,82,892,https://txschools.net/district/odem-edroy-isd-205905
566,1184,58,181905,Orangefield ISD,Orange,B,82,1727,https://txschools.net/district/orangefield-isd-181905
566,1184,58,158905,Palacios ISD,Matagorda,B,82,1266,https://txschools.net/district/palacios-isd-158905
566,1184,58,042905,Panther Creek CISD,Coleman,B,82,139,https://txschools.net/district/panther-creek-cisd-042905
566,1184,58,179901,Perryton ISD,Ochiltree,B,82,1698,https://txschools.net/district/perryton-isd-179901
566,1184,58,031909,Point Isabel ISD,Cameron,B,82,1718,https://txschools.net/district/point-isabel-isd-031909
566,1184,58,139912,Prairiland ISD,Lamar,B,82,1060,https://txschools.net/district/prairiland-isd-139912
566,1184,58,072801,Premier High Schools,Erath,B,82,8825,https://txschools.net/district/premier-high-schools-072801
566,1184,58,014803,Priority Charter Schools,Bell,B,82,529,https://txschools.net/district/priority-charter-schools-014803
566,1184,58,067908,Rising Star ISD,Eastland,B,82,160,https://txschools.net/district/rising-star-isd-067908
566,1184,58,037907,Rusk ISD,Cherokee,B,82,1980,https://txschools.net/district/rusk-isd-037907
566,1184,58,169911,Saint Jo ISD,Montague,B,82,298,https://txschools.net/district/saint-jo-isd-169911
566,1184,58,014908,Salado ISD,Bell,B,82,2582,https://txschools.net/district/salado-isd-014908
566,1184,58,214902,San Isidro ISD,Starr,B,82,151,https://txschools.net/district/san-isidro-isd-214902
566,1184,58,207901,Schleicher ISD,Schleicher,B,82,383,https://txschools.net/district/schleicher-isd-207901
566,1184,58,249908,Slidell ISD,Wise,B,82,515,https://txschools.net/district/slidell-isd-249908
566,1184,58,247906,Stockdale ISD,Wilson,B,82,879,https://txschools.net/district/stockdale-isd-247906
566,1184,58,074912,Trenton ISD,Fannin,B,82,730,https://txschools.net/district/trenton-isd-074912
566,1184,58,057847,Village Tech Schools,Dallas,B,82,1330,https://txschools.net/district/village-tech-schools-057847
566,1184,58,250907,Winnsboro ISD,Wood,B,82,1395,https://txschools.net/district/winnsboro-isd-250907
566,1184,58,062904,Yorktown ISD,Dewitt,B,82,552,https://txschools.net/district/yorktown-isd-062904
566,1184,58,003906,Zavalla ISD,Angelina,B,82,308,https://txschools.net/district/zavalla-isd-003906
625,1184,57,014901,Academy ISD,Bell,B,83,1857,https://txschools.net/district/academy-isd-014901
625,1184,57,101803,Aristoi Classical Academy,Harris,B,83,1713,https://txschools.net/district/aristoi-classical-academy-101803
625,1184,57,178913,Banquete ISD,Nueces,B,83,724,https://txschools.net/district/banquete-isd-178913
625,1184,57,160901,Brady ISD,McCulloch,B,83,857,https://txschools.net/district/brady-isd-160901
625,1184,57,020905,Brazosport ISD,Brazoria,B,83,10843,https://txschools.net/district/brazosport-isd-020905
625,1184,57,121902,Brookeland ISD,Jasper,B,83,391,https://txschools.net/district/brookeland-isd-121902
625,1184,57,107902,Brownsboro ISD,Henderson,B,83,2583,https://txschools.net/district/brownsboro-isd-107902
625,1184,57,025902,Brownwood ISD,Brown,B,83,3293,https://txschools.net/district/brownwood-isd-025902
625,1184,57,126902,Burleson ISD,Johnson,B,83,12560,https://txschools.net/district/burleson-isd-126902
625,1184,57,071801,Burnham Wood Charter School District,El Paso,B,83,1895,https://txschools.net/district/burnham-wood-charter-school-district-071801
625,1184,57,026901,Caldwell ISD,Burleson,B,83,1828,https://txschools.net/district/caldwell-isd-026901
625,1184,57,029901,Calhoun County ISD,Calhoun,B,83,3381,https://txschools.net/district/calhoun-county-isd-029901
625,1184,57,227817,Cedars International Academy,Travis,B,83,543,https://txschools.net/district/cedars-international-academy-227817
625,1184,57,099902,Chillicothe ISD,Hardeman,B,83,172,https://txschools.net/district/chillicothe-isd-099902
625,1184,57,139905,Chisum ISD,Lamar,B,83,1167,https://txschools.net/district/chisum-isd-139905
625,1184,57,067902,Cisco ISD,Eastland,B,83,861,https://txschools.net/district/cisco-isd-067902
625,1184,57,091902,Collinsville ISD,Grayson,B,83,647,https://txschools.net/district/collinsville-isd-091902
625,1184,57,178904,Corpus Christi ISD,Nueces,B,83,31976,https://txschools.net/district/corpus-christi-isd-178904
625,1184,57,053001,Crockett County Consolidated CSD,Crockett,B,83,615,https://txschools.net/district/crockett-county-consolidated-csd-053001
625,1184,57,101908,Deer Park ISD,Harris,B,83,12001,https://txschools.net/district/deer-park-isd-101908
625,1184,57,019901,DeKalb ISD,Bowie,B,83,928,https://txschools.net/district/dekalb-isd-019901
625,1184,57,144903,Dime Box ISD,Lee,B,83,169,https://txschools.net/district/dime-box-isd-144903
625,1184,57,159901,Eagle Pass ISD,Maverick,B,83,13415,https://txschools.net/district/eagle-pass-isd-159901
625,1184,57,070905,Ferris ISD,Ellis,B,83,3031,https://txschools.net/district/ferris-isd-070905
625,1184,57,066903,Freer ISD,Duval,B,83,663,https://txschools.net/district/freer-isd-066903
625,1184,57,120902,Ganado ISD,Jackson,B,83,720,https://txschools.net/district/ganado-isd-120902
625,1184,57,091917,Gunter ISD,Grayson,B,83,1153,https://txschools.net/district/gunter-isd-091917
625,1184,57,047903,Gustine ISD,Comanche,B,83,166,https://txschools.net/district/gustine-isd-047903
625,1184,57,104901,Haskell CISD,Haskell,B,83,545,https://txschools.net/district/haskell-cisd-104901
625,1184,57,101913,Humble ISD,Harris,B,83,47734,https://txschools.net/district/humble-isd-101913
625,1184,57,016901,Johnson City ISD,Blanco,B,83,677,https://txschools.net/district/johnson-city-isd-016901
625,1184,57,128901,Karnes City ISD,Karnes,B,83,928,https://txschools.net/district/karnes-city-isd-128901
625,1184,57,219905,Kress ISD,Swisher,B,83,278,https://txschools.net/district/kress-isd-219905
625,1184,57,075902,La Grange ISD,Fayette,B,83,1839,https://txschools.net/district/la-grange-isd-075902
625,1184,57,061902,Lewisville ISD,Denton,B,83,46328,https://txschools.net/district/lewisville-isd-061902
625,1184,57,111902,Lipan ISD,Hood,B,83,492,https://txschools.net/district/lipan-isd-111902
625,1184,57,022902,Marathon ISD,Brewster,B,83,46,https://txschools.net/district/marathon-isd-022902
625,1184,57,094904,Marion ISD,Guadalupe,B,83,1741,https://txschools.net/district/marion-isd-094904
625,1184,57,161908,Mart ISD,McLennan,B,83,597,https://txschools.net/district/mart-isd-161908
625,1184,57,108908,Mission CISD,Hidalgo,B,83,13186,https://txschools.net/district/mission-cisd-108908
625,1184,57,145906,Normangee ISD,Leon,B,83,655,https://txschools.net/district/normangee-isd-145906
625,1184,57,069902,Nueces Canyon CISD,Edwards,B,83,198,https://txschools.net/district/nueces-canyon-cisd-069902
625,1184,57,048903,Paint Rock ISD,Concho,B,83,330,https://txschools.net/district/paint-rock-isd-048903
625,1184,57,249906,Paradise ISD,Wise,B,83,1372,https://txschools.net/district/paradise-isd-249906
625,1184,57,013903,Pettus ISD,Bee,B,83,378,https://txschools.net/district/pettus-isd-013903
625,1184,57,172905,Pewitt CISD,Morris,B,83,794,https://txschools.net/district/pewitt-cisd-172905
625,1184,57,123908,Port Neches-Groves ISD,Jefferson,B,83,5289,https://txschools.net/district/port-neches-groves-isd-123908
625,1184,57,196903,Refugio ISD,Refugio,B,83,591,https://txschools.net/district/refugio-isd-196903
625,1184,57,057916,Richardson ISD,Dallas,B,83,36142,https://txschools.net/district/richardson-isd-057916
625,1184,57,152908,Roosevelt ISD,Lubbock,B,83,1115,https://txschools.net/district/roosevelt-isd-152908
625,1184,57,073905,Rosebud-Lott ISD,Falls,B,83,763,https://txschools.net/district/rosebud-lott-isd-073905
625,1184,57,015917,Southside ISD,Bexar,B,83,6091,https://txschools.net/district/southside-isd-015917
625,1184,57,226801,Texas Leadership Public Schools,Tom Green,B,83,4070,https://txschools.net/district/texas-leadership-public-schools-226801
625,1184,57,101861,The Rhodes School for Performing Arts,Harris,B,83,405,https://txschools.net/district/the-rhodes-school-for-performing-arts-101861
625,1184,57,014910,Troy ISD,Bell,B,83,1723,https://txschools.net/district/troy-isd-014910
625,1184,57,212905,Tyler ISD,Smith,B,83,18800,https://txschools.net/district/tyler-isd-212905
625,1184,57,062905,Westhoff ISD,Dewitt,B,83,100,https://txschools.net/district/westhoff-isd-062905
625,1184,57,116909,Wolfe City ISD,Hunt,B,83,694,https://txschools.net/district/wolfe-city-isd-116909
683,1184,40,101815,Alief Montessori Community School,Harris,B,84,416,https://txschools.net/district/alief-montessori-community-school-101815
683,1184,40,249901,Alvord ISD,Wise,B,84,875,https://txschools.net/district/alvord-isd-249901
683,1184,40,020902,Angleton ISD,Brazoria,B,84,7241,https://txschools.net/district/angleton-isd-020902
683,1184,40,101870,Beta Academy,Harris,B,84,1674,https://txschools.net/district/beta-academy-101870
683,1184,40,178903,Calallen ISD,Nueces,B,84,3677,https://txschools.net/district/calallen-isd-178903
683,1184,40,225906,Chapel Hill ISD,Titus,B,84,943,https://txschools.net/district/chapel-hill-isd-225906
683,1184,40,147901,Coolidge ISD,Limestone,B,84,311,https://txschools.net/district/coolidge-isd-147901
683,1184,40,048901,Eden CISD,Concho,B,84,217,https://txschools.net/district/eden-cisd-048901
683,1184,40,072802,Erath Excels Academy Inc,Erath,B,84,111,https://txschools.net/district/erath-excels-academy-inc-072802
683,1184,40,030906,Eula ISD,Callahan,B,84,486,https://txschools.net/district/eula-isd-030906
683,1184,40,043904,Farmersville ISD,Collin,B,84,2523,https://txschools.net/district/farmersville-isd-043904
683,1184,40,126904,Grandview ISD,Johnson,B,84,1417,https://txschools.net/district/grandview-isd-126904
683,1184,40,102905,Harleton ISD,Harrison,B,84,702,https://txschools.net/district/harleton-isd-102905
683,1184,40,230905,Harmony ISD,Upshur,B,84,855,https://txschools.net/district/harmony-isd-230905
683,1184,40,220907,Keller ISD,Tarrant,B,84,30440,https://txschools.net/district/keller-isd-220907
683,1184,40,227820,KIPP Texas Public Schools,Travis,B,84,31596,https://txschools.net/district/kipp-texas-public-schools-227820
683,1184,40,247903,La Vernia ISD,Wilson,B,84,3505,https://txschools.net/district/la-vernia-isd-247903
683,1184,40,141901,Lampasas ISD,Lampasas,B,84,3625,https://txschools.net/district/lampasas-isd-141901
683,1184,40,100907,Lumberton ISD,Hardin,B,84,4039,https://txschools.net/district/lumberton-isd-100907
683,1184,40,245902,Lyford CISD,Willacy,B,84,1366,https://txschools.net/district/lyford-cisd-245902
683,1184,40,250903,Mineola ISD,Wood,B,84,1790,https://txschools.net/district/mineola-isd-250903
683,1184,40,143902,Moulton ISD,Lavaca,B,84,258,https://txschools.net/district/moulton-isd-143902
683,1184,40,094903,Navarro ISD,Guadalupe,B,84,3039,https://txschools.net/district/navarro-isd-094903
683,1184,40,046901,New Braunfels ISD,Comal,B,84,9710,https://txschools.net/district/new-braunfels-isd-046901
683,1184,40,062902,Nordheim ISD,Dewitt,B,84,111,https://txschools.net/district/nordheim-isd-062902
683,1184,40,140905,Olton ISD,Lamb,B,84,592,https://txschools.net/district/olton-isd-140905
683,1184,40,051901,Paducah ISD,Cottle,B,84,137,https://txschools.net/district/paducah-isd-051901
683,1184,40,101917,Pasadena ISD,Harris,B,84,44046,https://txschools.net/district/pasadena-isd-101917
683,1184,40,003801,Pineywoods Community Academy,Angelina,B,84,1060,https://txschools.net/district/pineywoods-community-academy-003801
683,1184,40,061906,Ponder ISD,Denton,B,84,1737,https://txschools.net/district/ponder-isd-061906
683,1184,40,015801,Por Vida Academy,Bexar,B,84,167,https://txschools.net/district/por-vida-academy-015801
683,1184,40,194903,Rivercrest ISD,Red River,B,84,665,https://txschools.net/district/rivercrest-isd-194903
683,1184,40,013905,Skidmore-Tynan ISD,Bee,B,84,769,https://txschools.net/district/skidmore-tynan-isd-013905
683,1184,40,015830,Somerset Academies of Texas,Bexar,B,84,2682,https://txschools.net/district/somerset-academies-of-texas-015830
683,1184,40,156902,Stanton ISD,Martin,B,84,1069,https://txschools.net/district/stanton-isd-156902
683,1184,40,166905,Thorndale ISD,Milam,B,84,662,https://txschools.net/district/thorndale-isd-166905
683,1184,40,227806,University of Texas University Charter School,Travis,B,84,695,https://txschools.net/district/university-of-texas-university-charter-school-227806
683,1184,40,089905,Waelder ISD,Gonzales,B,84,588,https://txschools.net/district/waelder-isd-089905
683,1184,40,037909,Wells ISD,Cherokee,B,84,235,https://txschools.net/district/wells-isd-037909
683,1184,40,174906,Woden ISD,Nacogdoches,B,84,824,https://txschools.net/district/woden-isd-174906
683,1184,40,062903,Yoakum ISD,Dewitt,B,84,1409,https://txschools.net/district/yoakum-isd-062903
724,1184,61,250906,Alba-Golden ISD,Wood,B,85,772,https://txschools.net/district/alba-golden-isd-250906
724,1184,61,188901,Amarillo ISD,Potter,B,85,28172,https://txschools.net/district/amarillo-isd-188901
724,1184,61,220802,Arlington Classics Academy,Tarrant,B,85,1552,https://txschools.net/district/arlington-classics-academy-220802
724,1184,61,145901,Buffalo ISD,Leon,B,85,971,https://txschools.net/district/buffalo-isd-145901
724,1184,61,043903,Celina ISD,Collin,B,85,6337,https://txschools.net/district/celina-isd-043903
724,1184,61,170902,Conroe ISD,Montgomery,B,85,72218,https://txschools.net/district/conroe-isd-170902
724,1184,61,050910,Copperas Cove ISD,Coryell,B,85,7619,https://txschools.net/district/copperas-cove-isd-050910
724,1184,61,107904,Cross Roads ISD,Henderson,B,85,541,https://txschools.net/district/cross-roads-isd-107904
724,1184,61,057905,Dallas ISD,Dallas,B,85,134302,https://txschools.net/district/dallas-isd-057905
724,1184,61,086024,Doss Consolidated CSD,Gillespie,B,85,18,https://txschools.net/district/doss-consolidated-csd-086024
724,1184,61,171901,Dumas ISD,Moore,B,85,4232,https://txschools.net/district/dumas-isd-171901
724,1184,61,241902,East Bernard ISD,Wharton,B,85,987,https://txschools.net/district/east-bernard-isd-241902
724,1184,61,036903,East Chambers ISD,Chambers,B,85,1563,https://txschools.net/district/east-chambers-isd-036903
724,1184,61,108904,Edinburg CISD,Hidalgo,B,85,32466,https://txschools.net/district/edinburg-cisd-108904
724,1184,61,120901,Edna ISD,Jackson,B,85,1538,https://txschools.net/district/edna-isd-120901
724,1184,61,107905,Eustace ISD,Henderson,B,85,1685,https://txschools.net/district/eustace-isd-107905
724,1184,61,246902,Florence ISD,Williamson,B,85,1125,https://txschools.net/district/florence-isd-246902
724,1184,61,015802,George Gervin Academy,Bexar,B,85,744,https://txschools.net/district/george-gervin-academy-015802
724,1184,61,123914,Hamshire-Fannett ISD,Jefferson,B,85,1947,https://txschools.net/district/hamshire-fannett-isd-123914
724,1184,61,084903,High Island ISD,Galveston,B,85,122,https://txschools.net/district/high-island-isd-084903
724,1184,61,101912,Houston ISD,Harris,B,85,167793,https://txschools.net/district/houston-isd-101912
724,1184,61,003902,Hudson ISD,Angelina,B,85,2755,https://txschools.net/district/hudson-isd-003902
724,1184,61,034903,Hughes Springs ISD,Cass,B,85,1044,https://txschools.net/district/hughes-springs-isd-034903
724,1184,61,205903,Ingleside ISD,San Patricio,B,85,1983,https://txschools.net/district/ingleside-isd-205903
724,1184,61,119902,Jacksboro ISD,Jack,B,85,1032,https://txschools.net/district/jacksboro-isd-119902
724,1184,61,131001,Kenedy County Wide CSD,Kenedy,B,85,123,https://txschools.net/district/kenedy-county-wide-csd-131001
724,1184,61,175907,Kerens ISD,Navarro,B,85,692,https://txschools.net/district/kerens-isd-175907
724,1184,61,071807,La Fe Preparatory School,El Paso,B,85,185,https://txschools.net/district/la-fe-preparatory-school-071807
724,1184,61,061804,Leadership Prep School,Denton,B,85,1894,https://txschools.net/district/leadership-prep-school-061804
724,1184,61,057846,Legacy Preparatory,Dallas,B,85,914,https://txschools.net/district/legacy-preparatory-057846
724,1184,61,145911,Leon ISD,Leon,B,85,790,https://txschools.net/district/leon-isd-145911
724,1184,61,246908,Liberty Hill ISD,Williamson,B,85,10446,https://txschools.net/district/liberty-hill-isd-246908
724,1184,61,150901,Llano ISD,Llano,B,85,2009,https://txschools.net/district/llano-isd-150901
724,1184,61,116906,Lone Oak ISD,Hunt,B,85,1090,https://txschools.net/district/lone-oak-isd-116906
724,1184,61,113903,Lovelady ISD,Houston,B,85,526,https://txschools.net/district/lovelady-isd-113903
724,1184,61,223902,Meadow ISD,Terry,B,85,199,https://txschools.net/district/meadow-isd-223902
724,1184,61,096904,Memphis ISD,Hall,B,85,331,https://txschools.net/district/memphis-isd-096904
724,1184,61,164901,Menard ISD,Menard,B,85,249,https://txschools.net/district/menard-isd-164901
724,1184,61,062906,Meyersville ISD,Dewitt,B,85,167,https://txschools.net/district/meyersville-isd-062906
724,1184,61,039905,Midway ISD,Clay,B,85,128,https://txschools.net/district/midway-isd-039905
724,1184,61,200906,Olfen ISD,Runnels,B,85,137,https://txschools.net/district/olfen-isd-200906
724,1184,61,184908,Peaster ISD,Parker,B,85,1715,https://txschools.net/district/peaster-isd-184908
724,1184,61,043910,Plano ISD,Collin,B,85,43805,https://txschools.net/district/plano-isd-043910
724,1184,61,015814,Positive Solutions Charter School,Bexar,B,85,91,https://txschools.net/district/positive-solutions-charter-school-015814
724,1184,61,041902,Robert Lee ISD,Coke,B,85,253,https://txschools.net/district/robert-lee-isd-041902
724,1184,61,236802,Sam Houston State University Charter School,Walker,B,85,343,https://txschools.net/district/sam-houston-state-university-charter-school-236802
724,1184,61,245904,San Perlita ISD,Willacy,B,85,174,https://txschools.net/district/san-perlita-isd-245904
724,1184,61,001909,Slocum ISD,Anderson,B,85,330,https://txschools.net/district/slocum-isd-001909
724,1184,61,085903,Southland ISD,Garza,B,85,145,https://txschools.net/district/southland-isd-085903
724,1184,61,101920,Spring Branch ISD,Harris,B,85,31584,https://txschools.net/district/spring-branch-isd-101920
724,1184,61,079910,Stafford MSD,Fort Bend,B,85,3529,https://txschools.net/district/stafford-msd-079910
724,1184,61,127906,Stamford ISD,Jones,B,85,546,https://txschools.net/district/stamford-isd-127906
724,1184,61,171902,Sunray Collegiate ISD,Moore,B,85,548,https://txschools.net/district/sunray-collegiate-isd-171902
724,1184,61,201910,Tatum ISD,Rusk,B,85,1327,https://txschools.net/district/tatum-isd-201910
724,1184,61,152504,Texas Tech University K-12,Lubbock,B,85,829,https://txschools.net/district/texas-tech-university-k-12-152504
724,1184,61,170802,Thrive Center for Success,Montgomery,B,85,177,https://txschools.net/district/thrive-center-for-success-170802
724,1184,61,210905,Timpson ISD,Shelby,B,85,718,https://txschools.net/district/timpson-isd-210905
724,1184,61,071803,Triumph Public High Schools-West Texas,El Paso,B,85,348,https://txschools.net/district/triumph-public-high-schools-west-texas-071803
724,1184,61,071809,Vista Del Futuro Charter School,El Paso,B,85,346,https://txschools.net/district/vista-del-futuro-charter-school-071809
724,1184,61,057828,Winfree Academy Charter Schools,Dallas,B,85,1051,https://txschools.net/district/winfree-academy-charter-schools-057828
724,1184,61,248902,Wink-Loving ISD,Winkler,B,85,434,https://txschools.net/district/wink-loving-isd-248902
724,1184,61,025906,Zephyr ISD,Brown,B,85,217,https://txschools.net/district/zephyr-isd-025906
786,1184,49,178901,Agua Dulce ISD,Nueces,B,86,387,https://txschools.net/district/agua-dulce-isd-178901
786,1184,49,125901,Alice ISD,Jim Wells,B,86,4198,https://txschools.net/district/alice-isd-125901
786,1184,49,020901,Alvin ISD,Brazoria,B,86,29994,https://txschools.net/district/alvin-isd-020901
786,1184,49,071906,Anthony ISD,El Paso,B,86,681,https://txschools.net/district/anthony-isd-071906
786,1184,49,161918,Axtell ISD,McLennan,B,86,842,https://txschools.net/district/axtell-isd-161918
786,1184,49,101853,Bakerripley Community Schools,Harris,B,86,1908,https://txschools.net/district/bakerripley-community-schools-101853
786,1184,49,195902,Balmorhea ISD,Reeves,B,86,149,https://txschools.net/district/balmorhea-isd-195902
786,1184,49,125902,Ben Bolt-Palito Blanco ISD,Jim Wells,B,86,420,https://txschools.net/district/ben-bolt-palito-blanco-isd-125902
786,1184,49,109902,Bynum ISD,Hill,B,86,174,https://txschools.net/district/bynum-isd-109902
786,1184,49,234902,Canton ISD,Van Zandt,B,86,2249,https://txschools.net/district/canton-isd-234902
786,1184,49,071901,Clint ISD,El Paso,B,86,9829,https://txschools.net/district/clint-isd-071901
786,1184,49,030902,Clyde CISD,Callahan,B,86,1421,https://txschools.net/district/clyde-cisd-030902
786,1184,49,021901,College Station ISD,Brazos,B,86,13892,https://txschools.net/district/college-station-isd-021901
786,1184,49,112908,Como-Pickton CISD,Hopkins,B,86,751,https://txschools.net/district/como-pickton-cisd-112908
786,1184,49,030901,Cross Plains ISD,Callahan,B,86,357,https://txschools.net/district/cross-plains-isd-030901
786,1184,49,101907,Cypress-Fairbanks ISD,Harris,B,86,114430,https://txschools.net/district/cypress-fairbanks-isd-101907
786,1184,49,077901,Floydada Collegiate ISD,Floyd,B,86,644,https://txschools.net/district/floydada-collegiate-isd-077901
786,1184,49,220809,Fort Worth Academy of Fine Arts,Tarrant,B,86,668,https://txschools.net/district/fort-worth-academy-of-fine-arts-220809
786,1184,49,057909,Garland ISD,Dallas,B,86,49060,https://txschools.net/district/garland-isd-057909
786,1184,49,187903,Goodrich ISD,Polk,B,86,270,https://txschools.net/district/goodrich-isd-187903
786,1184,49,205902,Gregory-Portland ISD,San Patricio,B,86,5116,https://txschools.net/district/gregory-portland-isd-205902
786,1184,49,227816,Harmony Public Schools - Central Texas,Travis,B,86,5679,https://txschools.net/district/harmony-public-schools-central-texas-227816
786,1184,49,208901,Hermleigh ISD,Scurry,B,86,265,https://txschools.net/district/hermleigh-isd-208901
786,1184,49,126905,Joshua ISD,Johnson,B,86,5998,https://txschools.net/district/joshua-isd-126905
786,1184,49,129903,Kaufman ISD,Kaufman,B,86,4208,https://txschools.net/district/kaufman-isd-129903
786,1184,49,126906,Keene ISD,Johnson,B,86,1131,https://txschools.net/district/keene-isd-126906
786,1184,49,101916,La Porte ISD,Harris,B,86,6900,https://txschools.net/district/la-porte-isd-101916
786,1184,49,049907,Lindsay ISD,Cooke,B,86,504,https://txschools.net/district/lindsay-isd-049907
786,1184,49,160905,Lohn ISD,McCulloch,B,86,109,https://txschools.net/district/lohn-isd-160905
786,1184,49,234905,Martins Mill ISD,Van Zandt,B,86,447,https://txschools.net/district/martins-mill-isd-234905
786,1184,49,175910,Mildred ISD,Navarro,B,86,801,https://txschools.net/district/mildred-isd-175910
786,1184,49,112907,Miller Grove ISD,Hopkins,B,86,314,https://txschools.net/district/miller-grove-isd-112907
786,1184,49,080901,Mount Vernon ISD,Franklin,B,86,1514,https://txschools.net/district/mount-vernon-isd-080901
786,1184,49,236901,New Waverly ISD,Walker,B,86,1064,https://txschools.net/district/new-waverly-isd-236901
786,1184,49,169902,Nocona ISD,Montague,B,86,764,https://txschools.net/district/nocona-isd-169902
786,1184,49,112906,North Hopkins ISD,Hopkins,B,86,517,https://txschools.net/district/north-hopkins-isd-112906
786,1184,49,125903,Orange Grove ISD,Jim Wells,B,86,1585,https://txschools.net/district/orange-grove-isd-125903
786,1184,49,178908,Port Aransas ISD,Nueces,B,86,577,https://txschools.net/district/port-aransas-isd-178908
786,1184,49,019906,Redwater ISD,Bowie,B,86,1092,https://txschools.net/district/redwater-isd-019906
786,1184,49,214901,Rio Grande City Grulla ISD,Starr,B,86,9157,https://txschools.net/district/rio-grande-city-grulla-isd-214901
786,1184,49,123913,Sabine Pass ISD,Jefferson,B,86,373,https://txschools.net/district/sabine-pass-isd-123913
786,1184,49,022903,San Vicente ISD,Brewster,B,86,14,https://txschools.net/district/san-vicente-isd-022903
786,1184,49,031913,Santa Maria ISD,Cameron,B,86,502,https://txschools.net/district/santa-maria-isd-031913
786,1184,49,129910,Scurry-Rosser ISD,Kaufman,B,86,1052,https://txschools.net/district/scurry-rosser-isd-129910
786,1184,49,210903,Shelbyville ISD,Shelby,B,86,862,https://txschools.net/district/shelbyville-isd-210903
786,1184,49,019909,Simms ISD,Bowie,B,86,462,https://txschools.net/district/simms-isd-019909
786,1184,49,230908,Union Grove ISD,Upshur,B,86,710,https://txschools.net/district/union-grove-isd-230908
786,1184,49,122902,Valentine ISD,Jeff Davis,B,86,28,https://txschools.net/district/valentine-isd-122902
786,1184,49,033904,White Deer ISD,Carson,B,86,302,https://txschools.net/district/white-deer-isd-033904
786,1184,49,253901,Zapata County ISD,Zapata,B,86,3199,https://txschools.net/district/zapata-county-isd-253901
836,1184,53,034901,Atlanta ISD,Cass,B,87,1918,https://txschools.net/district/atlanta-isd-034901
836,1184,53,034902,Avinger ISD,Cass,B,87,103,https://txschools.net/district/avinger-isd-034902
836,1184,53,116915,Bland ISD,Hunt,B,87,777,https://txschools.net/district/bland-isd-116915
836,1184,53,072904,Bluff Dale ISD,Erath,B,87,226,https://txschools.net/district/bluff-dale-isd-072904
836,1184,53,031901,Brownsville ISD,Cameron,B,87,34296,https://txschools.net/district/brownsville-isd-031901
836,1184,53,116901,Caddo Mills ISD,Hunt,B,87,3325,https://txschools.net/district/caddo-mills-isd-116901
836,1184,53,191901,Canyon ISD,Randall,B,87,11527,https://txschools.net/district/canyon-isd-191901
836,1184,53,226901,Christoval ISD,Tom Green,B,87,628,https://txschools.net/district/christoval-isd-226901
836,1184,53,242906,Fort Elliott CISD,Wheeler,B,87,133,https://txschools.net/district/fort-elliott-cisd-242906
836,1184,53,230902,Gilmer ISD,Upshur,B,87,2923,https://txschools.net/district/gilmer-isd-230902
836,1184,53,100905,Hardin-Jefferson ISD,Hardin,B,87,2828,https://txschools.net/district/hardin-jefferson-isd-100905
836,1184,53,031903,Harlingen CISD,Cameron,B,87,16187,https://txschools.net/district/harlingen-cisd-031903
836,1184,53,101858,Harmony Public Schools - Houston North,Harris,B,87,8807,https://txschools.net/district/harmony-public-schools-houston-north-101858
836,1184,53,074907,Honey Grove ISD,Fannin,B,87,674,https://txschools.net/district/honey-grove-isd-074907
836,1184,53,101828,Houston Gateway Academy Inc,Harris,B,87,2364,https://txschools.net/district/houston-gateway-academy-inc-101828
836,1184,53,220916,Hurst-Euless-Bedford ISD,Tarrant,B,87,23159,https://txschools.net/district/hurst-euless-bedford-isd-220916
836,1184,53,243903,Iowa Park CISD,Wichita,B,87,1974,https://txschools.net/district/iowa-park-cisd-243903
836,1184,53,015913,Lackland ISD,Bexar,B,87,966,https://txschools.net/district/lackland-isd-015913
836,1184,53,079901,Lamar CISD,Fort Bend,B,87,48645,https://txschools.net/district/lamar-cisd-079901
836,1184,53,246913,Leander ISD,Williamson,B,87,41854,https://txschools.net/district/leander-isd-246913
836,1184,53,152906,Lubbock-Cooper ISD,Lubbock,B,87,8094,https://txschools.net/district/lubbock-cooper-isd-152906
836,1184,53,129905,Mabank ISD,Kaufman,B,87,4098,https://txschools.net/district/mabank-isd-129905
836,1184,53,170906,Magnolia ISD,Montgomery,B,87,15329,https://txschools.net/district/magnolia-isd-170906
836,1184,53,107906,Malakoff ISD,Henderson,B,87,1522,https://txschools.net/district/malakoff-isd-107906
836,1184,53,220908,Mansfield ISD,Tarrant,B,87,34654,https://txschools.net/district/mansfield-isd-220908
836,1184,53,043907,McKinney ISD,Collin,B,87,23667,https://txschools.net/district/mckinney-isd-043907
836,1184,53,090903,McLean ISD,Gray,B,87,177,https://txschools.net/district/mclean-isd-090903
836,1184,53,182903,Mineral Wells ISD,Palo Pinto,B,87,3244,https://txschools.net/district/mineral-wells-isd-182903
836,1184,53,001906,Neches ISD,Anderson,B,87,338,https://txschools.net/district/neches-isd-001906
836,1184,53,019905,New Boston ISD,Bowie,B,87,1060,https://txschools.net/district/new-boston-isd-019905
836,1184,53,152902,New Deal ISD,Lubbock,B,87,697,https://txschools.net/district/new-deal-isd-152902
836,1184,53,230906,New Diana ISD,Upshur,B,87,1150,https://txschools.net/district/new-diana-isd-230906
836,1184,53,037908,New Summerfield ISD,Cherokee,B,87,512,https://txschools.net/district/new-summerfield-isd-037908
836,1184,53,050904,Oglesby ISD,Coryell,B,87,257,https://txschools.net/district/oglesby-isd-050904
836,1184,53,252903,Olney ISD,Young,B,87,701,https://txschools.net/district/olney-isd-252903
836,1184,53,070910,Palmer ISD,Ellis,B,87,1382,https://txschools.net/district/palmer-isd-070910
836,1184,53,092904,Pine Tree ISD,Gregg,B,87,4435,https://txschools.net/district/pine-tree-isd-092904
836,1184,53,099903,Quanah ISD,Hardeman,B,87,396,https://txschools.net/district/quanah-isd-099903
836,1184,53,101806,Raul Yzaguirre Schools for Success,Harris,B,87,2180,https://txschools.net/district/raul-yzaguirre-schools-for-success-101806
836,1184,53,175911,Rice ISD,Navarro,B,87,1094,https://txschools.net/district/rice-isd-175911
836,1184,53,069901,Rocksprings ISD,Edwards,B,87,201,https://txschools.net/district/rocksprings-isd-069901
836,1184,53,031914,Santa Rosa ISD,Cameron,B,87,811,https://txschools.net/district/santa-rosa-isd-031914
836,1184,53,071909,Socorro ISD,El Paso,B,87,45850,https://txschools.net/district/socorro-isd-071909
836,1184,53,098904,Spearman ISD,Hansford,B,87,652,https://txschools.net/district/spearman-isd-098904
836,1184,53,057836,St Anthony School,Dallas,B,87,321,https://txschools.net/district/st-anthony-school-057836
836,1184,53,182905,Strawn ISD,Palo Pinto,B,87,172,https://txschools.net/district/strawn-isd-182905
836,1184,53,140908,Sudan ISD,Lamb,B,87,445,https://txschools.net/district/sudan-isd-140908
836,1184,53,112910,Sulphur Bluff ISD,Hopkins,B,87,195,https://txschools.net/district/sulphur-bluff-isd-112910
836,1184,53,153904,Tahoka ISD,Lynn,B,87,556,https://txschools.net/district/tahoka-isd-153904
836,1184,53,081904,Teague ISD,Freestone,B,87,1166,https://txschools.net/district/teague-isd-081904
836,1184,53,222901,Terrell County ISD,Terrell,B,87,108,https://txschools.net/district/terrell-county-isd-222901
836,1184,53,091908,Van Alstyne ISD,Grayson,B,87,2856,https://txschools.net/district/van-alstyne-isd-091908
836,1184,53,108913,Weslaco ISD,Hidalgo,B,87,16012,https://txschools.net/district/weslaco-isd-108913
836,1184,53,105905,Wimberley ISD,Hays,B,87,2633,https://txschools.net/district/wimberley-isd-105905
890,1184,47,015901,Alamo Heights ISD,Bexar,B,88,4723,https://txschools.net/district/alamo-heights-isd-015901
890,1184,47,183901,Beckville ISD,Panola,B,88,652,https://txschools.net/district/beckville-isd-183901
890,1184,47,034909,Bloomburg ISD,Cass,B,88,202,https://txschools.net/district/bloomburg-isd-034909
890,1184,47,008903,Brazos ISD,Austin,B,88,824,https://txschools.net/district/brazos-isd-008903
890,1184,47,201913,Carlisle ISD,Rusk,B,88,656,https://txschools.net/district/carlisle-isd-201913
890,1184,47,220917,Castleberry ISD,Tarrant,B,88,3755,https://txschools.net/district/castleberry-isd-220917
890,1184,47,116902,Celeste ISD,Hunt,B,88,471,https://txschools.net/district/celeste-isd-116902
890,1184,47,161920,China Spring ISD,McLennan,B,88,2980,https://txschools.net/district/china-spring-isd-161920
890,1184,47,046902,Comal ISD,Comal,B,88,30341,https://txschools.net/district/comal-isd-046902
890,1184,47,018908,Cranfills Gap ISD,Bosque,B,88,116,https://txschools.net/district/cranfills-gap-isd-018908
890,1184,47,161901,Crawford ISD,McLennan,B,88,585,https://txschools.net/district/crawford-isd-161901
890,1184,47,078901,Crowell ISD,Foard,B,88,172,https://txschools.net/district/crowell-isd-078901
890,1184,47,020910,Damon ISD,Brazoria,B,88,87,https://txschools.net/district/damon-isd-020910
890,1184,47,084901,Dickinson ISD,Galveston,B,88,12569,https://txschools.net/district/dickinson-isd-084901
890,1184,47,178914,Flour Bluff ISD,Nueces,B,88,5375,https://txschools.net/district/flour-bluff-isd-178914
890,1184,47,001904,Frankston ISD,Anderson,B,88,785,https://txschools.net/district/frankston-isd-001904
890,1184,47,101910,Galena Park ISD,Harris,B,88,20108,https://txschools.net/district/galena-park-isd-101910
890,1184,47,213901,Glen Rose ISD,Somervell,B,88,2091,https://txschools.net/district/glen-rose-isd-213901
890,1184,47,161807,Harmony Public Schools - North Texas,McLennan,B,88,11297,https://txschools.net/district/harmony-public-schools-north-texas-161807
890,1184,47,015828,Harmony Public Schools - South Texas,Bexar,B,88,4991,https://txschools.net/district/harmony-public-schools-south-texas-015828
890,1184,47,071806,Harmony Public Schools - West Texas,El Paso,B,88,6738,https://txschools.net/district/harmony-public-schools-west-texas-071806
890,1184,47,086902,Harper ISD,Gillespie,B,88,566,https://txschools.net/district/harper-isd-086902
890,1184,47,244901,Harrold ISD,Wilbarger,B,88,159,https://txschools.net/district/harrold-isd-244901
890,1184,47,101914,Katy ISD,Harris,B,88,95136,https://txschools.net/district/katy-isd-101914
890,1184,47,101915,Klein ISD,Harris,B,88,51154,https://txschools.net/district/klein-isd-101915
890,1184,47,140904,Littlefield ISD,Lamb,B,88,1185,https://txschools.net/district/littlefield-isd-140904
890,1184,47,092903,Longview ISD,Gregg,B,88,7906,https://txschools.net/district/longview-isd-092903
890,1184,47,174909,Martinsville ISD,Nacogdoches,B,88,315,https://txschools.net/district/martinsville-isd-174909
890,1184,47,170903,Montgomery ISD,Montgomery,B,88,9699,https://txschools.net/district/montgomery-isd-170903
890,1184,47,161910,Moody ISD,McLennan,B,88,761,https://txschools.net/district/moody-isd-161910
890,1184,47,225902,Mount Pleasant ISD,Titus,B,88,5019,https://txschools.net/district/mount-pleasant-isd-225902
890,1184,47,138903,Munday CISD,Knox,B,88,375,https://txschools.net/district/munday-cisd-138903
890,1184,47,015805,New Frontiers Public Schools Inc,Bexar,B,88,335,https://txschools.net/district/new-frontiers-public-schools-inc-015805
890,1184,47,153903,O'Donnell ISD,Lynn,B,88,235,https://txschools.net/district/o-donnell-isd-153903
890,1184,47,169909,Prairie Valley ISD,Montague,B,88,138,https://txschools.net/district/prairie-valley-isd-169909
890,1184,47,074917,Sam Rayburn ISD,Fannin,B,88,477,https://txschools.net/district/sam-rayburn-isd-074917
890,1184,47,066902,San Diego ISD,Duval,B,88,1416,https://txschools.net/district/san-diego-isd-066902
890,1184,47,012901,Seymour ISD,Baylor,B,88,598,https://txschools.net/district/seymour-isd-012901
890,1184,47,108911,Sharyland ISD,Hidalgo,B,88,9653,https://txschools.net/district/sharyland-isd-108911
890,1184,47,015909,Somerset ISD,Bexar,B,88,4169,https://txschools.net/district/somerset-isd-015909
890,1184,47,211902,Stratford ISD,Sherman,B,88,487,https://txschools.net/district/stratford-isd-211902
890,1184,47,240801,Triumph Public High Schools Central Texas,Webb,B,88,362,https://txschools.net/district/triumph-public-high-schools-central-texas-240801
890,1184,47,242903,Wheeler ISD,Wheeler,B,88,341,https://txschools.net/district/wheeler-isd-242903
890,1184,47,092908,White Oak ISD,Gregg,B,88,1429,https://txschools.net/district/white-oak-isd-092908
890,1184,47,040902,Whiteface CISD,Cochran,B,88,294,https://txschools.net/district/whiteface-cisd-040902
890,1184,47,091910,Whitewright ISD,Grayson,B,88,791,https://txschools.net/district/whitewright-isd-091910
890,1184,47,221912,Wylie ISD,Taylor,B,88,5617,https://txschools.net/district/wylie-isd-221912
890,1184,47,071905,Ysleta ISD,El Paso,B,88,32593,https://txschools.net/district/ysleta-isd-071905
938,1184,50,095901,Abernathy ISD,Hale,B,89,775,https://txschools.net/district/abernathy-isd-095901
938,1184,50,209901,Albany ISD,Shackelford,B,89,449,https://txschools.net/district/albany-isd-209901
938,1184,50,109912,Aquilla ISD,Hill,B,89,322,https://txschools.net/district/aquilla-isd-109912
938,1184,50,119901,Bryson ISD,Jack,B,89,262,https://txschools.net/district/bryson-isd-119901
938,1184,50,212902,Bullard ISD,Smith,B,89,2853,https://txschools.net/district/bullard-isd-212902
938,1184,50,188904,Bushland ISD,Potter,B,89,1424,https://txschools.net/district/bushland-isd-188904
938,1184,50,001902,Cayuga ISD,Anderson,B,89,574,https://txschools.net/district/cayuga-isd-001902
938,1184,50,206903,Cherokee ISD,San Saba,B,89,127,https://txschools.net/district/cherokee-isd-206903
938,1184,50,229906,Chester ISD,Tyler,B,89,186,https://txschools.net/district/chester-isd-229906
938,1184,50,084910,Clear Creek ISD,Galveston,B,89,38634,https://txschools.net/district/clear-creek-isd-084910
938,1184,50,020904,Danbury ISD,Brazoria,B,89,645,https://txschools.net/district/danbury-isd-020904
938,1184,50,105904,Dripping Springs ISD,Hays,B,89,8793,https://txschools.net/district/dripping-springs-isd-105904
938,1184,50,015836,Eleanor Kolitz Hebrew Language Academy,Bexar,B,89,464,https://txschools.net/district/eleanor-kolitz-hebrew-language-academy-015836
938,1184,50,143906,Ezzell ISD,Lavaca,B,89,124,https://txschools.net/district/ezzell-isd-143906
938,1184,50,185902,Farwell ISD,Parmer,B,89,570,https://txschools.net/district/farwell-isd-185902
938,1184,50,086901,Fredericksburg ISD,Gillespie,B,89,2956,https://txschools.net/district/fredericksburg-isd-086901
938,1184,50,184911,Garner ISD,Parker,B,89,352,https://txschools.net/district/garner-isd-184911
938,1184,50,161925,Gholson ISD,McLennan,B,89,227,https://txschools.net/district/gholson-isd-161925
938,1184,50,167901,Goldthwaite ISD,Mills,B,89,504,https://txschools.net/district/goldthwaite-isd-167901
938,1184,50,143901,Hallettsville ISD,Lavaca,B,89,1129,https://txschools.net/district/hallettsville-isd-143901
938,1184,50,065902,Hedley ISD,Donley,B,89,85,https://txschools.net/district/hedley-isd-065902
938,1184,50,109904,Hillsboro ISD,Hill,B,89,1913,https://txschools.net/district/hillsboro-isd-109904
938,1184,50,120905,Industrial ISD,Jackson,B,89,1153,https://txschools.net/district/industrial-isd-120905
938,1184,50,072909,Lingleville ISD,Erath,B,89,264,https://txschools.net/district/lingleville-isd-072909
938,1184,50,241906,Louise ISD,Wharton,B,89,510,https://txschools.net/district/louise-isd-241906
938,1184,50,154901,Madisonville CISD,Madison,B,89,2339,https://txschools.net/district/madisonville-cisd-154901
938,1184,50,019910,Malta ISD,Bowie,B,89,208,https://txschools.net/district/malta-isd-019910
938,1184,50,108906,McAllen ISD,Hidalgo,B,89,19405,https://txschools.net/district/mcallen-isd-108906
938,1184,50,070908,Midlothian ISD,Ellis,B,89,11537,https://txschools.net/district/midlothian-isd-070908
938,1184,50,166903,Milano ISD,Milam,B,89,394,https://txschools.net/district/milano-isd-166903
938,1184,50,201907,Mount Enterprise ISD,Rusk,B,89,482,https://txschools.net/district/mount-enterprise-isd-201907
938,1184,50,049902,Muenster ISD,Cooke,B,89,551,https://txschools.net/district/muenster-isd-049902
938,1184,50,252902,Newcastle ISD,Young,B,89,231,https://txschools.net/district/newcastle-isd-252902
938,1184,50,235904,Nursery ISD,Victoria,B,89,179,https://txschools.net/district/nursery-isd-235904
938,1184,50,227804,NYOS Charter School,Travis,B,89,1808,https://txschools.net/district/nyos-charter-school-227804
938,1184,50,137902,Ricardo ISD,Kleberg,B,89,667,https://txschools.net/district/ricardo-isd-137902
938,1184,50,161912,Riesel ISD,McLennan,B,89,683,https://txschools.net/district/riesel-isd-161912
938,1184,50,137903,Riviera ISD,Kleberg,B,89,406,https://txschools.net/district/riviera-isd-137903
938,1184,50,246909,Round Rock ISD,Williamson,B,89,45865,https://txschools.net/district/round-rock-isd-246909
938,1184,50,075908,Round Top-Carmine ISD,Fayette,B,89,237,https://txschools.net/district/round-top-carmine-isd-075908
938,1184,50,015827,School of Science and Technology,Bexar,B,89,5855,https://txschools.net/district/school-of-science-and-technology-015827
938,1184,50,152909,Shallowater ISD,Lubbock,B,89,1714,https://txschools.net/district/shallowater-isd-152909
938,1184,50,108804,Triumph Public High Schools-Rio Grande Valley,Hidalgo,B,89,477,https://txschools.net/district/triumph-public-high-schools-rio-grande-valley-108804
938,1184,50,061805,Trivium Academy,Denton,B,89,503,https://txschools.net/district/trivium-academy-061805
938,1184,50,057845,UME Preparatory Academy,Dallas,B,89,1766,https://txschools.net/district/ume-preparatory-academy-057845
938,1184,50,226908,Veribest ISD,Tom Green,B,89,258,https://txschools.net/district/veribest-isd-226908
938,1184,50,226906,Wall ISD,Tom Green,B,89,1306,https://txschools.net/district/wall-isd-226906
938,1184,50,044902,Wellington ISD,Collingsworth,B,89,516,https://txschools.net/district/wellington-isd-044902
938,1184,50,161916,West ISD,McLennan,B,89,1338,https://txschools.net/district/west-isd-161916
938,1184,50,224902,Woodson ISD,Throckmorton,B,89,158,https://txschools.net/district/woodson-isd-224902
938,1184,50,101845,Yes Prep Public Schools Inc,Harris,B,89,20806,https://txschools.net/district/yes-prep-public-schools-inc-101845
989,1184,45,180903,Adrian ISD,Oldham,A,90,136,https://txschools.net/district/adrian-isd-180903
989,1184,45,043901,Allen ISD,Collin,A,90,20092,https://txschools.net/district/allen-isd-043901
989,1184,45,101819,Amigos Por Vida-Friends for Life Pub Chtr Sch,Harris,A,90,802,https://txschools.net/district/amigos-por-vida-friends-for-life-pub-chtr-sch-101819
989,1184,45,109913,Blum ISD,Hill,A,90,335,https://txschools.net/district/blum-isd-109913
989,1184,45,123807,Bob Hope School,Jefferson,A,90,2587,https://txschools.net/district/bob-hope-school-123807
989,1184,45,041901,Bronte ISD,Coke,A,90,224,https://txschools.net/district/bronte-isd-041901
989,1184,45,239903,Burton ISD,Washington,A,90,650,https://txschools.net/district/burton-isd-239903
989,1184,45,101837,Calvin Nelms Charter Schools,Harris,A,90,414,https://txschools.net/district/calvin-nelms-charter-schools-101837
989,1184,45,095902,Cotton Center ISD,Hale,A,90,97,https://txschools.net/district/cotton-center-isd-095902
989,1184,45,074904,Dodd City ISD,Fannin,A,90,319,https://txschools.net/district/dodd-city-isd-074904
989,1184,45,121906,Evadale ISD,Jasper,A,90,450,https://txschools.net/district/evadale-isd-121906
989,1184,45,057834,Evolution Academy Charter School,Dallas,A,90,639,https://txschools.net/district/evolution-academy-charter-school-057834
989,1184,45,128904,Falls City ISD,Karnes,A,90,452,https://txschools.net/district/falls-city-isd-128904
989,1184,45,174903,Garrison ISD,Nacogdoches,A,90,739,https://txschools.net/district/garrison-isd-174903
989,1184,45,219901,Happy ISD,Swisher,A,90,238,https://txschools.net/district/happy-isd-219901
989,1184,45,101846,Harmony Public Schools - Houston South,Harris,A,90,4100,https://txschools.net/district/harmony-public-schools-houston-south-101846
989,1184,45,015815,Heritage Academy,Bexar,A,90,574,https://txschools.net/district/heritage-academy-015815
989,1184,45,014905,Holland ISD,Bell,A,90,669,https://txschools.net/district/holland-isd-014905
989,1184,45,005902,Holliday ISD,Archer,A,90,1127,https://txschools.net/district/holliday-isd-005902
989,1184,45,101878,Houston Classical Charter School,Harris,A,90,430,https://txschools.net/district/houston-classical-charter-school-101878
989,1184,45,152910,Idalou ISD,Lubbock,A,90,1036,https://txschools.net/district/idalou-isd-152910
989,1184,45,093903,Iola ISD,Grimes,A,90,656,https://txschools.net/district/iola-isd-093903
989,1184,45,221911,Jim Ned CISD,Taylor,A,90,1625,https://txschools.net/district/jim-ned-cisd-221911
989,1184,45,240901,Laredo ISD,Webb,A,90,19461,https://txschools.net/district/laredo-isd-240901
989,1184,45,185904,Lazbuddie ISD,Parmer,A,90,127,https://txschools.net/district/lazbuddie-isd-185904
989,1184,45,019914,Leary ISD,Bowie,A,90,106,https://txschools.net/district/leary-isd-019914
989,1184,45,178906,London ISD,Nueces,A,90,1922,https://txschools.net/district/london-isd-178906
989,1184,45,031906,Los Fresnos CISD,Cameron,A,90,10284,https://txschools.net/district/los-fresnos-cisd-031906
989,1184,45,019903,Maud ISD,Bowie,A,90,459,https://txschools.net/district/maud-isd-019903
989,1184,45,161903,Midway ISD,McLennan,A,90,8704,https://txschools.net/district/midway-isd-161903
989,1184,45,123905,Nederland ISD,Jefferson,A,90,5359,https://txschools.net/district/nederland-isd-123905
989,1184,45,079906,Needville ISD,Fort Bend,A,90,3673,https://txschools.net/district/needville-isd-079906
989,1184,45,033902,Panhandle ISD,Carson,A,90,576,https://txschools.net/district/panhandle-isd-033902
989,1184,45,119903,Perrin-Whitt CISD,Jack,A,90,306,https://txschools.net/district/perrin-whitt-cisd-119903
989,1184,45,108909,Pharr-San Juan-Alamo ISD,Hidalgo,A,90,29043,https://txschools.net/district/pharr-san-juan-alamo-isd-108909
989,1184,45,091913,Pottsboro ISD,Grayson,A,90,1363,https://txschools.net/district/pottsboro-isd-091913
989,1184,45,019911,Red Lick ISD,Bowie,A,90,515,https://txschools.net/district/red-lick-isd-019911
989,1184,45,161922,Robinson ISD,McLennan,A,90,2401,https://txschools.net/district/robinson-isd-161922
989,1184,45,015831,School of Science and Technology Discovery,Bexar,A,90,6366,https://txschools.net/district/school-of-science-and-technology-discovery-015831
989,1184,45,047905,Sidney ISD,Comanche,A,90,115,https://txschools.net/district/sidney-isd-047905
989,1184,45,072903,Stephenville ISD,Erath,A,90,3503,https://txschools.net/district/stephenville-isd-072903
989,1184,45,111903,Tolar ISD,Hood,A,90,898,https://txschools.net/district/tolar-isd-111903
989,1184,45,240903,United ISD,Webb,A,90,39764,https://txschools.net/district/united-isd-240903
989,1184,45,108808,Vanguard Academy,Hidalgo,A,90,6739,https://txschools.net/district/vanguard-academy-108808
989,1184,45,180902,Vega ISD,Oldham,A,90,354,https://txschools.net/district/vega-isd-180902
989,1184,45,212906,Whitehouse ISD,Smith,A,90,4840,https://txschools.net/district/whitehouse-isd-212906
1035,1184,35,101849,Accelerated Intermediate Academy,Harris,A,91,166,https://txschools.net/district/accelerated-intermediate-academy-101849
1035,1184,35,093901,Anderson-Shiro CISD,Grimes,A,91,944,https://txschools.net/district/anderson-shiro-cisd-093901
1035,1184,35,091901,Bells ISD,Grayson,A,91,1011,https://txschools.net/district/bells-isd-091901
1035,1184,35,178902,Bishop CISD,Nueces,A,91,1427,https://txschools.net/district/bishop-cisd-178902
1035,1184,35,198901,Bremond ISD,Robertson,A,91,461,https://txschools.net/district/bremond-isd-198901
1035,1184,35,184909,Brock ISD,Parker,A,91,2181,https://txschools.net/district/brock-isd-184909
1035,1184,35,073901,Chilton ISD,Falls,A,91,574,https://txschools.net/district/chilton-isd-073901
1035,1184,35,184801,Crosstimbers Academy,Parker,A,91,114,https://txschools.net/district/crosstimbers-academy-184801
1035,1184,35,123805,Ehrhart School,Jefferson,A,91,593,https://txschools.net/district/ehrhart-school-123805
1035,1184,35,049906,Era ISD,Cooke,A,91,517,https://txschools.net/district/era-isd-049906
1035,1184,35,043905,Frisco ISD,Collin,A,91,62627,https://txschools.net/district/frisco-isd-043905
1035,1184,35,182901,Gordon ISD,Palo Pinto,A,91,240,https://txschools.net/district/gordon-isd-182901
1035,1184,35,220906,Grapevine-Colleyville ISD,Tarrant,A,91,13343,https://txschools.net/district/grapevine-colleyville-isd-220906
1035,1184,35,101821,Houston Heights High School,Harris,A,91,152,https://txschools.net/district/houston-heights-high-school-101821
1035,1184,35,043802,Imagine Lone Star International Academy,Collin,A,91,269,https://txschools.net/district/imagine-lone-star-international-academy-043802
1035,1184,35,133904,Ingram ISD,Kerr,A,91,1365,https://txschools.net/district/ingram-isd-133904
1035,1184,35,118902,Irion County ISD,Irion,A,91,307,https://txschools.net/district/irion-county-isd-118902
1035,1184,35,227913,Lake Travis ISD,Travis,A,91,10748,https://txschools.net/district/lake-travis-isd-227913
1035,1184,35,161907,Lorena ISD,McLennan,A,91,1740,https://txschools.net/district/lorena-isd-161907
1035,1184,35,043908,Melissa ISD,Collin,A,91,8560,https://txschools.net/district/melissa-isd-043908
1035,1184,35,020908,Pearland ISD,Brazoria,A,91,20555,https://txschools.net/district/pearland-isd-020908
1035,1184,35,032902,Pittsburg ISD,Camp,A,91,2228,https://txschools.net/district/pittsburg-isd-032902
1035,1184,35,019912,Pleasant Grove ISD,Bowie,A,91,2348,https://txschools.net/district/pleasant-grove-isd-019912
1035,1184,35,117904,Plemons-Stinnett-Phillips CISD,Hutchinson,A,91,529,https://txschools.net/district/plemons-stinnett-phillips-cisd-117904
1035,1184,35,247904,Poth ISD,Wilson,A,91,967,https://txschools.net/district/poth-isd-247904
1035,1184,35,167904,Priddy ISD,Mills,A,91,90,https://txschools.net/district/priddy-isd-167904
1035,1184,35,043912,Prosper ISD,Collin,A,91,33583,https://txschools.net/district/prosper-isd-043912
1035,1184,35,231902,Rankin ISD,Upton,A,91,300,https://txschools.net/district/rankin-isd-231902
1035,1184,35,245903,Raymondville ISD,Willacy,A,91,1901,https://txschools.net/district/raymondville-isd-245903
1035,1184,35,199901,Rockwall ISD,Rockwall,A,91,19077,https://txschools.net/district/rockwall-isd-199901
1035,1184,35,112909,Saltillo ISD,Hopkins,A,91,236,https://txschools.net/district/saltillo-isd-112909
1035,1184,35,182904,Santo ISD,Palo Pinto,A,91,570,https://txschools.net/district/santo-isd-182904
1035,1184,35,158902,Tidehaven ISD,Matagorda,A,91,1038,https://txschools.net/district/tidehaven-isd-158902
1035,1184,35,108916,Valley View ISD,Hidalgo,A,91,3304,https://txschools.net/district/valley-view-isd-108916
1035,1184,35,045905,Weimar ISD,Colorado,A,91,735,https://txschools.net/district/weimar-isd-045905
1035,1184,35,005904,Windthorst ISD,Archer,A,91,491,https://txschools.net/district/windthorst-isd-005904
1071,1184,32,184907,Aledo ISD,Parker,A,92,8590,https://txschools.net/district/aledo-isd-184907
1071,1184,32,084804,Ambassadors Preparatory Academy,Galveston,A,92,140,https://txschools.net/district/ambassadors-preparatory-academy-084804
1071,1184,32,061910,Argyle ISD,Denton,A,92,6551,https://txschools.net/district/argyle-isd-061910
1071,1184,32,039904,Bellevue ISD,Clay,A,92,242,https://txschools.net/district/bellevue-isd-039904
1071,1184,32,187901,Big Sandy ISD,Polk,A,92,526,https://txschools.net/district/big-sandy-isd-187901
1071,1184,32,130901,Boerne ISD,Kendall,A,92,11132,https://txschools.net/district/boerne-isd-130901
1071,1184,32,174908,Central Heights ISD,Nacogdoches,A,92,1106,https://txschools.net/district/central-heights-isd-174908
1071,1184,32,047902,De Leon ISD,Comanche,A,92,616,https://txschools.net/district/de-leon-isd-047902
1071,1184,32,072902,Dublin ISD,Erath,A,92,1078,https://txschools.net/district/dublin-isd-072902
1071,1184,32,071804,El Paso Academy,El Paso,A,92,294,https://txschools.net/district/el-paso-academy-071804
1071,1184,32,084911,Friendswood ISD,Galveston,A,92,6116,https://txschools.net/district/friendswood-isd-084911
1071,1184,32,149901,George West ISD,Live Oak,A,92,1036,https://txschools.net/district/george-west-isd-149901
1071,1184,32,182902,Graford ISD,Palo Pinto,A,92,329,https://txschools.net/district/graford-isd-182902
1071,1184,32,202903,Hemphill ISD,Sabine,A,92,728,https://txschools.net/district/hemphill-isd-202903
1071,1184,32,133902,Hunt ISD,Kerr,A,92,211,https://txschools.net/district/hunt-isd-133902
1071,1184,32,232901,Knippa ISD,Uvalde,A,92,408,https://txschools.net/district/knippa-isd-232901
1071,1184,32,212903,Lindale ISD,Smith,A,92,4613,https://txschools.net/district/lindale-isd-212903
1071,1184,32,157901,Mason ISD,Mason,A,92,675,https://txschools.net/district/mason-isd-157901
1071,1184,32,034906,McLeod ISD,Cass,A,92,420,https://txschools.net/district/mcleod-isd-034906
1071,1184,32,173901,Motley County ISD,Motley,A,92,188,https://txschools.net/district/motley-county-isd-173901
1071,1184,32,153905,New Home ISD,Lynn,A,92,685,https://txschools.net/district/new-home-isd-153905
1071,1184,32,182906,Palo Pinto ISD,Palo Pinto,A,92,92,https://txschools.net/district/palo-pinto-isd-182906
1071,1184,32,109914,Penelope ISD,Hill,A,92,215,https://txschools.net/district/penelope-isd-109914
1071,1184,32,095904,Petersburg ISD,Hale,A,92,230,https://txschools.net/district/petersburg-isd-095904
1071,1184,32,214903,Roma ISD,Starr,A,92,5916,https://txschools.net/district/roma-isd-214903
1071,1184,32,246803,The Texas Girls School,Williamson,A,92,37,https://txschools.net/district/the-texas-girls-school-246803
1071,1184,32,091907,Tioga ISD,Grayson,A,92,610,https://txschools.net/district/tioga-isd-091907
1071,1184,32,101921,Tomball ISD,Harris,A,92,23202,https://txschools.net/district/tomball-isd-101921
1071,1184,32,226905,Water Valley ISD,Tom Green,A,92,305,https://txschools.net/district/water-valley-isd-226905
1071,1184,32,223904,Wellman-Union CISD,Terry,A,92,245,https://txschools.net/district/wellman-union-cisd-223904
1071,1184,32,168903,Westbrook ISD,Mitchell,A,92,217,https://txschools.net/district/westbrook-isd-168903
1071,1184,32,073904,Westphalia ISD,Falls,A,92,148,https://txschools.net/district/westphalia-isd-073904
1071,1184,32,043914,Wylie ISD,Collin,A,92,19400,https://txschools.net/district/wylie-isd-043914
1104,1184,29,005901,Archer City ISD,Archer,A,93,486,https://txschools.net/district/archer-city-isd-005901
1104,1184,29,194902,Avery ISD,Red River,A,93,295,https://txschools.net/district/avery-isd-194902
1104,1184,29,036902,Barbers Hill ISD,Chambers,A,93,8069,https://txschools.net/district/barbers-hill-isd-036902
1104,1184,29,015834,Basis Texas,Bexar,A,93,9480,https://txschools.net/district/basis-texas-015834
1104,1184,29,106901,Canadian ISD,Hemphill,A,93,675,https://txschools.net/district/canadian-isd-106901
1104,1184,29,220919,Carroll ISD,Tarrant,A,93,7866,https://txschools.net/district/carroll-isd-220919
1104,1184,29,057922,Coppell ISD,Dallas,A,93,13047,https://txschools.net/district/coppell-isd-057922
1104,1184,29,163902,D'Hanis ISD,Medina,A,93,297,https://txschools.net/district/d-hanis-isd-163902
1104,1184,29,146903,Devers ISD,Liberty,A,93,198,https://txschools.net/district/devers-isd-146903
1104,1184,29,075901,Flatonia ISD,Fayette,A,93,675,https://txschools.net/district/flatonia-isd-075901
1104,1184,29,198903,Franklin ISD,Robertson,A,93,1438,https://txschools.net/district/franklin-isd-198903
1104,1184,29,018906,Iredell ISD,Bosque,A,93,137,https://txschools.net/district/iredell-isd-018906
1104,1184,29,210902,Joaquin ISD,Shelby,A,93,695,https://txschools.net/district/joaquin-isd-210902
1104,1184,29,197902,Miami ISD,Roberts,A,93,179,https://txschools.net/district/miami-isd-197902
1104,1184,29,169908,Montague ISD,Montague,A,93,170,https://txschools.net/district/montague-isd-169908
1104,1184,29,014804,Orenda Charter School,Bell,A,93,1936,https://txschools.net/district/orenda-charter-school-014804
1104,1184,29,152802,Rise Academy,Lubbock,A,93,287,https://txschools.net/district/rise-academy-152802
1104,1184,29,110905,Ropes ISD,Hockley,A,93,670,https://txschools.net/district/ropes-isd-110905
1104,1184,29,137904,Santa Gertrudis ISD,Kleberg,A,93,813,https://txschools.net/district/santa-gertrudis-isd-137904
1104,1184,29,143903,Shiner ISD,Lavaca,A,93,700,https://txschools.net/district/shiner-isd-143903
1104,1184,29,023902,Silverton ISD,Briscoe,A,93,194,https://txschools.net/district/silverton-isd-023902
1104,1184,29,110906,Smyer ISD,Hockley,A,93,433,https://txschools.net/district/smyer-isd-110906
1104,1184,29,092907,Spring Hill ISD,Gregg,A,93,1941,https://txschools.net/district/spring-hill-isd-092907
1104,1184,29,140907,Springlake-Earth ISD,Lamb,A,93,221,https://txschools.net/district/springlake-earth-isd-140907
1104,1184,29,110907,Sundown ISD,Hockley,A,93,701,https://txschools.net/district/sundown-isd-110907
1104,1184,29,211901,Texhoma ISD,Sherman,A,93,96,https://txschools.net/district/texhoma-isd-211901
1104,1184,29,056902,Texline ISD,Dallam,A,93,224,https://txschools.net/district/texline-isd-056902
1104,1184,29,246912,Thrall ISD,Williamson,A,93,916,https://txschools.net/district/thrall-isd-246912
1104,1184,29,057808,Universal Academy,Dallas,A,93,2051,https://txschools.net/district/universal-academy-057808
1104,1184,29,180904,Wildorado ISD,Oldham,A,93,198,https://txschools.net/district/wildorado-isd-180904
1134,1184,16,109901,Abbott ISD,Hill,A,94,285,https://txschools.net/district/abbott-isd-109901
1134,1184,16,227909,Eanes ISD,Travis,A,94,7524,https://txschools.net/district/eanes-isd-227909
1134,1184,16,098901,Gruver ISD,Hansford,A,94,419,https://txschools.net/district/gruver-isd-098901
1134,1184,16,135001,Guthrie CSD,King,A,94,99,https://txschools.net/district/guthrie-csd-135001
1134,1184,16,101862,Harmony Public Schools - Houston West,Harris,A,94,6906,https://txschools.net/district/harmony-public-schools-houston-west-101862
1134,1184,16,103902,Hartley ISD,Hartley,A,94,242,https://txschools.net/district/hartley-isd-103902
1134,1184,16,208903,Ira ISD,Scurry,A,94,307,https://txschools.net/district/ira-isd-208903
1134,1184,16,058905,Klondike ISD,Dawson,A,94,269,https://txschools.net/district/klondike-isd-058905
1134,1184,16,043919,Lovejoy ISD,Collin,A,94,3841,https://txschools.net/district/lovejoy-isd-043919
1134,1184,16,198906,Mumford ISD,Robertson,A,94,600,https://txschools.net/district/mumford-isd-198906
1134,1184,16,104907,Paint Creek ISD,Haskell,A,94,116,https://txschools.net/district/paint-creek-isd-104907
1134,1184,16,015906,Randolph Field ISD,Bexar,A,94,1402,https://txschools.net/district/randolph-field-isd-015906
1134,1184,16,076903,Roby CISD,Fisher,A,94,313,https://txschools.net/district/roby-cisd-076903
1134,1184,16,058909,Sands CISD,Dawson,A,94,225,https://txschools.net/district/sands-cisd-058909
1134,1184,16,216901,Sterling City ISD,Sterling,A,94,312,https://txschools.net/district/sterling-city-isd-216901
1134,1184,16,057919,Sunnyvale ISD,Dallas,A,94,2313,https://txschools.net/district/sunnyvale-isd-057919
1134,1184,16,232904,Utopia ISD,Uvalde,A,94,190,https://txschools.net/district/utopia-isd-232904
1151,1184,11,015914,Ft Sam Houston ISD,Bexar,A,95,1543,https://txschools.net/district/ft-sam-houston-isd-015914
1151,1184,11,057911,Highland Park ISD,Dallas,A,95,6215,https://txschools.net/district/highland-park-isd-057911
1151,1184,11,043801,Imagine International Academy of North Texas,Collin,A,95,1438,https://txschools.net/district/imagine-international-academy-of-north-texas-043801
1151,1184,11,138902,Knox City-O'Brien CISD,Knox,A,95,183,https://txschools.net/district/knox-city-o-brien-cisd-138902
1151,1184,11,200902,Miles ISD,Runnels,A,95,497,https://txschools.net/district/miles-isd-200902
1151,1184,11,035903,Nazareth ISD,Castro,A,95,239,https://txschools.net/district/nazareth-isd-035903
1151,1184,11,154903,North Zulch ISD,Madison,A,95,335,https://txschools.net/district/north-zulch-isd-154903
1151,1184,11,160904,Rochelle ISD,McCulloch,A,95,166,https://txschools.net/district/rochelle-isd-160904
1151,1184,11,031916,South Texas ISD,Cameron,A,95,4741,https://txschools.net/district/south-texas-isd-031916
1151,1184,11,174801,Stephen F Austin State University Charter School,Nacogdoches,A,95,254,https://txschools.net/district/stephen-f-austin-state-university-charter-school-174801
1151,1184,11,096905,Turkey-Quitaque ISD,Hall,A,95,175,https://txschools.net/district/turkey-quitaque-isd-096905
1151,1184,11,212804,UT Tyler University Academy,Smith,A,95,1224,https://txschools.net/district/ut-tyler-university-academy-212804
1163,1184,12,217901,Aspermont ISD,Stonewall,A,96,210,https://txschools.net/district/aspermont-isd-217901
1163,1184,12,017901,Borden County ISD,Borden,A,96,238,https://txschools.net/district/borden-county-isd-017901
1163,1184,12,203902,Broaddus ISD,San Augustine,A,96,380,https://txschools.net/district/broaddus-isd-203902
1163,1184,12,006902,Claude ISD,Armstrong,A,96,311,https://txschools.net/district/claude-isd-006902
1163,1184,12,174911,Douglass ISD,Nacogdoches,A,96,405,https://txschools.net/district/douglass-isd-174911
1163,1184,12,087901,Glasscock County ISD,Glasscock,A,96,290,https://txschools.net/district/glasscock-county-isd-087901
1163,1184,12,072908,Huckabay ISD,Erath,A,96,345,https://txschools.net/district/huckabay-isd-072908
1163,1184,12,132902,Jayton-Girard ISD,Kent,A,96,187,https://txschools.net/district/jayton-girard-isd-132902
1163,1184,12,083902,Loop ISD,Gaines,A,96,143,https://txschools.net/district/loop-isd-083902
1163,1184,12,162904,McMullen County ISD,McMullen,A,96,286,https://txschools.net/district/mcmullen-county-isd-162904
1163,1184,12,246801,Meridian World School LLC,Williamson,A,96,1757,https://txschools.net/district/meridian-world-school-llc-246801
1163,1184,12,183801,Panola Charter School,Panola,A,96,174,https://txschools.net/district/panola-charter-school-183801
1163,1184,12,123803,Tekoa Academy of Accelerated Studies STEM School,Jefferson,A,96,395,https://txschools.net/district/tekoa-academy-of-accelerated-studies-stem-school-123803
1176,1184,5,177903,Blackwell CISD,Nolan,A,97,171,https://txschools.net/district/blackwell-cisd-177903
1176,1184,5,092801,East Texas Charter Schools,Gregg,A,97,125,https://txschools.net/district/east-texas-charter-schools-092801
1176,1184,5,075906,Fayetteville ISD,Fayette,A,97,308,https://txschools.net/district/fayetteville-isd-075906
1176,1184,5,156905,Grady ISD,Martin,A,97,242,https://txschools.net/district/grady-isd-156905
1176,1184,5,177905,Highland ISD,Nolan,A,97,211,https://txschools.net/district/highland-isd-177905
1176,1184,5,110908,Whitharral ISD,Hockley,A,97,223,https://txschools.net/district/whitharral-isd-110908
1182,1184,0,220810,Westlake Academy Charter School,Tarrant,A,98,908,https://txschools.net/district/westlake-academy-charter-school-220810
1183,1184,0,227814,Chaparral Star Academy,Travis,A,99,385,https://txschools.net/district/chaparral-star-academy-227814
1184,1184,0,063906,Patton Springs ISD,Dickens,A,100,22,https://txschools.net/district/patton-springs-isd-063906
