# txschools.net — unofficial. Not operated by, endorsed by, or affiliated with the Texas Education Agency.
# source: Texas Education Agency, published publicly at https://txschools.gov
# snapshot: 15 August 2026 — the date this site fetched TEA's data. TEA may have revised it since.
# dataset: ranking board
# page: https://txschools.net/rankings/texas-districts/overall-score-declines
# rows: 1167 (excluding this header and the column row)
# ranking: Texas school districts with the largest overall score declines since 2021-22
# population: 1,167 districts of 1,199 districts are ranked here.
# population: 15 were not rated by TEA for 2025-26 and are not ranked.
# population: 17 have no figure at the start of the window and are not ranked.
# rank_of is how many rows were actually ranked (can be smaller than the population above); two rows on the same value share a rank ("tied"), and the next rank is skipped.
# methodology: TEA re-scored 2021-22 under the rules it adopted for 2022-23 and publishes that re-scoring as "2021-22 What If". This ranking reads the re-scored series, so the change spans one consistent methodology rather than a break.
# empty cell = TEA did not publish that figure. It does not mean zero.
# numbers are unformatted: no thousands separators, no currency symbols, no percent signs.
# lines starting with # are comments — pandas: read_csv(path, comment='#')
rank,rank_of,tied,entity_id,name,county,rating,value,2021_22,2025_26,enrollment,url
1,1167,0,072910,Morgan Mill ISD,Erath,F,-38,91,53,132,https://txschools.net/district/morgan-mill-isd-072910
2,1167,0,019913,Hubbard ISD,Bowie,F,-35,87,52,54,https://txschools.net/district/hubbard-isd-019913
3,1167,0,227805,Texas Empowerment Academy,Travis,F,-31,88,57,760,https://txschools.net/district/texas-empowerment-academy-227805
4,1167,0,125906,La Gloria ISD,Jim Wells,D,-29,93,64,126,https://txschools.net/district/la-gloria-isd-125906
5,1167,0,109908,Malone ISD,Hill,F,-27,71,44,64,https://txschools.net/district/malone-isd-109908
6,1167,2,178807,Corpus Christi Montessori School,Nueces,F,-26,75,49,132,https://txschools.net/district/corpus-christi-montessori-school-178807
6,1167,2,201903,Laneville ISD,Rusk,D,-26,95,69,104,https://txschools.net/district/laneville-isd-201903
6,1167,2,101814,The Varnett Public School,Harris,D,-26,90,64,1084,https://txschools.net/district/the-varnett-public-school-101814
9,1167,0,101873,Yellowstone College Preparatory,Harris,D,-25,91,66,361,https://txschools.net/district/yellowstone-college-preparatory-101873
10,1167,2,101872,Etoile Academy Charter School,Harris,F,-24,83,59,1064,https://txschools.net/district/etoile-academy-charter-school-101872
10,1167,2,057809,Nova Academy,Dallas,F,-24,71,47,67,https://txschools.net/district/nova-academy-057809
10,1167,2,143904,Vysehrad ISD,Lavaca,D,-24,87,63,46,https://txschools.net/district/vysehrad-isd-143904
13,1167,0,161924,Hallsburg ISD,McLennan,F,-23,82,59,106,https://txschools.net/district/hallsburg-isd-161924
14,1167,0,186901,Buena Vista ISD,Pecos,D,-22,86,64,235,https://txschools.net/district/buena-vista-isd-186901
15,1167,0,228905,Apple Springs ISD,Trinity,D,-20,89,69,156,https://txschools.net/district/apple-springs-isd-228905
16,1167,1,071810,El Paso Leadership Academy,El Paso,F,-19,77,58,665,https://txschools.net/district/el-paso-leadership-academy-071810
16,1167,1,167902,Mullin ISD,Mills,C,-19,90,71,176,https://txschools.net/district/mullin-isd-167902
18,1167,1,143905,Sweet Home ISD,Lavaca,C,-18,93,75,164,https://txschools.net/district/sweet-home-isd-143905
18,1167,1,101840,Two Dimensions Preparatory Academy,Harris,D,-18,80,62,342,https://txschools.net/district/two-dimensions-preparatory-academy-101840
20,1167,4,185901,Bovina ISD,Parmer,D,-17,86,69,370,https://txschools.net/district/bovina-isd-185901
20,1167,4,233903,Comstock ISD,Val Verde,C,-17,91,74,166,https://txschools.net/district/comstock-isd-233903
20,1167,4,101874,Legacy School of Sport Sciences,Harris,D,-17,86,69,550,https://txschools.net/district/legacy-school-of-sport-sciences-101874
20,1167,4,098903,Pringle-Morse CISD,Hansford,C,-17,90,73,126,https://txschools.net/district/pringle-morse-cisd-098903
20,1167,4,042903,Santa Anna ISD,Coleman,C,-17,88,71,245,https://txschools.net/district/santa-anna-isd-042903
25,1167,6,024901,Brooks County ISD,Brooks,D,-16,79,63,1074,https://txschools.net/district/brooks-county-isd-024901
25,1167,6,052901,Crane ISD,Crane,D,-16,85,69,1228,https://txschools.net/district/crane-isd-052901
25,1167,6,057831,Gateway Charter Academy,Dallas,D,-16,85,69,430,https://txschools.net/district/gateway-charter-academy-057831
25,1167,6,201904,Leveretts Chapel ISD,Rusk,C,-16,87,71,233,https://txschools.net/district/leveretts-chapel-isd-201904
25,1167,6,025905,May ISD,Brown,C,-16,87,71,257,https://txschools.net/district/may-isd-025905
25,1167,6,057802,Pegasus School of Liberal Arts and Sciences,Dallas,D,-16,82,66,277,https://txschools.net/district/pegasus-school-of-liberal-arts-and-sciences-057802
25,1167,6,220801,Treetops School International,Tarrant,C,-16,86,70,186,https://txschools.net/district/treetops-school-international-220801
32,1167,1,101855,Meyerpark Charter,Harris,C,-15,87,72,259,https://txschools.net/district/meyerpark-charter-101855
32,1167,1,227819,University of Texas Elem Charter School,Travis,C,-15,91,76,305,https://txschools.net/district/university-of-texas-elem-charter-school-227819
34,1167,2,109903,Covington ISD,Hill,C,-14,86,72,351,https://txschools.net/district/covington-isd-109903
34,1167,2,220811,East Fort Worth Montessori Academy,Tarrant,D,-14,78,64,106,https://txschools.net/district/east-fort-worth-montessori-academy-220811
34,1167,2,001908,Westwood ISD,Anderson,D,-14,81,67,1300,https://txschools.net/district/westwood-isd-001908
37,1167,7,246914,Coupland ISD,Williamson,C,-13,89,76,315,https://txschools.net/district/coupland-isd-246914
37,1167,7,077902,Lockney ISD,Floyd,D,-13,79,66,387,https://txschools.net/district/lockney-isd-077902
37,1167,7,127905,Lueders-Avoca ISD,Jones,D,-13,82,69,103,https://txschools.net/district/lueders-avoca-isd-127905
37,1167,7,189901,Marfa ISD,Presidio,D,-13,76,63,339,https://txschools.net/district/marfa-isd-189901
37,1167,7,101859,Step Charter School,Harris,B,-13,93,80,723,https://txschools.net/district/step-charter-school-101859
37,1167,7,227506,University of Texas at Austin HS,Travis,C,-13,83,70,1211,https://txschools.net/district/university-of-texas-at-austin-hs-227506
37,1167,7,227806,University of Texas University Charter School,Travis,B,-13,97,84,695,https://txschools.net/district/university-of-texas-university-charter-school-227806
37,1167,7,059902,Walcott ISD,Deaf Smith,B,-13,93,80,138,https://txschools.net/district/walcott-isd-059902
45,1167,6,198902,Calvert ISD,Robertson,D,-12,81,69,143,https://txschools.net/district/calvert-isd-198902
45,1167,6,108809,Excellence In Leadership Academy,Hidalgo,D,-12,81,69,168,https://txschools.net/district/excellence-in-leadership-academy-108809
45,1167,6,102901,Karnack ISD,Harrison,D,-12,78,66,121,https://txschools.net/district/karnack-isd-102901
45,1167,6,113906,Kennard ISD,Houston,C,-12,91,79,254,https://txschools.net/district/kennard-isd-113906
45,1167,6,254902,La Pryor ISD,Zavala,D,-12,79,67,445,https://txschools.net/district/la-pryor-isd-254902
45,1167,6,013902,Pawnee ISD,Bee,C,-12,90,78,252,https://txschools.net/district/pawnee-isd-013902
45,1167,6,049908,Walnut Bend ISD,Cooke,C,-12,90,78,59,https://txschools.net/district/walnut-bend-isd-049908
52,1167,9,021805,Arrow Academy,Brazos,B,-11,91,80,427,https://txschools.net/district/arrow-academy-021805
52,1167,9,228904,Centerville ISD,Trinity,D,-11,80,69,143,https://txschools.net/district/centerville-isd-228904
52,1167,9,101856,Draw Academy,Harris,C,-11,85,74,695,https://txschools.net/district/draw-academy-101856
52,1167,9,072802,Erath Excels Academy Inc,Erath,B,-11,95,84,111,https://txschools.net/district/erath-excels-academy-inc-072802
52,1167,9,057835,Golden Rule Charter School,Dallas,D,-11,79,68,1285,https://txschools.net/district/golden-rule-charter-school-057835
52,1167,9,047903,Gustine ISD,Comanche,B,-11,94,83,166,https://txschools.net/district/gustine-isd-047903
52,1167,9,057819,Jean Massieu Academy,Dallas,D,-11,80,69,172,https://txschools.net/district/jean-massieu-academy-057819
52,1167,9,071807,La Fe Preparatory School,El Paso,B,-11,96,85,185,https://txschools.net/district/la-fe-preparatory-school-071807
52,1167,9,101802,Ser-Ninos Charter School,Harris,C,-11,87,76,1206,https://txschools.net/district/ser-ninos-charter-school-101802
52,1167,9,212904,Troup ISD,Smith,C,-11,89,78,1067,https://txschools.net/district/troup-isd-212904
62,1167,13,161923,Bosqueville ISD,McLennan,C,-10,86,76,718,https://txschools.net/district/bosqueville-isd-161923
62,1167,13,210901,Center ISD,Shelby,C,-10,83,73,2258,https://txschools.net/district/center-isd-210901
62,1167,13,183904,Gary ISD,Panola,D,-10,78,68,478,https://txschools.net/district/gary-isd-183904
62,1167,13,228901,Groveton ISD,Trinity,C,-10,83,73,740,https://txschools.net/district/groveton-isd-228901
62,1167,13,101925,Huffman ISD,Harris,C,-10,81,71,3698,https://txschools.net/district/huffman-isd-101925
62,1167,13,165802,Midland Academy Charter School,Midland,B,-10,91,81,431,https://txschools.net/district/midland-academy-charter-school-165802
62,1167,13,085902,Post ISD,Garza,D,-10,79,69,648,https://txschools.net/district/post-isd-085902
62,1167,13,161802,Rapoport Academy Public School,McLennan,C,-10,86,76,914,https://txschools.net/district/rapoport-academy-public-school-161802
62,1167,13,076904,Rotan ISD,Fisher,C,-10,84,74,265,https://txschools.net/district/rotan-isd-076904
62,1167,13,233901,San Felipe-Del Rio CISD,Val Verde,C,-10,85,75,9494,https://txschools.net/district/san-felipe-del-rio-cisd-233901
62,1167,13,100908,West Hardin County CISD,Hardin,C,-10,84,74,506,https://txschools.net/district/west-hardin-county-cisd-100908
62,1167,13,178915,West Oso ISD,Nueces,D,-10,79,69,1777,https://txschools.net/district/west-oso-isd-178915
62,1167,13,212910,Winona ISD,Smith,C,-10,83,73,1122,https://txschools.net/district/winona-isd-212910
62,1167,13,196902,Woodsboro ISD,Refugio,C,-10,80,70,383,https://txschools.net/district/woodsboro-isd-196902
76,1167,16,101815,Alief Montessori Community School,Harris,B,-9,93,84,416,https://txschools.net/district/alief-montessori-community-school-101815
76,1167,16,036901,Anahuac ISD,Chambers,C,-9,81,72,1533,https://txschools.net/district/anahuac-isd-036901
76,1167,16,138904,Benjamin ISD,Knox,B,-9,90,81,96,https://txschools.net/district/benjamin-isd-138904
76,1167,16,025908,Brookesmith ISD,Brown,C,-9,87,78,508,https://txschools.net/district/brookesmith-isd-025908
76,1167,16,109902,Bynum ISD,Hill,B,-9,95,86,174,https://txschools.net/district/bynum-isd-109902
76,1167,16,227817,Cedars International Academy,Travis,B,-9,92,83,543,https://txschools.net/district/cedars-international-academy-227817
76,1167,16,108903,Edcouch-Elsa ISD,Hidalgo,D,-9,78,69,4162,https://txschools.net/district/edcouch-elsa-isd-108903
76,1167,16,244905,Northside ISD,Wilbarger,B,-9,90,81,246,https://txschools.net/district/northside-isd-244905
76,1167,16,235904,Nursery ISD,Victoria,B,-9,98,89,179,https://txschools.net/district/nursery-isd-235904
76,1167,16,084802,Odyssey Academy Inc,Galveston,C,-9,79,70,1778,https://txschools.net/district/odyssey-academy-inc-084802
76,1167,16,232902,Sabinal ISD,Uvalde,C,-9,83,74,447,https://txschools.net/district/sabinal-isd-232902
76,1167,16,083903,Seminole ISD,Gaines,C,-9,84,75,3083,https://txschools.net/district/seminole-isd-083903
76,1167,16,071803,Triumph Public High Schools-West Texas,El Paso,B,-9,94,85,348,https://txschools.net/district/triumph-public-high-schools-west-texas-071803
76,1167,16,232903,Uvalde CISD,Uvalde,F,-9,68,59,3815,https://txschools.net/district/uvalde-cisd-232903
76,1167,16,227829,Valor Education,Travis,B,-9,90,81,4738,https://txschools.net/district/valor-education-227829
76,1167,16,158906,Van Vleck ISD,Matagorda,C,-9,85,76,1048,https://txschools.net/district/van-vleck-isd-158906
76,1167,16,102903,Waskom ISD,Harrison,C,-9,82,73,764,https://txschools.net/district/waskom-isd-102903
93,1167,20,166901,Cameron ISD,Milam,D,-8,77,69,1389,https://txschools.net/district/cameron-isd-166901
93,1167,20,057906,Desoto ISD,Dallas,C,-8,79,71,5564,https://txschools.net/district/desoto-isd-057906
93,1167,20,178801,Dr M L Garza-Gonzalez Charter School,Nueces,B,-8,88,80,154,https://txschools.net/district/dr-m-l-garza-gonzalez-charter-school-178801
93,1167,20,152907,Frenship ISD,Lubbock,C,-8,85,77,12042,https://txschools.net/district/frenship-isd-152907
93,1167,20,115901,Ft Hancock ISD,Hudspeth,C,-8,85,77,390,https://txschools.net/district/ft-hancock-isd-115901
93,1167,20,166902,Gause ISD,Milam,B,-8,90,82,149,https://txschools.net/district/gause-isd-166902
93,1167,20,033901,Groom ISD,Carson,B,-8,89,81,112,https://txschools.net/district/groom-isd-033901
93,1167,20,108807,IDEA Public Schools,Hidalgo,B,-8,90,82,79607,https://txschools.net/district/idea-public-schools-108807
93,1167,20,043802,Imagine Lone Star International Academy,Collin,A,-8,99,91,269,https://txschools.net/district/imagine-lone-star-international-academy-043802
93,1167,20,037904,Jacksonville ISD,Cherokee,D,-8,77,69,4572,https://txschools.net/district/jacksonville-isd-037904
93,1167,20,227826,Montessori for All,Travis,D,-8,77,69,556,https://txschools.net/district/montessori-for-all-227826
93,1167,20,015805,New Frontiers Public Schools Inc,Bexar,B,-8,96,88,335,https://txschools.net/district/new-frontiers-public-schools-inc-015805
93,1167,20,061802,North Texas Collegiate Academy,Denton,D,-8,73,65,797,https://txschools.net/district/north-texas-collegiate-academy-061802
93,1167,20,189902,Presidio ISD,Presidio,C,-8,86,78,1063,https://txschools.net/district/presidio-isd-189902
93,1167,20,022903,San Vicente ISD,Brewster,B,-8,94,86,14,https://txschools.net/district/san-vicente-isd-022903
93,1167,20,204904,Shepherd ISD,San Jacinto,C,-8,82,74,1967,https://txschools.net/district/shepherd-isd-204904
93,1167,20,218901,Sonora ISD,Sutton,C,-8,86,78,642,https://txschools.net/district/sonora-isd-218901
93,1167,20,063903,Spur ISD,Dickens,B,-8,88,80,210,https://txschools.net/district/spur-isd-063903
93,1167,20,152504,Texas Tech University K-12,Lubbock,B,-8,93,85,829,https://txschools.net/district/texas-tech-university-k-12-152504
93,1167,20,152803,Triumph Public High Schools-Lubbock,Lubbock,C,-8,80,72,118,https://txschools.net/district/triumph-public-high-schools-lubbock-152803
93,1167,20,227824,Valere Public Schools,Travis,C,-8,78,70,812,https://txschools.net/district/valere-public-schools-227824
114,1167,27,037901,Alto ISD,Cherokee,C,-7,84,77,524,https://txschools.net/district/alto-isd-037901
114,1167,27,127901,Anson ISD,Jones,C,-7,80,73,702,https://txschools.net/district/anson-isd-127901
114,1167,27,220802,Arlington Classics Academy,Tarrant,B,-7,92,85,1552,https://txschools.net/district/arlington-classics-academy-220802
114,1167,27,101870,Beta Academy,Harris,B,-7,91,84,1674,https://txschools.net/district/beta-academy-101870
114,1167,27,235901,Bloomington ISD,Victoria,D,-7,75,68,705,https://txschools.net/district/bloomington-isd-235901
114,1167,27,213801,Brazos River Charter School,Somervell,C,-7,85,78,60,https://txschools.net/district/brazos-river-charter-school-213801
114,1167,27,071907,Canutillo ISD,El Paso,C,-7,85,78,5604,https://txschools.net/district/canutillo-isd-071907
114,1167,27,062901,Cuero ISD,Dewitt,C,-7,83,76,1802,https://txschools.net/district/cuero-isd-062901
114,1167,27,227910,Del Valle ISD,Travis,D,-7,73,66,11766,https://txschools.net/district/del-valle-isd-227910
114,1167,27,081906,Dew ISD,Freestone,C,-7,83,76,170,https://txschools.net/district/dew-isd-081906
114,1167,27,178905,Driscoll ISD,Nueces,B,-7,89,82,1030,https://txschools.net/district/driscoll-isd-178905
114,1167,27,243902,Electra ISD,Wichita,C,-7,78,71,418,https://txschools.net/district/electra-isd-243902
114,1167,27,169910,Forestburg ISD,Montague,B,-7,89,82,172,https://txschools.net/district/forestburg-isd-169910
114,1167,27,185903,Friona ISD,Parmer,C,-7,80,73,979,https://txschools.net/district/friona-isd-185903
114,1167,27,067904,Gorman ISD,Eastland,C,-7,78,71,210,https://txschools.net/district/gorman-isd-067904
114,1167,27,090905,Grandview-Hopkins ISD,Gray,C,-7,77,70,44,https://txschools.net/district/grandview-hopkins-isd-090905
114,1167,27,097902,Hamilton ISD,Hamilton,C,-7,85,78,794,https://txschools.net/district/hamilton-isd-097902
114,1167,27,084903,High Island ISD,Galveston,B,-7,92,85,122,https://txschools.net/district/high-island-isd-084903
114,1167,27,134901,Junction ISD,Kimble,C,-7,79,72,552,https://txschools.net/district/junction-isd-134901
114,1167,27,248901,Kermit ISD,Winkler,D,-7,74,67,1255,https://txschools.net/district/kermit-isd-248901
114,1167,27,193902,Leakey ISD,Real,C,-7,79,72,308,https://txschools.net/district/leakey-isd-193902
114,1167,27,073903,Marlin ISD,Falls,D,-7,73,66,796,https://txschools.net/district/marlin-isd-073903
114,1167,27,163908,Medina Valley ISD,Medina,B,-7,89,82,10442,https://txschools.net/district/medina-valley-isd-163908
114,1167,27,237905,Royal ISD,Waller,D,-7,71,64,3086,https://txschools.net/district/royal-isd-237905
114,1167,27,199902,Royse City ISD,Rockwall,C,-7,85,78,10141,https://txschools.net/district/royse-city-isd-199902
114,1167,27,092906,Sabine ISD,Gregg,B,-7,87,80,1567,https://txschools.net/district/sabine-isd-092906
114,1167,27,071904,San Elizario ISD,El Paso,C,-7,78,71,2776,https://txschools.net/district/san-elizario-isd-071904
114,1167,27,101838,Southwest Public Schools,Harris,B,-7,88,81,1727,https://txschools.net/district/southwest-public-schools-101838
142,1167,32,101871,A' Unlimited Potential,Harris,B,-6,88,82,190,https://txschools.net/district/a-unlimited-potential-101871
142,1167,32,043902,Anna ISD,Collin,C,-6,80,74,6686,https://txschools.net/district/anna-isd-043902
142,1167,32,071906,Anthony ISD,El Paso,B,-6,92,86,681,https://txschools.net/district/anthony-isd-071906
142,1167,32,110901,Anton ISD,Hockley,C,-6,80,74,171,https://txschools.net/district/anton-isd-110901
142,1167,32,061907,Aubrey ISD,Denton,C,-6,83,77,4885,https://txschools.net/district/aubrey-isd-061907
142,1167,32,196901,Austwell-Tivoli ISD,Refugio,C,-6,79,73,122,https://txschools.net/district/austwell-tivoli-isd-196901
142,1167,32,101847,Beatrice Mayes Institute Charter School,Harris,C,-6,85,79,628,https://txschools.net/district/beatrice-mayes-institute-charter-school-101847
142,1167,32,147901,Coolidge ISD,Limestone,B,-6,90,84,311,https://txschools.net/district/coolidge-isd-147901
142,1167,32,148905,Darrouzett ISD,Lipscomb,D,-6,73,67,97,https://txschools.net/district/darrouzett-isd-148905
142,1167,32,220918,Eagle Mt-Saginaw ISD,Tarrant,C,-6,83,77,24147,https://txschools.net/district/eagle-mt-saginaw-isd-220918
142,1167,32,220904,Everman ISD,Tarrant,C,-6,81,75,4704,https://txschools.net/district/everman-isd-220904
142,1167,32,091905,Howe ISD,Grayson,C,-6,83,77,1191,https://txschools.net/district/howe-isd-091905
142,1167,32,146905,Hull-Daisetta ISD,Liberty,D,-6,69,63,425,https://txschools.net/district/hull-daisetta-isd-146905
142,1167,32,246906,Hutto ISD,Williamson,C,-6,81,75,11069,https://txschools.net/district/hutto-isd-246906
142,1167,32,124901,Jim Hogg County ISD,Jim Hogg,C,-6,85,79,927,https://txschools.net/district/jim-hogg-county-isd-124901
142,1167,32,057839,La Academia De Estrellas,Dallas,C,-6,82,76,1021,https://txschools.net/district/la-academia-de-estrellas-057839
142,1167,32,031905,La Feria ISD,Cameron,C,-6,81,75,2754,https://txschools.net/district/la-feria-isd-031905
142,1167,32,161906,La Vega ISD,McLennan,C,-6,78,72,3079,https://txschools.net/district/la-vega-isd-161906
142,1167,32,245901,Lasara ISD,Willacy,B,-6,86,80,330,https://txschools.net/district/lasara-isd-245901
142,1167,32,062906,Meyersville ISD,Dewitt,B,-6,91,85,167,https://txschools.net/district/meyersville-isd-062906
142,1167,32,070909,Milford ISD,Ellis,C,-6,81,75,277,https://txschools.net/district/milford-isd-070909
142,1167,32,107908,Murchison ISD,Henderson,D,-6,71,65,187,https://txschools.net/district/murchison-isd-107908
142,1167,32,089903,Nixon-Smiley CISD,Gonzales,C,-6,84,78,994,https://txschools.net/district/nixon-smiley-cisd-089903
142,1167,32,057827,Nova Academy Southeast,Dallas,B,-6,87,81,181,https://txschools.net/district/nova-academy-southeast-057827
142,1167,32,001907,Palestine ISD,Anderson,C,-6,83,77,3144,https://txschools.net/district/palestine-isd-001907
142,1167,32,249906,Paradise ISD,Wise,B,-6,89,83,1372,https://txschools.net/district/paradise-isd-249906
142,1167,32,184901,Poolville ISD,Parker,C,-6,83,77,764,https://txschools.net/district/poolville-isd-184901
142,1167,32,236802,Sam Houston State University Charter School,Walker,B,-6,91,85,343,https://txschools.net/district/sam-houston-state-university-charter-school-236802
142,1167,32,206901,San Saba ISD,San Saba,C,-6,79,73,686,https://txschools.net/district/san-saba-isd-206901
142,1167,32,026903,Snook ISD,Burleson,B,-6,86,80,585,https://txschools.net/district/snook-isd-026903
142,1167,32,208902,Snyder ISD,Scurry,C,-6,77,71,2220,https://txschools.net/district/snyder-isd-208902
142,1167,32,146907,Tarkington ISD,Liberty,C,-6,79,73,1864,https://txschools.net/district/tarkington-isd-146907
142,1167,32,062905,Westhoff ISD,Dewitt,B,-6,89,83,100,https://txschools.net/district/westhoff-isd-062905
175,1167,31,022901,Alpine ISD,Brewster,C,-5,84,79,956,https://txschools.net/district/alpine-isd-022901
175,1167,31,148901,Booker ISD,Lipscomb,B,-5,87,82,335,https://txschools.net/district/booker-isd-148901
175,1167,31,121902,Brookeland ISD,Jasper,B,-5,88,83,391,https://txschools.net/district/brookeland-isd-121902
175,1167,31,161919,Bruceville-Eddy ISD,McLennan,C,-5,75,70,505,https://txschools.net/district/bruceville-eddy-isd-161919
175,1167,31,064903,Carrizo Springs CISD,Dimmit,C,-5,78,73,1796,https://txschools.net/district/carrizo-springs-cisd-064903
175,1167,31,003907,Central ISD,Angelina,C,-5,81,76,1491,https://txschools.net/district/central-isd-003907
175,1167,31,251901,Denver City ISD,Yoakum,B,-5,85,80,1395,https://txschools.net/district/denver-city-isd-251901
175,1167,31,148902,Follett ISD,Lipscomb,C,-5,77,72,170,https://txschools.net/district/follett-isd-148902
175,1167,31,165902,Greenwood ISD,Midland,C,-5,82,77,3621,https://txschools.net/district/greenwood-isd-165902
175,1167,31,147902,Groesbeck ISD,Limestone,C,-5,81,76,1457,https://txschools.net/district/groesbeck-isd-147902
175,1167,31,084908,Hitchcock ISD,Galveston,D,-5,72,67,1937,https://txschools.net/district/hitchcock-isd-084908
175,1167,31,101828,Houston Gateway Academy Inc,Harris,B,-5,92,87,2364,https://txschools.net/district/houston-gateway-academy-inc-101828
175,1167,31,007902,Jourdanton ISD,Atascosa,C,-5,83,78,1561,https://txschools.net/district/jourdanton-isd-007902
175,1167,31,100903,Kountze ISD,Hardin,C,-5,84,79,1163,https://txschools.net/district/kountze-isd-100903
175,1167,31,049907,Lindsay ISD,Cooke,B,-5,91,86,504,https://txschools.net/district/lindsay-isd-049907
175,1167,31,043911,Princeton ISD,Collin,B,-5,86,81,11375,https://txschools.net/district/princeton-isd-043911
175,1167,31,034907,Queen City ISD,Cass,C,-5,84,79,860,https://txschools.net/district/queen-city-isd-034907
175,1167,31,250904,Quitman ISD,Wood,B,-5,86,81,1216,https://txschools.net/district/quitman-isd-250904
175,1167,31,126907,Rio Vista ISD,Johnson,C,-5,84,79,1031,https://txschools.net/district/rio-vista-isd-126907
175,1167,31,177901,Roscoe Collegiate ISD,Nolan,F,-5,62,57,14905,https://txschools.net/district/roscoe-collegiate-isd-177901
175,1167,31,178808,Seashore Charter Schools,Nueces,B,-5,85,80,422,https://txschools.net/district/seashore-charter-schools-178808
175,1167,31,108911,Sharyland ISD,Hidalgo,B,-5,93,88,9653,https://txschools.net/district/sharyland-isd-108911
175,1167,31,013905,Skidmore-Tynan ISD,Bee,B,-5,89,84,769,https://txschools.net/district/skidmore-tynan-isd-013905
175,1167,31,098904,Spearman ISD,Hansford,B,-5,92,87,652,https://txschools.net/district/spearman-isd-098904
175,1167,31,101864,The Lawson Academy,Harris,B,-5,86,81,317,https://txschools.net/district/the-lawson-academy-101864
175,1167,31,074912,Trenton ISD,Fannin,B,-5,87,82,730,https://txschools.net/district/trenton-isd-074912
175,1167,31,057813,Trinity Basin Preparatory,Dallas,C,-5,80,75,6741,https://txschools.net/district/trinity-basin-preparatory-057813
175,1167,31,240801,Triumph Public High Schools Central Texas,Webb,B,-5,93,88,362,https://txschools.net/district/triumph-public-high-schools-central-texas-240801
175,1167,31,018904,Valley Mills ISD,Bosque,C,-5,82,77,664,https://txschools.net/district/valley-mills-isd-018904
175,1167,31,091908,Van Alstyne ISD,Grayson,B,-5,92,87,2856,https://txschools.net/district/van-alstyne-isd-091908
175,1167,31,226906,Wall ISD,Tom Green,B,-5,94,89,1306,https://txschools.net/district/wall-isd-226906
175,1167,31,229904,Warren ISD,Tyler,C,-5,78,73,1178,https://txschools.net/district/warren-isd-229904
207,1167,39,101849,Accelerated Intermediate Academy,Harris,A,-4,95,91,166,https://txschools.net/district/accelerated-intermediate-academy-101849
207,1167,39,020902,Angleton ISD,Brazoria,B,-4,88,84,7241,https://txschools.net/district/angleton-isd-020902
207,1167,39,178913,Banquete ISD,Nueces,B,-4,87,83,724,https://txschools.net/district/banquete-isd-178913
207,1167,39,230901,Big Sandy ISD,Upshur,C,-4,78,74,643,https://txschools.net/district/big-sandy-isd-230901
207,1167,39,136901,Brackett ISD,Kinney,C,-4,80,76,490,https://txschools.net/district/brackett-isd-136901
207,1167,39,145901,Buffalo ISD,Leon,B,-4,89,85,971,https://txschools.net/district/buffalo-isd-145901
207,1167,39,071801,Burnham Wood Charter School District,El Paso,B,-4,87,83,1895,https://txschools.net/district/burnham-wood-charter-school-district-071801
207,1167,39,225906,Chapel Hill ISD,Titus,B,-4,88,84,943,https://txschools.net/district/chapel-hill-isd-225906
207,1167,39,168901,Colorado ISD,Mitchell,C,-4,81,77,901,https://txschools.net/district/colorado-isd-168901
207,1167,39,082902,Dilley ISD,Frio,C,-4,78,74,830,https://txschools.net/district/dilley-isd-082902
207,1167,39,086024,Doss Consolidated CSD,Gillespie,B,-4,89,85,18,https://txschools.net/district/doss-consolidated-csd-086024
207,1167,39,001903,Elkhart ISD,Anderson,B,-4,86,82,1175,https://txschools.net/district/elkhart-isd-001903
207,1167,39,128904,Falls City ISD,Karnes,A,-4,94,90,452,https://txschools.net/district/falls-city-isd-128904
207,1167,39,101804,George I Sanchez Charter,Harris,C,-4,79,75,941,https://txschools.net/district/george-i-sanchez-charter-101804
207,1167,39,252901,Graham ISD,Young,C,-4,81,77,2139,https://txschools.net/district/graham-isd-252901
207,1167,39,146904,Hardin ISD,Liberty,C,-4,77,73,1175,https://txschools.net/district/hardin-isd-146904
207,1167,39,074907,Honey Grove ISD,Fannin,B,-4,91,87,674,https://txschools.net/district/honey-grove-isd-074907
207,1167,39,016901,Johnson City ISD,Blanco,B,-4,87,83,677,https://txschools.net/district/johnson-city-isd-016901
207,1167,39,129904,Kemp ISD,Kaufman,D,-4,72,68,2017,https://txschools.net/district/kemp-isd-129904
207,1167,39,131001,Kenedy County Wide CSD,Kenedy,B,-4,89,85,123,https://txschools.net/district/kenedy-county-wide-csd-131001
207,1167,39,113905,Latexo ISD,Houston,C,-4,80,76,551,https://txschools.net/district/latexo-isd-113905
207,1167,39,231901,McCamey ISD,Upton,C,-4,77,73,469,https://txschools.net/district/mccamey-isd-231901
207,1167,39,001906,Neches ISD,Anderson,B,-4,91,87,338,https://txschools.net/district/neches-isd-001906
207,1167,39,069902,Nueces Canyon CISD,Edwards,B,-4,87,83,198,https://txschools.net/district/nueces-canyon-cisd-069902
207,1167,39,200906,Olfen ISD,Runnels,B,-4,89,85,137,https://txschools.net/district/olfen-isd-200906
207,1167,39,201908,Overton ISD,Rusk,C,-4,79,75,534,https://txschools.net/district/overton-isd-201908
207,1167,39,179901,Perryton ISD,Ochiltree,B,-4,86,82,1698,https://txschools.net/district/perryton-isd-179901
207,1167,39,251902,Plains ISD,Yoakum,C,-4,81,77,413,https://txschools.net/district/plains-isd-251902
207,1167,39,178908,Port Aransas ISD,Nueces,B,-4,90,86,577,https://txschools.net/district/port-aransas-isd-178908
207,1167,39,028906,Prairie Lea ISD,Caldwell,F,-4,56,52,276,https://txschools.net/district/prairie-lea-isd-028906
207,1167,39,192901,Reagan County ISD,Reagan,C,-4,75,71,840,https://txschools.net/district/reagan-county-isd-192901
207,1167,39,070911,Red Oak ISD,Ellis,C,-4,82,78,6569,https://txschools.net/district/red-oak-isd-070911
207,1167,39,091914,S and S CISD,Grayson,C,-4,78,74,923,https://txschools.net/district/s-and-s-cisd-091914
207,1167,39,061908,Sanger ISD,Denton,B,-4,84,80,2951,https://txschools.net/district/sanger-isd-061908
207,1167,39,075903,Schulenburg ISD,Fayette,C,-4,81,77,644,https://txschools.net/district/schulenburg-isd-075903
207,1167,39,013801,St Mary's Academy Charter School,Bee,C,-4,81,77,329,https://txschools.net/district/st-mary-s-academy-charter-school-013801
207,1167,39,122902,Valentine ISD,Jeff Davis,B,-4,90,86,28,https://txschools.net/district/valentine-isd-122902
207,1167,39,234906,Van ISD,Van Zandt,B,-4,84,80,2265,https://txschools.net/district/van-isd-234906
207,1167,39,018905,Walnut Springs ISD,Bosque,C,-4,75,71,152,https://txschools.net/district/walnut-springs-isd-018905
207,1167,39,240904,Webb CISD,Webb,C,-4,80,76,206,https://txschools.net/district/webb-cisd-240904
247,1167,77,084804,Ambassadors Preparatory Academy,Galveston,A,-3,95,92,140,https://txschools.net/district/ambassadors-preparatory-academy-084804
247,1167,77,101819,Amigos Por Vida-Friends for Life Pub Chtr Sch,Harris,A,-3,93,90,802,https://txschools.net/district/amigos-por-vida-friends-for-life-pub-chtr-sch-101819
247,1167,77,002901,Andrews ISD,Andrews,C,-3,82,79,4159,https://txschools.net/district/andrews-isd-002901
247,1167,77,101803,Aristoi Classical Academy,Harris,B,-3,86,83,1713,https://txschools.net/district/aristoi-classical-academy-101803
247,1167,77,212901,Arp ISD,Smith,C,-3,79,76,918,https://txschools.net/district/arp-isd-212901
247,1167,77,220915,Azle ISD,Tarrant,C,-3,81,78,7166,https://txschools.net/district/azle-isd-220915
247,1167,77,015834,Basis Texas,Bexar,A,-3,96,93,9480,https://txschools.net/district/basis-texas-015834
247,1167,77,066901,Benavides ISD,Duval,D,-3,72,69,352,https://txschools.net/district/benavides-isd-066901
247,1167,77,043917,Blue Ridge ISD,Collin,C,-3,80,77,1056,https://txschools.net/district/blue-ridge-isd-043917
247,1167,77,074903,Bonham ISD,Fannin,C,-3,73,70,1939,https://txschools.net/district/bonham-isd-074903
247,1167,77,181901,Bridge City ISD,Orange,C,-3,82,79,3072,https://txschools.net/district/bridge-city-isd-181901
247,1167,77,031901,Brownsville ISD,Cameron,B,-3,90,87,34296,https://txschools.net/district/brownsville-isd-031901
247,1167,77,043903,Celina ISD,Collin,B,-3,88,85,6337,https://txschools.net/district/celina-isd-043903
247,1167,77,047901,Comanche ISD,Comanche,B,-3,84,81,1327,https://txschools.net/district/comanche-isd-047901
247,1167,77,187904,Corrigan-Camden ISD,Polk,B,-3,85,82,800,https://txschools.net/district/corrigan-camden-isd-187904
247,1167,77,142901,Cotulla ISD,La Salle,C,-3,81,78,1130,https://txschools.net/district/cotulla-isd-142901
247,1167,77,053001,Crockett County Consolidated CSD,Crockett,B,-3,86,83,615,https://txschools.net/district/crockett-county-consolidated-csd-053001
247,1167,77,163901,Devine ISD,Medina,C,-3,77,74,1975,https://txschools.net/district/devine-isd-163901
247,1167,77,057907,Duncanville ISD,Dallas,C,-3,75,72,10988,https://txschools.net/district/duncanville-isd-057907
247,1167,77,159901,Eagle Pass ISD,Maverick,B,-3,86,83,13415,https://txschools.net/district/eagle-pass-isd-159901
247,1167,77,015836,Eleanor Kolitz Hebrew Language Academy,Bexar,B,-3,92,89,464,https://txschools.net/district/eleanor-kolitz-hebrew-language-academy-015836
247,1167,77,030906,Eula ISD,Callahan,B,-3,87,84,486,https://txschools.net/district/eula-isd-030906
247,1167,77,081902,Fairfield ISD,Freestone,C,-3,82,79,1526,https://txschools.net/district/fairfield-isd-081902
247,1167,77,114904,Forsan ISD,Howard,B,-3,84,81,674,https://txschools.net/district/forsan-isd-114904
247,1167,77,126904,Grandview ISD,Johnson,B,-3,87,84,1417,https://txschools.net/district/grandview-isd-126904
247,1167,77,226907,Grape Creek ISD,Tom Green,C,-3,81,78,1192,https://txschools.net/district/grape-creek-isd-226907
247,1167,77,102905,Harleton ISD,Harrison,B,-3,87,84,702,https://txschools.net/district/harleton-isd-102905
247,1167,77,250902,Hawkins ISD,Wood,C,-3,81,78,776,https://txschools.net/district/hawkins-isd-250902
247,1167,77,065902,Hedley ISD,Donley,B,-3,92,89,85,https://txschools.net/district/hedley-isd-065902
247,1167,77,188903,Highland Park ISD,Potter,B,-3,84,81,723,https://txschools.net/district/highland-park-isd-188903
247,1167,77,120905,Industrial ISD,Jackson,B,-3,92,89,1153,https://txschools.net/district/industrial-isd-120905
247,1167,77,015916,Judson ISD,Bexar,C,-3,74,71,22556,https://txschools.net/district/judson-isd-015916
247,1167,77,129903,Kaufman ISD,Kaufman,B,-3,89,86,4208,https://txschools.net/district/kaufman-isd-129903
247,1167,77,108912,La Joya ISD,Hidalgo,B,-3,83,80,21606,https://txschools.net/district/la-joya-isd-108912
247,1167,77,247903,La Vernia ISD,Wilson,B,-3,87,84,3505,https://txschools.net/district/la-vernia-isd-247903
247,1167,77,227912,Lago Vista ISD,Travis,C,-3,80,77,1864,https://txschools.net/district/lago-vista-isd-227912
247,1167,77,019908,Liberty-Eylau ISD,Bowie,D,-3,69,66,1784,https://txschools.net/district/liberty-eylau-isd-019908
247,1167,77,057807,Life School,Dallas,B,-3,83,80,5560,https://txschools.net/district/life-school-057807
247,1167,77,034905,Linden-Kildare CISD,Cass,B,-3,84,81,585,https://txschools.net/district/linden-kildare-cisd-034905
247,1167,77,178906,London ISD,Nueces,A,-3,93,90,1922,https://txschools.net/district/london-isd-178906
247,1167,77,152906,Lubbock-Cooper ISD,Lubbock,B,-3,90,87,8094,https://txschools.net/district/lubbock-cooper-isd-152906
247,1167,77,107906,Malakoff ISD,Henderson,B,-3,90,87,1522,https://txschools.net/district/malakoff-isd-107906
247,1167,77,094904,Marion ISD,Guadalupe,B,-3,86,83,1741,https://txschools.net/district/marion-isd-094904
247,1167,77,102902,Marshall ISD,Harrison,D,-3,72,69,4726,https://txschools.net/district/marshall-isd-102902
247,1167,77,158904,Matagorda ISD,Matagorda,C,-3,78,75,118,https://txschools.net/district/matagorda-isd-158904
247,1167,77,019903,Maud ISD,Bowie,A,-3,93,90,459,https://txschools.net/district/maud-isd-019903
247,1167,77,011905,McDade ISD,Bastrop,C,-3,73,70,373,https://txschools.net/district/mcdade-isd-011905
247,1167,77,161909,McGregor ISD,McLennan,C,-3,80,77,1448,https://txschools.net/district/mcgregor-isd-161909
247,1167,77,090903,McLean ISD,Gray,B,-3,90,87,177,https://txschools.net/district/mclean-isd-090903
247,1167,77,018903,Morgan ISD,Bosque,C,-3,73,70,138,https://txschools.net/district/morgan-isd-018903
247,1167,77,049902,Muenster ISD,Cooke,B,-3,92,89,551,https://txschools.net/district/muenster-isd-049902
247,1167,77,009901,Muleshoe ISD,Bailey,B,-3,84,81,1309,https://txschools.net/district/muleshoe-isd-009901
247,1167,77,163903,Natalia ISD,Medina,C,-3,75,72,1301,https://txschools.net/district/natalia-isd-163903
247,1167,77,015915,Northside ISD,Bexar,C,-3,81,78,98031,https://txschools.net/district/northside-isd-015915
247,1167,77,095904,Petersburg ISD,Hale,A,-3,95,92,230,https://txschools.net/district/petersburg-isd-095904
247,1167,77,172905,Pewitt CISD,Morris,B,-3,86,83,794,https://txschools.net/district/pewitt-cisd-172905
247,1167,77,003801,Pineywoods Community Academy,Angelina,B,-3,87,84,1060,https://txschools.net/district/pineywoods-community-academy-003801
247,1167,77,095905,Plainview ISD,Hale,C,-3,79,76,3811,https://txschools.net/district/plainview-isd-095905
247,1167,77,007905,Pleasanton ISD,Atascosa,C,-3,80,77,3301,https://txschools.net/district/pleasanton-isd-007905
247,1167,77,108910,Progreso ISD,Hidalgo,B,-3,83,80,1291,https://txschools.net/district/progreso-isd-108910
247,1167,77,066005,Ramirez CSD,Duval,D,-3,72,69,24,https://txschools.net/district/ramirez-csd-066005
247,1167,77,045903,Rice CISD,Colorado,C,-3,79,76,1287,https://txschools.net/district/rice-cisd-045903
247,1167,77,031911,Rio Hondo ISD,Cameron,C,-3,80,77,1312,https://txschools.net/district/rio-hondo-isd-031911
247,1167,77,194903,Rivercrest ISD,Red River,B,-3,87,84,665,https://txschools.net/district/rivercrest-isd-194903
247,1167,77,160904,Rochelle ISD,McCulloch,A,-3,98,95,166,https://txschools.net/district/rochelle-isd-160904
247,1167,77,207901,Schleicher ISD,Schleicher,B,-3,85,82,383,https://txschools.net/district/schleicher-isd-207901
247,1167,77,012901,Seymour ISD,Baylor,B,-3,91,88,598,https://txschools.net/district/seymour-isd-012901
247,1167,77,152909,Shallowater ISD,Lubbock,B,-3,92,89,1714,https://txschools.net/district/shallowater-isd-152909
247,1167,77,047905,Sidney ISD,Comanche,A,-3,93,90,115,https://txschools.net/district/sidney-isd-047905
247,1167,77,205906,Sinton ISD,San Patricio,B,-3,83,80,1959,https://txschools.net/district/sinton-isd-205906
247,1167,77,152903,Slaton ISD,Lubbock,C,-3,77,74,1308,https://txschools.net/district/slaton-isd-152903
247,1167,77,149902,Three Rivers ISD,Live Oak,C,-3,74,71,541,https://txschools.net/district/three-rivers-isd-149902
247,1167,77,178912,Tuloso-Midway ISD,Nueces,B,-3,84,81,3659,https://txschools.net/district/tuloso-midway-isd-178912
247,1167,77,057803,Uplift Education,Dallas,B,-3,83,80,23539,https://txschools.net/district/uplift-education-057803
247,1167,77,180902,Vega ISD,Oldham,A,-3,93,90,354,https://txschools.net/district/vega-isd-180902
247,1167,77,161914,Waco ISD,McLennan,D,-3,69,66,12892,https://txschools.net/district/waco-isd-161914
247,1167,77,153907,Wilson ISD,Lynn,C,-3,78,75,120,https://txschools.net/district/wilson-isd-153907
247,1167,77,248902,Wink-Loving ISD,Winkler,B,-3,88,85,434,https://txschools.net/district/wink-loving-isd-248902
325,1167,68,140901,Amherst ISD,Lamb,B,-2,83,81,102,https://txschools.net/district/amherst-isd-140901
325,1167,68,013901,Beeville ISD,Bee,C,-2,77,75,2871,https://txschools.net/district/beeville-isd-013901
325,1167,68,027903,Burnet CISD,Burnet,C,-2,73,71,3224,https://txschools.net/district/burnet-cisd-027903
325,1167,68,178903,Calallen ISD,Nueces,B,-2,86,84,3677,https://txschools.net/district/calallen-isd-178903
325,1167,68,026901,Caldwell ISD,Burleson,B,-2,85,83,1828,https://txschools.net/district/caldwell-isd-026901
325,1167,68,220919,Carroll ISD,Tarrant,A,-2,95,93,7866,https://txschools.net/district/carroll-isd-220919
325,1167,68,183902,Carthage ISD,Panola,B,-2,82,80,2602,https://txschools.net/district/carthage-isd-183902
325,1167,68,145902,Centerville ISD,Leon,C,-2,79,77,633,https://txschools.net/district/centerville-isd-145902
325,1167,68,067902,Cisco ISD,Eastland,B,-2,85,83,861,https://txschools.net/district/cisco-isd-067902
325,1167,68,175903,Corsicana ISD,Navarro,C,-2,75,73,5910,https://txschools.net/district/corsicana-isd-175903
325,1167,68,129901,Crandall ISD,Kaufman,C,-2,75,73,7455,https://txschools.net/district/crandall-isd-129901
325,1167,68,113901,Crockett ISD,Houston,D,-2,70,68,1098,https://txschools.net/district/crockett-isd-113901
325,1167,68,054901,Crosbyton CISD,Crosby,C,-2,78,76,293,https://txschools.net/district/crosbyton-cisd-054901
325,1167,68,254901,Crystal City ISD,Zavala,C,-2,76,74,1480,https://txschools.net/district/crystal-city-isd-254901
325,1167,68,112905,Cumby Collegiate ISD,Hopkins,C,-2,80,78,485,https://txschools.net/district/cumby-collegiate-isd-112905
325,1167,68,020910,Damon ISD,Brazoria,B,-2,90,88,87,https://txschools.net/district/damon-isd-020910
325,1167,68,146903,Devers ISD,Liberty,A,-2,95,93,198,https://txschools.net/district/devers-isd-146903
325,1167,68,025909,Early ISD,Brown,B,-2,84,82,1087,https://txschools.net/district/early-isd-025909
325,1167,68,241902,East Bernard ISD,Wharton,B,-2,87,85,987,https://txschools.net/district/east-bernard-isd-241902
325,1167,68,108904,Edinburg CISD,Hidalgo,B,-2,87,85,32466,https://txschools.net/district/edinburg-cisd-108904
325,1167,68,120901,Edna ISD,Jackson,B,-2,87,85,1538,https://txschools.net/district/edna-isd-120901
325,1167,68,057833,Education Center International Academy,Dallas,D,-2,69,67,144,https://txschools.net/district/education-center-international-academy-057833
325,1167,68,102906,Elysian Fields ISD,Harrison,B,-2,82,80,753,https://txschools.net/district/elysian-fields-isd-102906
325,1167,68,210906,Excelsior ISD,Shelby,C,-2,77,75,112,https://txschools.net/district/excelsior-isd-210906
325,1167,68,144901,Giddings ISD,Lee,B,-2,84,82,1798,https://txschools.net/district/giddings-isd-144901
325,1167,68,101911,Goose Creek CISD,Harris,B,-2,82,80,23308,https://txschools.net/district/goose-creek-cisd-101911
325,1167,68,091917,Gunter ISD,Grayson,B,-2,85,83,1153,https://txschools.net/district/gunter-isd-091917
325,1167,68,101858,Harmony Public Schools - Houston North,Harris,B,-2,89,87,8807,https://txschools.net/district/harmony-public-schools-houston-north-101858
325,1167,68,071806,Harmony Public Schools - West Texas,El Paso,B,-2,90,88,6738,https://txschools.net/district/harmony-public-schools-west-texas-071806
325,1167,68,105906,Hays CISD,Hays,B,-2,83,81,24938,https://txschools.net/district/hays-cisd-105906
325,1167,68,198905,Hearne ISD,Robertson,D,-2,66,64,719,https://txschools.net/district/hearne-isd-198905
325,1167,68,003902,Hudson ISD,Angelina,B,-2,87,85,2755,https://txschools.net/district/hudson-isd-003902
325,1167,68,043801,Imagine International Academy of North Texas,Collin,A,-2,97,95,1438,https://txschools.net/district/imagine-international-academy-of-north-texas-043801
325,1167,68,105801,Katherine Anne Porter School,Hays,D,-2,68,66,76,https://txschools.net/district/katherine-anne-porter-school-105801
325,1167,68,128902,Kenedy ISD,Karnes,B,-2,83,81,733,https://txschools.net/district/kenedy-isd-128902
325,1167,68,092902,Kilgore ISD,Gregg,C,-2,77,75,3576,https://txschools.net/district/kilgore-isd-092902
325,1167,68,137901,Kingsville ISD,Kleberg,D,-2,68,66,2341,https://txschools.net/district/kingsville-isd-137901
325,1167,68,232901,Knippa ISD,Uvalde,A,-2,94,92,408,https://txschools.net/district/knippa-isd-232901
325,1167,68,057913,Lancaster ISD,Dallas,B,-2,82,80,6431,https://txschools.net/district/lancaster-isd-057913
325,1167,68,145911,Leon ISD,Leon,B,-2,87,85,790,https://txschools.net/district/leon-isd-145911
325,1167,68,144902,Lexington ISD,Lee,B,-2,84,82,1014,https://txschools.net/district/lexington-isd-144902
325,1167,68,141902,Lometa ISD,Lampasas,B,-2,82,80,293,https://txschools.net/district/lometa-isd-141902
325,1167,68,003903,Lufkin ISD,Angelina,C,-2,81,79,6678,https://txschools.net/district/lufkin-isd-003903
325,1167,68,028903,Luling ISD,Caldwell,C,-2,78,76,1431,https://txschools.net/district/luling-isd-028903
325,1167,68,007904,Lytle ISD,Atascosa,D,-2,71,69,1803,https://txschools.net/district/lytle-isd-007904
325,1167,68,154901,Madisonville CISD,Madison,B,-2,91,89,2339,https://txschools.net/district/madisonville-cisd-154901
325,1167,68,227907,Manor ISD,Travis,D,-2,68,66,9826,https://txschools.net/district/manor-isd-227907
325,1167,68,223902,Meadow ISD,Terry,B,-2,87,85,199,https://txschools.net/district/meadow-isd-223902
325,1167,68,184904,Millsap ISD,Parker,B,-2,84,82,1068,https://txschools.net/district/millsap-isd-184904
325,1167,68,250903,Mineola ISD,Wood,B,-2,86,84,1790,https://txschools.net/district/mineola-isd-250903
325,1167,68,143902,Moulton ISD,Lavaca,B,-2,86,84,258,https://txschools.net/district/moulton-isd-143902
325,1167,68,035903,Nazareth ISD,Castro,A,-2,97,95,239,https://txschools.net/district/nazareth-isd-035903
325,1167,68,252902,Newcastle ISD,Young,B,-2,91,89,231,https://txschools.net/district/newcastle-isd-252902
325,1167,68,015910,North East ISD,Bexar,B,-2,83,81,53464,https://txschools.net/district/north-east-isd-015910
325,1167,68,031909,Point Isabel ISD,Cameron,B,-2,84,82,1718,https://txschools.net/district/point-isabel-isd-031909
325,1167,68,125905,Premont ISD,Jim Wells,C,-2,79,77,761,https://txschools.net/district/premont-isd-125905
325,1167,68,190903,Rains ISD,Rains,C,-2,74,72,1664,https://txschools.net/district/rains-isd-190903
325,1167,68,175911,Rice ISD,Navarro,B,-2,89,87,1094,https://txschools.net/district/rice-isd-175911
325,1167,68,075908,Round Top-Carmine ISD,Fayette,B,-2,91,89,237,https://txschools.net/district/round-top-carmine-isd-075908
325,1167,68,074917,Sam Rayburn ISD,Fannin,B,-2,90,88,477,https://txschools.net/district/sam-rayburn-isd-074917
325,1167,68,057836,St Anthony School,Dallas,B,-2,89,87,321,https://txschools.net/district/st-anthony-school-057836
325,1167,68,112901,Sulphur Springs ISD,Hopkins,C,-2,79,77,4060,https://txschools.net/district/sulphur-springs-isd-112901
325,1167,68,210904,Tenaha ISD,Shelby,C,-2,79,77,402,https://txschools.net/district/tenaha-isd-210904
325,1167,68,222901,Terrell County ISD,Terrell,B,-2,89,87,108,https://txschools.net/district/terrell-county-isd-222901
325,1167,68,108916,Valley View ISD,Hidalgo,A,-2,93,91,3304,https://txschools.net/district/valley-view-isd-108916
325,1167,68,108808,Vanguard Academy,Hidalgo,A,-2,92,90,6739,https://txschools.net/district/vanguard-academy-108808
325,1167,68,200904,Winters ISD,Runnels,B,-2,82,80,499,https://txschools.net/district/winters-isd-200904
325,1167,68,174906,Woden ISD,Nacogdoches,B,-2,86,84,824,https://txschools.net/district/woden-isd-174906
325,1167,68,224902,Woodson ISD,Throckmorton,B,-2,91,89,158,https://txschools.net/district/woodson-isd-224902
394,1167,62,109901,Abbott ISD,Hill,A,-1,95,94,285,https://txschools.net/district/abbott-isd-109901
394,1167,62,107901,Athens ISD,Henderson,C,-1,77,76,2938,https://txschools.net/district/athens-isd-107901
394,1167,62,227825,Austin Achieve Public Schools,Travis,C,-1,72,71,2852,https://txschools.net/district/austin-achieve-public-schools-227825
394,1167,62,227901,Austin ISD,Travis,B,-1,82,81,69000,https://txschools.net/district/austin-isd-227901
394,1167,62,183901,Beckville ISD,Panola,B,-1,89,88,652,https://txschools.net/district/beckville-isd-183901
394,1167,62,188904,Bushland ISD,Potter,B,-1,90,89,1424,https://txschools.net/district/bushland-isd-188904
394,1167,62,116901,Caddo Mills ISD,Hunt,B,-1,88,87,3325,https://txschools.net/district/caddo-mills-isd-116901
394,1167,62,191901,Canyon ISD,Randall,B,-1,88,87,11527,https://txschools.net/district/canyon-isd-191901
394,1167,62,161920,China Spring ISD,McLennan,B,-1,89,88,2980,https://txschools.net/district/china-spring-isd-161920
394,1167,62,065901,Clarendon ISD,Donley,C,-1,80,79,403,https://txschools.net/district/clarendon-isd-065901
394,1167,62,130902,Comfort ISD,Kendall,C,-1,76,75,1012,https://txschools.net/district/comfort-isd-130902
394,1167,62,116903,Commerce ISD,Hunt,D,-1,68,67,1526,https://txschools.net/district/commerce-isd-116903
394,1167,62,068802,Compass Academy Charter School,Ector,C,-1,75,74,1759,https://txschools.net/district/compass-academy-charter-school-068802
394,1167,62,107904,Cross Roads ISD,Henderson,B,-1,86,85,541,https://txschools.net/district/cross-roads-isd-107904
394,1167,62,056901,Dalhart ISD,Dallam,C,-1,74,73,1801,https://txschools.net/district/dalhart-isd-056901
394,1167,62,061901,Denton ISD,Denton,C,-1,77,76,33101,https://txschools.net/district/denton-isd-061901
394,1167,62,194905,Detroit ISD,Red River,C,-1,77,76,469,https://txschools.net/district/detroit-isd-194905
394,1167,62,113902,Grapeland ISD,Houston,C,-1,77,76,578,https://txschools.net/district/grapeland-isd-113902
394,1167,62,015835,Great Hearts Texas,Bexar,B,-1,83,82,14038,https://txschools.net/district/great-hearts-texas-015835
394,1167,62,102904,Hallsville ISD,Harrison,C,-1,79,78,26808,https://txschools.net/district/hallsville-isd-102904
394,1167,62,103902,Hartley ISD,Hartley,A,-1,95,94,242,https://txschools.net/district/hartley-isd-103902
394,1167,62,104901,Haskell CISD,Haskell,B,-1,84,83,545,https://txschools.net/district/haskell-cisd-104901
394,1167,62,015815,Heritage Academy,Bexar,A,-1,91,90,574,https://txschools.net/district/heritage-academy-015815
394,1167,62,163904,Hondo ISD,Medina,C,-1,76,75,1720,https://txschools.net/district/hondo-isd-163904
394,1167,62,019902,Hooks ISD,Bowie,B,-1,83,82,883,https://txschools.net/district/hooks-isd-019902
394,1167,62,034903,Hughes Springs ISD,Cass,B,-1,86,85,1044,https://txschools.net/district/hughes-springs-isd-034903
394,1167,62,220916,Hurst-Euless-Bedford ISD,Tarrant,B,-1,88,87,23159,https://txschools.net/district/hurst-euless-bedford-isd-220916
394,1167,62,152910,Idalou ISD,Lubbock,A,-1,91,90,1036,https://txschools.net/district/idalou-isd-152910
394,1167,62,186903,Iraan-Sheffield Collegiate ISD,Pecos,C,-1,80,79,514,https://txschools.net/district/iraan-sheffield-collegiate-isd-186903
394,1167,62,133903,Kerrville ISD,Kerr,B,-1,82,81,4402,https://txschools.net/district/kerrville-isd-133903
394,1167,62,107910,Lapoynor ISD,Henderson,C,-1,77,76,465,https://txschools.net/district/lapoynor-isd-107910
394,1167,62,110902,Levelland ISD,Hockley,B,-1,81,80,2398,https://txschools.net/district/levelland-isd-110902
394,1167,62,061902,Lewisville ISD,Denton,B,-1,84,83,46328,https://txschools.net/district/lewisville-isd-061902
394,1167,62,146906,Liberty ISD,Liberty,C,-1,77,76,2406,https://txschools.net/district/liberty-isd-146906
394,1167,62,161907,Lorena ISD,McLennan,A,-1,92,91,1740,https://txschools.net/district/lorena-isd-161907
394,1167,62,043919,Lovejoy ISD,Collin,A,-1,95,94,3841,https://txschools.net/district/lovejoy-isd-043919
394,1167,62,057844,Manara Academy,Dallas,B,-1,83,82,658,https://txschools.net/district/manara-academy-057844
394,1167,62,108907,Mercedes ISD,Hidalgo,C,-1,74,73,3940,https://txschools.net/district/mercedes-isd-108907
394,1167,62,112907,Miller Grove ISD,Hopkins,B,-1,87,86,314,https://txschools.net/district/miller-grove-isd-112907
394,1167,62,169908,Montague ISD,Montague,A,-1,94,93,170,https://txschools.net/district/montague-isd-169908
394,1167,62,170908,New Caney ISD,Montgomery,C,-1,80,79,19642,https://txschools.net/district/new-caney-isd-170908
394,1167,62,061911,Northwest ISD,Denton,B,-1,83,82,32722,https://txschools.net/district/northwest-isd-061911
394,1167,62,182906,Palo Pinto ISD,Palo Pinto,A,-1,93,92,92,https://txschools.net/district/palo-pinto-isd-182906
394,1167,62,019912,Pleasant Grove ISD,Bowie,A,-1,92,91,2348,https://txschools.net/district/pleasant-grove-isd-019912
394,1167,62,007906,Poteet ISD,Atascosa,D,-1,67,66,1867,https://txschools.net/district/poteet-isd-007906
394,1167,62,099903,Quanah ISD,Hardeman,B,-1,88,87,396,https://txschools.net/district/quanah-isd-099903
394,1167,62,101806,Raul Yzaguirre Schools for Success,Harris,B,-1,88,87,2180,https://txschools.net/district/raul-yzaguirre-schools-for-success-101806
394,1167,62,019911,Red Lick ISD,Bowie,A,-1,91,90,515,https://txschools.net/district/red-lick-isd-019911
394,1167,62,019906,Redwater ISD,Bowie,B,-1,87,86,1092,https://txschools.net/district/redwater-isd-019906
394,1167,62,161912,Riesel ISD,McLennan,B,-1,90,89,683,https://txschools.net/district/riesel-isd-161912
394,1167,62,110905,Ropes ISD,Hockley,A,-1,94,93,670,https://txschools.net/district/ropes-isd-110905
394,1167,62,169911,Saint Jo ISD,Montague,B,-1,83,82,298,https://txschools.net/district/saint-jo-isd-169911
394,1167,62,245904,San Perlita ISD,Willacy,B,-1,86,85,174,https://txschools.net/district/san-perlita-isd-245904
394,1167,62,101924,Sheldon ISD,Harris,C,-1,80,79,10576,https://txschools.net/district/sheldon-isd-101924
394,1167,62,115902,Sierra Blanca ISD,Hudspeth,C,-1,79,78,97,https://txschools.net/district/sierra-blanca-isd-115902
394,1167,62,170907,Splendora ISD,Montgomery,C,-1,74,73,5882,https://txschools.net/district/splendora-isd-170907
394,1167,62,229905,Spurger ISD,Tyler,B,-1,81,80,375,https://txschools.net/district/spurger-isd-229905
394,1167,62,020906,Sweeny ISD,Brazoria,C,-1,80,79,1691,https://txschools.net/district/sweeny-isd-020906
394,1167,62,177902,Sweetwater ISD,Nolan,C,-1,73,72,1738,https://txschools.net/district/sweetwater-isd-177902
394,1167,62,022004,Terlingua CSD,Brewster,D,-1,64,63,140,https://txschools.net/district/terlingua-csd-022004
394,1167,62,101861,The Rhodes School for Performing Arts,Harris,B,-1,84,83,405,https://txschools.net/district/the-rhodes-school-for-performing-arts-101861
394,1167,62,212804,UT Tyler University Academy,Smith,A,-1,96,95,1224,https://txschools.net/district/ut-tyler-university-academy-212804
394,1167,62,221912,Wylie ISD,Taylor,B,-1,89,88,5617,https://txschools.net/district/wylie-isd-221912
457,1167,73,043901,Allen ISD,Collin,A,0,90,90,20092,https://txschools.net/district/allen-isd-043901
457,1167,73,205901,Aransas Pass ISD,San Patricio,C,0,75,75,1595,https://txschools.net/district/aransas-pass-isd-205901
457,1167,73,220901,Arlington ISD,Tarrant,C,0,78,78,51102,https://txschools.net/district/arlington-isd-220901
457,1167,73,194902,Avery ISD,Red River,A,0,93,93,295,https://txschools.net/district/avery-isd-194902
457,1167,73,158901,Bay City ISD,Matagorda,C,0,79,79,3312,https://txschools.net/district/bay-city-isd-158901
457,1167,73,220902,Birdville ISD,Tarrant,C,0,79,79,22044,https://txschools.net/district/birdville-isd-220902
457,1167,73,184909,Brock ISD,Parker,A,0,91,91,2181,https://txschools.net/district/brock-isd-184909
457,1167,73,021902,Bryan ISD,Brazos,C,0,77,77,15653,https://txschools.net/district/bryan-isd-021902
457,1167,73,119901,Bryson ISD,Jack,B,0,89,89,262,https://txschools.net/district/bryson-isd-119901
457,1167,73,212902,Bullard ISD,Smith,B,0,89,89,2853,https://txschools.net/district/bullard-isd-212902
457,1167,73,243901,Burkburnett ISD,Wichita,C,0,77,77,3142,https://txschools.net/district/burkburnett-isd-243901
457,1167,73,049905,Callisburg ISD,Cooke,C,0,78,78,1139,https://txschools.net/district/callisburg-isd-049905
457,1167,73,234902,Canton ISD,Van Zandt,B,0,86,86,2249,https://txschools.net/district/canton-isd-234902
457,1167,73,057903,Carrollton-Farmers Branch ISD,Dallas,B,0,81,81,22831,https://txschools.net/district/carrollton-farmers-branch-isd-057903
457,1167,73,038901,Childress ISD,Childress,B,0,81,81,901,https://txschools.net/district/childress-isd-038901
457,1167,73,226901,Christoval ISD,Tom Green,B,0,87,87,628,https://txschools.net/district/christoval-isd-226901
457,1167,73,243906,City View ISD,Wichita,B,0,81,81,1169,https://txschools.net/district/city-view-isd-243906
457,1167,73,126903,Cleburne ISD,Johnson,C,0,78,78,6776,https://txschools.net/district/cleburne-isd-126903
457,1167,73,146901,Cleveland ISD,Liberty,D,0,65,65,12648,https://txschools.net/district/cleveland-isd-146901
457,1167,73,172902,Daingerfield-Lone Star ISD,Morris,C,0,79,79,988,https://txschools.net/district/daingerfield-lone-star-isd-172902
457,1167,73,249905,Decatur ISD,Wise,C,0,76,76,3801,https://txschools.net/district/decatur-isd-249905
457,1167,73,101908,Deer Park ISD,Harris,B,0,83,83,12001,https://txschools.net/district/deer-park-isd-101908
457,1167,73,091903,Denison ISD,Grayson,C,0,78,78,4742,https://txschools.net/district/denison-isd-091903
457,1167,73,003905,Diboll ISD,Angelina,B,0,82,82,1513,https://txschools.net/district/diboll-isd-003905
457,1167,73,105904,Dripping Springs ISD,Hays,B,0,89,89,8793,https://txschools.net/district/dripping-springs-isd-105904
457,1167,73,071804,El Paso Academy,El Paso,A,0,92,92,294,https://txschools.net/district/el-paso-academy-071804
457,1167,73,079907,Fort Bend ISD,Fort Bend,B,0,82,82,77929,https://txschools.net/district/fort-bend-isd-079907
457,1167,73,084911,Friendswood ISD,Galveston,A,0,92,92,6116,https://txschools.net/district/friendswood-isd-084911
457,1167,73,234909,Fruitvale ISD,Van Zandt,B,0,82,82,390,https://txschools.net/district/fruitvale-isd-234909
457,1167,73,246905,Granger ISD,Williamson,C,0,76,76,573,https://txschools.net/district/granger-isd-246905
457,1167,73,098901,Gruver ISD,Hansford,A,0,94,94,419,https://txschools.net/district/gruver-isd-098901
457,1167,73,015904,Harlandale ISD,Bexar,C,0,74,74,11096,https://txschools.net/district/harlandale-isd-015904
457,1167,73,227816,Harmony Public Schools - Central Texas,Travis,B,0,86,86,5679,https://txschools.net/district/harmony-public-schools-central-texas-227816
457,1167,73,220907,Keller ISD,Tarrant,B,0,84,84,30440,https://txschools.net/district/keller-isd-220907
457,1167,73,220910,Lake Worth ISD,Tarrant,D,0,69,69,3165,https://txschools.net/district/lake-worth-isd-220910
457,1167,73,141901,Lampasas ISD,Lampasas,B,0,84,84,3625,https://txschools.net/district/lampasas-isd-141901
457,1167,73,150901,Llano ISD,Llano,B,0,85,85,2009,https://txschools.net/district/llano-isd-150901
457,1167,73,116906,Lone Oak ISD,Hunt,B,0,85,85,1090,https://txschools.net/district/lone-oak-isd-116906
457,1167,73,092903,Longview ISD,Gregg,B,0,88,88,7906,https://txschools.net/district/longview-isd-092903
457,1167,73,205904,Mathis ISD,San Patricio,B,0,81,81,1364,https://txschools.net/district/mathis-isd-205904
457,1167,73,161903,Midway ISD,McLennan,A,0,90,90,8704,https://txschools.net/district/midway-isd-161903
457,1167,73,200902,Miles ISD,Runnels,A,0,95,95,497,https://txschools.net/district/miles-isd-200902
457,1167,73,093904,Navasota ISD,Grimes,C,0,77,77,3127,https://txschools.net/district/navasota-isd-093904
457,1167,73,220817,Newman International Academy of Arlington,Tarrant,C,0,78,78,2697,https://txschools.net/district/newman-international-academy-of-arlington-220817
457,1167,73,153903,O'Donnell ISD,Lynn,B,0,88,88,235,https://txschools.net/district/o-donnell-isd-153903
457,1167,73,187910,Onalaska ISD,Polk,B,0,81,81,1206,https://txschools.net/district/onalaska-isd-187910
457,1167,73,125903,Orange Grove ISD,Jim Wells,B,0,86,86,1585,https://txschools.net/district/orange-grove-isd-125903
457,1167,73,070910,Palmer ISD,Ellis,B,0,87,87,1382,https://txschools.net/district/palmer-isd-070910
457,1167,73,247904,Poth ISD,Wilson,A,0,91,91,967,https://txschools.net/district/poth-isd-247904
457,1167,73,169909,Prairie Valley ISD,Montague,B,0,88,88,138,https://txschools.net/district/prairie-valley-isd-169909
457,1167,73,139912,Prairiland ISD,Lamar,B,0,82,82,1060,https://txschools.net/district/prairiland-isd-139912
457,1167,73,245903,Raymondville ISD,Willacy,A,0,91,91,1901,https://txschools.net/district/raymondville-isd-245903
457,1167,73,214901,Rio Grande City Grulla ISD,Starr,B,0,86,86,9157,https://txschools.net/district/rio-grande-city-grulla-isd-214901
457,1167,73,152802,Rise Academy,Lubbock,A,0,93,93,287,https://txschools.net/district/rise-academy-152802
457,1167,73,014907,Rogers ISD,Bell,B,0,81,81,856,https://txschools.net/district/rogers-isd-014907
457,1167,73,015907,San Antonio ISD,Bexar,C,0,75,75,42508,https://txschools.net/district/san-antonio-isd-015907
457,1167,73,182904,Santo ISD,Palo Pinto,A,0,91,91,570,https://txschools.net/district/santo-isd-182904
457,1167,73,074911,Savoy ISD,Fannin,C,0,78,78,301,https://txschools.net/district/savoy-isd-074911
457,1167,73,015827,School of Science and Technology,Bexar,B,0,89,89,5855,https://txschools.net/district/school-of-science-and-technology-015827
457,1167,73,015831,School of Science and Technology Discovery,Bexar,A,0,90,90,6366,https://txschools.net/district/school-of-science-and-technology-discovery-015831
457,1167,73,015917,Southside ISD,Bexar,B,0,83,83,6091,https://txschools.net/district/southside-isd-015917
457,1167,73,015807,Southwest Preparatory School,Bexar,C,0,76,76,849,https://txschools.net/district/southwest-preparatory-school-015807
457,1167,73,127906,Stamford ISD,Jones,B,0,85,85,546,https://txschools.net/district/stamford-isd-127906
457,1167,73,174801,Stephen F Austin State University Charter School,Nacogdoches,A,0,95,95,254,https://txschools.net/district/stephen-f-austin-state-university-charter-school-174801
457,1167,73,140908,Sudan ISD,Lamb,B,0,87,87,445,https://txschools.net/district/sudan-isd-140908
457,1167,73,061805,Trivium Academy,Denton,B,0,89,89,503,https://txschools.net/district/trivium-academy-061805
457,1167,73,240903,United ISD,Webb,A,0,90,90,39764,https://txschools.net/district/united-isd-240903
457,1167,73,071809,Vista Del Futuro Charter School,El Paso,B,0,85,85,346,https://txschools.net/district/vista-del-futuro-charter-school-071809
457,1167,73,201914,West Rusk County Consolidated ISD,Rusk,C,0,78,78,1006,https://txschools.net/district/west-rusk-county-consolidated-isd-201914
457,1167,73,073904,Westphalia ISD,Falls,A,0,92,92,148,https://txschools.net/district/westphalia-isd-073904
457,1167,73,241904,Wharton ISD,Wharton,F,0,58,58,1707,https://txschools.net/district/wharton-isd-241904
457,1167,73,229903,Woodville ISD,Tyler,D,0,67,67,1169,https://txschools.net/district/woodville-isd-229903
457,1167,73,043914,Wylie ISD,Collin,A,0,92,92,19400,https://txschools.net/district/wylie-isd-043914
457,1167,73,071905,Ysleta ISD,El Paso,B,0,88,88,32593,https://txschools.net/district/ysleta-isd-071905
531,1167,107,180903,Adrian ISD,Oldham,A,1,89,90,136,https://txschools.net/district/adrian-isd-180903
531,1167,107,030903,Baird ISD,Callahan,B,1,81,82,345,https://txschools.net/district/baird-isd-030903
531,1167,107,025901,Bangs ISD,Brown,B,1,80,81,768,https://txschools.net/district/bangs-isd-025901
531,1167,107,034909,Bloomburg ISD,Cass,B,1,87,88,202,https://txschools.net/district/bloomburg-isd-034909
531,1167,107,160901,Brady ISD,McCulloch,B,1,82,83,857,https://txschools.net/district/brady-isd-160901
531,1167,107,020905,Brazosport ISD,Brazoria,B,1,82,83,10843,https://txschools.net/district/brazosport-isd-020905
531,1167,107,041901,Bronte ISD,Coke,A,1,89,90,224,https://txschools.net/district/bronte-isd-041901
531,1167,107,166907,Buckholts ISD,Milam,C,1,74,75,107,https://txschools.net/district/buckholts-isd-166907
531,1167,107,106901,Canadian ISD,Hemphill,A,1,92,93,675,https://txschools.net/district/canadian-isd-106901
531,1167,107,201913,Carlisle ISD,Rusk,B,1,87,88,656,https://txschools.net/district/carlisle-isd-201913
531,1167,107,101905,Channelview ISD,Harris,B,1,80,81,9086,https://txschools.net/district/channelview-isd-101905
531,1167,107,099902,Chillicothe ISD,Hardeman,B,1,82,83,172,https://txschools.net/district/chillicothe-isd-099902
531,1167,107,073901,Chilton ISD,Falls,A,1,90,91,574,https://txschools.net/district/chilton-isd-073901
531,1167,107,229901,Colmesneil ISD,Tyler,C,1,73,74,388,https://txschools.net/district/colmesneil-isd-229901
531,1167,107,020907,Columbia-Brazoria ISD,Brazoria,C,1,76,77,2942,https://txschools.net/district/columbia-brazoria-isd-020907
531,1167,107,046902,Comal ISD,Comal,B,1,87,88,30341,https://txschools.net/district/comal-isd-046902
531,1167,107,057922,Coppell ISD,Dallas,A,1,92,93,13047,https://txschools.net/district/coppell-isd-057922
531,1167,107,101906,Crosby ISD,Harris,B,1,80,81,7183,https://txschools.net/district/crosby-isd-101906
531,1167,107,030901,Cross Plains ISD,Callahan,B,1,85,86,357,https://txschools.net/district/cross-plains-isd-030901
531,1167,107,055901,Culberson County-Allamoore ISD,Culberson,B,1,81,82,377,https://txschools.net/district/culberson-county-allamoore-isd-055901
531,1167,107,212801,Cumberland Academy,Smith,C,1,72,73,1519,https://txschools.net/district/cumberland-academy-212801
531,1167,107,174902,Cushing ISD,Nacogdoches,B,1,81,82,561,https://txschools.net/district/cushing-isd-174902
531,1167,107,101907,Cypress-Fairbanks ISD,Harris,B,1,85,86,114430,https://txschools.net/district/cypress-fairbanks-isd-101907
531,1167,107,175904,Dawson ISD,Navarro,B,1,81,82,608,https://txschools.net/district/dawson-isd-175904
531,1167,107,227909,Eanes ISD,Travis,A,1,93,94,7524,https://txschools.net/district/eanes-isd-227909
531,1167,107,234903,Edgewood ISD,Van Zandt,B,1,80,81,997,https://txschools.net/district/edgewood-isd-234903
531,1167,107,071902,El Paso ISD,El Paso,B,1,81,82,46113,https://txschools.net/district/el-paso-isd-071902
531,1167,107,060914,Fannindel ISD,Delta,D,1,67,68,152,https://txschools.net/district/fannindel-isd-060914
531,1167,107,043904,Farmersville ISD,Collin,B,1,83,84,2523,https://txschools.net/district/farmersville-isd-043904
531,1167,107,075901,Flatonia ISD,Fayette,A,1,92,93,675,https://txschools.net/district/flatonia-isd-075901
531,1167,107,242906,Fort Elliott CISD,Wheeler,B,1,86,87,133,https://txschools.net/district/fort-elliott-cisd-242906
531,1167,107,220809,Fort Worth Academy of Fine Arts,Tarrant,B,1,85,86,668,https://txschools.net/district/fort-worth-academy-of-fine-arts-220809
531,1167,107,043905,Frisco ISD,Collin,A,1,90,91,62627,https://txschools.net/district/frisco-isd-043905
531,1167,107,122901,Ft Davis ISD,Jeff Davis,C,1,73,74,818,https://txschools.net/district/ft-davis-isd-122901
531,1167,107,049901,Gainesville ISD,Cooke,D,1,68,69,3054,https://txschools.net/district/gainesville-isd-049901
531,1167,107,213901,Glen Rose ISD,Somervell,B,1,87,88,2091,https://txschools.net/district/glen-rose-isd-213901
531,1167,107,111901,Granbury ISD,Hood,B,1,80,81,7850,https://txschools.net/district/granbury-isd-111901
531,1167,107,116905,Greenville ISD,Hunt,C,1,71,72,5435,https://txschools.net/district/greenville-isd-116905
531,1167,107,135001,Guthrie CSD,King,A,1,93,94,99,https://txschools.net/district/guthrie-csd-135001
531,1167,107,219901,Happy ISD,Swisher,A,1,89,90,238,https://txschools.net/district/happy-isd-219901
531,1167,107,101846,Harmony Public Schools - Houston South,Harris,A,1,89,90,4100,https://txschools.net/district/harmony-public-schools-houston-south-101846
531,1167,107,101862,Harmony Public Schools - Houston West,Harris,A,1,93,94,6906,https://txschools.net/district/harmony-public-schools-houston-west-101862
531,1167,107,161807,Harmony Public Schools - North Texas,McLennan,B,1,87,88,11297,https://txschools.net/district/harmony-public-schools-north-texas-161807
531,1167,107,039902,Henrietta ISD,Clay,B,1,80,81,862,https://txschools.net/district/henrietta-isd-039902
531,1167,107,108905,Hidalgo ISD,Hidalgo,B,1,81,82,2788,https://txschools.net/district/hidalgo-isd-108905
531,1167,107,177905,Highland ISD,Nolan,A,1,96,97,211,https://txschools.net/district/highland-isd-177905
531,1167,107,057911,Highland Park ISD,Dallas,A,1,94,95,6215,https://txschools.net/district/highland-park-isd-057911
531,1167,107,005902,Holliday ISD,Archer,A,1,89,90,1127,https://txschools.net/district/holliday-isd-005902
531,1167,107,057848,International Leadership of Texas (ILTexas),Dallas,B,1,80,81,26257,https://txschools.net/district/international-leadership-of-texas-iltexas-057848
531,1167,107,243903,Iowa Park CISD,Wichita,B,1,86,87,1974,https://txschools.net/district/iowa-park-cisd-243903
531,1167,107,132902,Jayton-Girard ISD,Kent,A,1,95,96,187,https://txschools.net/district/jayton-girard-isd-132902
531,1167,107,101914,Katy ISD,Harris,B,1,87,88,95136,https://txschools.net/district/katy-isd-101914
531,1167,107,175907,Kerens ISD,Navarro,B,1,84,85,692,https://txschools.net/district/kerens-isd-175907
531,1167,107,058905,Klondike ISD,Dawson,A,1,93,94,269,https://txschools.net/district/klondike-isd-058905
531,1167,107,058906,Lamesa ISD,Dawson,C,1,74,75,1373,https://txschools.net/district/lamesa-isd-058906
531,1167,107,246913,Leander ISD,Williamson,B,1,86,87,41854,https://txschools.net/district/leander-isd-246913
531,1167,107,090902,Lefors ISD,Gray,C,1,69,70,177,https://txschools.net/district/lefors-isd-090902
531,1167,107,161908,Mart ISD,McLennan,B,1,82,83,597,https://txschools.net/district/mart-isd-161908
531,1167,107,157901,Mason ISD,Mason,A,1,91,92,675,https://txschools.net/district/mason-isd-157901
531,1167,107,070915,Maypearl ISD,Ellis,C,1,77,78,1217,https://txschools.net/district/maypearl-isd-070915
531,1167,107,108906,McAllen ISD,Hidalgo,B,1,88,89,19405,https://txschools.net/district/mcallen-isd-108906
531,1167,107,164901,Menard ISD,Menard,B,1,84,85,249,https://txschools.net/district/menard-isd-164901
531,1167,107,057914,Mesquite ISD,Dallas,B,1,79,80,36585,https://txschools.net/district/mesquite-isd-057914
531,1167,107,108908,Mission CISD,Hidalgo,B,1,82,83,13186,https://txschools.net/district/mission-cisd-108908
531,1167,107,238902,Monahans-Wickett-Pyote ISD,Ward,C,1,74,75,2180,https://txschools.net/district/monahans-wickett-pyote-isd-238902
531,1167,107,094903,Navarro ISD,Guadalupe,B,1,83,84,3039,https://txschools.net/district/navarro-isd-094903
531,1167,107,079906,Needville ISD,Fort Bend,A,1,89,90,3673,https://txschools.net/district/needville-isd-079906
531,1167,107,153905,New Home ISD,Lynn,A,1,91,92,685,https://txschools.net/district/new-home-isd-153905
531,1167,107,176902,Newton ISD,Newton,C,1,78,79,946,https://txschools.net/district/newton-isd-176902
531,1167,107,154903,North Zulch ISD,Madison,A,1,94,95,335,https://txschools.net/district/north-zulch-isd-154903
531,1167,107,252903,Olney ISD,Young,B,1,86,87,701,https://txschools.net/district/olney-isd-252903
531,1167,107,181905,Orangefield ISD,Orange,B,1,81,82,1727,https://txschools.net/district/orangefield-isd-181905
531,1167,107,051901,Paducah ISD,Cottle,B,1,83,84,137,https://txschools.net/district/paducah-isd-051901
531,1167,107,104907,Paint Creek ISD,Haskell,A,1,93,94,116,https://txschools.net/district/paint-creek-isd-104907
531,1167,107,158905,Palacios ISD,Matagorda,B,1,81,82,1266,https://txschools.net/district/palacios-isd-158905
531,1167,107,033902,Panhandle ISD,Carson,A,1,89,90,576,https://txschools.net/district/panhandle-isd-033902
531,1167,107,042905,Panther Creek CISD,Coleman,B,1,81,82,139,https://txschools.net/district/panther-creek-cisd-042905
531,1167,107,101917,Pasadena ISD,Harris,B,1,83,84,44046,https://txschools.net/district/pasadena-isd-101917
531,1167,107,020908,Pearland ISD,Brazoria,A,1,90,91,20555,https://txschools.net/district/pearland-isd-020908
531,1167,107,108909,Pharr-San Juan-Alamo ISD,Hidalgo,A,1,89,90,29043,https://txschools.net/district/pharr-san-juan-alamo-isd-108909
531,1167,107,061903,Pilot Point ISD,Denton,C,1,76,77,1728,https://txschools.net/district/pilot-point-isd-061903
531,1167,107,032902,Pittsburg ISD,Camp,A,1,90,91,2228,https://txschools.net/district/pittsburg-isd-032902
531,1167,107,043910,Plano ISD,Collin,B,1,84,85,43805,https://txschools.net/district/plano-isd-043910
531,1167,107,067907,Ranger ISD,Eastland,D,1,68,69,262,https://txschools.net/district/ranger-isd-067907
531,1167,107,014908,Salado ISD,Bell,B,1,81,82,2582,https://txschools.net/district/salado-isd-014908
531,1167,107,112909,Saltillo ISD,Hopkins,A,1,90,91,236,https://txschools.net/district/saltillo-isd-112909
531,1167,107,137904,Santa Gertrudis ISD,Kleberg,A,1,92,93,813,https://txschools.net/district/santa-gertrudis-isd-137904
531,1167,107,094902,Schertz-Cibolo-U City ISD,Guadalupe,B,1,80,81,14764,https://txschools.net/district/schertz-cibolo-u-city-isd-094902
531,1167,107,008902,Sealy ISD,Austin,C,1,74,75,3014,https://txschools.net/district/sealy-isd-008902
531,1167,107,001909,Slocum ISD,Anderson,B,1,84,85,330,https://txschools.net/district/slocum-isd-001909
531,1167,107,071909,Socorro ISD,El Paso,B,1,86,87,45850,https://txschools.net/district/socorro-isd-071909
531,1167,107,015912,Southwest ISD,Bexar,C,1,78,79,14839,https://txschools.net/district/southwest-isd-015912
531,1167,107,156902,Stanton ISD,Martin,B,1,83,84,1069,https://txschools.net/district/stanton-isd-156902
531,1167,107,205907,Taft ISD,San Patricio,C,1,74,75,786,https://txschools.net/district/taft-isd-205907
531,1167,107,153904,Tahoka ISD,Lynn,B,1,86,87,556,https://txschools.net/district/tahoka-isd-153904
531,1167,107,081904,Teague ISD,Freestone,B,1,86,87,1166,https://txschools.net/district/teague-isd-081904
531,1167,107,019907,Texarkana ISD,Bowie,C,1,75,76,7623,https://txschools.net/district/texarkana-isd-019907
531,1167,107,101921,Tomball ISD,Harris,A,1,91,92,23202,https://txschools.net/district/tomball-isd-101921
531,1167,107,108804,Triumph Public High Schools-Rio Grande Valley,Hidalgo,B,1,88,89,477,https://txschools.net/district/triumph-public-high-schools-rio-grande-valley-108804
531,1167,107,096905,Turkey-Quitaque ISD,Hall,A,1,94,95,175,https://txschools.net/district/turkey-quitaque-isd-096905
531,1167,107,230908,Union Grove ISD,Upshur,B,1,85,86,710,https://txschools.net/district/union-grove-isd-230908
531,1167,107,230904,Union Hill ISD,Upshur,C,1,74,75,254,https://txschools.net/district/union-hill-isd-230904
531,1167,107,045905,Weimar ISD,Colorado,A,1,90,91,735,https://txschools.net/district/weimar-isd-045905
531,1167,107,223904,Wellman-Union CISD,Terry,A,1,91,92,245,https://txschools.net/district/wellman-union-cisd-223904
531,1167,107,037909,Wells ISD,Cherokee,B,1,83,84,235,https://txschools.net/district/wells-isd-037909
531,1167,107,220810,Westlake Academy Charter School,Tarrant,A,1,97,98,908,https://txschools.net/district/westlake-academy-charter-school-220810
531,1167,107,220920,White Settlement ISD,Tarrant,C,1,74,75,6684,https://txschools.net/district/white-settlement-isd-220920
531,1167,107,116909,Wolfe City ISD,Hunt,B,1,82,83,694,https://txschools.net/district/wolfe-city-isd-116909
639,1167,99,015901,Alamo Heights ISD,Bexar,B,2,86,88,4723,https://txschools.net/district/alamo-heights-isd-015901
639,1167,99,249901,Alvord ISD,Wise,B,2,82,84,875,https://txschools.net/district/alvord-isd-249901
639,1167,99,061910,Argyle ISD,Denton,A,2,90,92,6551,https://txschools.net/district/argyle-isd-061910
639,1167,99,036902,Barbers Hill ISD,Chambers,A,2,91,93,8069,https://txschools.net/district/barbers-hill-isd-036902
639,1167,99,014902,Bartlett ISD,Bell,C,2,77,79,399,https://txschools.net/district/bartlett-isd-014902
639,1167,99,123910,Beaumont ISD,Jefferson,D,2,67,69,15838,https://txschools.net/district/beaumont-isd-123910
639,1167,99,091901,Bells ISD,Grayson,A,2,89,91,1011,https://txschools.net/district/bells-isd-091901
639,1167,99,014903,Belton ISD,Bell,B,2,78,80,13516,https://txschools.net/district/belton-isd-014903
639,1167,99,016902,Blanco ISD,Blanco,B,2,79,81,1106,https://txschools.net/district/blanco-isd-016902
639,1167,99,116915,Bland ISD,Hunt,B,2,85,87,777,https://txschools.net/district/bland-isd-116915
639,1167,99,117901,Borger ISD,Hutchinson,C,2,76,78,2147,https://txschools.net/district/borger-isd-117901
639,1167,99,021803,Brazos School for Inquiry & Creativity,Brazos,C,2,73,75,310,https://txschools.net/district/brazos-school-for-inquiry-creativity-021803
639,1167,99,101837,Calvin Nelms Charter Schools,Harris,A,2,88,90,414,https://txschools.net/district/calvin-nelms-charter-schools-101837
639,1167,99,001902,Cayuga ISD,Anderson,B,2,87,89,574,https://txschools.net/district/cayuga-isd-001902
639,1167,99,174908,Central Heights ISD,Nacogdoches,A,2,90,92,1106,https://txschools.net/district/central-heights-isd-174908
639,1167,99,103901,Channing ISD,Hartley,B,2,80,82,118,https://txschools.net/district/channing-isd-103901
639,1167,99,139905,Chisum ISD,Lamar,B,2,81,83,1167,https://txschools.net/district/chisum-isd-139905
639,1167,99,030902,Clyde CISD,Callahan,B,2,84,86,1421,https://txschools.net/district/clyde-cisd-030902
639,1167,99,170902,Conroe ISD,Montgomery,B,2,83,85,72218,https://txschools.net/district/conroe-isd-170902
639,1167,99,060902,Cooper ISD,Delta,C,2,77,79,879,https://txschools.net/district/cooper-isd-060902
639,1167,99,078901,Crowell ISD,Foard,B,2,86,88,172,https://txschools.net/district/crowell-isd-078901
639,1167,99,220912,Crowley ISD,Tarrant,B,2,78,80,17052,https://txschools.net/district/crowley-isd-220912
639,1167,99,035901,Dimmitt ISD,Castro,C,2,75,77,1072,https://txschools.net/district/dimmitt-isd-035901
639,1167,99,241903,El Campo ISD,Wharton,B,2,79,81,3206,https://txschools.net/district/el-campo-isd-241903
639,1167,99,011902,Elgin ISD,Bastrop,D,2,64,66,6221,https://txschools.net/district/elgin-isd-011902
639,1167,99,070903,Ennis ISD,Ellis,C,2,76,78,6621,https://txschools.net/district/ennis-isd-070903
639,1167,99,121906,Evadale ISD,Jasper,A,2,88,90,450,https://txschools.net/district/evadale-isd-121906
639,1167,99,071903,Fabens ISD,El Paso,B,2,78,80,1812,https://txschools.net/district/fabens-isd-071903
639,1167,99,070905,Ferris ISD,Ellis,B,2,81,83,3031,https://txschools.net/district/ferris-isd-070905
639,1167,99,247901,Floresville ISD,Wilson,B,2,79,81,3893,https://txschools.net/district/floresville-isd-247901
639,1167,99,101910,Galena Park ISD,Harris,B,2,86,88,20108,https://txschools.net/district/galena-park-isd-101910
639,1167,99,230902,Gilmer ISD,Upshur,B,2,85,87,2923,https://txschools.net/district/gilmer-isd-230902
639,1167,99,167901,Goldthwaite ISD,Mills,B,2,87,89,504,https://txschools.net/district/goldthwaite-isd-167901
639,1167,99,234904,Grand Saline ISD,Van Zandt,B,2,78,80,1205,https://txschools.net/district/grand-saline-isd-234904
639,1167,99,031903,Harlingen CISD,Cameron,B,2,85,87,16187,https://txschools.net/district/harlingen-cisd-031903
639,1167,99,230905,Harmony ISD,Upshur,B,2,82,84,855,https://txschools.net/district/harmony-isd-230905
639,1167,99,015828,Harmony Public Schools - South Texas,Bexar,B,2,86,88,4991,https://txschools.net/district/harmony-public-schools-south-texas-015828
639,1167,99,059901,Hereford ISD,Deaf Smith,C,2,69,71,3836,https://txschools.net/district/hereford-isd-059901
639,1167,99,097903,Hico ISD,Hamilton,B,2,78,80,614,https://txschools.net/district/hico-isd-097903
639,1167,99,014905,Holland ISD,Bell,A,2,88,90,669,https://txschools.net/district/holland-isd-014905
639,1167,99,109905,Hubbard ISD,Hill,C,2,75,77,398,https://txschools.net/district/hubbard-isd-109905
639,1167,99,133902,Hunt ISD,Kerr,A,2,90,92,211,https://txschools.net/district/hunt-isd-133902
639,1167,99,003904,Huntington ISD,Angelina,B,2,80,82,1496,https://txschools.net/district/huntington-isd-003904
639,1167,99,208903,Ira ISD,Scurry,A,2,92,94,307,https://txschools.net/district/ira-isd-208903
639,1167,99,118902,Irion County ISD,Irion,A,2,89,91,307,https://txschools.net/district/irion-county-isd-118902
639,1167,99,057912,Irving ISD,Dallas,C,2,76,78,29182,https://txschools.net/district/irving-isd-057912
639,1167,99,220914,Kennedale ISD,Tarrant,B,2,79,81,2659,https://txschools.net/district/kennedale-isd-220914
639,1167,99,227820,KIPP Texas Public Schools,Travis,B,2,82,84,31596,https://txschools.net/district/kipp-texas-public-schools-227820
639,1167,99,121905,Kirbyville CISD,Jasper,C,2,76,78,1443,https://txschools.net/district/kirbyville-cisd-121905
639,1167,99,079901,Lamar CISD,Fort Bend,B,2,85,87,48645,https://txschools.net/district/lamar-cisd-079901
639,1167,99,111902,Lipan ISD,Hood,B,2,81,83,492,https://txschools.net/district/lipan-isd-111902
639,1167,99,245902,Lyford CISD,Willacy,B,2,82,84,1366,https://txschools.net/district/lyford-cisd-245902
639,1167,99,129905,Mabank ISD,Kaufman,B,2,85,87,4098,https://txschools.net/district/mabank-isd-129905
639,1167,99,170906,Magnolia ISD,Montgomery,B,2,85,87,15329,https://txschools.net/district/magnolia-isd-170906
639,1167,99,027904,Marble Falls ISD,Burnet,C,2,73,75,4054,https://txschools.net/district/marble-falls-isd-027904
639,1167,99,043907,McKinney ISD,Collin,B,2,85,87,23667,https://txschools.net/district/mckinney-isd-043907
639,1167,99,162904,McMullen County ISD,McMullen,A,2,94,96,286,https://txschools.net/district/mcmullen-county-isd-162904
639,1167,99,246801,Meridian World School LLC,Williamson,A,2,94,96,1757,https://txschools.net/district/meridian-world-school-llc-246801
639,1167,99,147903,Mexia ISD,Limestone,C,2,74,76,1780,https://txschools.net/district/mexia-isd-147903
639,1167,99,197902,Miami ISD,Roberts,A,2,91,93,179,https://txschools.net/district/miami-isd-197902
639,1167,99,165901,Midland ISD,Midland,C,2,73,75,29048,https://txschools.net/district/midland-isd-165901
639,1167,99,170903,Montgomery ISD,Montgomery,B,2,86,88,9699,https://txschools.net/district/montgomery-isd-170903
639,1167,99,174904,Nacogdoches ISD,Nacogdoches,C,2,71,73,5513,https://txschools.net/district/nacogdoches-isd-174904
639,1167,99,037908,New Summerfield ISD,Cherokee,B,2,85,87,512,https://txschools.net/district/new-summerfield-isd-037908
639,1167,99,112906,North Hopkins ISD,Hopkins,B,2,84,86,517,https://txschools.net/district/north-hopkins-isd-112906
639,1167,99,139909,Paris ISD,Lamar,B,2,78,80,3728,https://txschools.net/district/paris-isd-139909
639,1167,99,195901,Pecos-Barstow-Toyah ISD,Reeves,C,2,69,71,2945,https://txschools.net/district/pecos-barstow-toyah-isd-195901
639,1167,99,015801,Por Vida Academy,Bexar,B,2,82,84,167,https://txschools.net/district/por-vida-academy-015801
639,1167,99,123907,Port Arthur ISD,Jefferson,C,2,69,71,7664,https://txschools.net/district/port-arthur-isd-123907
639,1167,99,043912,Prosper ISD,Collin,A,2,89,91,33583,https://txschools.net/district/prosper-isd-043912
639,1167,99,137902,Ricardo ISD,Kleberg,B,2,87,89,667,https://txschools.net/district/ricardo-isd-137902
639,1167,99,093905,Richards ISD,Grimes,C,2,72,74,261,https://txschools.net/district/richards-isd-093905
639,1167,99,178909,Robstown ISD,Nueces,D,2,67,69,2478,https://txschools.net/district/robstown-isd-178909
639,1167,99,004901,Rockport-Fulton ISD,Aransas,C,2,71,73,2831,https://txschools.net/district/rockport-fulton-isd-004901
639,1167,99,246909,Round Rock ISD,Williamson,B,2,87,89,45865,https://txschools.net/district/round-rock-isd-246909
639,1167,99,104903,Rule ISD,Haskell,B,2,79,81,143,https://txschools.net/district/rule-isd-104903
639,1167,99,123913,Sabine Pass ISD,Jefferson,B,2,84,86,373,https://txschools.net/district/sabine-pass-isd-123913
639,1167,99,214902,San Isidro ISD,Starr,B,2,80,82,151,https://txschools.net/district/san-isidro-isd-214902
639,1167,99,129910,Scurry-Rosser ISD,Kaufman,B,2,84,86,1052,https://txschools.net/district/scurry-rosser-isd-129910
639,1167,99,023902,Silverton ISD,Briscoe,A,2,91,93,194,https://txschools.net/district/silverton-isd-023902
639,1167,99,031916,South Texas ISD,Cameron,A,2,93,95,4741,https://txschools.net/district/south-texas-isd-031916
639,1167,99,101919,Spring ISD,Harris,C,2,74,76,32328,https://txschools.net/district/spring-isd-101919
639,1167,99,216901,Sterling City ISD,Sterling,A,2,92,94,312,https://txschools.net/district/sterling-city-isd-216901
639,1167,99,221801,Texas College Preparatory Academies,Taylor,B,2,79,81,17201,https://txschools.net/district/texas-college-preparatory-academies-221801
639,1167,99,228903,Trinity ISD,Trinity,D,2,67,69,1150,https://txschools.net/district/trinity-isd-228903
639,1167,99,014910,Troy ISD,Bell,B,2,81,83,1723,https://txschools.net/district/troy-isd-014910
639,1167,99,057845,UME Preparatory Academy,Dallas,B,2,87,89,1766,https://txschools.net/district/ume-preparatory-academy-057845
639,1167,99,126908,Venus ISD,Johnson,C,2,71,73,2191,https://txschools.net/district/venus-isd-126908
639,1167,99,181907,Vidor ISD,Orange,C,2,74,76,4095,https://txschools.net/district/vidor-isd-181907
639,1167,99,227803,Wayside Schools,Travis,C,2,73,75,1923,https://txschools.net/district/wayside-schools-227803
639,1167,99,108913,Weslaco ISD,Hidalgo,B,2,85,87,16012,https://txschools.net/district/weslaco-isd-108913
639,1167,99,242903,Wheeler ISD,Wheeler,B,2,86,88,341,https://txschools.net/district/wheeler-isd-242903
639,1167,99,092908,White Oak ISD,Gregg,B,2,86,88,1429,https://txschools.net/district/white-oak-isd-092908
639,1167,99,110908,Whitharral ISD,Hockley,A,2,95,97,223,https://txschools.net/district/whitharral-isd-110908
639,1167,99,109911,Whitney ISD,Hill,C,2,76,78,1433,https://txschools.net/district/whitney-isd-109911
639,1167,99,243905,Wichita Falls ISD,Wichita,C,2,73,75,12435,https://txschools.net/district/wichita-falls-isd-243905
639,1167,99,005904,Windthorst ISD,Archer,A,2,89,91,491,https://txschools.net/district/windthorst-isd-005904
639,1167,99,250907,Winnsboro ISD,Wood,B,2,80,82,1395,https://txschools.net/district/winnsboro-isd-250907
639,1167,99,081905,Wortham ISD,Freestone,C,2,70,72,501,https://txschools.net/district/wortham-isd-081905
639,1167,99,062903,Yoakum ISD,Dewitt,B,2,82,84,1409,https://txschools.net/district/yoakum-isd-062903
739,1167,72,095901,Abernathy ISD,Hale,B,3,86,89,775,https://txschools.net/district/abernathy-isd-095901
739,1167,72,014901,Academy ISD,Bell,B,3,80,83,1857,https://txschools.net/district/academy-isd-014901
739,1167,72,184907,Aledo ISD,Parker,A,3,89,92,8590,https://txschools.net/district/aledo-isd-184907
739,1167,72,101903,Alief ISD,Harris,C,3,75,78,36376,https://txschools.net/district/alief-isd-101903
739,1167,72,161918,Axtell ISD,McLennan,B,3,83,86,842,https://txschools.net/district/axtell-isd-161918
739,1167,72,011901,Bastrop ISD,Bastrop,C,3,69,72,13325,https://txschools.net/district/bastrop-isd-011901
739,1167,72,187901,Big Sandy ISD,Polk,A,3,89,92,526,https://txschools.net/district/big-sandy-isd-187901
739,1167,72,178902,Bishop CISD,Nueces,A,3,88,91,1427,https://txschools.net/district/bishop-cisd-178902
739,1167,72,123807,Bob Hope School,Jefferson,A,3,87,90,2587,https://txschools.net/district/bob-hope-school-123807
739,1167,72,130901,Boerne ISD,Kendall,A,3,89,92,11132,https://txschools.net/district/boerne-isd-130901
739,1167,72,116916,Boles ISD,Hunt,B,3,79,82,530,https://txschools.net/district/boles-isd-116916
739,1167,72,203902,Broaddus ISD,San Augustine,A,3,93,96,380,https://txschools.net/district/broaddus-isd-203902
739,1167,72,107902,Brownsboro ISD,Henderson,B,3,80,83,2583,https://txschools.net/district/brownsboro-isd-107902
739,1167,72,121903,Buna ISD,Jasper,C,3,76,79,1412,https://txschools.net/district/buna-isd-121903
739,1167,72,126902,Burleson ISD,Johnson,B,3,80,83,12560,https://txschools.net/district/burleson-isd-126902
739,1167,72,249904,Chico ISD,Wise,C,3,71,74,580,https://txschools.net/district/chico-isd-249904
739,1167,72,071901,Clint ISD,El Paso,B,3,83,86,9829,https://txschools.net/district/clint-isd-071901
739,1167,72,021901,College Station ISD,Brazos,B,3,83,86,13892,https://txschools.net/district/college-station-isd-021901
739,1167,72,184801,Crosstimbers Academy,Parker,A,3,88,91,114,https://txschools.net/district/crosstimbers-academy-184801
739,1167,72,115903,Dell City ISD,Hudspeth,B,3,77,80,75,https://txschools.net/district/dell-city-isd-115903
739,1167,72,108902,Donna ISD,Hidalgo,B,3,78,81,12436,https://txschools.net/district/donna-isd-108902
739,1167,72,107905,Eustace ISD,Henderson,B,3,82,85,1685,https://txschools.net/district/eustace-isd-107905
739,1167,72,075906,Fayetteville ISD,Fayette,A,3,94,97,308,https://txschools.net/district/fayetteville-isd-075906
739,1167,72,178914,Flour Bluff ISD,Nueces,B,3,85,88,5375,https://txschools.net/district/flour-bluff-isd-178914
739,1167,72,129902,Forney ISD,Kaufman,C,3,76,79,19643,https://txschools.net/district/forney-isd-129902
739,1167,72,175905,Frost ISD,Navarro,C,3,73,76,459,https://txschools.net/district/frost-isd-175905
739,1167,72,120902,Ganado ISD,Jackson,B,3,80,83,720,https://txschools.net/district/ganado-isd-120902
739,1167,72,050902,Gatesville ISD,Coryell,C,3,75,78,2547,https://txschools.net/district/gatesville-isd-050902
739,1167,72,126911,Godley ISD,Johnson,C,3,74,77,3315,https://txschools.net/district/godley-isd-126911
739,1167,72,143901,Hallettsville ISD,Lavaca,B,3,86,89,1129,https://txschools.net/district/hallettsville-isd-143901
739,1167,72,035902,Hart ISD,Castro,B,3,78,81,208,https://txschools.net/district/hart-isd-035902
739,1167,72,225907,Harts Bluff ISD,Titus,C,3,75,78,873,https://txschools.net/district/harts-bluff-isd-225907
739,1167,72,205903,Ingleside ISD,San Patricio,B,3,82,85,1983,https://txschools.net/district/ingleside-isd-205903
739,1167,72,133904,Ingram ISD,Kerr,A,3,88,91,1365,https://txschools.net/district/ingram-isd-133904
739,1167,72,015808,Inspire Academies,Bexar,C,3,68,71,1158,https://txschools.net/district/inspire-academies-015808
739,1167,72,109907,Itasca ISD,Hill,C,3,69,72,652,https://txschools.net/district/itasca-isd-109907
739,1167,72,126905,Joshua ISD,Johnson,B,3,83,86,5998,https://txschools.net/district/joshua-isd-126905
739,1167,72,128901,Karnes City ISD,Karnes,B,3,80,83,928,https://txschools.net/district/karnes-city-isd-128901
739,1167,72,061905,Krum ISD,Denton,C,3,76,79,2573,https://txschools.net/district/krum-isd-061905
739,1167,72,187906,Leggett ISD,Polk,C,3,69,72,204,https://txschools.net/district/leggett-isd-187906
739,1167,72,212903,Lindale ISD,Smith,A,3,89,92,4613,https://txschools.net/district/lindale-isd-212903
739,1167,72,083902,Loop ISD,Gaines,A,3,93,96,143,https://txschools.net/district/loop-isd-083902
739,1167,72,168902,Loraine ISD,Mitchell,C,3,72,75,133,https://txschools.net/district/loraine-isd-168902
739,1167,72,031906,Los Fresnos CISD,Cameron,A,3,87,90,10284,https://txschools.net/district/los-fresnos-cisd-031906
739,1167,72,113903,Lovelady ISD,Houston,B,3,82,85,526,https://txschools.net/district/lovelady-isd-113903
739,1167,72,043908,Melissa ISD,Collin,A,3,88,91,8560,https://txschools.net/district/melissa-isd-043908
739,1167,72,221904,Merkel ISD,Taylor,C,3,74,77,1127,https://txschools.net/district/merkel-isd-221904
739,1167,72,166903,Milano ISD,Milam,B,3,86,89,394,https://txschools.net/district/milano-isd-166903
739,1167,72,040901,Morton ISD,Cochran,B,3,77,80,350,https://txschools.net/district/morton-isd-040901
739,1167,72,080901,Mount Vernon ISD,Franklin,B,3,83,86,1514,https://txschools.net/district/mount-vernon-isd-080901
739,1167,72,046901,New Braunfels ISD,Comal,B,3,81,84,9710,https://txschools.net/district/new-braunfels-isd-046901
739,1167,72,152902,New Deal ISD,Lubbock,B,3,84,87,697,https://txschools.net/district/new-deal-isd-152902
739,1167,72,145906,Normangee ISD,Leon,B,3,80,83,655,https://txschools.net/district/normangee-isd-145906
739,1167,72,230903,Ore City ISD,Upshur,C,3,76,79,786,https://txschools.net/district/ore-city-isd-230903
739,1167,72,013903,Pettus ISD,Bee,B,3,80,83,378,https://txschools.net/district/pettus-isd-013903
739,1167,72,061906,Ponder ISD,Denton,B,3,81,84,1737,https://txschools.net/district/ponder-isd-061906
739,1167,72,015906,Randolph Field ISD,Bexar,A,3,91,94,1402,https://txschools.net/district/randolph-field-isd-015906
739,1167,72,199901,Rockwall ISD,Rockwall,A,3,88,91,19077,https://txschools.net/district/rockwall-isd-199901
739,1167,72,031912,San Benito CISD,Cameron,C,3,76,79,8620,https://txschools.net/district/san-benito-cisd-031912
739,1167,72,058909,Sands CISD,Dawson,A,3,91,94,225,https://txschools.net/district/sands-cisd-058909
739,1167,72,242902,Shamrock ISD,Wheeler,C,3,75,78,350,https://txschools.net/district/shamrock-isd-242902
739,1167,72,210903,Shelbyville ISD,Shelby,B,3,83,86,862,https://txschools.net/district/shelbyville-isd-210903
739,1167,72,110906,Smyer ISD,Hockley,A,3,90,93,433,https://txschools.net/district/smyer-isd-110906
739,1167,72,184902,Springtown ISD,Parker,C,3,74,77,4227,https://txschools.net/district/springtown-isd-184902
739,1167,72,247906,Stockdale ISD,Wilson,B,3,79,82,879,https://txschools.net/district/stockdale-isd-247906
739,1167,72,171902,Sunray Collegiate ISD,Moore,B,3,82,85,548,https://txschools.net/district/sunray-collegiate-isd-171902
739,1167,72,091918,Tom Bean ISD,Grayson,B,3,77,80,763,https://txschools.net/district/tom-bean-isd-091918
739,1167,72,049903,Valley View ISD,Cooke,B,3,78,81,875,https://txschools.net/district/valley-view-isd-049903
739,1167,72,070912,Waxahachie ISD,Ellis,B,3,77,80,11092,https://txschools.net/district/waxahachie-isd-070912
739,1167,72,202905,West Sabine ISD,Sabine,C,3,74,77,659,https://txschools.net/district/west-sabine-isd-202905
739,1167,72,168903,Westbrook ISD,Mitchell,A,3,89,92,217,https://txschools.net/district/westbrook-isd-168903
739,1167,72,212906,Whitehouse ISD,Smith,A,3,87,90,4840,https://txschools.net/district/whitehouse-isd-212906
739,1167,72,091910,Whitewright ISD,Grayson,B,3,85,88,791,https://txschools.net/district/whitewright-isd-091910
812,1167,48,109912,Aquilla ISD,Hill,B,4,85,89,322,https://txschools.net/district/aquilla-isd-109912
812,1167,48,034902,Avinger ISD,Cass,B,4,83,87,103,https://txschools.net/district/avinger-isd-034902
812,1167,48,241901,Boling ISD,Wharton,C,4,74,78,1143,https://txschools.net/district/boling-isd-241901
812,1167,48,017901,Borden County ISD,Borden,A,4,92,96,238,https://txschools.net/district/borden-county-isd-017901
812,1167,48,249902,Boyd ISD,Wise,C,4,73,77,1443,https://txschools.net/district/boyd-isd-249902
812,1167,48,215901,Breckenridge ISD,Stephens,B,4,77,81,1288,https://txschools.net/district/breckenridge-isd-215901
812,1167,48,249903,Bridgeport ISD,Wise,C,4,70,74,2028,https://txschools.net/district/bridgeport-isd-249903
812,1167,48,057904,Cedar Hill ISD,Dallas,C,4,68,72,5876,https://txschools.net/district/cedar-hill-isd-057904
812,1167,48,018901,Clifton ISD,Bosque,B,4,77,81,938,https://txschools.net/district/clifton-isd-018901
812,1167,48,045902,Columbus ISD,Colorado,B,4,77,81,1594,https://txschools.net/district/columbus-isd-045902
812,1167,48,043918,Community ISD,Collin,B,4,76,80,5764,https://txschools.net/district/community-isd-043918
812,1167,48,015838,Compass Rose Public Schools,Bexar,C,4,66,70,4032,https://txschools.net/district/compass-rose-public-schools-015838
812,1167,48,019901,DeKalb ISD,Bowie,B,4,79,83,928,https://txschools.net/district/dekalb-isd-019901
812,1167,48,072902,Dublin ISD,Erath,A,4,88,92,1078,https://txschools.net/district/dublin-isd-072902
812,1167,48,171901,Dumas ISD,Moore,B,4,81,85,4232,https://txschools.net/district/dumas-isd-171901
812,1167,48,036903,East Chambers ISD,Chambers,B,4,81,85,1563,https://txschools.net/district/east-chambers-isd-036903
812,1167,48,067903,Eastland ISD,Eastland,B,4,77,81,939,https://txschools.net/district/eastland-isd-067903
812,1167,48,077901,Floydada Collegiate ISD,Floyd,B,4,82,86,644,https://txschools.net/district/floydada-collegiate-isd-077901
812,1167,48,186902,Fort Stockton ISD,Pecos,C,4,73,77,11681,https://txschools.net/district/fort-stockton-isd-186902
812,1167,48,001904,Frankston ISD,Anderson,B,4,84,88,785,https://txschools.net/district/frankston-isd-001904
812,1167,48,087901,Glasscock County ISD,Glasscock,A,4,92,96,290,https://txschools.net/district/glasscock-county-isd-087901
812,1167,48,156905,Grady ISD,Martin,A,4,93,97,242,https://txschools.net/district/grady-isd-156905
812,1167,48,057910,Grand Prairie ISD,Dallas,B,4,76,80,25445,https://txschools.net/district/grand-prairie-isd-057910
812,1167,48,220906,Grapevine-Colleyville ISD,Tarrant,A,4,87,91,13343,https://txschools.net/district/grapevine-colleyville-isd-220906
812,1167,48,127903,Hamlin Collegiate ISD,Jones,B,4,76,80,383,https://txschools.net/district/hamlin-collegiate-isd-127903
812,1167,48,100905,Hardin-Jefferson ISD,Hardin,B,4,83,87,2828,https://txschools.net/district/hardin-jefferson-isd-100905
812,1167,48,126906,Keene ISD,Johnson,B,4,82,86,1131,https://txschools.net/district/keene-isd-126906
812,1167,48,240901,Laredo ISD,Webb,A,4,86,90,19461,https://txschools.net/district/laredo-isd-240901
812,1167,48,054902,Lorenzo ISD,Crosby,C,4,73,77,175,https://txschools.net/district/lorenzo-isd-054902
812,1167,48,198906,Mumford ISD,Robertson,A,4,90,94,600,https://txschools.net/district/mumford-isd-198906
812,1167,48,123905,Nederland ISD,Jefferson,A,4,86,90,5359,https://txschools.net/district/nederland-isd-123905
812,1167,48,227804,NYOS Charter School,Travis,B,4,85,89,1808,https://txschools.net/district/nyos-charter-school-227804
812,1167,48,082903,Pearsall ISD,Frio,C,4,71,75,1900,https://txschools.net/district/pearsall-isd-082903
812,1167,48,227904,Pflugerville ISD,Travis,B,4,77,81,25028,https://txschools.net/district/pflugerville-isd-227904
812,1167,48,015839,Promesa Academy Charter School,Bexar,D,4,58,62,275,https://txschools.net/district/promesa-academy-charter-school-015839
812,1167,48,231902,Rankin ISD,Upton,A,4,87,91,300,https://txschools.net/district/rankin-isd-231902
812,1167,48,137903,Riviera ISD,Kleberg,B,4,85,89,406,https://txschools.net/district/riviera-isd-137903
812,1167,48,094901,Seguin ISD,Guadalupe,C,4,66,70,7160,https://txschools.net/district/seguin-isd-094901
812,1167,48,091906,Sherman ISD,Grayson,C,4,69,73,7452,https://txschools.net/district/sherman-isd-091906
812,1167,48,049909,Sivells Bend ISD,Cooke,B,4,76,80,56,https://txschools.net/district/sivells-bend-isd-049909
812,1167,48,092907,Spring Hill ISD,Gregg,A,4,89,93,1941,https://txschools.net/district/spring-hill-isd-092907
812,1167,48,057919,Sunnyvale ISD,Dallas,A,4,90,94,2313,https://txschools.net/district/sunnyvale-isd-057919
812,1167,48,129906,Terrell ISD,Kaufman,C,4,69,73,5178,https://txschools.net/district/terrell-isd-129906
812,1167,48,057804,Texans Can Academies,Dallas,B,4,77,81,2880,https://txschools.net/district/texans-can-academies-057804
812,1167,48,084906,Texas City ISD,Galveston,C,4,73,77,7379,https://txschools.net/district/texas-city-isd-084906
812,1167,48,158902,Tidehaven ISD,Matagorda,A,4,87,91,1038,https://txschools.net/district/tidehaven-isd-158902
812,1167,48,212905,Tyler ISD,Smith,B,4,79,83,18800,https://txschools.net/district/tyler-isd-212905
812,1167,48,184903,Weatherford ISD,Parker,B,4,76,80,8118,https://txschools.net/district/weatherford-isd-184903
812,1167,48,161916,West ISD,McLennan,B,4,85,89,1338,https://txschools.net/district/west-isd-161916
861,1167,59,020901,Alvin ISD,Brazoria,B,5,81,86,29994,https://txschools.net/district/alvin-isd-020901
861,1167,59,188901,Amarillo ISD,Potter,B,5,80,85,28172,https://txschools.net/district/amarillo-isd-188901
861,1167,59,070901,Avalon ISD,Ellis,B,5,75,80,316,https://txschools.net/district/avalon-isd-070901
861,1167,59,101853,Bakerripley Community Schools,Harris,B,5,81,86,1908,https://txschools.net/district/bakerripley-community-schools-101853
861,1167,59,008901,Bellville ISD,Austin,C,5,72,77,2316,https://txschools.net/district/bellville-isd-008901
861,1167,59,223901,Brownfield ISD,Terry,C,5,69,74,1587,https://txschools.net/district/brownfield-isd-223901
861,1167,59,133901,Center Point ISD,Kerr,C,5,74,79,492,https://txschools.net/district/center-point-isd-133901
861,1167,59,084910,Clear Creek ISD,Galveston,B,5,84,89,38634,https://txschools.net/district/clear-creek-isd-084910
861,1167,59,042901,Coleman ISD,Coleman,B,5,76,81,740,https://txschools.net/district/coleman-isd-042901
861,1167,59,112908,Como-Pickton CISD,Hopkins,B,5,81,86,751,https://txschools.net/district/como-pickton-cisd-112908
861,1167,59,161901,Crawford ISD,McLennan,B,5,83,88,585,https://txschools.net/district/crawford-isd-161901
861,1167,59,068901,Ector County ISD,Ector,C,5,72,77,31866,https://txschools.net/district/ector-county-isd-068901
861,1167,59,015905,Edgewood ISD,Bexar,D,5,63,68,7670,https://txschools.net/district/edgewood-isd-015905
861,1167,59,049906,Era ISD,Cooke,A,5,86,91,517,https://txschools.net/district/era-isd-049906
861,1167,59,050901,Evant ISD,Coryell,D,5,64,69,192,https://txschools.net/district/evant-isd-050901
861,1167,59,057834,Evolution Academy Charter School,Dallas,A,5,85,90,639,https://txschools.net/district/evolution-academy-charter-school-057834
861,1167,59,185902,Farwell ISD,Parmer,B,5,84,89,570,https://txschools.net/district/farwell-isd-185902
861,1167,59,198903,Franklin ISD,Robertson,A,5,88,93,1438,https://txschools.net/district/franklin-isd-198903
861,1167,59,015802,George Gervin Academy,Bexar,B,5,80,85,744,https://txschools.net/district/george-gervin-academy-015802
861,1167,59,205902,Gregory-Portland ISD,San Patricio,B,5,81,86,5116,https://txschools.net/district/gregory-portland-isd-205902
861,1167,59,086902,Harper ISD,Gillespie,B,5,83,88,566,https://txschools.net/district/harper-isd-086902
861,1167,59,244901,Harrold ISD,Wilbarger,B,5,83,88,159,https://txschools.net/district/harrold-isd-244901
861,1167,59,101913,Humble ISD,Harris,B,5,78,83,47734,https://txschools.net/district/humble-isd-101913
861,1167,59,236902,Huntsville ISD,Walker,C,5,67,72,11504,https://txschools.net/district/huntsville-isd-236902
861,1167,59,093903,Iola ISD,Grimes,A,5,85,90,656,https://txschools.net/district/iola-isd-093903
861,1167,59,246907,Jarrell ISD,Williamson,C,5,69,74,4514,https://txschools.net/district/jarrell-isd-246907
861,1167,59,242905,Kelton ISD,Wheeler,B,5,77,82,129,https://txschools.net/district/kelton-isd-242905
861,1167,59,014906,Killeen ISD,Bell,C,5,74,79,41366,https://txschools.net/district/killeen-isd-014906
861,1167,59,061912,Lake Dallas ISD,Denton,B,5,77,82,3935,https://txschools.net/district/lake-dallas-isd-061912
861,1167,59,227913,Lake Travis ISD,Travis,A,5,86,91,10748,https://txschools.net/district/lake-travis-isd-227913
861,1167,59,061804,Leadership Prep School,Denton,B,5,80,85,1894,https://txschools.net/district/leadership-prep-school-061804
861,1167,59,187907,Livingston ISD,Polk,C,5,73,78,3988,https://txschools.net/district/livingston-isd-187907
861,1167,59,152901,Lubbock ISD,Lubbock,B,5,77,82,23029,https://txschools.net/district/lubbock-isd-152901
861,1167,59,100907,Lumberton ISD,Hardin,B,5,79,84,4039,https://txschools.net/district/lumberton-isd-100907
861,1167,59,019910,Malta ISD,Bowie,B,5,84,89,208,https://txschools.net/district/malta-isd-019910
861,1167,59,220908,Mansfield ISD,Tarrant,B,5,82,87,34654,https://txschools.net/district/mansfield-isd-220908
861,1167,59,175910,Mildred ISD,Navarro,B,5,81,86,801,https://txschools.net/district/mildred-isd-175910
861,1167,59,173901,Motley County ISD,Motley,A,5,87,92,188,https://txschools.net/district/motley-county-isd-173901
861,1167,59,109910,Mount Calm ISD,Hill,C,5,74,79,176,https://txschools.net/district/mount-calm-isd-109910
861,1167,59,138903,Munday CISD,Knox,B,5,83,88,375,https://txschools.net/district/munday-cisd-138903
861,1167,59,139911,North Lamar ISD,Lamar,C,5,72,77,2362,https://txschools.net/district/north-lamar-isd-139911
861,1167,59,145907,Oakwood ISD,Leon,C,5,71,76,205,https://txschools.net/district/oakwood-isd-145907
861,1167,59,090904,Pampa ISD,Gray,C,5,71,76,3036,https://txschools.net/district/pampa-isd-090904
861,1167,59,184908,Peaster ISD,Parker,B,5,80,85,1715,https://txschools.net/district/peaster-isd-184908
861,1167,59,188902,River Road ISD,Potter,B,5,75,80,1183,https://txschools.net/district/river-road-isd-188902
861,1167,59,041902,Robert Lee ISD,Coke,B,5,80,85,253,https://txschools.net/district/robert-lee-isd-041902
861,1167,59,161922,Robinson ISD,McLennan,A,5,85,90,2401,https://txschools.net/district/robinson-isd-161922
861,1167,59,166904,Rockdale ISD,Milam,C,5,73,78,1452,https://txschools.net/district/rockdale-isd-166904
861,1167,59,037907,Rusk ISD,Cherokee,B,5,77,82,1980,https://txschools.net/district/rusk-isd-037907
861,1167,59,226903,San Angelo ISD,Tom Green,C,5,71,76,12500,https://txschools.net/district/san-angelo-isd-226903
861,1167,59,031913,Santa Maria ISD,Cameron,B,5,81,86,502,https://txschools.net/district/santa-maria-isd-031913
861,1167,59,031914,Santa Rosa ISD,Cameron,B,5,82,87,811,https://txschools.net/district/santa-rosa-isd-031914
861,1167,59,019909,Simms ISD,Bowie,B,5,81,86,462,https://txschools.net/district/simms-isd-019909
861,1167,59,026902,Somerville ISD,Burleson,C,5,66,71,527,https://txschools.net/district/somerville-isd-026902
861,1167,59,201910,Tatum ISD,Rusk,B,5,80,85,1327,https://txschools.net/district/tatum-isd-201910
861,1167,59,246912,Thrall ISD,Williamson,A,5,88,93,916,https://txschools.net/district/thrall-isd-246912
861,1167,59,091907,Tioga ISD,Grayson,A,5,87,92,610,https://txschools.net/district/tioga-isd-091907
861,1167,59,091909,Whitesboro ISD,Grayson,C,5,73,78,1757,https://txschools.net/district/whitesboro-isd-091909
861,1167,59,234907,Wills Point ISD,Van Zandt,C,5,70,75,2882,https://txschools.net/district/wills-point-isd-234907
861,1167,59,105905,Wimberley ISD,Hays,B,5,82,87,2633,https://txschools.net/district/wimberley-isd-105905
921,1167,53,250906,Alba-Golden ISD,Wood,B,6,79,85,772,https://txschools.net/district/alba-golden-isd-250906
921,1167,53,034901,Atlanta ISD,Cass,B,6,81,87,1918,https://txschools.net/district/atlanta-isd-034901
921,1167,53,200901,Ballinger ISD,Runnels,B,6,76,82,781,https://txschools.net/district/ballinger-isd-200901
921,1167,53,169901,Bowie ISD,Montague,B,6,74,80,1457,https://txschools.net/district/bowie-isd-169901
921,1167,53,198901,Bremond ISD,Robertson,A,6,85,91,461,https://txschools.net/district/bremond-isd-198901
921,1167,53,025902,Brownwood ISD,Brown,B,6,77,83,3293,https://txschools.net/district/brownwood-isd-025902
921,1167,53,029901,Calhoun County ISD,Calhoun,B,6,77,83,3381,https://txschools.net/district/calhoun-county-isd-029901
921,1167,53,116902,Celeste ISD,Hunt,B,6,82,88,471,https://txschools.net/district/celeste-isd-116902
921,1167,53,227814,Chaparral Star Academy,Travis,A,6,93,99,385,https://txschools.net/district/chaparral-star-academy-227814
921,1167,53,229906,Chester ISD,Tyler,B,6,83,89,186,https://txschools.net/district/chester-isd-229906
921,1167,53,114902,Coahoma ISD,Howard,C,6,71,77,1157,https://txschools.net/district/coahoma-isd-114902
921,1167,53,204901,Coldspring-Oakhurst CISD,San Jacinto,C,6,69,75,1587,https://txschools.net/district/coldspring-oakhurst-cisd-204901
921,1167,53,101842,Comquest Academy,Harris,B,6,74,80,35,https://txschools.net/district/comquest-academy-101842
921,1167,53,161921,Connally ISD,McLennan,D,6,63,69,2031,https://txschools.net/district/connally-isd-161921
921,1167,53,050910,Copperas Cove ISD,Coryell,B,6,79,85,7619,https://txschools.net/district/copperas-cove-isd-050910
921,1167,53,178904,Corpus Christi ISD,Nueces,B,6,77,83,31976,https://txschools.net/district/corpus-christi-isd-178904
921,1167,53,176903,Deweyville ISD,Newton,C,6,73,79,574,https://txschools.net/district/deweyville-isd-176903
921,1167,53,133905,Divide ISD,Kerr,B,6,76,82,41,https://txschools.net/district/divide-isd-133905
921,1167,53,092801,East Texas Charter Schools,Gregg,A,6,91,97,125,https://txschools.net/district/east-texas-charter-schools-092801
921,1167,53,220905,Fort Worth ISD,Tarrant,C,6,71,77,67315,https://txschools.net/district/fort-worth-isd-220905
921,1167,53,066903,Freer ISD,Duval,B,6,77,83,663,https://txschools.net/district/freer-isd-066903
921,1167,53,057909,Garland ISD,Dallas,B,6,80,86,49060,https://txschools.net/district/garland-isd-057909
921,1167,53,149901,George West ISD,Live Oak,A,6,86,92,1036,https://txschools.net/district/george-west-isd-149901
921,1167,53,092901,Gladewater ISD,Gregg,C,6,73,79,1577,https://txschools.net/district/gladewater-isd-092901
921,1167,53,095903,Hale Center ISD,Hale,B,6,74,80,553,https://txschools.net/district/hale-center-isd-095903
921,1167,53,108802,Horizon Montessori Public Schools,Hidalgo,B,6,74,80,1034,https://txschools.net/district/horizon-montessori-public-schools-108802
921,1167,53,101912,Houston ISD,Harris,B,6,79,85,167793,https://txschools.net/district/houston-isd-101912
921,1167,53,018906,Iredell ISD,Bosque,A,6,87,93,137,https://txschools.net/district/iredell-isd-018906
921,1167,53,221911,Jim Ned CISD,Taylor,A,6,84,90,1625,https://txschools.net/district/jim-ned-cisd-221911
921,1167,53,075902,La Grange ISD,Fayette,B,6,77,83,1839,https://txschools.net/district/la-grange-isd-075902
921,1167,53,101916,La Porte ISD,Harris,B,6,80,86,6900,https://txschools.net/district/la-porte-isd-101916
921,1167,53,246908,Liberty Hill ISD,Williamson,B,6,79,85,10446,https://txschools.net/district/liberty-hill-isd-246908
921,1167,53,072909,Lingleville ISD,Erath,B,6,83,89,264,https://txschools.net/district/lingleville-isd-072909
921,1167,53,181908,Little Cypress-Mauriceville CISD,Orange,C,6,71,77,3342,https://txschools.net/district/little-cypress-mauriceville-cisd-181908
921,1167,53,061914,Little Elm ISD,Denton,C,6,72,78,7647,https://txschools.net/district/little-elm-isd-061914
921,1167,53,018902,Meridian ISD,Bosque,C,6,65,71,354,https://txschools.net/district/meridian-isd-018902
921,1167,53,230906,New Diana ISD,Upshur,B,6,81,87,1150,https://txschools.net/district/new-diana-isd-230906
921,1167,53,050904,Oglesby ISD,Coryell,B,6,81,87,257,https://txschools.net/district/oglesby-isd-050904
921,1167,53,014804,Orenda Charter School,Bell,A,6,87,93,1936,https://txschools.net/district/orenda-charter-school-014804
921,1167,53,119903,Perrin-Whitt CISD,Jack,A,6,84,90,306,https://txschools.net/district/perrin-whitt-cisd-119903
921,1167,53,039903,Petrolia CISD,Clay,C,6,73,79,485,https://txschools.net/district/petrolia-cisd-039903
921,1167,53,057850,Pioneer Technology & Arts Academy,Dallas,C,6,73,79,2400,https://txschools.net/district/pioneer-technology-arts-academy-057850
921,1167,53,167904,Priddy ISD,Mills,A,6,85,91,90,https://txschools.net/district/priddy-isd-167904
921,1167,53,116908,Quinlan ISD,Hunt,C,6,73,79,2974,https://txschools.net/district/quinlan-isd-116908
921,1167,53,084909,Santa Fe ISD,Galveston,B,6,75,81,4326,https://txschools.net/district/santa-fe-isd-084909
921,1167,53,143903,Shiner ISD,Lavaca,A,6,87,93,700,https://txschools.net/district/shiner-isd-143903
921,1167,53,015909,Somerset ISD,Bexar,B,6,82,88,4169,https://txschools.net/district/somerset-isd-015909
921,1167,53,101920,Spring Branch ISD,Harris,B,6,79,85,31584,https://txschools.net/district/spring-branch-isd-101920
921,1167,53,079910,Stafford MSD,Fort Bend,B,6,79,85,3529,https://txschools.net/district/stafford-msd-079910
921,1167,53,224901,Throckmorton Collegiate ISD,Throckmorton,B,6,74,80,145,https://txschools.net/district/throckmorton-collegiate-isd-224901
921,1167,53,237904,Waller ISD,Waller,B,6,74,80,10846,https://txschools.net/district/waller-isd-237904
921,1167,53,044902,Wellington ISD,Collingsworth,B,6,83,89,516,https://txschools.net/district/wellington-isd-044902
921,1167,53,033904,White Deer ISD,Carson,B,6,80,86,302,https://txschools.net/district/white-deer-isd-033904
921,1167,53,101845,Yes Prep Public Schools Inc,Harris,B,6,83,89,20806,https://txschools.net/district/yes-prep-public-schools-inc-101845
975,1167,32,221901,Abilene ISD,Taylor,C,7,69,76,14260,https://txschools.net/district/abilene-isd-221901
975,1167,32,093901,Anderson-Shiro CISD,Grimes,A,7,84,91,944,https://txschools.net/district/anderson-shiro-cisd-093901
975,1167,32,177903,Blackwell CISD,Nolan,A,7,90,97,171,https://txschools.net/district/blackwell-cisd-177903
975,1167,32,239901,Brenham ISD,Washington,B,7,73,80,4712,https://txschools.net/district/brenham-isd-239901
975,1167,32,239903,Burton ISD,Washington,A,7,83,90,650,https://txschools.net/district/burton-isd-239903
975,1167,32,116910,Campbell ISD,Hunt,D,7,62,69,298,https://txschools.net/district/campbell-isd-116910
975,1167,32,212909,Chapel Hill ISD,Smith,C,7,69,76,3186,https://txschools.net/district/chapel-hill-isd-212909
975,1167,32,074904,Dodd City ISD,Fannin,A,7,83,90,319,https://txschools.net/district/dodd-city-isd-074904
975,1167,32,143906,Ezzell ISD,Lavaca,B,7,82,89,124,https://txschools.net/district/ezzell-isd-143906
975,1167,32,084902,Galveston ISD,Galveston,B,7,73,80,6664,https://txschools.net/district/galveston-isd-084902
975,1167,32,161925,Gholson ISD,McLennan,B,7,82,89,227,https://txschools.net/district/gholson-isd-161925
975,1167,32,088902,Goliad ISD,Goliad,B,7,75,82,1191,https://txschools.net/district/goliad-isd-088902
975,1167,32,127904,Hawley ISD,Jones,B,7,74,81,773,https://txschools.net/district/hawley-isd-127904
975,1167,32,109904,Hillsboro ISD,Hill,B,7,82,89,1913,https://txschools.net/district/hillsboro-isd-109904
975,1167,32,101915,Klein ISD,Harris,B,7,81,88,51154,https://txschools.net/district/klein-isd-101915
975,1167,32,018907,Kopperl ISD,Bosque,D,7,55,62,163,https://txschools.net/district/kopperl-isd-018907
975,1167,32,057846,Legacy Preparatory,Dallas,B,7,78,85,914,https://txschools.net/district/legacy-preparatory-057846
975,1167,32,074909,Leonard ISD,Fannin,B,7,74,81,840,https://txschools.net/district/leonard-isd-074909
975,1167,32,201907,Mount Enterprise ISD,Rusk,B,7,82,89,482,https://txschools.net/district/mount-enterprise-isd-201907
975,1167,32,225902,Mount Pleasant ISD,Titus,B,7,81,88,5019,https://txschools.net/district/mount-pleasant-isd-225902
975,1167,32,236901,New Waverly ISD,Walker,B,7,79,86,1064,https://txschools.net/district/new-waverly-isd-236901
975,1167,32,205905,Odem-Edroy ISD,San Patricio,B,7,75,82,892,https://txschools.net/district/odem-edroy-isd-205905
975,1167,32,063906,Patton Springs ISD,Dickens,A,7,93,100,22,https://txschools.net/district/patton-springs-isd-063906
975,1167,32,123908,Port Neches-Groves ISD,Jefferson,B,7,76,83,5289,https://txschools.net/district/port-neches-groves-isd-123908
975,1167,32,152908,Roosevelt ISD,Lubbock,B,7,76,83,1115,https://txschools.net/district/roosevelt-isd-152908
975,1167,32,073905,Rosebud-Lott ISD,Falls,B,7,76,83,763,https://txschools.net/district/rosebud-lott-isd-073905
975,1167,32,014909,Temple ISD,Bell,B,7,74,81,8704,https://txschools.net/district/temple-isd-014909
975,1167,32,211901,Texhoma ISD,Sherman,A,7,86,93,96,https://txschools.net/district/texhoma-isd-211901
975,1167,32,210905,Timpson ISD,Shelby,B,7,78,85,718,https://txschools.net/district/timpson-isd-210905
975,1167,32,111903,Tolar ISD,Hood,A,7,83,90,898,https://txschools.net/district/tolar-isd-111903
975,1167,32,107907,Trinidad ISD,Henderson,B,7,73,80,175,https://txschools.net/district/trinidad-isd-107907
975,1167,32,181906,West Orange-Cove CISD,Orange,C,7,66,73,2502,https://txschools.net/district/west-orange-cove-cisd-181906
975,1167,32,003906,Zavalla ISD,Angelina,B,7,75,82,308,https://txschools.net/district/zavalla-isd-003906
1008,1167,31,195902,Balmorhea ISD,Reeves,B,8,78,86,149,https://txschools.net/district/balmorhea-isd-195902
1008,1167,31,125902,Ben Bolt-Palito Blanco ISD,Jim Wells,B,8,78,86,420,https://txschools.net/district/ben-bolt-palito-blanco-isd-125902
1008,1167,31,109913,Blum ISD,Hill,A,8,82,90,335,https://txschools.net/district/blum-isd-109913
1008,1167,31,008903,Brazos ISD,Austin,B,8,80,88,824,https://txschools.net/district/brazos-isd-008903
1008,1167,31,057841,Cityscape Schools,Dallas,C,8,66,74,1218,https://txschools.net/district/cityscape-schools-057841
1008,1167,31,194904,Clarksville ISD,Red River,D,8,61,69,504,https://txschools.net/district/clarksville-isd-194904
1008,1167,31,020904,Danbury ISD,Brazoria,B,8,81,89,645,https://txschools.net/district/danbury-isd-020904
1008,1167,31,047902,De Leon ISD,Comanche,A,8,84,92,616,https://txschools.net/district/de-leon-isd-047902
1008,1167,31,123805,Ehrhart School,Jefferson,A,8,83,91,593,https://txschools.net/district/ehrhart-school-123805
1008,1167,31,174903,Garrison ISD,Nacogdoches,A,8,82,90,739,https://txschools.net/district/garrison-isd-174903
1008,1167,31,246904,Georgetown ISD,Williamson,B,8,72,80,13951,https://txschools.net/district/georgetown-isd-246904
1008,1167,31,072908,Huckabay ISD,Erath,A,8,88,96,345,https://txschools.net/district/huckabay-isd-072908
1008,1167,31,234905,Martins Mill ISD,Van Zandt,B,8,78,86,447,https://txschools.net/district/martins-mill-isd-234905
1008,1167,31,096904,Memphis ISD,Hall,B,8,77,85,331,https://txschools.net/district/memphis-isd-096904
1008,1167,31,070908,Midlothian ISD,Ellis,B,8,81,89,11537,https://txschools.net/district/midlothian-isd-070908
1008,1167,31,019905,New Boston ISD,Bowie,B,8,79,87,1060,https://txschools.net/district/new-boston-isd-019905
1008,1167,31,169902,Nocona ISD,Montague,B,8,78,86,764,https://txschools.net/district/nocona-isd-169902
1008,1167,31,092904,Pine Tree ISD,Gregg,B,8,79,87,4435,https://txschools.net/district/pine-tree-isd-092904
1008,1167,31,196903,Refugio ISD,Refugio,B,8,75,83,591,https://txschools.net/district/refugio-isd-196903
1008,1167,31,057916,Richardson ISD,Dallas,B,8,75,83,36142,https://txschools.net/district/richardson-isd-057916
1008,1167,31,066902,San Diego ISD,Duval,B,8,80,88,1416,https://txschools.net/district/san-diego-isd-066902
1008,1167,31,117903,Sanford-Fritch ISD,Hutchinson,C,8,71,79,714,https://txschools.net/district/sanford-fritch-isd-117903
1008,1167,31,011904,Smithville ISD,Bastrop,C,8,71,79,1864,https://txschools.net/district/smithville-isd-011904
1008,1167,31,015908,South San Antonio ISD,Bexar,C,8,67,75,7083,https://txschools.net/district/south-san-antonio-isd-015908
1008,1167,31,211902,Stratford ISD,Sherman,B,8,80,88,487,https://txschools.net/district/stratford-isd-211902
1008,1167,31,110907,Sundown ISD,Hockley,A,8,85,93,701,https://txschools.net/district/sundown-isd-110907
1008,1167,31,056902,Texline ISD,Dallam,A,8,85,93,224,https://txschools.net/district/texline-isd-056902
1008,1167,31,166905,Thorndale ISD,Milam,B,8,76,84,662,https://txschools.net/district/thorndale-isd-166905
1008,1167,31,057808,Universal Academy,Dallas,A,8,85,93,2051,https://txschools.net/district/universal-academy-057808
1008,1167,31,226905,Water Valley ISD,Tom Green,A,8,84,92,305,https://txschools.net/district/water-valley-isd-226905
1008,1167,31,170904,Willis ISD,Montgomery,C,8,69,77,9579,https://txschools.net/district/willis-isd-170904
1008,1167,31,250905,Yantis ISD,Wood,C,8,68,76,309,https://txschools.net/district/yantis-isd-250905
1040,1167,24,126901,Alvarado ISD,Johnson,C,9,68,77,3703,https://txschools.net/district/alvarado-isd-126901
1040,1167,24,114901,Big Spring ISD,Howard,B,9,73,82,3107,https://txschools.net/district/big-spring-isd-114901
1040,1167,24,176901,Burkeville ISD,Newton,C,9,62,71,245,https://txschools.net/district/burkeville-isd-176901
1040,1167,24,095902,Cotton Center ISD,Hale,A,9,81,90,97,https://txschools.net/district/cotton-center-isd-095902
1040,1167,24,057905,Dallas ISD,Dallas,B,9,76,85,134302,https://txschools.net/district/dallas-isd-057905
1040,1167,24,015911,East Central ISD,Bexar,C,9,67,76,11798,https://txschools.net/district/east-central-isd-015911
1040,1167,24,184911,Garner ISD,Parker,B,9,80,89,352,https://txschools.net/district/garner-isd-184911
1040,1167,24,123914,Hamshire-Fannett ISD,Jefferson,B,9,76,85,1947,https://txschools.net/district/hamshire-fannett-isd-123914
1040,1167,24,101821,Houston Heights High School,Harris,A,9,82,91,152,https://txschools.net/district/houston-heights-high-school-101821
1040,1167,24,119902,Jacksboro ISD,Jack,B,9,76,85,1032,https://txschools.net/district/jacksboro-isd-119902
1040,1167,24,015913,Lackland ISD,Bexar,B,9,78,87,966,https://txschools.net/district/lackland-isd-015913
1040,1167,24,185904,Lazbuddie ISD,Parmer,A,9,81,90,127,https://txschools.net/district/lazbuddie-isd-185904
1040,1167,24,019914,Leary ISD,Bowie,A,9,81,90,106,https://txschools.net/district/leary-isd-019914
1040,1167,24,140904,Littlefield ISD,Lamb,B,9,79,88,1185,https://txschools.net/district/littlefield-isd-140904
1040,1167,24,241906,Louise ISD,Wharton,B,9,80,89,510,https://txschools.net/district/louise-isd-241906
1040,1167,24,174909,Martinsville ISD,Nacogdoches,B,9,79,88,315,https://txschools.net/district/martinsville-isd-174909
1040,1167,24,117904,Plemons-Stinnett-Phillips CISD,Hutchinson,A,9,82,91,529,https://txschools.net/district/plemons-stinnett-phillips-cisd-117904
1040,1167,24,069901,Rocksprings ISD,Edwards,B,9,78,87,201,https://txschools.net/district/rocksprings-isd-069901
1040,1167,24,214903,Roma ISD,Starr,A,9,83,92,5916,https://txschools.net/district/roma-isd-214903
1040,1167,24,083901,Seagraves ISD,Gaines,B,9,72,81,523,https://txschools.net/district/seagraves-isd-083901
1040,1167,24,072903,Stephenville ISD,Erath,A,9,81,90,3503,https://txschools.net/district/stephenville-isd-072903
1040,1167,24,244903,Vernon ISD,Wilbarger,C,9,67,76,1685,https://txschools.net/district/vernon-isd-244903
1040,1167,24,235902,Victoria ISD,Victoria,C,9,69,78,12534,https://txschools.net/district/victoria-isd-235902
1040,1167,24,040902,Whiteface CISD,Cochran,B,9,79,88,294,https://txschools.net/district/whiteface-cisd-040902
1040,1167,24,057828,Winfree Academy Charter Schools,Dallas,B,9,76,85,1051,https://txschools.net/district/winfree-academy-charter-schools-057828
1065,1167,24,101902,Aldine ISD,Harris,C,10,69,79,52115,https://txschools.net/district/aldine-isd-101902
1065,1167,24,005901,Archer City ISD,Archer,A,10,83,93,486,https://txschools.net/district/archer-city-isd-005901
1065,1167,24,152806,Betty M Condra School for Education Innovation,Lubbock,D,10,59,69,168,https://txschools.net/district/betty-m-condra-school-for-education-innovation-152806
1065,1167,24,220917,Castleberry ISD,Tarrant,B,10,78,88,3755,https://txschools.net/district/castleberry-isd-220917
1065,1167,24,007901,Charlotte ISD,Atascosa,B,10,70,80,422,https://txschools.net/district/charlotte-isd-007901
1065,1167,24,174901,Chireno ISD,Nacogdoches,B,10,71,81,343,https://txschools.net/district/chireno-isd-174901
1065,1167,24,018908,Cranfills Gap ISD,Bosque,B,10,78,88,116,https://txschools.net/district/cranfills-gap-isd-018908
1065,1167,24,084901,Dickinson ISD,Galveston,B,10,78,88,12569,https://txschools.net/district/dickinson-isd-084901
1065,1167,24,015914,Ft Sam Houston ISD,Bexar,A,10,85,95,1543,https://txschools.net/district/ft-sam-houston-isd-015914
1065,1167,24,169906,Gold Burg ISD,Montague,C,10,66,76,149,https://txschools.net/district/gold-burg-isd-169906
1065,1167,24,089901,Gonzales ISD,Gonzales,C,10,66,76,2514,https://txschools.net/district/gonzales-isd-089901
1065,1167,24,057830,Inspired Vision Academy,Dallas,C,10,61,71,1103,https://txschools.net/district/inspired-vision-academy-057830
1065,1167,24,210902,Joaquin ISD,Shelby,A,10,83,93,695,https://txschools.net/district/joaquin-isd-210902
1065,1167,24,028902,Lockhart ISD,Caldwell,C,10,69,79,6757,https://txschools.net/district/lockhart-isd-028902
1065,1167,24,034906,McLeod ISD,Cass,A,10,82,92,420,https://txschools.net/district/mcleod-isd-034906
1065,1167,24,182903,Mineral Wells ISD,Palo Pinto,B,10,77,87,3244,https://txschools.net/district/mineral-wells-isd-182903
1065,1167,24,161910,Moody ISD,McLennan,B,10,78,88,761,https://txschools.net/district/moody-isd-161910
1065,1167,24,062902,Nordheim ISD,Dewitt,B,10,74,84,111,https://txschools.net/district/nordheim-isd-062902
1065,1167,24,140905,Olton ISD,Lamb,B,10,74,84,592,https://txschools.net/district/olton-isd-140905
1065,1167,24,054903,Ralls ISD,Crosby,C,10,64,74,318,https://txschools.net/district/ralls-isd-054903
1065,1167,24,105902,San Marcos CISD,Hays,C,10,66,76,8134,https://txschools.net/district/san-marcos-cisd-105902
1065,1167,24,249908,Slidell ISD,Wise,B,10,72,82,515,https://txschools.net/district/slidell-isd-249908
1065,1167,24,219903,Tulia ISD,Swisher,C,10,61,71,730,https://txschools.net/district/tulia-isd-219903
1065,1167,24,180904,Wildorado ISD,Oldham,A,10,83,93,198,https://txschools.net/district/wildorado-isd-180904
1065,1167,24,253901,Zapata County ISD,Zapata,B,10,76,86,3199,https://txschools.net/district/zapata-county-isd-253901
1090,1167,11,010902,Bandera ISD,Bandera,C,11,65,76,2159,https://txschools.net/district/bandera-isd-010902
1090,1167,11,048901,Eden CISD,Concho,B,11,73,84,217,https://txschools.net/district/eden-cisd-048901
1090,1167,11,010901,Medina ISD,Bandera,B,11,69,80,239,https://txschools.net/district/medina-isd-010901
1090,1167,11,039905,Midway ISD,Clay,B,11,74,85,128,https://txschools.net/district/midway-isd-039905
1090,1167,11,183801,Panola Charter School,Panola,A,11,85,96,174,https://txschools.net/district/panola-charter-school-183801
1090,1167,11,203901,San Augustine ISD,San Augustine,C,11,62,73,585,https://txschools.net/district/san-augustine-isd-203901
1090,1167,11,100904,Silsbee ISD,Hardin,C,11,63,74,2377,https://txschools.net/district/silsbee-isd-100904
1090,1167,11,015830,Somerset Academies of Texas,Bexar,B,11,73,84,2682,https://txschools.net/district/somerset-academies-of-texas-015830
1090,1167,11,182905,Strawn ISD,Palo Pinto,B,11,76,87,172,https://txschools.net/district/strawn-isd-182905
1090,1167,11,071908,Tornillo ISD,El Paso,B,11,69,80,694,https://txschools.net/district/tornillo-isd-071908
1090,1167,11,232904,Utopia ISD,Uvalde,A,11,83,94,190,https://txschools.net/district/utopia-isd-232904
1090,1167,11,025906,Zephyr ISD,Brown,B,11,74,85,217,https://txschools.net/district/zephyr-isd-025906
1102,1167,12,178901,Agua Dulce ISD,Nueces,B,12,74,86,387,https://txschools.net/district/agua-dulce-isd-178901
1102,1167,12,209901,Albany ISD,Shackelford,B,12,77,89,449,https://txschools.net/district/albany-isd-209901
1102,1167,12,217901,Aspermont ISD,Stonewall,A,12,84,96,210,https://txschools.net/district/aspermont-isd-217901
1102,1167,12,074905,Ector ISD,Fannin,B,12,68,80,234,https://txschools.net/district/ector-isd-074905
1102,1167,12,121904,Jasper ISD,Jasper,C,12,59,71,1947,https://txschools.net/district/jasper-isd-121904
1102,1167,12,155901,Jefferson ISD,Marion,C,12,65,77,1105,https://txschools.net/district/jefferson-isd-155901
1102,1167,12,050909,Jonesboro ISD,Coryell,C,12,67,79,317,https://txschools.net/district/jonesboro-isd-050909
1102,1167,12,108914,La Villa ISD,Hidalgo,B,12,68,80,459,https://txschools.net/district/la-villa-isd-108914
1102,1167,12,015806,Legacy Traditional Schools - Texas,Bexar,B,12,68,80,1855,https://txschools.net/district/legacy-traditional-schools-texas-015806
1102,1167,12,015814,Positive Solutions Charter School,Bexar,B,12,73,85,91,https://txschools.net/district/positive-solutions-charter-school-015814
1102,1167,12,091913,Pottsboro ISD,Grayson,A,12,78,90,1363,https://txschools.net/district/pottsboro-isd-091913
1102,1167,12,206902,Richland Springs ISD,San Saba,C,12,66,78,101,https://txschools.net/district/richland-springs-isd-206902
1102,1167,12,057847,Village Tech Schools,Dallas,B,12,70,82,1330,https://txschools.net/district/village-tech-schools-057847
1115,1167,6,146902,Dayton ISD,Liberty,C,13,65,78,5777,https://txschools.net/district/dayton-isd-146902
1115,1167,6,208901,Hermleigh ISD,Scurry,B,13,73,86,265,https://txschools.net/district/hermleigh-isd-208901
1115,1167,6,015822,Jubilee Academies,Bexar,B,13,68,81,5019,https://txschools.net/district/jubilee-academies-015822
1115,1167,6,014803,Priority Charter Schools,Bell,B,13,69,82,529,https://txschools.net/district/priority-charter-schools-014803
1115,1167,6,014801,Richard Milburn Alter High School (Killeen),Bell,C,13,62,75,1525,https://txschools.net/district/richard-milburn-alter-high-school-killeen-014801
1115,1167,6,128903,Runge ISD,Karnes,C,13,60,73,172,https://txschools.net/district/runge-isd-128903
1115,1167,6,062904,Yorktown ISD,Dewitt,B,13,69,82,552,https://txschools.net/district/yorktown-isd-062904
1122,1167,9,144903,Dime Box ISD,Lee,B,14,69,83,169,https://txschools.net/district/dime-box-isd-144903
1122,1167,9,182902,Graford ISD,Palo Pinto,A,14,78,92,329,https://txschools.net/district/graford-isd-182902
1122,1167,9,219905,Kress ISD,Swisher,B,14,69,83,278,https://txschools.net/district/kress-isd-219905
1122,1167,9,022902,Marathon ISD,Brewster,B,14,69,83,46,https://txschools.net/district/marathon-isd-022902
1122,1167,9,209902,Moran ISD,Shackelford,C,14,62,76,86,https://txschools.net/district/moran-isd-209902
1122,1167,9,048903,Paint Rock ISD,Concho,B,14,69,83,330,https://txschools.net/district/paint-rock-isd-048903
1122,1167,9,109914,Penelope ISD,Hill,A,14,78,92,215,https://txschools.net/district/penelope-isd-109914
1122,1167,9,140907,Springlake-Earth ISD,Lamb,A,14,79,93,221,https://txschools.net/district/springlake-earth-isd-140907
1122,1167,9,123803,Tekoa Academy of Accelerated Studies STEM School,Jefferson,A,14,82,96,395,https://txschools.net/district/tekoa-academy-of-accelerated-studies-stem-school-123803
1122,1167,9,089905,Waelder ISD,Gonzales,B,14,70,84,588,https://txschools.net/district/waelder-isd-089905
1132,1167,6,091902,Collinsville ISD,Grayson,B,15,68,83,647,https://txschools.net/district/collinsville-isd-091902
1132,1167,6,182901,Gordon ISD,Palo Pinto,A,15,76,91,240,https://txschools.net/district/gordon-isd-182901
1132,1167,6,202903,Hemphill ISD,Sabine,A,15,77,92,728,https://txschools.net/district/hemphill-isd-202903
1132,1167,6,070907,Italy ISD,Ellis,B,15,65,80,599,https://txschools.net/district/italy-isd-070907
1132,1167,6,067908,Rising Star ISD,Eastland,B,15,67,82,160,https://txschools.net/district/rising-star-isd-067908
1132,1167,6,076903,Roby CISD,Fisher,A,15,79,94,313,https://txschools.net/district/roby-cisd-076903
1132,1167,6,112910,Sulphur Bluff ISD,Hopkins,B,15,72,87,195,https://txschools.net/district/sulphur-bluff-isd-112910
1139,1167,5,246902,Florence ISD,Williamson,B,16,69,85,1125,https://txschools.net/district/florence-isd-246902
1139,1167,5,086901,Fredericksburg ISD,Gillespie,B,16,73,89,2956,https://txschools.net/district/fredericksburg-isd-086901
1139,1167,5,201902,Henderson ISD,Rusk,B,16,64,80,3151,https://txschools.net/district/henderson-isd-201902
1139,1167,5,246911,Taylor ISD,Williamson,B,16,64,80,2882,https://txschools.net/district/taylor-isd-246911
1139,1167,5,072901,Three Way ISD,Erath,C,16,59,75,224,https://txschools.net/district/three-way-isd-072901
1139,1167,5,221905,Trent ISD,Taylor,B,16,65,81,118,https://txschools.net/district/trent-isd-221905
1145,1167,7,057829,A' Academy,Dallas,C,17,62,79,1703,https://txschools.net/district/a-academy-057829
1145,1167,7,125901,Alice ISD,Jim Wells,B,17,69,86,4198,https://txschools.net/district/alice-isd-125901
1145,1167,7,006902,Claude ISD,Armstrong,A,17,79,96,311,https://txschools.net/district/claude-isd-006902
1145,1167,7,163902,D'Hanis ISD,Medina,A,17,76,93,297,https://txschools.net/district/d-hanis-isd-163902
1145,1167,7,174911,Douglass ISD,Nacogdoches,A,17,79,96,405,https://txschools.net/district/douglass-isd-174911
1145,1167,7,015825,Lighthouse Public Schools,Bexar,C,17,54,71,481,https://txschools.net/district/lighthouse-public-schools-015825
1145,1167,7,226801,Texas Leadership Public Schools,Tom Green,B,17,66,83,4070,https://txschools.net/district/texas-leadership-public-schools-226801
1145,1167,7,226908,Veribest ISD,Tom Green,B,17,72,89,258,https://txschools.net/district/veribest-isd-226908
1153,1167,2,072904,Bluff Dale ISD,Erath,B,18,69,87,226,https://txschools.net/district/bluff-dale-isd-072904
1153,1167,2,070801,Faith Family Academy,Ellis,C,18,59,77,2883,https://txschools.net/district/faith-family-academy-070801
1153,1167,2,237902,Hempstead ISD,Waller,C,18,59,77,1563,https://txschools.net/district/hempstead-isd-237902
1156,1167,1,101875,Bloom Academy Charter School,Harris,F,19,40,59,364,https://txschools.net/district/bloom-academy-charter-school-101875
1156,1167,1,187903,Goodrich ISD,Polk,B,19,67,86,270,https://txschools.net/district/goodrich-isd-187903
1158,1167,1,206903,Cherokee ISD,San Saba,B,20,69,89,127,https://txschools.net/district/cherokee-isd-206903
1158,1167,1,085903,Southland ISD,Garza,B,20,65,85,145,https://txschools.net/district/southland-isd-085903
1160,1167,1,057806,Advantage Academy,Dallas,C,21,56,77,909,https://txschools.net/district/advantage-academy-057806
1160,1167,1,101868,The Pro-Vision Academy,Harris,B,21,59,80,239,https://txschools.net/district/the-pro-vision-academy-101868
1162,1167,1,025904,Blanket ISD,Brown,B,22,59,81,151,https://txschools.net/district/blanket-isd-025904
1162,1167,1,138902,Knox City-O'Brien CISD,Knox,A,22,73,95,183,https://txschools.net/district/knox-city-o-brien-cisd-138902
1164,1167,0,238904,Grandfalls-Royalty ISD,Ward,C,23,52,75,121,https://txschools.net/district/grandfalls-royalty-isd-238904
1165,1167,0,039904,Bellevue ISD,Clay,A,28,64,92,242,https://txschools.net/district/bellevue-isd-039904
1166,1167,1,058902,Dawson ISD,Dawson,B,30,51,81,145,https://txschools.net/district/dawson-isd-058902
1166,1167,1,160905,Lohn ISD,McCulloch,B,30,56,86,109,https://txschools.net/district/lohn-isd-160905
