# txschools.net — unofficial. Not operated by, endorsed by, or affiliated with the Texas Education Agency.
# source: Texas Education Agency, published publicly at https://txschools.gov
# snapshot: 15 August 2026 — the date this site fetched TEA's data. TEA may have revised it since.
# dataset: ranking board
# page: https://txschools.net/rankings/texas-districts/student-achievement-declines
# rows: 1017 (excluding this header and the column row)
# ranking: Texas school districts with the largest Student Achievement declines since 2023-24
# population: 1,017 districts of 1,020 districts are ranked here.
# population: 1 was not rated by TEA for 2025-26 and is not ranked.
# population: 2 have no figure at the start of the window and are not ranked.
# rank_of is how many rows were actually ranked (can be smaller than the population above); two rows on the same value share a rank ("tied"), and the next rank is skipped.
# empty cell = TEA did not publish that figure. It does not mean zero.
# numbers are unformatted: no thousands separators, no currency symbols, no percent signs.
# lines starting with # are comments — pandas: read_csv(path, comment='#')
rank,rank_of,tied,entity_id,name,county,rating,value,2023_24,2025_26,enrollment,url
1,1017,0,066005,Ramirez CSD,Duval,D,-18,82,64,24,https://txschools.net/district/ramirez-csd-066005
2,1017,1,186901,Buena Vista ISD,Pecos,D,-17,87,70,235,https://txschools.net/district/buena-vista-isd-186901
2,1017,1,028906,Prairie Lea ISD,Caldwell,F,-17,66,49,276,https://txschools.net/district/prairie-lea-isd-028906
4,1017,1,019913,Hubbard ISD,Bowie,F,-16,72,56,54,https://txschools.net/district/hubbard-isd-019913
4,1017,1,201903,Laneville ISD,Rusk,D,-16,84,68,104,https://txschools.net/district/laneville-isd-201903
6,1017,0,143904,Vysehrad ISD,Lavaca,D,-15,85,70,46,https://txschools.net/district/vysehrad-isd-143904
7,1017,1,148902,Follett ISD,Lipscomb,C,-12,88,76,170,https://txschools.net/district/follett-isd-148902
7,1017,1,109908,Malone ISD,Hill,F,-12,62,50,64,https://txschools.net/district/malone-isd-109908
9,1017,2,228904,Centerville ISD,Trinity,D,-11,87,76,143,https://txschools.net/district/centerville-isd-228904
9,1017,2,244905,Northside ISD,Wilbarger,B,-11,93,82,246,https://txschools.net/district/northside-isd-244905
9,1017,2,210904,Tenaha ISD,Shelby,C,-11,82,71,402,https://txschools.net/district/tenaha-isd-210904
12,1017,1,148901,Booker ISD,Lipscomb,B,-10,91,81,335,https://txschools.net/district/booker-isd-148901
12,1017,1,143905,Sweet Home ISD,Lavaca,C,-10,88,78,164,https://txschools.net/district/sweet-home-isd-143905
14,1017,1,112909,Saltillo ISD,Hopkins,A,-9,96,87,236,https://txschools.net/district/saltillo-isd-112909
14,1017,1,022004,Terlingua CSD,Brewster,D,-9,74,65,140,https://txschools.net/district/terlingua-csd-022004
16,1017,3,196901,Austwell-Tivoli ISD,Refugio,C,-8,85,77,122,https://txschools.net/district/austwell-tivoli-isd-196901
16,1017,3,109903,Covington ISD,Hill,C,-8,82,74,351,https://txschools.net/district/covington-isd-109903
16,1017,3,238904,Grandfalls-Royalty ISD,Ward,C,-8,78,70,121,https://txschools.net/district/grandfalls-royalty-isd-238904
16,1017,3,222901,Terrell County ISD,Terrell,B,-8,91,83,108,https://txschools.net/district/terrell-county-isd-222901
20,1017,2,024901,Brooks County ISD,Brooks,D,-7,69,62,1074,https://txschools.net/district/brooks-county-isd-024901
20,1017,2,025905,May ISD,Brown,C,-7,80,73,257,https://txschools.net/district/may-isd-025905
20,1017,2,093905,Richards ISD,Grimes,C,-7,84,77,261,https://txschools.net/district/richards-isd-093905
23,1017,1,072910,Morgan Mill ISD,Erath,F,-6,65,59,132,https://txschools.net/district/morgan-mill-isd-072910
23,1017,1,062905,Westhoff ISD,Dewitt,B,-6,93,87,100,https://txschools.net/district/westhoff-isd-062905
25,1017,7,109902,Bynum ISD,Hill,B,-5,91,86,174,https://txschools.net/district/bynum-isd-109902
25,1017,7,161924,Hallsburg ISD,McLennan,F,-5,60,55,106,https://txschools.net/district/hallsburg-isd-161924
25,1017,7,102905,Harleton ISD,Harrison,B,-5,90,85,702,https://txschools.net/district/harleton-isd-102905
25,1017,7,091905,Howe ISD,Grayson,C,-5,83,78,1191,https://txschools.net/district/howe-isd-091905
25,1017,7,062906,Meyersville ISD,Dewitt,B,-5,91,86,167,https://txschools.net/district/meyersville-isd-062906
25,1017,7,042905,Panther Creek CISD,Coleman,B,-5,87,82,139,https://txschools.net/district/panther-creek-cisd-042905
25,1017,7,042903,Santa Anna ISD,Coleman,C,-5,79,74,245,https://txschools.net/district/santa-anna-isd-042903
25,1017,7,122902,Valentine ISD,Jeff Davis,B,-5,80,75,28,https://txschools.net/district/valentine-isd-122902
33,1017,4,073903,Marlin ISD,Falls,D,-4,73,69,796,https://txschools.net/district/marlin-isd-073903
33,1017,4,001907,Palestine ISD,Anderson,C,-4,78,74,3144,https://txschools.net/district/palestine-isd-001907
33,1017,4,074911,Savoy ISD,Fannin,C,-4,85,81,301,https://txschools.net/district/savoy-isd-074911
33,1017,4,098904,Spearman ISD,Hansford,B,-4,88,84,652,https://txschools.net/district/spearman-isd-098904
33,1017,4,212904,Troup ISD,Smith,C,-4,83,79,1067,https://txschools.net/district/troup-isd-212904
38,1017,28,037901,Alto ISD,Cherokee,C,-3,79,76,524,https://txschools.net/district/alto-isd-037901
38,1017,28,043902,Anna ISD,Collin,C,-3,78,75,6686,https://txschools.net/district/anna-isd-043902
38,1017,28,110901,Anton ISD,Hockley,C,-3,82,79,171,https://txschools.net/district/anton-isd-110901
38,1017,28,061907,Aubrey ISD,Denton,C,-3,82,79,4885,https://txschools.net/district/aubrey-isd-061907
38,1017,28,138904,Benjamin ISD,Knox,B,-3,84,81,96,https://txschools.net/district/benjamin-isd-138904
38,1017,28,074903,Bonham ISD,Fannin,C,-3,76,73,1939,https://txschools.net/district/bonham-isd-074903
38,1017,28,161923,Bosqueville ISD,McLennan,C,-3,81,78,718,https://txschools.net/district/bosqueville-isd-161923
38,1017,28,166901,Cameron ISD,Milam,D,-3,76,73,1389,https://txschools.net/district/cameron-isd-166901
38,1017,28,065901,Clarendon ISD,Donley,C,-3,84,81,403,https://txschools.net/district/clarendon-isd-065901
38,1017,28,116903,Commerce ISD,Hunt,D,-3,71,68,1526,https://txschools.net/district/commerce-isd-116903
38,1017,28,161901,Crawford ISD,McLennan,B,-3,92,89,585,https://txschools.net/district/crawford-isd-161901
38,1017,28,062901,Cuero ISD,Dewitt,C,-3,81,78,1802,https://txschools.net/district/cuero-isd-062901
38,1017,28,183904,Gary ISD,Panola,D,-3,77,74,478,https://txschools.net/district/gary-isd-183904
38,1017,28,166902,Gause ISD,Milam,B,-3,80,77,149,https://txschools.net/district/gause-isd-166902
38,1017,28,090905,Grandview-Hopkins ISD,Gray,C,-3,75,72,44,https://txschools.net/district/grandview-hopkins-isd-090905
38,1017,28,243903,Iowa Park CISD,Wichita,B,-3,91,88,1974,https://txschools.net/district/iowa-park-cisd-243903
38,1017,28,248901,Kermit ISD,Winkler,D,-3,72,69,1255,https://txschools.net/district/kermit-isd-248901
38,1017,28,201904,Leveretts Chapel ISD,Rusk,C,-3,73,70,233,https://txschools.net/district/leveretts-chapel-isd-201904
38,1017,28,189901,Marfa ISD,Presidio,D,-3,68,65,339,https://txschools.net/district/marfa-isd-189901
38,1017,28,163908,Medina Valley ISD,Medina,B,-3,84,81,10442,https://txschools.net/district/medina-valley-isd-163908
38,1017,28,013903,Pettus ISD,Bee,B,-3,84,81,378,https://txschools.net/district/pettus-isd-013903
38,1017,28,178908,Port Aransas ISD,Nueces,B,-3,90,87,577,https://txschools.net/district/port-aransas-isd-178908
38,1017,28,125905,Premont ISD,Jim Wells,C,-3,75,72,761,https://txschools.net/district/premont-isd-125905
38,1017,28,206902,Richland Springs ISD,San Saba,C,-3,82,79,101,https://txschools.net/district/richland-springs-isd-206902
38,1017,28,074917,Sam Rayburn ISD,Fannin,B,-3,90,87,477,https://txschools.net/district/sam-rayburn-isd-074917
38,1017,28,207901,Schleicher ISD,Schleicher,B,-3,84,81,383,https://txschools.net/district/schleicher-isd-207901
38,1017,28,158906,Van Vleck ISD,Matagorda,C,-3,81,78,1048,https://txschools.net/district/van-vleck-isd-158906
38,1017,28,059902,Walcott ISD,Deaf Smith,B,-3,82,79,138,https://txschools.net/district/walcott-isd-059902
38,1017,28,102903,Waskom ISD,Harrison,C,-3,77,74,764,https://txschools.net/district/waskom-isd-102903
67,1017,29,228905,Apple Springs ISD,Trinity,D,-2,73,71,156,https://txschools.net/district/apple-springs-isd-228905
67,1017,29,220915,Azle ISD,Tarrant,C,-2,80,78,7166,https://txschools.net/district/azle-isd-220915
67,1017,29,230901,Big Sandy ISD,Upshur,C,-2,75,73,643,https://txschools.net/district/big-sandy-isd-230901
67,1017,29,043917,Blue Ridge ISD,Collin,C,-2,80,78,1056,https://txschools.net/district/blue-ridge-isd-043917
67,1017,29,185901,Bovina ISD,Parmer,D,-2,73,71,370,https://txschools.net/district/bovina-isd-185901
67,1017,29,166907,Buckholts ISD,Milam,C,-2,80,78,107,https://txschools.net/district/buckholts-isd-166907
67,1017,29,212909,Chapel Hill ISD,Smith,C,-2,77,75,3186,https://txschools.net/district/chapel-hill-isd-212909
67,1017,29,042901,Coleman ISD,Coleman,B,-2,82,80,740,https://txschools.net/district/coleman-isd-042901
67,1017,29,054901,Crosbyton CISD,Crosby,C,-2,81,79,293,https://txschools.net/district/crosbyton-cisd-054901
67,1017,29,175904,Dawson ISD,Navarro,B,-2,86,84,608,https://txschools.net/district/dawson-isd-175904
67,1017,29,178905,Driscoll ISD,Nueces,B,-2,78,76,1030,https://txschools.net/district/driscoll-isd-178905
67,1017,29,057907,Duncanville ISD,Dallas,C,-2,71,69,10988,https://txschools.net/district/duncanville-isd-057907
67,1017,29,025909,Early ISD,Brown,B,-2,85,83,1087,https://txschools.net/district/early-isd-025909
67,1017,29,250902,Hawkins ISD,Wood,C,-2,84,82,776,https://txschools.net/district/hawkins-isd-250902
67,1017,29,108912,La Joya ISD,Hidalgo,B,-2,77,75,21606,https://txschools.net/district/la-joya-isd-108912
67,1017,29,113905,Latexo ISD,Houston,C,-2,82,80,551,https://txschools.net/district/latexo-isd-113905
67,1017,29,077902,Lockney ISD,Floyd,D,-2,68,66,387,https://txschools.net/district/lockney-isd-077902
67,1017,29,201908,Overton ISD,Rusk,C,-2,81,79,534,https://txschools.net/district/overton-isd-201908
67,1017,29,098903,Pringle-Morse CISD,Hansford,C,-2,76,74,126,https://txschools.net/district/pringle-morse-cisd-098903
67,1017,29,034907,Queen City ISD,Cass,C,-2,83,81,860,https://txschools.net/district/queen-city-isd-034907
67,1017,29,160904,Rochelle ISD,McCulloch,A,-2,96,94,166,https://txschools.net/district/rochelle-isd-160904
67,1017,29,232902,Sabinal ISD,Uvalde,C,-2,74,72,447,https://txschools.net/district/sabinal-isd-232902
67,1017,29,092906,Sabine ISD,Gregg,B,-2,83,81,1567,https://txschools.net/district/sabine-isd-092906
67,1017,29,083903,Seminole ISD,Gaines,C,-2,81,79,3083,https://txschools.net/district/seminole-isd-083903
67,1017,29,049909,Sivells Bend ISD,Cooke,B,-2,80,78,56,https://txschools.net/district/sivells-bend-isd-049909
67,1017,29,091908,Van Alstyne ISD,Grayson,B,-2,90,88,2856,https://txschools.net/district/van-alstyne-isd-091908
67,1017,29,180902,Vega ISD,Oldham,A,-2,93,91,354,https://txschools.net/district/vega-isd-180902
67,1017,29,001908,Westwood ISD,Anderson,D,-2,68,66,1300,https://txschools.net/district/westwood-isd-001908
67,1017,29,153907,Wilson ISD,Lynn,C,-2,78,76,120,https://txschools.net/district/wilson-isd-153907
67,1017,29,174906,Woden ISD,Nacogdoches,B,-2,84,82,824,https://txschools.net/district/woden-isd-174906
97,1017,40,180903,Adrian ISD,Oldham,A,-1,90,89,136,https://txschools.net/district/adrian-isd-180903
97,1017,40,034901,Atlanta ISD,Cass,B,-1,85,84,1918,https://txschools.net/district/atlanta-isd-034901
97,1017,40,161918,Axtell ISD,McLennan,B,-1,88,87,842,https://txschools.net/district/axtell-isd-161918
97,1017,40,071907,Canutillo ISD,El Paso,C,-1,78,77,5604,https://txschools.net/district/canutillo-isd-071907
97,1017,40,038901,Childress ISD,Childress,B,-1,82,81,901,https://txschools.net/district/childress-isd-038901
97,1017,40,047901,Comanche ISD,Comanche,B,-1,81,80,1327,https://txschools.net/district/comanche-isd-047901
97,1017,40,018908,Cranfills Gap ISD,Bosque,B,-1,89,88,116,https://txschools.net/district/cranfills-gap-isd-018908
97,1017,40,081906,Dew ISD,Freestone,C,-1,78,77,170,https://txschools.net/district/dew-isd-081906
97,1017,40,081902,Fairfield ISD,Freestone,C,-1,80,79,1526,https://txschools.net/district/fairfield-isd-081902
97,1017,40,128904,Falls City ISD,Karnes,A,-1,90,89,452,https://txschools.net/district/falls-city-isd-128904
97,1017,40,060914,Fannindel ISD,Delta,D,-1,67,66,152,https://txschools.net/district/fannindel-isd-060914
97,1017,40,169910,Forestburg ISD,Montague,B,-1,85,84,172,https://txschools.net/district/forestburg-isd-169910
97,1017,40,104901,Haskell CISD,Haskell,B,-1,84,83,545,https://txschools.net/district/haskell-cisd-104901
97,1017,40,039902,Henrietta ISD,Clay,B,-1,82,81,862,https://txschools.net/district/henrietta-isd-039902
97,1017,40,034903,Hughes Springs ISD,Cass,B,-1,87,86,1044,https://txschools.net/district/hughes-springs-isd-034903
97,1017,40,246906,Hutto ISD,Williamson,C,-1,76,75,11069,https://txschools.net/district/hutto-isd-246906
97,1017,40,133904,Ingram ISD,Kerr,A,-1,91,90,1365,https://txschools.net/district/ingram-isd-133904
97,1017,40,016901,Johnson City ISD,Blanco,B,-1,87,86,677,https://txschools.net/district/johnson-city-isd-016901
97,1017,40,129904,Kemp ISD,Kaufman,D,-1,72,71,2017,https://txschools.net/district/kemp-isd-129904
97,1017,40,227912,Lago Vista ISD,Travis,C,-1,80,79,1864,https://txschools.net/district/lago-vista-isd-227912
97,1017,40,107910,Lapoynor ISD,Henderson,C,-1,78,77,465,https://txschools.net/district/lapoynor-isd-107910
97,1017,40,070909,Milford ISD,Ellis,C,-1,80,79,277,https://txschools.net/district/milford-isd-070909
97,1017,40,035903,Nazareth ISD,Castro,A,-1,97,96,239,https://txschools.net/district/nazareth-isd-035903
97,1017,40,089903,Nixon-Smiley CISD,Gonzales,C,-1,79,78,994,https://txschools.net/district/nixon-smiley-cisd-089903
97,1017,40,139911,North Lamar ISD,Lamar,C,-1,79,78,2362,https://txschools.net/district/north-lamar-isd-139911
97,1017,40,235904,Nursery ISD,Victoria,B,-1,93,92,179,https://txschools.net/district/nursery-isd-235904
97,1017,40,205905,Odem-Edroy ISD,San Patricio,B,-1,79,78,892,https://txschools.net/district/odem-edroy-isd-205905
97,1017,40,158905,Palacios ISD,Matagorda,B,-1,82,81,1266,https://txschools.net/district/palacios-isd-158905
97,1017,40,119903,Perrin-Whitt CISD,Jack,A,-1,91,90,306,https://txschools.net/district/perrin-whitt-cisd-119903
97,1017,40,189902,Presidio ISD,Presidio,C,-1,66,65,1063,https://txschools.net/district/presidio-isd-189902
97,1017,40,194903,Rivercrest ISD,Red River,B,-1,83,82,665,https://txschools.net/district/rivercrest-isd-194903
97,1017,40,166904,Rockdale ISD,Milam,C,-1,78,77,1452,https://txschools.net/district/rockdale-isd-166904
97,1017,40,199902,Royse City ISD,Rockwall,C,-1,80,79,10141,https://txschools.net/district/royse-city-isd-199902
97,1017,40,206901,San Saba ISD,San Saba,C,-1,74,73,686,https://txschools.net/district/san-saba-isd-206901
97,1017,40,182904,Santo ISD,Palo Pinto,A,-1,93,92,570,https://txschools.net/district/santo-isd-182904
97,1017,40,152903,Slaton ISD,Lubbock,C,-1,76,75,1308,https://txschools.net/district/slaton-isd-152903
97,1017,40,229905,Spurger ISD,Tyler,B,-1,82,81,375,https://txschools.net/district/spurger-isd-229905
97,1017,40,140908,Sudan ISD,Lamb,B,-1,86,85,445,https://txschools.net/district/sudan-isd-140908
97,1017,40,226906,Wall ISD,Tom Green,B,-1,93,92,1306,https://txschools.net/district/wall-isd-226906
97,1017,40,240904,Webb CISD,Webb,C,-1,73,72,206,https://txschools.net/district/webb-cisd-240904
97,1017,40,062903,Yoakum ISD,Dewitt,B,-1,81,80,1409,https://txschools.net/district/yoakum-isd-062903
138,1017,88,195902,Balmorhea ISD,Reeves,B,0,87,87,149,https://txschools.net/district/balmorhea-isd-195902
138,1017,88,091901,Bells ISD,Grayson,A,0,92,92,1011,https://txschools.net/district/bells-isd-091901
138,1017,88,066901,Benavides ISD,Duval,D,0,69,69,352,https://txschools.net/district/benavides-isd-066901
138,1017,88,017901,Borden County ISD,Borden,A,0,96,96,238,https://txschools.net/district/borden-county-isd-017901
138,1017,88,136901,Brackett ISD,Kinney,C,0,76,76,490,https://txschools.net/district/brackett-isd-136901
138,1017,88,203902,Broaddus ISD,San Augustine,A,0,96,96,380,https://txschools.net/district/broaddus-isd-203902
138,1017,88,119901,Bryson ISD,Jack,B,0,89,89,262,https://txschools.net/district/bryson-isd-119901
138,1017,88,121903,Buna ISD,Jasper,C,0,76,76,1412,https://txschools.net/district/buna-isd-121903
138,1017,88,220919,Carroll ISD,Tarrant,A,0,95,95,7866,https://txschools.net/district/carroll-isd-220919
138,1017,88,003907,Central ISD,Angelina,C,0,76,76,1491,https://txschools.net/district/central-isd-003907
138,1017,88,206903,Cherokee ISD,San Saba,B,0,90,90,127,https://txschools.net/district/cherokee-isd-206903
138,1017,88,067902,Cisco ISD,Eastland,B,0,84,84,861,https://txschools.net/district/cisco-isd-067902
138,1017,88,170902,Conroe ISD,Montgomery,B,0,85,85,72218,https://txschools.net/district/conroe-isd-170902
138,1017,88,147901,Coolidge ISD,Limestone,B,0,87,87,311,https://txschools.net/district/coolidge-isd-147901
138,1017,88,052901,Crane ISD,Crane,D,0,70,70,1228,https://txschools.net/district/crane-isd-052901
138,1017,88,172902,Daingerfield-Lone Star ISD,Morris,C,0,74,74,988,https://txschools.net/district/daingerfield-lone-star-isd-172902
138,1017,88,047902,De Leon ISD,Comanche,A,0,93,93,616,https://txschools.net/district/de-leon-isd-047902
138,1017,88,091903,Denison ISD,Grayson,C,0,78,78,4742,https://txschools.net/district/denison-isd-091903
138,1017,88,163901,Devine ISD,Medina,C,0,72,72,1975,https://txschools.net/district/devine-isd-163901
138,1017,88,227909,Eanes ISD,Travis,A,0,94,94,7524,https://txschools.net/district/eanes-isd-227909
138,1017,88,067903,Eastland ISD,Eastland,B,0,82,82,939,https://txschools.net/district/eastland-isd-067903
138,1017,88,234903,Edgewood ISD,Van Zandt,B,0,82,82,997,https://txschools.net/district/edgewood-isd-234903
138,1017,88,102906,Elysian Fields ISD,Harrison,B,0,80,80,753,https://txschools.net/district/elysian-fields-isd-102906
138,1017,88,114904,Forsan ISD,Howard,B,0,81,81,674,https://txschools.net/district/forsan-isd-114904
138,1017,88,152907,Frenship ISD,Lubbock,C,0,79,79,12042,https://txschools.net/district/frenship-isd-152907
138,1017,88,084911,Friendswood ISD,Galveston,A,0,92,92,6116,https://txschools.net/district/friendswood-isd-084911
138,1017,88,087901,Glasscock County ISD,Glasscock,A,0,96,96,290,https://txschools.net/district/glasscock-county-isd-087901
138,1017,88,213901,Glen Rose ISD,Somervell,B,0,89,89,2091,https://txschools.net/district/glen-rose-isd-213901
138,1017,88,033901,Groom ISD,Carson,B,0,80,80,112,https://txschools.net/district/groom-isd-033901
138,1017,88,219901,Happy ISD,Swisher,A,0,91,91,238,https://txschools.net/district/happy-isd-219901
138,1017,88,103902,Hartley ISD,Hartley,A,0,91,91,242,https://txschools.net/district/hartley-isd-103902
138,1017,88,177905,Highland ISD,Nolan,A,0,97,97,211,https://txschools.net/district/highland-isd-177905
138,1017,88,084908,Hitchcock ISD,Galveston,D,0,69,69,1937,https://txschools.net/district/hitchcock-isd-084908
138,1017,88,014905,Holland ISD,Bell,A,0,91,91,669,https://txschools.net/district/holland-isd-014905
138,1017,88,133902,Hunt ISD,Kerr,A,0,93,93,211,https://txschools.net/district/hunt-isd-133902
138,1017,88,205903,Ingleside ISD,San Patricio,B,0,82,82,1983,https://txschools.net/district/ingleside-isd-205903
138,1017,88,124901,Jim Hogg County ISD,Jim Hogg,C,0,75,75,927,https://txschools.net/district/jim-hogg-county-isd-124901
138,1017,88,092902,Kilgore ISD,Gregg,C,0,73,73,3576,https://txschools.net/district/kilgore-isd-092902
138,1017,88,031905,La Feria ISD,Cameron,C,0,77,77,2754,https://txschools.net/district/la-feria-isd-031905
138,1017,88,125906,La Gloria ISD,Jim Wells,D,0,64,64,126,https://txschools.net/district/la-gloria-isd-125906
138,1017,88,144902,Lexington ISD,Lee,B,0,84,84,1014,https://txschools.net/district/lexington-isd-144902
138,1017,88,049907,Lindsay ISD,Cooke,B,0,86,86,504,https://txschools.net/district/lindsay-isd-049907
138,1017,88,141902,Lometa ISD,Lampasas,B,0,84,84,293,https://txschools.net/district/lometa-isd-141902
138,1017,88,116906,Lone Oak ISD,Hunt,B,0,85,85,1090,https://txschools.net/district/lone-oak-isd-116906
138,1017,88,168902,Loraine ISD,Mitchell,C,0,76,76,133,https://txschools.net/district/loraine-isd-168902
138,1017,88,113903,Lovelady ISD,Houston,B,0,85,85,526,https://txschools.net/district/lovelady-isd-113903
138,1017,88,152906,Lubbock-Cooper ISD,Lubbock,B,0,88,88,8094,https://txschools.net/district/lubbock-cooper-isd-152906
138,1017,88,107906,Malakoff ISD,Henderson,B,0,84,84,1522,https://txschools.net/district/malakoff-isd-107906
138,1017,88,102902,Marshall ISD,Harrison,D,0,69,69,4726,https://txschools.net/district/marshall-isd-102902
138,1017,88,158904,Matagorda ISD,Matagorda,C,0,72,72,118,https://txschools.net/district/matagorda-isd-158904
138,1017,88,223902,Meadow ISD,Terry,B,0,86,86,199,https://txschools.net/district/meadow-isd-223902
138,1017,88,010901,Medina ISD,Bandera,B,0,79,79,239,https://txschools.net/district/medina-isd-010901
138,1017,88,184904,Millsap ISD,Parker,B,0,83,83,1068,https://txschools.net/district/millsap-isd-184904
138,1017,88,173901,Motley County ISD,Motley,A,0,91,91,188,https://txschools.net/district/motley-county-isd-173901
138,1017,88,049902,Muenster ISD,Cooke,B,0,92,92,551,https://txschools.net/district/muenster-isd-049902
138,1017,88,093904,Navasota ISD,Grimes,C,0,73,73,3127,https://txschools.net/district/navasota-isd-093904
138,1017,88,125903,Orange Grove ISD,Jim Wells,B,0,84,84,1585,https://txschools.net/district/orange-grove-isd-125903
138,1017,88,048903,Paint Rock ISD,Concho,B,0,84,84,330,https://txschools.net/district/paint-rock-isd-048903
138,1017,88,182906,Palo Pinto ISD,Palo Pinto,A,0,94,94,92,https://txschools.net/district/palo-pinto-isd-182906
138,1017,88,033902,Panhandle ISD,Carson,A,0,91,91,576,https://txschools.net/district/panhandle-isd-033902
138,1017,88,249906,Paradise ISD,Wise,B,0,84,84,1372,https://txschools.net/district/paradise-isd-249906
138,1017,88,061903,Pilot Point ISD,Denton,C,0,78,78,1728,https://txschools.net/district/pilot-point-isd-061903
138,1017,88,099903,Quanah ISD,Hardeman,B,0,83,83,396,https://txschools.net/district/quanah-isd-099903
138,1017,88,250904,Quitman ISD,Wood,B,0,83,83,1216,https://txschools.net/district/quitman-isd-250904
138,1017,88,231902,Rankin ISD,Upton,A,0,92,92,300,https://txschools.net/district/rankin-isd-231902
138,1017,88,126907,Rio Vista ISD,Johnson,C,0,77,77,1031,https://txschools.net/district/rio-vista-isd-126907
138,1017,88,041902,Robert Lee ISD,Coke,B,0,89,89,253,https://txschools.net/district/robert-lee-isd-041902
138,1017,88,152908,Roosevelt ISD,Lubbock,B,0,78,78,1115,https://txschools.net/district/roosevelt-isd-152908
138,1017,88,177901,Roscoe Collegiate ISD,Nolan,F,0,50,50,14905,https://txschools.net/district/roscoe-collegiate-isd-177901
138,1017,88,169911,Saint Jo ISD,Montague,B,0,85,85,298,https://txschools.net/district/saint-jo-isd-169911
138,1017,88,152909,Shallowater ISD,Lubbock,B,0,91,91,1714,https://txschools.net/district/shallowater-isd-152909
138,1017,88,047905,Sidney ISD,Comanche,A,0,90,90,115,https://txschools.net/district/sidney-isd-047905
138,1017,88,023902,Silverton ISD,Briscoe,A,0,93,93,194,https://txschools.net/district/silverton-isd-023902
138,1017,88,015909,Somerset ISD,Bexar,B,0,82,82,4169,https://txschools.net/district/somerset-isd-015909
138,1017,88,127906,Stamford ISD,Jones,B,0,82,82,546,https://txschools.net/district/stamford-isd-127906
138,1017,88,112910,Sulphur Bluff ISD,Hopkins,B,0,89,89,195,https://txschools.net/district/sulphur-bluff-isd-112910
138,1017,88,110907,Sundown ISD,Hockley,A,0,92,92,701,https://txschools.net/district/sundown-isd-110907
138,1017,88,246912,Thrall ISD,Williamson,A,0,93,93,916,https://txschools.net/district/thrall-isd-246912
138,1017,88,224901,Throckmorton Collegiate ISD,Throckmorton,B,0,84,84,145,https://txschools.net/district/throckmorton-collegiate-isd-224901
138,1017,88,210905,Timpson ISD,Shelby,B,0,82,82,718,https://txschools.net/district/timpson-isd-210905
138,1017,88,227506,University of Texas at Austin HS,Travis,C,0,72,72,1211,https://txschools.net/district/university-of-texas-at-austin-hs-227506
138,1017,88,037909,Wells ISD,Cherokee,B,0,88,88,235,https://txschools.net/district/wells-isd-037909
138,1017,88,161916,West ISD,McLennan,B,0,91,91,1338,https://txschools.net/district/west-isd-161916
138,1017,88,178915,West Oso ISD,Nueces,D,0,69,69,1777,https://txschools.net/district/west-oso-isd-178915
138,1017,88,073904,Westphalia ISD,Falls,A,0,92,92,148,https://txschools.net/district/westphalia-isd-073904
138,1017,88,109911,Whitney ISD,Hill,C,0,76,76,1433,https://txschools.net/district/whitney-isd-109911
138,1017,88,200904,Winters ISD,Runnels,B,0,78,78,499,https://txschools.net/district/winters-isd-200904
138,1017,88,116909,Wolfe City ISD,Hunt,B,0,84,84,694,https://txschools.net/district/wolfe-city-isd-116909
138,1017,88,224902,Woodson ISD,Throckmorton,B,0,88,88,158,https://txschools.net/district/woodson-isd-224902
227,1017,114,043901,Allen ISD,Collin,A,1,89,90,20092,https://txschools.net/district/allen-isd-043901
227,1017,114,249901,Alvord ISD,Wise,B,1,84,85,875,https://txschools.net/district/alvord-isd-249901
227,1017,114,036901,Anahuac ISD,Chambers,C,1,75,76,1533,https://txschools.net/district/anahuac-isd-036901
227,1017,114,002901,Andrews ISD,Andrews,C,1,79,80,4159,https://txschools.net/district/andrews-isd-002901
227,1017,114,020902,Angleton ISD,Brazoria,B,1,81,82,7241,https://txschools.net/district/angleton-isd-020902
227,1017,114,178913,Banquete ISD,Nueces,B,1,77,78,724,https://txschools.net/district/banquete-isd-178913
227,1017,114,036902,Barbers Hill ISD,Chambers,A,1,92,93,8069,https://txschools.net/district/barbers-hill-isd-036902
227,1017,114,034909,Bloomburg ISD,Cass,B,1,86,87,202,https://txschools.net/district/bloomburg-isd-034909
227,1017,114,175902,Blooming Grove ISD,Navarro,C,1,76,77,961,https://txschools.net/district/blooming-grove-isd-175902
227,1017,114,130901,Boerne ISD,Kendall,A,1,92,93,11132,https://txschools.net/district/boerne-isd-130901
227,1017,114,215901,Breckenridge ISD,Stephens,B,1,80,81,1288,https://txschools.net/district/breckenridge-isd-215901
227,1017,114,249903,Bridgeport ISD,Wise,C,1,69,70,2028,https://txschools.net/district/bridgeport-isd-249903
227,1017,114,184909,Brock ISD,Parker,A,1,92,93,2181,https://txschools.net/district/brock-isd-184909
227,1017,114,041901,Bronte ISD,Coke,A,1,90,91,224,https://txschools.net/district/bronte-isd-041901
227,1017,114,107902,Brownsboro ISD,Henderson,B,1,81,82,2583,https://txschools.net/district/brownsboro-isd-107902
227,1017,114,027903,Burnet CISD,Burnet,C,1,73,74,3224,https://txschools.net/district/burnet-cisd-027903
227,1017,114,234902,Canton ISD,Van Zandt,B,1,86,87,2249,https://txschools.net/district/canton-isd-234902
227,1017,114,191901,Canyon ISD,Randall,B,1,86,87,11527,https://txschools.net/district/canyon-isd-191901
227,1017,114,225906,Chapel Hill ISD,Titus,B,1,85,86,943,https://txschools.net/district/chapel-hill-isd-225906
227,1017,114,073901,Chilton ISD,Falls,A,1,89,90,574,https://txschools.net/district/chilton-isd-073901
227,1017,114,226901,Christoval ISD,Tom Green,B,1,88,89,628,https://txschools.net/district/christoval-isd-226901
227,1017,114,146901,Cleveland ISD,Liberty,D,1,59,60,12648,https://txschools.net/district/cleveland-isd-146901
227,1017,114,043918,Community ISD,Collin,B,1,78,79,5764,https://txschools.net/district/community-isd-043918
227,1017,114,057922,Coppell ISD,Dallas,A,1,93,94,13047,https://txschools.net/district/coppell-isd-057922
227,1017,114,113901,Crockett ISD,Houston,D,1,62,63,1098,https://txschools.net/district/crockett-isd-113901
227,1017,114,078901,Crowell ISD,Foard,B,1,87,88,172,https://txschools.net/district/crowell-isd-078901
227,1017,114,055901,Culberson County-Allamoore ISD,Culberson,B,1,84,85,377,https://txschools.net/district/culberson-county-allamoore-isd-055901
227,1017,114,112905,Cumby Collegiate ISD,Hopkins,C,1,72,73,485,https://txschools.net/district/cumby-collegiate-isd-112905
227,1017,114,061901,Denton ISD,Denton,C,1,76,77,33101,https://txschools.net/district/denton-isd-061901
227,1017,114,146903,Devers ISD,Liberty,A,1,94,95,198,https://txschools.net/district/devers-isd-146903
227,1017,114,036903,East Chambers ISD,Chambers,B,1,83,84,1563,https://txschools.net/district/east-chambers-isd-036903
227,1017,114,241903,El Campo ISD,Wharton,B,1,78,79,3206,https://txschools.net/district/el-campo-isd-241903
227,1017,114,243902,Electra ISD,Wichita,C,1,71,72,418,https://txschools.net/district/electra-isd-243902
227,1017,114,075906,Fayetteville ISD,Fayette,A,1,96,97,308,https://txschools.net/district/fayetteville-isd-075906
227,1017,114,075901,Flatonia ISD,Fayette,A,1,92,93,675,https://txschools.net/district/flatonia-isd-075901
227,1017,114,129902,Forney ISD,Kaufman,C,1,78,79,19643,https://txschools.net/district/forney-isd-129902
227,1017,114,185903,Friona ISD,Parmer,C,1,69,70,979,https://txschools.net/district/friona-isd-185903
227,1017,114,043905,Frisco ISD,Collin,A,1,91,92,62627,https://txschools.net/district/frisco-isd-043905
227,1017,114,234909,Fruitvale ISD,Van Zandt,B,1,81,82,390,https://txschools.net/district/fruitvale-isd-234909
227,1017,114,126911,Godley ISD,Johnson,C,1,77,78,3315,https://txschools.net/district/godley-isd-126911
227,1017,114,089901,Gonzales ISD,Gonzales,C,1,74,75,2514,https://txschools.net/district/gonzales-isd-089901
227,1017,114,067904,Gorman ISD,Eastland,C,1,71,72,210,https://txschools.net/district/gorman-isd-067904
227,1017,114,182902,Graford ISD,Palo Pinto,A,1,90,91,329,https://txschools.net/district/graford-isd-182902
227,1017,114,252901,Graham ISD,Young,C,1,77,78,2139,https://txschools.net/district/graham-isd-252901
227,1017,114,234904,Grand Saline ISD,Van Zandt,B,1,79,80,1205,https://txschools.net/district/grand-saline-isd-234904
227,1017,114,126904,Grandview ISD,Johnson,B,1,84,85,1417,https://txschools.net/district/grandview-isd-126904
227,1017,114,165902,Greenwood ISD,Midland,C,1,77,78,3621,https://txschools.net/district/greenwood-isd-165902
227,1017,114,228901,Groveton ISD,Trinity,C,1,73,74,740,https://txschools.net/district/groveton-isd-228901
227,1017,114,135001,Guthrie CSD,King,A,1,93,94,99,https://txschools.net/district/guthrie-csd-135001
227,1017,114,102904,Hallsville ISD,Harrison,C,1,81,82,26808,https://txschools.net/district/hallsville-isd-102904
227,1017,114,097902,Hamilton ISD,Hamilton,C,1,81,82,794,https://txschools.net/district/hamilton-isd-097902
227,1017,114,146904,Hardin ISD,Liberty,C,1,74,75,1175,https://txschools.net/district/hardin-isd-146904
227,1017,114,105906,Hays CISD,Hays,B,1,80,81,24938,https://txschools.net/district/hays-cisd-105906
227,1017,114,108905,Hidalgo ISD,Hidalgo,B,1,79,80,2788,https://txschools.net/district/hidalgo-isd-108905
227,1017,114,057911,Highland Park ISD,Dallas,A,1,95,96,6215,https://txschools.net/district/highland-park-isd-057911
227,1017,114,109905,Hubbard ISD,Hill,C,1,75,76,398,https://txschools.net/district/hubbard-isd-109905
227,1017,114,101925,Huffman ISD,Harris,C,1,73,74,3698,https://txschools.net/district/huffman-isd-101925
227,1017,114,120905,Industrial ISD,Jackson,B,1,88,89,1153,https://txschools.net/district/industrial-isd-120905
227,1017,114,221911,Jim Ned CISD,Taylor,A,1,89,90,1625,https://txschools.net/district/jim-ned-cisd-221911
227,1017,114,134901,Junction ISD,Kimble,C,1,71,72,552,https://txschools.net/district/junction-isd-134901
227,1017,114,101914,Katy ISD,Harris,B,1,86,87,95136,https://txschools.net/district/katy-isd-101914
227,1017,114,129903,Kaufman ISD,Kaufman,B,1,81,82,4208,https://txschools.net/district/kaufman-isd-129903
227,1017,114,161906,La Vega ISD,McLennan,C,1,65,66,3079,https://txschools.net/district/la-vega-isd-161906
227,1017,114,247903,La Vernia ISD,Wilson,B,1,85,86,3505,https://txschools.net/district/la-vernia-isd-247903
227,1017,114,058906,Lamesa ISD,Dawson,C,1,73,74,1373,https://txschools.net/district/lamesa-isd-058906
227,1017,114,141901,Lampasas ISD,Lampasas,B,1,84,85,3625,https://txschools.net/district/lampasas-isd-141901
227,1017,114,246913,Leander ISD,Williamson,B,1,87,88,41854,https://txschools.net/district/leander-isd-246913
227,1017,114,187906,Leggett ISD,Polk,C,1,72,73,204,https://txschools.net/district/leggett-isd-187906
227,1017,114,043919,Lovejoy ISD,Collin,A,1,94,95,3841,https://txschools.net/district/lovejoy-isd-043919
227,1017,114,003903,Lufkin ISD,Angelina,C,1,74,75,6678,https://txschools.net/district/lufkin-isd-003903
227,1017,114,011905,McDade ISD,Bastrop,C,1,69,70,373,https://txschools.net/district/mcdade-isd-011905
227,1017,114,161903,Midway ISD,McLennan,A,1,90,91,8704,https://txschools.net/district/midway-isd-161903
227,1017,114,200902,Miles ISD,Runnels,A,1,94,95,497,https://txschools.net/district/miles-isd-200902
227,1017,114,250903,Mineola ISD,Wood,B,1,83,84,1790,https://txschools.net/district/mineola-isd-250903
227,1017,114,201907,Mount Enterprise ISD,Rusk,B,1,84,85,482,https://txschools.net/district/mount-enterprise-isd-201907
227,1017,114,015910,North East ISD,Bexar,B,1,78,79,53464,https://txschools.net/district/north-east-isd-015910
227,1017,114,112906,North Hopkins ISD,Hopkins,B,1,86,87,517,https://txschools.net/district/north-hopkins-isd-112906
227,1017,114,153903,O'Donnell ISD,Lynn,B,1,89,90,235,https://txschools.net/district/o-donnell-isd-153903
227,1017,114,145907,Oakwood ISD,Leon,C,1,71,72,205,https://txschools.net/district/oakwood-isd-145907
227,1017,114,063906,Patton Springs ISD,Dickens,A,1,88,89,22,https://txschools.net/district/patton-springs-isd-063906
227,1017,114,013902,Pawnee ISD,Bee,C,1,74,75,252,https://txschools.net/district/pawnee-isd-013902
227,1017,114,095904,Petersburg ISD,Hale,A,1,89,90,230,https://txschools.net/district/petersburg-isd-095904
227,1017,114,031909,Point Isabel ISD,Cameron,B,1,76,77,1718,https://txschools.net/district/point-isabel-isd-031909
227,1017,114,043911,Princeton ISD,Collin,B,1,78,79,11375,https://txschools.net/district/princeton-isd-043911
227,1017,114,192901,Reagan County ISD,Reagan,C,1,71,72,840,https://txschools.net/district/reagan-county-isd-192901
227,1017,114,019911,Red Lick ISD,Bowie,A,1,91,92,515,https://txschools.net/district/red-lick-isd-019911
227,1017,114,045903,Rice CISD,Colorado,C,1,72,73,1287,https://txschools.net/district/rice-cisd-045903
227,1017,114,175911,Rice ISD,Navarro,B,1,82,83,1094,https://txschools.net/district/rice-isd-175911
227,1017,114,161912,Riesel ISD,McLennan,B,1,89,90,683,https://txschools.net/district/riesel-isd-161912
227,1017,114,161922,Robinson ISD,McLennan,A,1,90,91,2401,https://txschools.net/district/robinson-isd-161922
227,1017,114,110905,Ropes ISD,Hockley,A,1,91,92,670,https://txschools.net/district/ropes-isd-110905
227,1017,114,076904,Rotan ISD,Fisher,C,1,81,82,265,https://txschools.net/district/rotan-isd-076904
227,1017,114,246909,Round Rock ISD,Williamson,B,1,88,89,45865,https://txschools.net/district/round-rock-isd-246909
227,1017,114,075908,Round Top-Carmine ISD,Fayette,B,1,88,89,237,https://txschools.net/district/round-top-carmine-isd-075908
227,1017,114,214902,San Isidro ISD,Starr,B,1,73,74,151,https://txschools.net/district/san-isidro-isd-214902
227,1017,114,061908,Sanger ISD,Denton,B,1,80,81,2951,https://txschools.net/district/sanger-isd-061908
227,1017,114,084909,Santa Fe ISD,Galveston,B,1,81,82,4326,https://txschools.net/district/santa-fe-isd-084909
227,1017,114,137904,Santa Gertrudis ISD,Kleberg,A,1,92,93,813,https://txschools.net/district/santa-gertrudis-isd-137904
227,1017,114,008902,Sealy ISD,Austin,C,1,75,76,3014,https://txschools.net/district/sealy-isd-008902
227,1017,114,012901,Seymour ISD,Baylor,B,1,88,89,598,https://txschools.net/district/seymour-isd-012901
227,1017,114,205906,Sinton ISD,San Patricio,B,1,75,76,1959,https://txschools.net/district/sinton-isd-205906
227,1017,114,013905,Skidmore-Tynan ISD,Bee,B,1,81,82,769,https://txschools.net/district/skidmore-tynan-isd-013905
227,1017,114,001909,Slocum ISD,Anderson,B,1,83,84,330,https://txschools.net/district/slocum-isd-001909
227,1017,114,208902,Snyder ISD,Scurry,C,1,72,73,2220,https://txschools.net/district/snyder-isd-208902
227,1017,114,031916,South Texas ISD,Cameron,A,1,93,94,4741,https://txschools.net/district/south-texas-isd-031916
227,1017,114,216901,Sterling City ISD,Sterling,A,1,92,93,312,https://txschools.net/district/sterling-city-isd-216901
227,1017,114,201910,Tatum ISD,Rusk,B,1,83,84,1327,https://txschools.net/district/tatum-isd-201910
227,1017,114,107907,Trinidad ISD,Henderson,B,1,81,82,175,https://txschools.net/district/trinidad-isd-107907
227,1017,114,240903,United ISD,Webb,A,1,85,86,39764,https://txschools.net/district/united-isd-240903
227,1017,114,232903,Uvalde CISD,Uvalde,F,1,59,60,3815,https://txschools.net/district/uvalde-cisd-232903
227,1017,114,234906,Van ISD,Van Zandt,B,1,80,81,2265,https://txschools.net/district/van-isd-234906
227,1017,114,161914,Waco ISD,McLennan,D,1,61,62,12892,https://txschools.net/district/waco-isd-161914
227,1017,114,105905,Wimberley ISD,Hays,B,1,87,88,2633,https://txschools.net/district/wimberley-isd-105905
227,1017,114,005904,Windthorst ISD,Archer,A,1,91,92,491,https://txschools.net/district/windthorst-isd-005904
227,1017,114,043914,Wylie ISD,Collin,A,1,91,92,19400,https://txschools.net/district/wylie-isd-043914
342,1017,131,109901,Abbott ISD,Hill,A,2,92,94,285,https://txschools.net/district/abbott-isd-109901
342,1017,131,095901,Abernathy ISD,Hale,B,2,84,86,775,https://txschools.net/district/abernathy-isd-095901
342,1017,131,014901,Academy ISD,Bell,B,2,82,84,1857,https://txschools.net/district/academy-isd-014901
342,1017,131,015901,Alamo Heights ISD,Bexar,B,2,88,90,4723,https://txschools.net/district/alamo-heights-isd-015901
342,1017,131,184907,Aledo ISD,Parker,A,2,91,93,8590,https://txschools.net/district/aledo-isd-184907
342,1017,131,140901,Amherst ISD,Lamb,B,2,80,82,102,https://txschools.net/district/amherst-isd-140901
342,1017,131,127901,Anson ISD,Jones,C,2,74,76,702,https://txschools.net/district/anson-isd-127901
342,1017,131,061910,Argyle ISD,Denton,A,2,91,93,6551,https://txschools.net/district/argyle-isd-061910
342,1017,131,212901,Arp ISD,Smith,C,2,75,77,918,https://txschools.net/district/arp-isd-212901
342,1017,131,107901,Athens ISD,Henderson,C,2,74,76,2938,https://txschools.net/district/athens-isd-107901
342,1017,131,034902,Avinger ISD,Cass,B,2,84,86,103,https://txschools.net/district/avinger-isd-034902
342,1017,131,158901,Bay City ISD,Matagorda,C,2,75,77,3312,https://txschools.net/district/bay-city-isd-158901
342,1017,131,249902,Boyd ISD,Wise,C,2,76,78,1443,https://txschools.net/district/boyd-isd-249902
342,1017,131,239901,Brenham ISD,Washington,B,2,74,76,4712,https://txschools.net/district/brenham-isd-239901
342,1017,131,031901,Brownsville ISD,Cameron,B,2,81,83,34296,https://txschools.net/district/brownsville-isd-031901
342,1017,131,161919,Bruceville-Eddy ISD,McLennan,C,2,70,72,505,https://txschools.net/district/bruceville-eddy-isd-161919
342,1017,131,145901,Buffalo ISD,Leon,B,2,82,84,971,https://txschools.net/district/buffalo-isd-145901
342,1017,131,212902,Bullard ISD,Smith,B,2,88,90,2853,https://txschools.net/district/bullard-isd-212902
342,1017,131,243901,Burkburnett ISD,Wichita,C,2,77,79,3142,https://txschools.net/district/burkburnett-isd-243901
342,1017,131,126902,Burleson ISD,Johnson,B,2,81,83,12560,https://txschools.net/district/burleson-isd-126902
342,1017,131,116901,Caddo Mills ISD,Hunt,B,2,86,88,3325,https://txschools.net/district/caddo-mills-isd-116901
342,1017,131,026901,Caldwell ISD,Burleson,B,2,80,82,1828,https://txschools.net/district/caldwell-isd-026901
342,1017,131,064903,Carrizo Springs CISD,Dimmit,C,2,68,70,1796,https://txschools.net/district/carrizo-springs-cisd-064903
342,1017,131,183902,Carthage ISD,Panola,B,2,79,81,2602,https://txschools.net/district/carthage-isd-183902
342,1017,131,210901,Center ISD,Shelby,C,2,71,73,2258,https://txschools.net/district/center-isd-210901
342,1017,131,133901,Center Point ISD,Kerr,C,2,78,80,492,https://txschools.net/district/center-point-isd-133901
342,1017,131,249904,Chico ISD,Wise,C,2,73,75,580,https://txschools.net/district/chico-isd-249904
342,1017,131,139905,Chisum ISD,Lamar,B,2,81,83,1167,https://txschools.net/district/chisum-isd-139905
342,1017,131,018901,Clifton ISD,Bosque,B,2,80,82,938,https://txschools.net/district/clifton-isd-018901
342,1017,131,030902,Clyde CISD,Callahan,B,2,85,87,1421,https://txschools.net/district/clyde-cisd-030902
342,1017,131,091902,Collinsville ISD,Grayson,B,2,82,84,647,https://txschools.net/district/collinsville-isd-091902
342,1017,131,045902,Columbus ISD,Colorado,B,2,78,80,1594,https://txschools.net/district/columbus-isd-045902
342,1017,131,246914,Coupland ISD,Williamson,C,2,70,72,315,https://txschools.net/district/coupland-isd-246914
342,1017,131,056901,Dalhart ISD,Dallam,C,2,72,74,1801,https://txschools.net/district/dalhart-isd-056901
342,1017,131,227910,Del Valle ISD,Travis,D,2,64,66,11766,https://txschools.net/district/del-valle-isd-227910
342,1017,131,194905,Detroit ISD,Red River,C,2,73,75,469,https://txschools.net/district/detroit-isd-194905
342,1017,131,035901,Dimmitt ISD,Castro,C,2,71,73,1072,https://txschools.net/district/dimmitt-isd-035901
342,1017,131,105904,Dripping Springs ISD,Hays,B,2,88,90,8793,https://txschools.net/district/dripping-springs-isd-105904
342,1017,131,220918,Eagle Mt-Saginaw ISD,Tarrant,C,2,76,78,24147,https://txschools.net/district/eagle-mt-saginaw-isd-220918
342,1017,131,241902,East Bernard ISD,Wharton,B,2,86,88,987,https://txschools.net/district/east-bernard-isd-241902
342,1017,131,015905,Edgewood ISD,Bexar,D,2,62,64,7670,https://txschools.net/district/edgewood-isd-015905
342,1017,131,070903,Ennis ISD,Ellis,C,2,75,77,6621,https://txschools.net/district/ennis-isd-070903
342,1017,131,030906,Eula ISD,Callahan,B,2,85,87,486,https://txschools.net/district/eula-isd-030906
342,1017,131,198903,Franklin ISD,Robertson,A,2,91,93,1438,https://txschools.net/district/franklin-isd-198903
342,1017,131,050902,Gatesville ISD,Coryell,C,2,77,79,2547,https://txschools.net/district/gatesville-isd-050902
342,1017,131,092901,Gladewater ISD,Gregg,C,2,71,73,1577,https://txschools.net/district/gladewater-isd-092901
342,1017,131,057910,Grand Prairie ISD,Dallas,B,2,74,76,25445,https://txschools.net/district/grand-prairie-isd-057910
342,1017,131,091917,Gunter ISD,Grayson,B,2,84,86,1153,https://txschools.net/district/gunter-isd-091917
342,1017,131,047903,Gustine ISD,Comanche,B,2,86,88,166,https://txschools.net/district/gustine-isd-047903
342,1017,131,198905,Hearne ISD,Robertson,D,2,59,61,719,https://txschools.net/district/hearne-isd-198905
342,1017,131,065902,Hedley ISD,Donley,B,2,85,87,85,https://txschools.net/district/hedley-isd-065902
342,1017,131,188903,Highland Park ISD,Potter,B,2,81,83,723,https://txschools.net/district/highland-park-isd-188903
342,1017,131,163904,Hondo ISD,Medina,C,2,73,75,1720,https://txschools.net/district/hondo-isd-163904
342,1017,131,019902,Hooks ISD,Bowie,B,2,81,83,883,https://txschools.net/district/hooks-isd-019902
342,1017,131,003902,Hudson ISD,Angelina,B,2,84,86,2755,https://txschools.net/district/hudson-isd-003902
342,1017,131,146905,Hull-Daisetta ISD,Liberty,D,2,61,63,425,https://txschools.net/district/hull-daisetta-isd-146905
342,1017,131,003904,Huntington ISD,Angelina,B,2,81,83,1496,https://txschools.net/district/huntington-isd-003904
342,1017,131,220916,Hurst-Euless-Bedford ISD,Tarrant,B,2,85,87,23159,https://txschools.net/district/hurst-euless-bedford-isd-220916
342,1017,131,208903,Ira ISD,Scurry,A,2,92,94,307,https://txschools.net/district/ira-isd-208903
342,1017,131,070907,Italy ISD,Ellis,B,2,79,81,599,https://txschools.net/district/italy-isd-070907
342,1017,131,119902,Jacksboro ISD,Jack,B,2,81,83,1032,https://txschools.net/district/jacksboro-isd-119902
342,1017,131,155901,Jefferson ISD,Marion,C,2,71,73,1105,https://txschools.net/district/jefferson-isd-155901
342,1017,131,210902,Joaquin ISD,Shelby,A,2,90,92,695,https://txschools.net/district/joaquin-isd-210902
342,1017,131,220907,Keller ISD,Tarrant,B,2,83,85,30440,https://txschools.net/district/keller-isd-220907
342,1017,131,133903,Kerrville ISD,Kerr,B,2,81,83,4402,https://txschools.net/district/kerrville-isd-133903
342,1017,131,014906,Killeen ISD,Bell,C,2,74,76,41366,https://txschools.net/district/killeen-isd-014906
342,1017,131,058905,Klondike ISD,Dawson,A,2,92,94,269,https://txschools.net/district/klondike-isd-058905
342,1017,131,232901,Knippa ISD,Uvalde,A,2,88,90,408,https://txschools.net/district/knippa-isd-232901
342,1017,131,018907,Kopperl ISD,Bosque,D,2,64,66,163,https://txschools.net/district/kopperl-isd-018907
342,1017,131,061905,Krum ISD,Denton,C,2,78,80,2573,https://txschools.net/district/krum-isd-061905
342,1017,131,101916,La Porte ISD,Harris,B,2,82,84,6900,https://txschools.net/district/la-porte-isd-101916
342,1017,131,227913,Lake Travis ISD,Travis,A,2,89,91,10748,https://txschools.net/district/lake-travis-isd-227913
342,1017,131,193902,Leakey ISD,Real,C,2,76,78,308,https://txschools.net/district/leakey-isd-193902
342,1017,131,110902,Levelland ISD,Hockley,B,2,74,76,2398,https://txschools.net/district/levelland-isd-110902
342,1017,131,061902,Lewisville ISD,Denton,B,2,81,83,46328,https://txschools.net/district/lewisville-isd-061902
342,1017,131,246908,Liberty Hill ISD,Williamson,B,2,85,87,10446,https://txschools.net/district/liberty-hill-isd-246908
342,1017,131,019908,Liberty-Eylau ISD,Bowie,D,2,59,61,1784,https://txschools.net/district/liberty-eylau-isd-019908
342,1017,131,212903,Lindale ISD,Smith,A,2,91,93,4613,https://txschools.net/district/lindale-isd-212903
342,1017,131,034905,Linden-Kildare CISD,Cass,B,2,73,75,585,https://txschools.net/district/linden-kildare-cisd-034905
342,1017,131,111902,Lipan ISD,Hood,B,2,81,83,492,https://txschools.net/district/lipan-isd-111902
342,1017,131,178906,London ISD,Nueces,A,2,89,91,1922,https://txschools.net/district/london-isd-178906
342,1017,131,161907,Lorena ISD,McLennan,A,2,91,93,1740,https://txschools.net/district/lorena-isd-161907
342,1017,131,127905,Lueders-Avoca ISD,Jones,D,2,64,66,103,https://txschools.net/district/lueders-avoca-isd-127905
342,1017,131,154901,Madisonville CISD,Madison,B,2,84,86,2339,https://txschools.net/district/madisonville-cisd-154901
342,1017,131,027904,Marble Falls ISD,Burnet,C,2,76,78,4054,https://txschools.net/district/marble-falls-isd-027904
342,1017,131,094904,Marion ISD,Guadalupe,B,2,82,84,1741,https://txschools.net/district/marion-isd-094904
342,1017,131,019903,Maud ISD,Bowie,A,2,87,89,459,https://txschools.net/district/maud-isd-019903
342,1017,131,043908,Melissa ISD,Collin,A,2,90,92,8560,https://txschools.net/district/melissa-isd-043908
342,1017,131,096904,Memphis ISD,Hall,B,2,79,81,331,https://txschools.net/district/memphis-isd-096904
342,1017,131,147903,Mexia ISD,Limestone,C,2,64,66,1780,https://txschools.net/district/mexia-isd-147903
342,1017,131,108908,Mission CISD,Hidalgo,B,2,77,79,13186,https://txschools.net/district/mission-cisd-108908
342,1017,131,170903,Montgomery ISD,Montgomery,B,2,87,89,9699,https://txschools.net/district/montgomery-isd-170903
342,1017,131,080901,Mount Vernon ISD,Franklin,B,2,84,86,1514,https://txschools.net/district/mount-vernon-isd-080901
342,1017,131,009901,Muleshoe ISD,Bailey,B,2,74,76,1309,https://txschools.net/district/muleshoe-isd-009901
342,1017,131,001906,Neches ISD,Anderson,B,2,85,87,338,https://txschools.net/district/neches-isd-001906
342,1017,131,079906,Needville ISD,Fort Bend,A,2,89,91,3673,https://txschools.net/district/needville-isd-079906
342,1017,131,152902,New Deal ISD,Lubbock,B,2,79,81,697,https://txschools.net/district/new-deal-isd-152902
342,1017,131,145906,Normangee ISD,Leon,B,2,80,82,655,https://txschools.net/district/normangee-isd-145906
342,1017,131,061911,Northwest ISD,Denton,B,2,81,83,32722,https://txschools.net/district/northwest-isd-061911
342,1017,131,200906,Olfen ISD,Runnels,B,2,86,88,137,https://txschools.net/district/olfen-isd-200906
342,1017,131,187910,Onalaska ISD,Polk,B,2,81,83,1206,https://txschools.net/district/onalaska-isd-187910
342,1017,131,070910,Palmer ISD,Ellis,B,2,85,87,1382,https://txschools.net/district/palmer-isd-070910
342,1017,131,101917,Pasadena ISD,Harris,B,2,76,78,44046,https://txschools.net/district/pasadena-isd-101917
342,1017,131,095905,Plainview ISD,Hale,C,2,71,73,3811,https://txschools.net/district/plainview-isd-095905
342,1017,131,043910,Plano ISD,Collin,B,2,84,86,43805,https://txschools.net/district/plano-isd-043910
342,1017,131,043912,Prosper ISD,Collin,A,2,90,92,33583,https://txschools.net/district/prosper-isd-043912
342,1017,131,245903,Raymondville ISD,Willacy,A,2,86,88,1901,https://txschools.net/district/raymondville-isd-245903
342,1017,131,019906,Redwater ISD,Bowie,B,2,84,86,1092,https://txschools.net/district/redwater-isd-019906
342,1017,131,137902,Ricardo ISD,Kleberg,B,2,88,90,667,https://txschools.net/district/ricardo-isd-137902
342,1017,131,237905,Royal ISD,Waller,D,2,62,64,3086,https://txschools.net/district/royal-isd-237905
342,1017,131,091914,S and S CISD,Grayson,C,2,77,79,923,https://txschools.net/district/s-and-s-cisd-091914
342,1017,131,233901,San Felipe-Del Rio CISD,Val Verde,C,2,73,75,9494,https://txschools.net/district/san-felipe-del-rio-cisd-233901
342,1017,131,094902,Schertz-Cibolo-U City ISD,Guadalupe,B,2,79,81,14764,https://txschools.net/district/schertz-cibolo-u-city-isd-094902
342,1017,131,108911,Sharyland ISD,Hidalgo,B,2,86,88,9653,https://txschools.net/district/sharyland-isd-108911
342,1017,131,249908,Slidell ISD,Wise,B,2,81,83,515,https://txschools.net/district/slidell-isd-249908
342,1017,131,015917,Southside ISD,Bexar,B,2,74,76,6091,https://txschools.net/district/southside-isd-015917
342,1017,131,171902,Sunray Collegiate ISD,Moore,B,2,82,84,548,https://txschools.net/district/sunray-collegiate-isd-171902
342,1017,131,177902,Sweetwater ISD,Nolan,C,2,66,68,1738,https://txschools.net/district/sweetwater-isd-177902
342,1017,131,205907,Taft ISD,San Patricio,C,2,66,68,786,https://txschools.net/district/taft-isd-205907
342,1017,131,146907,Tarkington ISD,Liberty,C,2,72,74,1864,https://txschools.net/district/tarkington-isd-146907
342,1017,131,081904,Teague ISD,Freestone,B,2,85,87,1166,https://txschools.net/district/teague-isd-081904
342,1017,131,211901,Texhoma ISD,Sherman,A,2,90,92,96,https://txschools.net/district/texhoma-isd-211901
342,1017,131,101921,Tomball ISD,Harris,A,2,91,93,23202,https://txschools.net/district/tomball-isd-101921
342,1017,131,074912,Trenton ISD,Fannin,B,2,80,82,730,https://txschools.net/district/trenton-isd-074912
342,1017,131,018904,Valley Mills ISD,Bosque,C,2,79,81,664,https://txschools.net/district/valley-mills-isd-018904
342,1017,131,184903,Weatherford ISD,Parker,B,2,79,81,8118,https://txschools.net/district/weatherford-isd-184903
342,1017,131,168903,Westbrook ISD,Mitchell,A,2,90,92,217,https://txschools.net/district/westbrook-isd-168903
342,1017,131,091910,Whitewright ISD,Grayson,B,2,85,87,791,https://txschools.net/district/whitewright-isd-091910
342,1017,131,243905,Wichita Falls ISD,Wichita,C,2,72,74,12435,https://txschools.net/district/wichita-falls-isd-243905
342,1017,131,196902,Woodsboro ISD,Refugio,C,2,74,76,383,https://txschools.net/district/woodsboro-isd-196902
342,1017,131,081905,Wortham ISD,Freestone,C,2,73,75,501,https://txschools.net/district/wortham-isd-081905
342,1017,131,250905,Yantis ISD,Wood,C,2,73,75,309,https://txschools.net/district/yantis-isd-250905
474,1017,104,126901,Alvarado ISD,Johnson,C,3,74,77,3703,https://txschools.net/district/alvarado-isd-126901
474,1017,104,109912,Aquilla ISD,Hill,B,3,88,91,322,https://txschools.net/district/aquilla-isd-109912
474,1017,104,005901,Archer City ISD,Archer,A,3,91,94,486,https://txschools.net/district/archer-city-isd-005901
474,1017,104,227901,Austin ISD,Travis,B,3,78,81,69000,https://txschools.net/district/austin-isd-227901
474,1017,104,014903,Belton ISD,Bell,B,3,78,81,13516,https://txschools.net/district/belton-isd-014903
474,1017,104,220902,Birdville ISD,Tarrant,C,3,75,78,22044,https://txschools.net/district/birdville-isd-220902
474,1017,104,223901,Brownfield ISD,Terry,C,3,69,72,1587,https://txschools.net/district/brownfield-isd-223901
474,1017,104,188904,Bushland ISD,Potter,B,3,88,91,1424,https://txschools.net/district/bushland-isd-188904
474,1017,104,178903,Calallen ISD,Nueces,B,3,82,85,3677,https://txschools.net/district/calallen-isd-178903
474,1017,104,201913,Carlisle ISD,Rusk,B,3,84,87,656,https://txschools.net/district/carlisle-isd-201913
474,1017,104,001902,Cayuga ISD,Anderson,B,3,86,89,574,https://txschools.net/district/cayuga-isd-001902
474,1017,104,099902,Chillicothe ISD,Hardeman,B,3,85,88,172,https://txschools.net/district/chillicothe-isd-099902
474,1017,104,161920,China Spring ISD,McLennan,B,3,86,89,2980,https://txschools.net/district/china-spring-isd-161920
474,1017,104,174901,Chireno ISD,Nacogdoches,B,3,78,81,343,https://txschools.net/district/chireno-isd-174901
474,1017,104,243906,City View ISD,Wichita,B,3,78,81,1169,https://txschools.net/district/city-view-isd-243906
474,1017,104,114902,Coahoma ISD,Howard,C,3,73,76,1157,https://txschools.net/district/coahoma-isd-114902
474,1017,104,046902,Comal ISD,Comal,B,3,86,89,30341,https://txschools.net/district/comal-isd-046902
474,1017,104,161921,Connally ISD,McLennan,D,3,60,63,2031,https://txschools.net/district/connally-isd-161921
474,1017,104,060902,Cooper ISD,Delta,C,3,77,80,879,https://txschools.net/district/cooper-isd-060902
474,1017,104,050910,Copperas Cove ISD,Coryell,B,3,81,84,7619,https://txschools.net/district/copperas-cove-isd-050910
474,1017,104,187904,Corrigan-Camden ISD,Polk,B,3,79,82,800,https://txschools.net/district/corrigan-camden-isd-187904
474,1017,104,129901,Crandall ISD,Kaufman,C,3,70,73,7455,https://txschools.net/district/crandall-isd-129901
474,1017,104,249905,Decatur ISD,Wise,C,3,74,77,3801,https://txschools.net/district/decatur-isd-249905
474,1017,104,101908,Deer Park ISD,Harris,B,3,81,84,12001,https://txschools.net/district/deer-park-isd-101908
474,1017,104,251901,Denver City ISD,Yoakum,B,3,76,79,1395,https://txschools.net/district/denver-city-isd-251901
474,1017,104,108904,Edinburg CISD,Hidalgo,B,3,77,80,32466,https://txschools.net/district/edinburg-cisd-108904
474,1017,104,001903,Elkhart ISD,Anderson,B,3,80,83,1175,https://txschools.net/district/elkhart-isd-001903
474,1017,104,107905,Eustace ISD,Henderson,B,3,81,84,1685,https://txschools.net/district/eustace-isd-107905
474,1017,104,043904,Farmersville ISD,Collin,B,3,82,85,2523,https://txschools.net/district/farmersville-isd-043904
474,1017,104,079907,Fort Bend ISD,Fort Bend,B,3,79,82,77929,https://txschools.net/district/fort-bend-isd-079907
474,1017,104,015914,Ft Sam Houston ISD,Bexar,A,3,91,94,1543,https://txschools.net/district/ft-sam-houston-isd-015914
474,1017,104,101910,Galena Park ISD,Harris,B,3,78,81,20108,https://txschools.net/district/galena-park-isd-101910
474,1017,104,149901,George West ISD,Live Oak,A,3,89,92,1036,https://txschools.net/district/george-west-isd-149901
474,1017,104,101911,Goose Creek CISD,Harris,B,3,74,77,23308,https://txschools.net/district/goose-creek-cisd-101911
474,1017,104,111901,Granbury ISD,Hood,B,3,80,83,7850,https://txschools.net/district/granbury-isd-111901
474,1017,104,226907,Grape Creek ISD,Tom Green,C,3,75,78,1192,https://txschools.net/district/grape-creek-isd-226907
474,1017,104,205902,Gregory-Portland ISD,San Patricio,B,3,80,83,5116,https://txschools.net/district/gregory-portland-isd-205902
474,1017,104,147902,Groesbeck ISD,Limestone,C,3,71,74,1457,https://txschools.net/district/groesbeck-isd-147902
474,1017,104,230905,Harmony ISD,Upshur,B,3,83,86,855,https://txschools.net/district/harmony-isd-230905
474,1017,104,109904,Hillsboro ISD,Hill,B,3,84,87,1913,https://txschools.net/district/hillsboro-isd-109904
474,1017,104,236902,Huntsville ISD,Walker,C,3,69,72,11504,https://txschools.net/district/huntsville-isd-236902
474,1017,104,152910,Idalou ISD,Lubbock,A,3,88,91,1036,https://txschools.net/district/idalou-isd-152910
474,1017,104,118902,Irion County ISD,Irion,A,3,89,92,307,https://txschools.net/district/irion-county-isd-118902
474,1017,104,132902,Jayton-Girard ISD,Kent,A,3,93,96,187,https://txschools.net/district/jayton-girard-isd-132902
474,1017,104,007902,Jourdanton ISD,Atascosa,C,3,75,78,1561,https://txschools.net/district/jourdanton-isd-007902
474,1017,104,015916,Judson ISD,Bexar,C,3,67,70,22556,https://txschools.net/district/judson-isd-015916
474,1017,104,102901,Karnack ISD,Harrison,D,3,59,62,121,https://txschools.net/district/karnack-isd-102901
474,1017,104,175907,Kerens ISD,Navarro,B,3,84,87,692,https://txschools.net/district/kerens-isd-175907
474,1017,104,145911,Leon ISD,Leon,B,3,84,87,790,https://txschools.net/district/leon-isd-145911
474,1017,104,140904,Littlefield ISD,Lamb,B,3,78,81,1185,https://txschools.net/district/littlefield-isd-140904
474,1017,104,187907,Livingston ISD,Polk,C,3,72,75,3988,https://txschools.net/district/livingston-isd-187907
474,1017,104,054902,Lorenzo ISD,Crosby,C,3,77,80,175,https://txschools.net/district/lorenzo-isd-054902
474,1017,104,152901,Lubbock ISD,Lubbock,B,3,75,78,23029,https://txschools.net/district/lubbock-isd-152901
474,1017,104,129905,Mabank ISD,Kaufman,B,3,81,84,4098,https://txschools.net/district/mabank-isd-129905
474,1017,104,170906,Magnolia ISD,Montgomery,B,3,85,88,15329,https://txschools.net/district/magnolia-isd-170906
474,1017,104,162904,McMullen County ISD,McMullen,A,3,94,97,286,https://txschools.net/district/mcmullen-county-isd-162904
474,1017,104,057914,Mesquite ISD,Dallas,B,3,73,76,36585,https://txschools.net/district/mesquite-isd-057914
474,1017,104,039905,Midway ISD,Clay,B,3,81,84,128,https://txschools.net/district/midway-isd-039905
474,1017,104,169908,Montague ISD,Montague,A,3,89,92,170,https://txschools.net/district/montague-isd-169908
474,1017,104,143902,Moulton ISD,Lavaca,B,3,81,84,258,https://txschools.net/district/moulton-isd-143902
474,1017,104,198906,Mumford ISD,Robertson,A,3,92,95,600,https://txschools.net/district/mumford-isd-198906
474,1017,104,252902,Newcastle ISD,Young,B,3,85,88,231,https://txschools.net/district/newcastle-isd-252902
474,1017,104,154903,North Zulch ISD,Madison,A,3,93,96,335,https://txschools.net/district/north-zulch-isd-154903
474,1017,104,015915,Northside ISD,Bexar,C,3,75,78,98031,https://txschools.net/district/northside-isd-015915
474,1017,104,252903,Olney ISD,Young,B,3,83,86,701,https://txschools.net/district/olney-isd-252903
474,1017,104,140905,Olton ISD,Lamb,B,3,77,80,592,https://txschools.net/district/olton-isd-140905
474,1017,104,230903,Ore City ISD,Upshur,C,3,75,78,786,https://txschools.net/district/ore-city-isd-230903
474,1017,104,051901,Paducah ISD,Cottle,B,3,83,86,137,https://txschools.net/district/paducah-isd-051901
474,1017,104,104907,Paint Creek ISD,Haskell,A,3,89,92,116,https://txschools.net/district/paint-creek-isd-104907
474,1017,104,020908,Pearland ISD,Brazoria,A,3,89,92,20555,https://txschools.net/district/pearland-isd-020908
474,1017,104,172905,Pewitt CISD,Morris,B,3,82,85,794,https://txschools.net/district/pewitt-cisd-172905
474,1017,104,032902,Pittsburg ISD,Camp,A,3,86,89,2228,https://txschools.net/district/pittsburg-isd-032902
474,1017,104,019912,Pleasant Grove ISD,Bowie,A,3,89,92,2348,https://txschools.net/district/pleasant-grove-isd-019912
474,1017,104,085902,Post ISD,Garza,D,3,66,69,648,https://txschools.net/district/post-isd-085902
474,1017,104,169909,Prairie Valley ISD,Montague,B,3,86,89,138,https://txschools.net/district/prairie-valley-isd-169909
474,1017,104,015906,Randolph Field ISD,Bexar,A,3,91,94,1402,https://txschools.net/district/randolph-field-isd-015906
474,1017,104,073905,Rosebud-Lott ISD,Falls,B,3,81,84,763,https://txschools.net/district/rosebud-lott-isd-073905
474,1017,104,123913,Sabine Pass ISD,Jefferson,B,3,81,84,373,https://txschools.net/district/sabine-pass-isd-123913
474,1017,104,094901,Seguin ISD,Guadalupe,C,3,67,70,7160,https://txschools.net/district/seguin-isd-094901
474,1017,104,204904,Shepherd ISD,San Jacinto,C,3,69,72,1967,https://txschools.net/district/shepherd-isd-204904
474,1017,104,110906,Smyer ISD,Hockley,A,3,90,93,433,https://txschools.net/district/smyer-isd-110906
474,1017,104,218901,Sonora ISD,Sutton,C,3,76,79,642,https://txschools.net/district/sonora-isd-218901
474,1017,104,184902,Springtown ISD,Parker,C,3,75,78,4227,https://txschools.net/district/springtown-isd-184902
474,1017,104,156902,Stanton ISD,Martin,B,3,82,85,1069,https://txschools.net/district/stanton-isd-156902
474,1017,104,112901,Sulphur Springs ISD,Hopkins,C,3,76,79,4060,https://txschools.net/district/sulphur-springs-isd-112901
474,1017,104,057919,Sunnyvale ISD,Dallas,A,3,92,95,2313,https://txschools.net/district/sunnyvale-isd-057919
474,1017,104,019907,Texarkana ISD,Bowie,C,3,69,72,7623,https://txschools.net/district/texarkana-isd-019907
474,1017,104,149902,Three Rivers ISD,Live Oak,C,3,71,74,541,https://txschools.net/district/three-rivers-isd-149902
474,1017,104,228903,Trinity ISD,Trinity,D,3,64,67,1150,https://txschools.net/district/trinity-isd-228903
474,1017,104,178912,Tuloso-Midway ISD,Nueces,B,3,77,80,3659,https://txschools.net/district/tuloso-midway-isd-178912
474,1017,104,230908,Union Grove ISD,Upshur,B,3,83,86,710,https://txschools.net/district/union-grove-isd-230908
474,1017,104,232904,Utopia ISD,Uvalde,A,3,91,94,190,https://txschools.net/district/utopia-isd-232904
474,1017,104,226908,Veribest ISD,Tom Green,B,3,86,89,258,https://txschools.net/district/veribest-isd-226908
474,1017,104,181907,Vidor ISD,Orange,C,3,75,78,4095,https://txschools.net/district/vidor-isd-181907
474,1017,104,229904,Warren ISD,Tyler,C,3,73,76,1178,https://txschools.net/district/warren-isd-229904
474,1017,104,070912,Waxahachie ISD,Ellis,B,3,76,79,11092,https://txschools.net/district/waxahachie-isd-070912
474,1017,104,223904,Wellman-Union CISD,Terry,A,3,88,91,245,https://txschools.net/district/wellman-union-cisd-223904
474,1017,104,108913,Weslaco ISD,Hidalgo,B,3,79,82,16012,https://txschools.net/district/weslaco-isd-108913
474,1017,104,092908,White Oak ISD,Gregg,B,3,87,90,1429,https://txschools.net/district/white-oak-isd-092908
474,1017,104,220920,White Settlement ISD,Tarrant,C,3,72,75,6684,https://txschools.net/district/white-settlement-isd-220920
474,1017,104,091909,Whitesboro ISD,Grayson,C,3,76,79,1757,https://txschools.net/district/whitesboro-isd-091909
474,1017,104,248902,Wink-Loving ISD,Winkler,B,3,85,88,434,https://txschools.net/district/wink-loving-isd-248902
474,1017,104,250907,Winnsboro ISD,Wood,B,3,79,82,1395,https://txschools.net/district/winnsboro-isd-250907
474,1017,104,212910,Winona ISD,Smith,C,3,70,73,1122,https://txschools.net/district/winona-isd-212910
474,1017,104,221912,Wylie ISD,Taylor,B,3,85,88,5617,https://txschools.net/district/wylie-isd-221912
579,1017,98,221901,Abilene ISD,Taylor,C,4,70,74,14260,https://txschools.net/district/abilene-isd-221901
579,1017,98,101903,Alief ISD,Harris,C,4,69,73,36376,https://txschools.net/district/alief-isd-101903
579,1017,98,188901,Amarillo ISD,Potter,B,4,78,82,28172,https://txschools.net/district/amarillo-isd-188901
579,1017,98,220901,Arlington ISD,Tarrant,C,4,71,75,51102,https://txschools.net/district/arlington-isd-220901
579,1017,98,025901,Bangs ISD,Brown,B,4,77,81,768,https://txschools.net/district/bangs-isd-025901
579,1017,98,013901,Beeville ISD,Bee,C,4,68,72,2871,https://txschools.net/district/beeville-isd-013901
579,1017,98,187901,Big Sandy ISD,Polk,A,4,87,91,526,https://txschools.net/district/big-sandy-isd-187901
579,1017,98,114901,Big Spring ISD,Howard,B,4,72,76,3107,https://txschools.net/district/big-spring-isd-114901
579,1017,98,016902,Blanco ISD,Blanco,B,4,79,83,1106,https://txschools.net/district/blanco-isd-016902
579,1017,98,235901,Bloomington ISD,Victoria,D,4,56,60,705,https://txschools.net/district/bloomington-isd-235901
579,1017,98,117901,Borger ISD,Hutchinson,C,4,75,79,2147,https://txschools.net/district/borger-isd-117901
579,1017,98,181901,Bridge City ISD,Orange,C,4,77,81,3072,https://txschools.net/district/bridge-city-isd-181901
579,1017,98,021902,Bryan ISD,Brazos,C,4,71,75,15653,https://txschools.net/district/bryan-isd-021902
579,1017,98,043903,Celina ISD,Collin,B,4,84,88,6337,https://txschools.net/district/celina-isd-043903
579,1017,98,174908,Central Heights ISD,Nacogdoches,A,4,89,93,1106,https://txschools.net/district/central-heights-isd-174908
579,1017,98,101905,Channelview ISD,Harris,B,4,71,75,9086,https://txschools.net/district/channelview-isd-101905
579,1017,98,194904,Clarksville ISD,Red River,D,4,61,65,504,https://txschools.net/district/clarksville-isd-194904
579,1017,98,006902,Claude ISD,Armstrong,A,4,92,96,311,https://txschools.net/district/claude-isd-006902
579,1017,98,126903,Cleburne ISD,Johnson,C,4,73,77,6776,https://txschools.net/district/cleburne-isd-126903
579,1017,98,021901,College Station ISD,Brazos,B,4,83,87,13892,https://txschools.net/district/college-station-isd-021901
579,1017,98,095902,Cotton Center ISD,Hale,A,4,86,90,97,https://txschools.net/district/cotton-center-isd-095902
579,1017,98,142901,Cotulla ISD,La Salle,C,4,70,74,1130,https://txschools.net/district/cotulla-isd-142901
579,1017,98,053001,Crockett County Consolidated CSD,Crockett,B,4,78,82,615,https://txschools.net/district/crockett-county-consolidated-csd-053001
579,1017,98,030901,Cross Plains ISD,Callahan,B,4,81,85,357,https://txschools.net/district/cross-plains-isd-030901
579,1017,98,101907,Cypress-Fairbanks ISD,Harris,B,4,79,83,114430,https://txschools.net/district/cypress-fairbanks-isd-101907
579,1017,98,058902,Dawson ISD,Dawson,B,4,81,85,145,https://txschools.net/district/dawson-isd-058902
579,1017,98,019901,DeKalb ISD,Bowie,B,4,78,82,928,https://txschools.net/district/dekalb-isd-019901
579,1017,98,003905,Diboll ISD,Angelina,B,4,77,81,1513,https://txschools.net/district/diboll-isd-003905
579,1017,98,159901,Eagle Pass ISD,Maverick,B,4,74,78,13415,https://txschools.net/district/eagle-pass-isd-159901
579,1017,98,068901,Ector County ISD,Ector,C,4,69,73,31866,https://txschools.net/district/ector-county-isd-068901
579,1017,98,120901,Edna ISD,Jackson,B,4,78,82,1538,https://txschools.net/district/edna-isd-120901
579,1017,98,011902,Elgin ISD,Bastrop,D,4,61,65,6221,https://txschools.net/district/elgin-isd-011902
579,1017,98,220904,Everman ISD,Tarrant,C,4,66,70,4704,https://txschools.net/district/everman-isd-220904
579,1017,98,071903,Fabens ISD,El Paso,B,4,68,72,1812,https://txschools.net/district/fabens-isd-071903
579,1017,98,070905,Ferris ISD,Ellis,B,4,75,79,3031,https://txschools.net/district/ferris-isd-070905
579,1017,98,001904,Frankston ISD,Anderson,B,4,86,90,785,https://txschools.net/district/frankston-isd-001904
579,1017,98,066903,Freer ISD,Duval,B,4,72,76,663,https://txschools.net/district/freer-isd-066903
579,1017,98,049901,Gainesville ISD,Cooke,D,4,63,67,3054,https://txschools.net/district/gainesville-isd-049901
579,1017,98,057909,Garland ISD,Dallas,B,4,78,82,49060,https://txschools.net/district/garland-isd-057909
579,1017,98,230902,Gilmer ISD,Upshur,B,4,79,83,2923,https://txschools.net/district/gilmer-isd-230902
579,1017,98,088902,Goliad ISD,Goliad,B,4,77,81,1191,https://txschools.net/district/goliad-isd-088902
579,1017,98,220906,Grapevine-Colleyville ISD,Tarrant,A,4,87,91,13343,https://txschools.net/district/grapevine-colleyville-isd-220906
579,1017,98,098901,Gruver ISD,Hansford,A,4,91,95,419,https://txschools.net/district/gruver-isd-098901
579,1017,98,095903,Hale Center ISD,Hale,B,4,73,77,553,https://txschools.net/district/hale-center-isd-095903
579,1017,98,015904,Harlandale ISD,Bexar,C,4,65,69,11096,https://txschools.net/district/harlandale-isd-015904
579,1017,98,086902,Harper ISD,Gillespie,B,4,86,90,566,https://txschools.net/district/harper-isd-086902
579,1017,98,059901,Hereford ISD,Deaf Smith,C,4,66,70,3836,https://txschools.net/district/hereford-isd-059901
579,1017,98,057912,Irving ISD,Dallas,C,4,69,73,29182,https://txschools.net/district/irving-isd-057912
579,1017,98,037904,Jacksonville ISD,Cherokee,D,4,65,69,4572,https://txschools.net/district/jacksonville-isd-037904
579,1017,98,126905,Joshua ISD,Johnson,B,4,83,87,5998,https://txschools.net/district/joshua-isd-126905
579,1017,98,128902,Kenedy ISD,Karnes,B,4,70,74,733,https://txschools.net/district/kenedy-isd-128902
579,1017,98,137901,Kingsville ISD,Kleberg,D,4,59,63,2341,https://txschools.net/district/kingsville-isd-137901
579,1017,98,219905,Kress ISD,Swisher,B,4,79,83,278,https://txschools.net/district/kress-isd-219905
579,1017,98,254902,La Pryor ISD,Zavala,D,4,64,68,445,https://txschools.net/district/la-pryor-isd-254902
579,1017,98,220910,Lake Worth ISD,Tarrant,D,4,59,63,3165,https://txschools.net/district/lake-worth-isd-220910
579,1017,98,079901,Lamar CISD,Fort Bend,B,4,84,88,48645,https://txschools.net/district/lamar-cisd-079901
579,1017,98,240901,Laredo ISD,Webb,A,4,81,85,19461,https://txschools.net/district/laredo-isd-240901
579,1017,98,090902,Lefors ISD,Gray,C,4,66,70,177,https://txschools.net/district/lefors-isd-090902
579,1017,98,092903,Longview ISD,Gregg,B,4,82,86,7906,https://txschools.net/district/longview-isd-092903
579,1017,98,031906,Los Fresnos CISD,Cameron,A,4,83,87,10284,https://txschools.net/district/los-fresnos-cisd-031906
579,1017,98,227907,Manor ISD,Travis,D,4,61,65,9826,https://txschools.net/district/manor-isd-227907
579,1017,98,220908,Mansfield ISD,Tarrant,B,4,83,87,34654,https://txschools.net/district/mansfield-isd-220908
579,1017,98,205904,Mathis ISD,San Patricio,B,4,72,76,1364,https://txschools.net/district/mathis-isd-205904
579,1017,98,108906,McAllen ISD,Hidalgo,B,4,85,89,19405,https://txschools.net/district/mcallen-isd-108906
579,1017,98,231901,McCamey ISD,Upton,C,4,66,70,469,https://txschools.net/district/mccamey-isd-231901
579,1017,98,043907,McKinney ISD,Collin,B,4,84,88,23667,https://txschools.net/district/mckinney-isd-043907
579,1017,98,164901,Menard ISD,Menard,B,4,80,84,249,https://txschools.net/district/menard-isd-164901
579,1017,98,221904,Merkel ISD,Taylor,C,4,75,79,1127,https://txschools.net/district/merkel-isd-221904
579,1017,98,070908,Midlothian ISD,Ellis,B,4,85,89,11537,https://txschools.net/district/midlothian-isd-070908
579,1017,98,166903,Milano ISD,Milam,B,4,85,89,394,https://txschools.net/district/milano-isd-166903
579,1017,98,238902,Monahans-Wickett-Pyote ISD,Ward,C,4,71,75,2180,https://txschools.net/district/monahans-wickett-pyote-isd-238902
579,1017,98,138903,Munday CISD,Knox,B,4,86,90,375,https://txschools.net/district/munday-cisd-138903
579,1017,98,046901,New Braunfels ISD,Comal,B,4,81,85,9710,https://txschools.net/district/new-braunfels-isd-046901
579,1017,98,230906,New Diana ISD,Upshur,B,4,85,89,1150,https://txschools.net/district/new-diana-isd-230906
579,1017,98,139909,Paris ISD,Lamar,B,4,73,77,3728,https://txschools.net/district/paris-isd-139909
579,1017,98,109914,Penelope ISD,Hill,A,4,88,92,215,https://txschools.net/district/penelope-isd-109914
579,1017,98,179901,Perryton ISD,Ochiltree,B,4,79,83,1698,https://txschools.net/district/perryton-isd-179901
579,1017,98,092904,Pine Tree ISD,Gregg,B,4,79,83,4435,https://txschools.net/district/pine-tree-isd-092904
579,1017,98,251902,Plains ISD,Yoakum,C,4,73,77,413,https://txschools.net/district/plains-isd-251902
579,1017,98,123907,Port Arthur ISD,Jefferson,C,4,59,63,7664,https://txschools.net/district/port-arthur-isd-123907
579,1017,98,139912,Prairiland ISD,Lamar,B,4,78,82,1060,https://txschools.net/district/prairiland-isd-139912
579,1017,98,190903,Rains ISD,Rains,C,4,70,74,1664,https://txschools.net/district/rains-isd-190903
579,1017,98,057916,Richardson ISD,Dallas,B,4,78,82,36142,https://txschools.net/district/richardson-isd-057916
579,1017,98,188902,River Road ISD,Potter,B,4,72,76,1183,https://txschools.net/district/river-road-isd-188902
579,1017,98,199901,Rockwall ISD,Rockwall,A,4,87,91,19077,https://txschools.net/district/rockwall-isd-199901
579,1017,98,037907,Rusk ISD,Cherokee,B,4,80,84,1980,https://txschools.net/district/rusk-isd-037907
579,1017,98,066902,San Diego ISD,Duval,B,4,76,80,1416,https://txschools.net/district/san-diego-isd-066902
579,1017,98,101924,Sheldon ISD,Harris,C,4,69,73,10576,https://txschools.net/district/sheldon-isd-101924
579,1017,98,143903,Shiner ISD,Lavaca,A,4,90,94,700,https://txschools.net/district/shiner-isd-143903
579,1017,98,092907,Spring Hill ISD,Gregg,A,4,89,93,1941,https://txschools.net/district/spring-hill-isd-092907
579,1017,98,153904,Tahoka ISD,Lynn,B,4,79,83,556,https://txschools.net/district/tahoka-isd-153904
579,1017,98,084906,Texas City ISD,Galveston,C,4,67,71,7379,https://txschools.net/district/texas-city-isd-084906
579,1017,98,091918,Tom Bean ISD,Grayson,B,4,77,81,763,https://txschools.net/district/tom-bean-isd-091918
579,1017,98,096905,Turkey-Quitaque ISD,Hall,A,4,90,94,175,https://txschools.net/district/turkey-quitaque-isd-096905
579,1017,98,212905,Tyler ISD,Smith,B,4,76,80,18800,https://txschools.net/district/tyler-isd-212905
579,1017,98,212906,Whitehouse ISD,Smith,A,4,87,91,4840,https://txschools.net/district/whitehouse-isd-212906
579,1017,98,110908,Whitharral ISD,Hockley,A,4,92,96,223,https://txschools.net/district/whitharral-isd-110908
579,1017,98,229903,Woodville ISD,Tyler,D,4,65,69,1169,https://txschools.net/district/woodville-isd-229903
579,1017,98,071905,Ysleta ISD,El Paso,B,4,80,84,32593,https://txschools.net/district/ysleta-isd-071905
678,1017,80,022901,Alpine ISD,Brewster,C,5,75,80,956,https://txschools.net/district/alpine-isd-022901
678,1017,80,020901,Alvin ISD,Brazoria,B,5,81,86,29994,https://txschools.net/district/alvin-isd-020901
678,1017,80,008901,Bellville ISD,Austin,C,5,76,81,2316,https://txschools.net/district/bellville-isd-008901
678,1017,80,116916,Boles ISD,Hunt,B,5,77,82,530,https://txschools.net/district/boles-isd-116916
678,1017,80,169901,Bowie ISD,Montague,B,5,77,82,1457,https://txschools.net/district/bowie-isd-169901
678,1017,80,020905,Brazosport ISD,Brazoria,B,5,75,80,10843,https://txschools.net/district/brazosport-isd-020905
678,1017,80,106901,Canadian ISD,Hemphill,A,5,88,93,675,https://txschools.net/district/canadian-isd-106901
678,1017,80,057903,Carrollton-Farmers Branch ISD,Dallas,B,5,75,80,22831,https://txschools.net/district/carrollton-farmers-branch-isd-057903
678,1017,80,057904,Cedar Hill ISD,Dallas,C,5,69,74,5876,https://txschools.net/district/cedar-hill-isd-057904
678,1017,80,084910,Clear Creek ISD,Galveston,B,5,84,89,38634,https://txschools.net/district/clear-creek-isd-084910
678,1017,80,071901,Clint ISD,El Paso,B,5,74,79,9829,https://txschools.net/district/clint-isd-071901
678,1017,80,233903,Comstock ISD,Val Verde,C,5,73,78,166,https://txschools.net/district/comstock-isd-233903
678,1017,80,101906,Crosby ISD,Harris,B,5,75,80,7183,https://txschools.net/district/crosby-isd-101906
678,1017,80,107904,Cross Roads ISD,Henderson,B,5,81,86,541,https://txschools.net/district/cross-roads-isd-107904
678,1017,80,254901,Crystal City ISD,Zavala,C,5,65,70,1480,https://txschools.net/district/crystal-city-isd-254901
678,1017,80,057906,Desoto ISD,Dallas,C,5,64,69,5564,https://txschools.net/district/desoto-isd-057906
678,1017,80,071902,El Paso ISD,El Paso,B,5,73,78,46113,https://txschools.net/district/el-paso-isd-071902
678,1017,80,185902,Farwell ISD,Parmer,B,5,84,89,570,https://txschools.net/district/farwell-isd-185902
678,1017,80,077901,Floydada Collegiate ISD,Floyd,B,5,79,84,644,https://txschools.net/district/floydada-collegiate-isd-077901
678,1017,80,242906,Fort Elliott CISD,Wheeler,B,5,81,86,133,https://txschools.net/district/fort-elliott-cisd-242906
678,1017,80,122901,Ft Davis ISD,Jeff Davis,C,5,71,76,818,https://txschools.net/district/ft-davis-isd-122901
678,1017,80,144901,Giddings ISD,Lee,B,5,78,83,1798,https://txschools.net/district/giddings-isd-144901
678,1017,80,169906,Gold Burg ISD,Montague,C,5,74,79,149,https://txschools.net/district/gold-burg-isd-169906
678,1017,80,167901,Goldthwaite ISD,Mills,B,5,84,89,504,https://txschools.net/district/goldthwaite-isd-167901
678,1017,80,156905,Grady ISD,Martin,A,5,92,97,242,https://txschools.net/district/grady-isd-156905
678,1017,80,143901,Hallettsville ISD,Lavaca,B,5,85,90,1129,https://txschools.net/district/hallettsville-isd-143901
678,1017,80,127903,Hamlin Collegiate ISD,Jones,B,5,76,81,383,https://txschools.net/district/hamlin-collegiate-isd-127903
678,1017,80,225907,Harts Bluff ISD,Titus,C,5,74,79,873,https://txschools.net/district/harts-bluff-isd-225907
678,1017,80,097903,Hico ISD,Hamilton,B,5,76,81,614,https://txschools.net/district/hico-isd-097903
678,1017,80,005902,Holliday ISD,Archer,A,5,87,92,1127,https://txschools.net/district/holliday-isd-005902
678,1017,80,109907,Itasca ISD,Hill,C,5,66,71,652,https://txschools.net/district/itasca-isd-109907
678,1017,80,113906,Kennard ISD,Houston,C,5,77,82,254,https://txschools.net/district/kennard-isd-113906
678,1017,80,101915,Klein ISD,Harris,B,5,82,87,51154,https://txschools.net/district/klein-isd-101915
678,1017,80,100903,Kountze ISD,Hardin,C,5,73,78,1163,https://txschools.net/district/kountze-isd-100903
678,1017,80,075902,La Grange ISD,Fayette,B,5,76,81,1839,https://txschools.net/district/la-grange-isd-075902
678,1017,80,108914,La Villa ISD,Hidalgo,B,5,71,76,459,https://txschools.net/district/la-villa-isd-108914
678,1017,80,015913,Lackland ISD,Bexar,B,5,83,88,966,https://txschools.net/district/lackland-isd-015913
678,1017,80,061914,Little Elm ISD,Denton,C,5,75,80,7647,https://txschools.net/district/little-elm-isd-061914
678,1017,80,150901,Llano ISD,Llano,B,5,80,85,2009,https://txschools.net/district/llano-isd-150901
678,1017,80,160905,Lohn ISD,McCulloch,B,5,81,86,109,https://txschools.net/district/lohn-isd-160905
678,1017,80,083902,Loop ISD,Gaines,A,5,90,95,143,https://txschools.net/district/loop-isd-083902
678,1017,80,234905,Martins Mill ISD,Van Zandt,B,5,83,88,447,https://txschools.net/district/martins-mill-isd-234905
678,1017,80,070915,Maypearl ISD,Ellis,C,5,73,78,1217,https://txschools.net/district/maypearl-isd-070915
678,1017,80,161909,McGregor ISD,McLennan,C,5,72,77,1448,https://txschools.net/district/mcgregor-isd-161909
678,1017,80,165901,Midland ISD,Midland,C,5,71,76,29048,https://txschools.net/district/midland-isd-165901
678,1017,80,108915,Monte Alto ISD,Hidalgo,B,5,70,75,764,https://txschools.net/district/monte-alto-isd-108915
678,1017,80,094903,Navarro ISD,Guadalupe,B,5,78,83,3039,https://txschools.net/district/navarro-isd-094903
678,1017,80,236901,New Waverly ISD,Walker,B,5,81,86,1064,https://txschools.net/district/new-waverly-isd-236901
678,1017,80,169902,Nocona ISD,Montague,B,5,79,84,764,https://txschools.net/district/nocona-isd-169902
678,1017,80,227904,Pflugerville ISD,Travis,B,5,76,81,25028,https://txschools.net/district/pflugerville-isd-227904
678,1017,80,108909,Pharr-San Juan-Alamo ISD,Hidalgo,A,5,79,84,29043,https://txschools.net/district/pharr-san-juan-alamo-isd-108909
678,1017,80,117904,Plemons-Stinnett-Phillips CISD,Hutchinson,A,5,86,91,529,https://txschools.net/district/plemons-stinnett-phillips-cisd-117904
678,1017,80,108910,Progreso ISD,Hidalgo,B,5,68,73,1291,https://txschools.net/district/progreso-isd-108910
678,1017,80,214901,Rio Grande City Grulla ISD,Starr,B,5,77,82,9157,https://txschools.net/district/rio-grande-city-grulla-isd-214901
678,1017,80,031911,Rio Hondo ISD,Cameron,C,5,66,71,1312,https://txschools.net/district/rio-hondo-isd-031911
678,1017,80,178909,Robstown ISD,Nueces,D,5,62,67,2478,https://txschools.net/district/robstown-isd-178909
678,1017,80,004901,Rockport-Fulton ISD,Aransas,C,5,71,76,2831,https://txschools.net/district/rockport-fulton-isd-004901
678,1017,80,014907,Rogers ISD,Bell,B,5,76,81,856,https://txschools.net/district/rogers-isd-014907
678,1017,80,014908,Salado ISD,Bell,B,5,81,86,2582,https://txschools.net/district/salado-isd-014908
678,1017,80,226903,San Angelo ISD,Tom Green,C,5,71,76,12500,https://txschools.net/district/san-angelo-isd-226903
678,1017,80,031912,San Benito CISD,Cameron,C,5,68,73,8620,https://txschools.net/district/san-benito-cisd-031912
678,1017,80,058909,Sands CISD,Dawson,A,5,88,93,225,https://txschools.net/district/sands-cisd-058909
678,1017,80,117903,Sanford-Fritch ISD,Hutchinson,C,5,76,81,714,https://txschools.net/district/sanford-fritch-isd-117903
678,1017,80,129910,Scurry-Rosser ISD,Kaufman,B,5,81,86,1052,https://txschools.net/district/scurry-rosser-isd-129910
678,1017,80,210903,Shelbyville ISD,Shelby,B,5,80,85,862,https://txschools.net/district/shelbyville-isd-210903
678,1017,80,091906,Sherman ISD,Grayson,C,5,68,73,7452,https://txschools.net/district/sherman-isd-091906
678,1017,80,026903,Snook ISD,Burleson,B,5,78,83,585,https://txschools.net/district/snook-isd-026903
678,1017,80,101920,Spring Branch ISD,Harris,B,5,79,84,31584,https://txschools.net/district/spring-branch-isd-101920
678,1017,80,101919,Spring ISD,Harris,C,5,64,69,32328,https://txschools.net/district/spring-isd-101919
678,1017,80,063903,Spur ISD,Dickens,B,5,78,83,210,https://txschools.net/district/spur-isd-063903
678,1017,80,079910,Stafford MSD,Fort Bend,B,5,76,81,3529,https://txschools.net/district/stafford-msd-079910
678,1017,80,211902,Stratford ISD,Sherman,B,5,80,85,487,https://txschools.net/district/stratford-isd-211902
678,1017,80,071908,Tornillo ISD,El Paso,B,5,68,73,694,https://txschools.net/district/tornillo-isd-071908
678,1017,80,014910,Troy ISD,Bell,B,5,79,84,1723,https://txschools.net/district/troy-isd-014910
678,1017,80,219903,Tulia ISD,Swisher,C,5,62,67,730,https://txschools.net/district/tulia-isd-219903
678,1017,80,108916,Valley View ISD,Hidalgo,A,5,82,87,3304,https://txschools.net/district/valley-view-isd-108916
678,1017,80,237904,Waller ISD,Waller,B,5,72,77,10846,https://txschools.net/district/waller-isd-237904
678,1017,80,044902,Wellington ISD,Collingsworth,B,5,86,91,516,https://txschools.net/district/wellington-isd-044902
678,1017,80,241904,Wharton ISD,Wharton,F,5,57,62,1707,https://txschools.net/district/wharton-isd-241904
678,1017,80,170904,Willis ISD,Montgomery,C,5,73,78,9579,https://txschools.net/district/willis-isd-170904
678,1017,80,062904,Yorktown ISD,Dewitt,B,5,78,83,552,https://txschools.net/district/yorktown-isd-062904
759,1017,71,093901,Anderson-Shiro CISD,Grimes,A,6,85,91,944,https://txschools.net/district/anderson-shiro-cisd-093901
759,1017,71,205901,Aransas Pass ISD,San Patricio,C,6,62,68,1595,https://txschools.net/district/aransas-pass-isd-205901
759,1017,71,194902,Avery ISD,Red River,A,6,90,96,295,https://txschools.net/district/avery-isd-194902
759,1017,71,123910,Beaumont ISD,Jefferson,D,6,60,66,15838,https://txschools.net/district/beaumont-isd-123910
759,1017,71,125902,Ben Bolt-Palito Blanco ISD,Jim Wells,B,6,76,82,420,https://txschools.net/district/ben-bolt-palito-blanco-isd-125902
759,1017,71,116915,Bland ISD,Hunt,B,6,82,88,777,https://txschools.net/district/bland-isd-116915
759,1017,71,241901,Boling ISD,Wharton,C,6,75,81,1143,https://txschools.net/district/boling-isd-241901
759,1017,71,160901,Brady ISD,McCulloch,B,6,76,82,857,https://txschools.net/district/brady-isd-160901
759,1017,71,025908,Brookesmith ISD,Brown,C,6,77,83,508,https://txschools.net/district/brookesmith-isd-025908
759,1017,71,025902,Brownwood ISD,Brown,B,6,75,81,3293,https://txschools.net/district/brownwood-isd-025902
759,1017,71,029901,Calhoun County ISD,Calhoun,B,6,77,83,3381,https://txschools.net/district/calhoun-county-isd-029901
759,1017,71,049905,Callisburg ISD,Cooke,C,6,74,80,1139,https://txschools.net/district/callisburg-isd-049905
759,1017,71,116902,Celeste ISD,Hunt,B,6,82,88,471,https://txschools.net/district/celeste-isd-116902
759,1017,71,229901,Colmesneil ISD,Tyler,C,6,69,75,388,https://txschools.net/district/colmesneil-isd-229901
759,1017,71,168901,Colorado ISD,Mitchell,C,6,72,78,901,https://txschools.net/district/colorado-isd-168901
759,1017,71,020907,Columbia-Brazoria ISD,Brazoria,C,6,72,78,2942,https://txschools.net/district/columbia-brazoria-isd-020907
759,1017,71,057905,Dallas ISD,Dallas,B,6,73,79,134302,https://txschools.net/district/dallas-isd-057905
759,1017,71,020904,Danbury ISD,Brazoria,B,6,84,90,645,https://txschools.net/district/danbury-isd-020904
759,1017,71,108902,Donna ISD,Hidalgo,B,6,71,77,12436,https://txschools.net/district/donna-isd-108902
759,1017,71,086024,Doss Consolidated CSD,Gillespie,B,6,79,85,18,https://txschools.net/district/doss-consolidated-csd-086024
759,1017,71,072902,Dublin ISD,Erath,A,6,84,90,1078,https://txschools.net/district/dublin-isd-072902
759,1017,71,178914,Flour Bluff ISD,Nueces,B,6,79,85,5375,https://txschools.net/district/flour-bluff-isd-178914
759,1017,71,086901,Fredericksburg ISD,Gillespie,B,6,81,87,2956,https://txschools.net/district/fredericksburg-isd-086901
759,1017,71,246904,Georgetown ISD,Williamson,B,6,74,80,13951,https://txschools.net/district/georgetown-isd-246904
759,1017,71,182901,Gordon ISD,Palo Pinto,A,6,86,92,240,https://txschools.net/district/gordon-isd-182901
759,1017,71,116905,Greenville ISD,Hunt,C,6,64,70,5435,https://txschools.net/district/greenville-isd-116905
759,1017,71,074907,Honey Grove ISD,Fannin,B,6,81,87,674,https://txschools.net/district/honey-grove-isd-074907
759,1017,71,186903,Iraan-Sheffield Collegiate ISD,Pecos,C,6,69,75,514,https://txschools.net/district/iraan-sheffield-collegiate-isd-186903
759,1017,71,246907,Jarrell ISD,Williamson,C,6,67,73,4514,https://txschools.net/district/jarrell-isd-246907
759,1017,71,121904,Jasper ISD,Jasper,C,6,63,69,1947,https://txschools.net/district/jasper-isd-121904
759,1017,71,121905,Kirbyville CISD,Jasper,C,6,71,77,1443,https://txschools.net/district/kirbyville-cisd-121905
759,1017,71,057913,Lancaster ISD,Dallas,B,6,69,75,6431,https://txschools.net/district/lancaster-isd-057913
759,1017,71,074909,Leonard ISD,Fannin,B,6,78,84,840,https://txschools.net/district/leonard-isd-074909
759,1017,71,028902,Lockhart ISD,Caldwell,C,6,69,75,6757,https://txschools.net/district/lockhart-isd-028902
759,1017,71,028903,Luling ISD,Caldwell,C,6,69,75,1431,https://txschools.net/district/luling-isd-028903
759,1017,71,157901,Mason ISD,Mason,A,6,87,93,675,https://txschools.net/district/mason-isd-157901
759,1017,71,108907,Mercedes ISD,Hidalgo,C,6,66,72,3940,https://txschools.net/district/mercedes-isd-108907
759,1017,71,112907,Miller Grove ISD,Hopkins,B,6,80,86,314,https://txschools.net/district/miller-grove-isd-112907
759,1017,71,161910,Moody ISD,McLennan,B,6,79,85,761,https://txschools.net/district/moody-isd-161910
759,1017,71,209902,Moran ISD,Shackelford,C,6,75,81,86,https://txschools.net/district/moran-isd-209902
759,1017,71,225902,Mount Pleasant ISD,Titus,B,6,77,83,5019,https://txschools.net/district/mount-pleasant-isd-225902
759,1017,71,174904,Nacogdoches ISD,Nacogdoches,C,6,66,72,5513,https://txschools.net/district/nacogdoches-isd-174904
759,1017,71,163903,Natalia ISD,Medina,C,6,62,68,1301,https://txschools.net/district/natalia-isd-163903
759,1017,71,170908,New Caney ISD,Montgomery,C,6,70,76,19642,https://txschools.net/district/new-caney-isd-170908
759,1017,71,176902,Newton ISD,Newton,C,6,71,77,946,https://txschools.net/district/newton-isd-176902
759,1017,71,195901,Pecos-Barstow-Toyah ISD,Reeves,C,6,64,70,2945,https://txschools.net/district/pecos-barstow-toyah-isd-195901
759,1017,71,007905,Pleasanton ISD,Atascosa,C,6,72,78,3301,https://txschools.net/district/pleasanton-isd-007905
759,1017,71,184901,Poolville ISD,Parker,C,6,72,78,764,https://txschools.net/district/poolville-isd-184901
759,1017,71,007906,Poteet ISD,Atascosa,D,6,60,66,1867,https://txschools.net/district/poteet-isd-007906
759,1017,71,091913,Pottsboro ISD,Grayson,A,6,85,91,1363,https://txschools.net/district/pottsboro-isd-091913
759,1017,71,128903,Runge ISD,Karnes,C,6,59,65,172,https://txschools.net/district/runge-isd-128903
759,1017,71,015907,San Antonio ISD,Bexar,C,6,65,71,42508,https://txschools.net/district/san-antonio-isd-015907
759,1017,71,071904,San Elizario ISD,El Paso,C,6,62,68,2776,https://txschools.net/district/san-elizario-isd-071904
759,1017,71,245904,San Perlita ISD,Willacy,B,6,75,81,174,https://txschools.net/district/san-perlita-isd-245904
759,1017,71,019909,Simms ISD,Bowie,B,6,81,87,462,https://txschools.net/district/simms-isd-019909
759,1017,71,071909,Socorro ISD,El Paso,B,6,78,84,45850,https://txschools.net/district/socorro-isd-071909
759,1017,71,015912,Southwest ISD,Bexar,C,6,69,75,14839,https://txschools.net/district/southwest-isd-015912
759,1017,71,170907,Splendora ISD,Montgomery,C,6,64,70,5882,https://txschools.net/district/splendora-isd-170907
759,1017,71,140907,Springlake-Earth ISD,Lamb,A,6,85,91,221,https://txschools.net/district/springlake-earth-isd-140907
759,1017,71,072903,Stephenville ISD,Erath,A,6,85,91,3503,https://txschools.net/district/stephenville-isd-072903
759,1017,71,182905,Strawn ISD,Palo Pinto,B,6,82,88,172,https://txschools.net/district/strawn-isd-182905
759,1017,71,020906,Sweeny ISD,Brazoria,C,6,73,79,1691,https://txschools.net/district/sweeny-isd-020906
759,1017,71,129906,Terrell ISD,Kaufman,C,6,65,71,5178,https://txschools.net/district/terrell-isd-129906
759,1017,71,056902,Texline ISD,Dallam,A,6,87,93,224,https://txschools.net/district/texline-isd-056902
759,1017,71,166905,Thorndale ISD,Milam,B,6,81,87,662,https://txschools.net/district/thorndale-isd-166905
759,1017,71,158902,Tidehaven ISD,Matagorda,A,6,85,91,1038,https://txschools.net/district/tidehaven-isd-158902
759,1017,71,091907,Tioga ISD,Grayson,A,6,85,91,610,https://txschools.net/district/tioga-isd-091907
759,1017,71,230904,Union Hill ISD,Upshur,C,6,69,75,254,https://txschools.net/district/union-hill-isd-230904
759,1017,71,235902,Victoria ISD,Victoria,C,6,71,77,12534,https://txschools.net/district/victoria-isd-235902
759,1017,71,045905,Weimar ISD,Colorado,A,6,86,92,735,https://txschools.net/district/weimar-isd-045905
759,1017,71,181906,West Orange-Cove CISD,Orange,C,6,59,65,2502,https://txschools.net/district/west-orange-cove-cisd-181906
759,1017,71,242903,Wheeler ISD,Wheeler,B,6,81,87,341,https://txschools.net/district/wheeler-isd-242903
831,1017,37,250906,Alba-Golden ISD,Wood,B,7,79,86,772,https://txschools.net/district/alba-golden-isd-250906
831,1017,37,039904,Bellevue ISD,Clay,A,7,85,92,242,https://txschools.net/district/bellevue-isd-039904
831,1017,37,178902,Bishop CISD,Nueces,A,7,84,91,1427,https://txschools.net/district/bishop-cisd-178902
831,1017,37,121902,Brookeland ISD,Jasper,B,7,75,82,391,https://txschools.net/district/brookeland-isd-121902
831,1017,37,198902,Calvert ISD,Robertson,D,7,64,71,143,https://txschools.net/district/calvert-isd-198902
831,1017,37,220917,Castleberry ISD,Tarrant,B,7,74,81,3755,https://txschools.net/district/castleberry-isd-220917
831,1017,37,130902,Comfort ISD,Kendall,C,7,68,75,1012,https://txschools.net/district/comfort-isd-130902
831,1017,37,112908,Como-Pickton CISD,Hopkins,B,7,80,87,751,https://txschools.net/district/como-pickton-cisd-112908
831,1017,37,178904,Corpus Christi ISD,Nueces,B,7,73,80,31976,https://txschools.net/district/corpus-christi-isd-178904
831,1017,37,175903,Corsicana ISD,Navarro,C,7,64,71,5910,https://txschools.net/district/corsicana-isd-175903
831,1017,37,220912,Crowley ISD,Tarrant,B,7,66,73,17052,https://txschools.net/district/crowley-isd-220912
831,1017,37,148905,Darrouzett ISD,Lipscomb,D,7,64,71,97,https://txschools.net/district/darrouzett-isd-148905
831,1017,37,082902,Dilley ISD,Frio,C,7,63,70,830,https://txschools.net/district/dilley-isd-082902
831,1017,37,171901,Dumas ISD,Moore,B,7,75,82,4232,https://txschools.net/district/dumas-isd-171901
831,1017,37,220905,Fort Worth ISD,Tarrant,C,7,66,73,67315,https://txschools.net/district/fort-worth-isd-220905
831,1017,37,115901,Ft Hancock ISD,Hudspeth,C,7,70,77,390,https://txschools.net/district/ft-hancock-isd-115901
831,1017,37,246905,Granger ISD,Williamson,C,7,76,83,573,https://txschools.net/district/granger-isd-246905
831,1017,37,100905,Hardin-Jefferson ISD,Hardin,B,7,79,86,2828,https://txschools.net/district/hardin-jefferson-isd-100905
831,1017,37,031903,Harlingen CISD,Cameron,B,7,77,84,16187,https://txschools.net/district/harlingen-cisd-031903
831,1017,37,127904,Hawley ISD,Jones,B,7,72,79,773,https://txschools.net/district/hawley-isd-127904
831,1017,37,084903,High Island ISD,Galveston,B,7,81,88,122,https://txschools.net/district/high-island-isd-084903
831,1017,37,093903,Iola ISD,Grimes,A,7,84,91,656,https://txschools.net/district/iola-isd-093903
831,1017,37,126906,Keene ISD,Johnson,B,7,77,84,1131,https://txschools.net/district/keene-isd-126906
831,1017,37,220914,Kennedale ISD,Tarrant,B,7,73,80,2659,https://txschools.net/district/kennedale-isd-220914
831,1017,37,100907,Lumberton ISD,Hardin,B,7,77,84,4039,https://txschools.net/district/lumberton-isd-100907
831,1017,37,019910,Malta ISD,Bowie,B,7,83,90,208,https://txschools.net/district/malta-isd-019910
831,1017,37,174909,Martinsville ISD,Nacogdoches,B,7,82,89,315,https://txschools.net/district/martinsville-isd-174909
831,1017,37,167902,Mullin ISD,Mills,C,7,63,70,176,https://txschools.net/district/mullin-isd-167902
831,1017,37,107908,Murchison ISD,Henderson,D,7,62,69,187,https://txschools.net/district/murchison-isd-107908
831,1017,37,019905,New Boston ISD,Bowie,B,7,75,82,1060,https://txschools.net/district/new-boston-isd-019905
831,1017,37,181905,Orangefield ISD,Orange,B,7,79,86,1727,https://txschools.net/district/orangefield-isd-181905
831,1017,37,082903,Pearsall ISD,Frio,C,7,60,67,1900,https://txschools.net/district/pearsall-isd-082903
831,1017,37,247904,Poth ISD,Wilson,A,7,85,92,967,https://txschools.net/district/poth-isd-247904
831,1017,37,070911,Red Oak ISD,Ellis,C,7,71,78,6569,https://txschools.net/district/red-oak-isd-070911
831,1017,37,196903,Refugio ISD,Refugio,B,7,70,77,591,https://txschools.net/district/refugio-isd-196903
831,1017,37,137903,Riviera ISD,Kleberg,B,7,80,87,406,https://txschools.net/district/riviera-isd-137903
831,1017,37,083901,Seagraves ISD,Gaines,B,7,78,85,523,https://txschools.net/district/seagraves-isd-083901
831,1017,37,115902,Sierra Blanca ISD,Hudspeth,C,7,74,81,97,https://txschools.net/district/sierra-blanca-isd-115902
869,1017,45,071906,Anthony ISD,El Paso,B,8,71,79,681,https://txschools.net/district/anthony-isd-071906
869,1017,45,010902,Bandera ISD,Bandera,C,8,68,76,2159,https://txschools.net/district/bandera-isd-010902
869,1017,45,145902,Centerville ISD,Leon,C,8,69,77,633,https://txschools.net/district/centerville-isd-145902
869,1017,45,007901,Charlotte ISD,Atascosa,B,8,66,74,422,https://txschools.net/district/charlotte-isd-007901
869,1017,45,146902,Dayton ISD,Liberty,C,8,67,75,5777,https://txschools.net/district/dayton-isd-146902
869,1017,45,176903,Deweyville ISD,Newton,C,8,72,80,574,https://txschools.net/district/deweyville-isd-176903
869,1017,45,074905,Ector ISD,Fannin,B,8,73,81,234,https://txschools.net/district/ector-isd-074905
869,1017,45,108903,Edcouch-Elsa ISD,Hidalgo,D,8,61,69,4162,https://txschools.net/district/edcouch-elsa-isd-108903
869,1017,45,049906,Era ISD,Cooke,A,8,84,92,517,https://txschools.net/district/era-isd-049906
869,1017,45,175905,Frost ISD,Navarro,C,8,70,78,459,https://txschools.net/district/frost-isd-175905
869,1017,45,120902,Ganado ISD,Jackson,B,8,75,83,720,https://txschools.net/district/ganado-isd-120902
869,1017,45,174903,Garrison ISD,Nacogdoches,A,8,81,89,739,https://txschools.net/district/garrison-isd-174903
869,1017,45,035902,Hart ISD,Castro,B,8,71,79,208,https://txschools.net/district/hart-isd-035902
869,1017,45,101912,Houston ISD,Harris,B,8,73,81,167793,https://txschools.net/district/houston-isd-101912
869,1017,45,072908,Huckabay ISD,Erath,A,8,88,96,345,https://txschools.net/district/huckabay-isd-072908
869,1017,45,101913,Humble ISD,Harris,B,8,74,82,47734,https://txschools.net/district/humble-isd-101913
869,1017,45,128901,Karnes City ISD,Karnes,B,8,67,75,928,https://txschools.net/district/karnes-city-isd-128901
869,1017,45,242905,Kelton ISD,Wheeler,B,8,78,86,129,https://txschools.net/district/kelton-isd-242905
869,1017,45,245901,Lasara ISD,Willacy,B,8,63,71,330,https://txschools.net/district/lasara-isd-245901
869,1017,45,146906,Liberty ISD,Liberty,C,8,67,75,2406,https://txschools.net/district/liberty-isd-146906
869,1017,45,241906,Louise ISD,Wharton,B,8,79,87,510,https://txschools.net/district/louise-isd-241906
869,1017,45,007904,Lytle ISD,Atascosa,D,8,61,69,1803,https://txschools.net/district/lytle-isd-007904
869,1017,45,161908,Mart ISD,McLennan,B,8,77,85,597,https://txschools.net/district/mart-isd-161908
869,1017,45,018902,Meridian ISD,Bosque,C,8,67,75,354,https://txschools.net/district/meridian-isd-018902
869,1017,45,182903,Mineral Wells ISD,Palo Pinto,B,8,76,84,3244,https://txschools.net/district/mineral-wells-isd-182903
869,1017,45,018903,Morgan ISD,Bosque,C,8,65,73,138,https://txschools.net/district/morgan-isd-018903
869,1017,45,109910,Mount Calm ISD,Hill,C,8,71,79,176,https://txschools.net/district/mount-calm-isd-109910
869,1017,45,123905,Nederland ISD,Jefferson,A,8,82,90,5359,https://txschools.net/district/nederland-isd-123905
869,1017,45,153905,New Home ISD,Lynn,A,8,85,93,685,https://txschools.net/district/new-home-isd-153905
869,1017,45,090904,Pampa ISD,Gray,C,8,68,76,3036,https://txschools.net/district/pampa-isd-090904
869,1017,45,184908,Peaster ISD,Parker,B,8,79,87,1715,https://txschools.net/district/peaster-isd-184908
869,1017,45,039903,Petrolia CISD,Clay,C,8,70,78,485,https://txschools.net/district/petrolia-cisd-039903
869,1017,45,061906,Ponder ISD,Denton,B,8,75,83,1737,https://txschools.net/district/ponder-isd-061906
869,1017,45,116908,Quinlan ISD,Hunt,C,8,66,74,2974,https://txschools.net/district/quinlan-isd-116908
869,1017,45,214903,Roma ISD,Starr,A,8,80,88,5916,https://txschools.net/district/roma-isd-214903
869,1017,45,105902,San Marcos CISD,Hays,C,8,65,73,8134,https://txschools.net/district/san-marcos-cisd-105902
869,1017,45,100904,Silsbee ISD,Hardin,C,8,67,75,2377,https://txschools.net/district/silsbee-isd-100904
869,1017,45,011904,Smithville ISD,Bastrop,C,8,71,79,1864,https://txschools.net/district/smithville-isd-011904
869,1017,45,026902,Somerville ISD,Burleson,C,8,61,69,527,https://txschools.net/district/somerville-isd-026902
869,1017,45,015908,South San Antonio ISD,Bexar,C,8,60,68,7083,https://txschools.net/district/south-san-antonio-isd-015908
869,1017,45,014909,Temple ISD,Bell,B,8,69,77,8704,https://txschools.net/district/temple-isd-014909
869,1017,45,111903,Tolar ISD,Hood,A,8,82,90,898,https://txschools.net/district/tolar-isd-111903
869,1017,45,126908,Venus ISD,Johnson,C,8,62,70,2191,https://txschools.net/district/venus-isd-126908
869,1017,45,201914,West Rusk County Consolidated ISD,Rusk,C,8,70,78,1006,https://txschools.net/district/west-rusk-county-consolidated-isd-201914
869,1017,45,234907,Wills Point ISD,Van Zandt,C,8,67,75,2882,https://txschools.net/district/wills-point-isd-234907
869,1017,45,003906,Zavalla ISD,Angelina,B,8,74,82,308,https://txschools.net/district/zavalla-isd-003906
915,1017,30,178901,Agua Dulce ISD,Nueces,B,9,76,85,387,https://txschools.net/district/agua-dulce-isd-178901
915,1017,30,209901,Albany ISD,Shackelford,B,9,80,89,449,https://txschools.net/district/albany-isd-209901
915,1017,30,011901,Bastrop ISD,Bastrop,C,9,64,73,13325,https://txschools.net/district/bastrop-isd-011901
915,1017,30,183901,Beckville ISD,Panola,B,9,80,89,652,https://txschools.net/district/beckville-isd-183901
915,1017,30,025904,Blanket ISD,Brown,B,9,69,78,151,https://txschools.net/district/blanket-isd-025904
915,1017,30,008903,Brazos ISD,Austin,B,9,79,88,824,https://txschools.net/district/brazos-isd-008903
915,1017,30,176901,Burkeville ISD,Newton,C,9,62,71,245,https://txschools.net/district/burkeville-isd-176901
915,1017,30,239903,Burton ISD,Washington,A,9,84,93,650,https://txschools.net/district/burton-isd-239903
915,1017,30,103901,Channing ISD,Hartley,B,9,76,85,118,https://txschools.net/district/channing-isd-103901
915,1017,30,163902,D'Hanis ISD,Medina,A,9,83,92,297,https://txschools.net/district/d-hanis-isd-163902
915,1017,30,133905,Divide ISD,Kerr,B,9,74,83,41,https://txschools.net/district/divide-isd-133905
915,1017,30,050901,Evant ISD,Coryell,D,9,57,66,192,https://txschools.net/district/evant-isd-050901
915,1017,30,247901,Floresville ISD,Wilson,B,9,71,80,3893,https://txschools.net/district/floresville-isd-247901
915,1017,30,113902,Grapeland ISD,Houston,C,9,68,77,578,https://txschools.net/district/grapeland-isd-113902
915,1017,30,123914,Hamshire-Fannett ISD,Jefferson,B,9,76,85,1947,https://txschools.net/district/hamshire-fannett-isd-123914
915,1017,30,201902,Henderson ISD,Rusk,B,9,69,78,3151,https://txschools.net/district/henderson-isd-201902
915,1017,30,061912,Lake Dallas ISD,Denton,B,9,74,83,3935,https://txschools.net/district/lake-dallas-isd-061912
915,1017,30,185904,Lazbuddie ISD,Parmer,A,9,76,85,127,https://txschools.net/district/lazbuddie-isd-185904
915,1017,30,181908,Little Cypress-Mauriceville CISD,Orange,C,9,68,77,3342,https://txschools.net/district/little-cypress-mauriceville-cisd-181908
915,1017,30,245902,Lyford CISD,Willacy,B,9,69,78,1366,https://txschools.net/district/lyford-cisd-245902
915,1017,30,040901,Morton ISD,Cochran,B,9,72,81,350,https://txschools.net/district/morton-isd-040901
915,1017,30,069902,Nueces Canyon CISD,Edwards,B,9,70,79,198,https://txschools.net/district/nueces-canyon-cisd-069902
915,1017,30,123908,Port Neches-Groves ISD,Jefferson,B,9,75,84,5289,https://txschools.net/district/port-neches-groves-isd-123908
915,1017,30,076903,Roby CISD,Fisher,A,9,84,93,313,https://txschools.net/district/roby-cisd-076903
915,1017,30,203901,San Augustine ISD,San Augustine,C,9,64,73,585,https://txschools.net/district/san-augustine-isd-203901
915,1017,30,242902,Shamrock ISD,Wheeler,C,9,75,84,350,https://txschools.net/district/shamrock-isd-242902
915,1017,30,247906,Stockdale ISD,Wilson,B,9,76,85,879,https://txschools.net/district/stockdale-isd-247906
915,1017,30,100908,West Hardin County CISD,Hardin,C,9,65,74,506,https://txschools.net/district/west-hardin-county-cisd-100908
915,1017,30,033904,White Deer ISD,Carson,B,9,77,86,302,https://txschools.net/district/white-deer-isd-033904
915,1017,30,040902,Whiteface CISD,Cochran,B,9,77,86,294,https://txschools.net/district/whiteface-cisd-040902
915,1017,30,253901,Zapata County ISD,Zapata,B,9,71,80,3199,https://txschools.net/district/zapata-county-isd-253901
946,1017,17,101902,Aldine ISD,Harris,C,10,62,72,52115,https://txschools.net/district/aldine-isd-101902
946,1017,17,200901,Ballinger ISD,Runnels,B,10,73,83,781,https://txschools.net/district/ballinger-isd-200901
946,1017,17,198901,Bremond ISD,Robertson,A,10,80,90,461,https://txschools.net/district/bremond-isd-198901
946,1017,17,174902,Cushing ISD,Nacogdoches,B,10,74,84,561,https://txschools.net/district/cushing-isd-174902
946,1017,17,084901,Dickinson ISD,Galveston,B,10,75,85,12569,https://txschools.net/district/dickinson-isd-084901
946,1017,17,074904,Dodd City ISD,Fannin,A,10,80,90,319,https://txschools.net/district/dodd-city-isd-074904
946,1017,17,174911,Douglass ISD,Nacogdoches,A,10,86,96,405,https://txschools.net/district/douglass-isd-174911
946,1017,17,048901,Eden CISD,Concho,B,10,76,86,217,https://txschools.net/district/eden-cisd-048901
946,1017,17,143906,Ezzell ISD,Lavaca,B,10,79,89,124,https://txschools.net/district/ezzell-isd-143906
946,1017,17,072909,Lingleville ISD,Erath,B,10,77,87,264,https://txschools.net/district/lingleville-isd-072909
946,1017,17,054903,Ralls ISD,Crosby,C,10,58,68,318,https://txschools.net/district/ralls-isd-054903
946,1017,17,067907,Ranger ISD,Eastland,D,10,57,67,262,https://txschools.net/district/ranger-isd-067907
946,1017,17,031913,Santa Maria ISD,Cameron,B,10,69,79,502,https://txschools.net/district/santa-maria-isd-031913
946,1017,17,246911,Taylor ISD,Williamson,B,10,67,77,2882,https://txschools.net/district/taylor-isd-246911
946,1017,17,244903,Vernon ISD,Wilbarger,C,10,65,75,1685,https://txschools.net/district/vernon-isd-244903
946,1017,17,049908,Walnut Bend ISD,Cooke,C,10,62,72,59,https://txschools.net/district/walnut-bend-isd-049908
946,1017,17,018905,Walnut Springs ISD,Bosque,C,10,64,74,152,https://txschools.net/district/walnut-springs-isd-018905
946,1017,17,202905,West Sabine ISD,Sabine,C,10,70,80,659,https://txschools.net/district/west-sabine-isd-202905
964,1017,11,217901,Aspermont ISD,Stonewall,A,11,85,96,210,https://txschools.net/district/aspermont-isd-217901
964,1017,11,116910,Campbell ISD,Hunt,D,11,60,71,298,https://txschools.net/district/campbell-isd-116910
964,1017,11,229906,Chester ISD,Tyler,B,11,79,90,186,https://txschools.net/district/chester-isd-229906
964,1017,11,204901,Coldspring-Oakhurst CISD,San Jacinto,C,11,63,74,1587,https://txschools.net/district/coldspring-oakhurst-cisd-204901
964,1017,11,084902,Galveston ISD,Galveston,B,11,65,76,6664,https://txschools.net/district/galveston-isd-084902
964,1017,11,244901,Harrold ISD,Wilbarger,B,11,78,89,159,https://txschools.net/district/harrold-isd-244901
964,1017,11,175910,Mildred ISD,Navarro,B,11,75,86,801,https://txschools.net/district/mildred-isd-175910
964,1017,11,062902,Nordheim ISD,Dewitt,B,11,77,88,111,https://txschools.net/district/nordheim-isd-062902
964,1017,11,067908,Rising Star ISD,Eastland,B,11,68,79,160,https://txschools.net/district/rising-star-isd-067908
964,1017,11,104903,Rule ISD,Haskell,B,11,70,81,143,https://txschools.net/district/rule-isd-104903
964,1017,11,075903,Schulenburg ISD,Fayette,C,11,69,80,644,https://txschools.net/district/schulenburg-isd-075903
964,1017,11,085903,Southland ISD,Garza,B,11,70,81,145,https://txschools.net/district/southland-isd-085903
976,1017,5,030903,Baird ISD,Callahan,B,12,71,83,345,https://txschools.net/district/baird-isd-030903
976,1017,5,121906,Evadale ISD,Jasper,A,12,78,90,450,https://txschools.net/district/evadale-isd-121906
976,1017,5,202903,Hemphill ISD,Sabine,A,12,78,90,728,https://txschools.net/district/hemphill-isd-202903
976,1017,5,131001,Kenedy County Wide CSD,Kenedy,B,12,77,89,123,https://txschools.net/district/kenedy-county-wide-csd-131001
976,1017,5,031914,Santa Rosa ISD,Cameron,B,12,70,82,811,https://txschools.net/district/santa-rosa-isd-031914
976,1017,5,049903,Valley View ISD,Cooke,B,12,65,77,875,https://txschools.net/district/valley-view-isd-049903
982,1017,10,125901,Alice ISD,Jim Wells,B,13,67,80,4198,https://txschools.net/district/alice-isd-125901
982,1017,10,020910,Damon ISD,Brazoria,B,13,72,85,87,https://txschools.net/district/damon-isd-020910
982,1017,10,115903,Dell City ISD,Hudspeth,B,13,65,78,75,https://txschools.net/district/dell-city-isd-115903
982,1017,10,015911,East Central ISD,Bexar,C,13,59,72,11798,https://txschools.net/district/east-central-isd-015911
982,1017,10,246902,Florence ISD,Williamson,B,13,68,81,1125,https://txschools.net/district/florence-isd-246902
982,1017,10,184911,Garner ISD,Parker,B,13,69,82,352,https://txschools.net/district/garner-isd-184911
982,1017,10,022902,Marathon ISD,Brewster,B,13,72,85,46,https://txschools.net/district/marathon-isd-022902
982,1017,10,197902,Miami ISD,Roberts,A,13,80,93,179,https://txschools.net/district/miami-isd-197902
982,1017,10,050904,Oglesby ISD,Coryell,B,13,76,89,257,https://txschools.net/district/oglesby-isd-050904
982,1017,10,167904,Priddy ISD,Mills,A,13,77,90,90,https://txschools.net/district/priddy-isd-167904
982,1017,10,226905,Water Valley ISD,Tom Green,A,13,78,91,305,https://txschools.net/district/water-valley-isd-226905
993,1017,4,072904,Bluff Dale ISD,Erath,B,14,73,87,226,https://txschools.net/district/bluff-dale-isd-072904
993,1017,4,018906,Iredell ISD,Bosque,A,14,77,91,137,https://txschools.net/district/iredell-isd-018906
993,1017,4,034906,McLeod ISD,Cass,A,14,78,92,420,https://txschools.net/district/mcleod-isd-034906
993,1017,4,221905,Trent ISD,Taylor,B,14,70,84,118,https://txschools.net/district/trent-isd-221905
993,1017,4,025906,Zephyr ISD,Brown,B,14,74,88,217,https://txschools.net/district/zephyr-isd-025906
998,1017,3,210906,Excelsior ISD,Shelby,C,15,56,71,112,https://txschools.net/district/excelsior-isd-210906
998,1017,3,138902,Knox City-O'Brien CISD,Knox,A,15,78,93,183,https://txschools.net/district/knox-city-o-brien-cisd-138902
998,1017,3,152504,Texas Tech University K-12,Lubbock,B,15,68,83,829,https://txschools.net/district/texas-tech-university-k-12-152504
998,1017,3,072901,Three Way ISD,Erath,C,15,60,75,224,https://txschools.net/district/three-way-isd-072901
1002,1017,1,069901,Rocksprings ISD,Edwards,B,16,72,88,201,https://txschools.net/district/rocksprings-isd-069901
1002,1017,1,180904,Wildorado ISD,Oldham,A,16,77,93,198,https://txschools.net/district/wildorado-isd-180904
1004,1017,3,014902,Bartlett ISD,Bell,C,17,63,80,399,https://txschools.net/district/bartlett-isd-014902
1004,1017,3,237902,Hempstead ISD,Waller,C,17,53,70,1563,https://txschools.net/district/hempstead-isd-237902
1004,1017,3,208901,Hermleigh ISD,Scurry,B,17,72,89,265,https://txschools.net/district/hermleigh-isd-208901
1004,1017,3,037908,New Summerfield ISD,Cherokee,B,17,70,87,512,https://txschools.net/district/new-summerfield-isd-037908
1008,1017,1,186902,Fort Stockton ISD,Pecos,C,18,57,75,11681,https://txschools.net/district/fort-stockton-isd-186902
1008,1017,1,019914,Leary ISD,Bowie,A,18,54,72,106,https://txschools.net/district/leary-isd-019914
1010,1017,0,090903,McLean ISD,Gray,B,19,69,88,177,https://txschools.net/district/mclean-isd-090903
1011,1017,1,070901,Avalon ISD,Ellis,B,20,66,86,316,https://txschools.net/district/avalon-isd-070901
1011,1017,1,109913,Blum ISD,Hill,A,20,70,90,335,https://txschools.net/district/blum-isd-109913
1013,1017,1,144903,Dime Box ISD,Lee,B,21,62,83,169,https://txschools.net/district/dime-box-isd-144903
1013,1017,1,050909,Jonesboro ISD,Coryell,C,21,64,85,317,https://txschools.net/district/jonesboro-isd-050909
1015,1017,0,177903,Blackwell CISD,Nolan,A,23,74,97,171,https://txschools.net/district/blackwell-cisd-177903
1016,1017,1,161925,Gholson ISD,McLennan,B,25,64,89,227,https://txschools.net/district/gholson-isd-161925
1016,1017,1,089905,Waelder ISD,Gonzales,B,25,58,83,588,https://txschools.net/district/waelder-isd-089905
