# txschools.net — unofficial. Not operated by, endorsed by, or affiliated with the Texas Education Agency.
# source: Texas Education Agency, published publicly at https://txschools.gov
# snapshot: 15 August 2026 — the date this site fetched the source data. The publisher may have revised it since.
# official accountability landing page: Texas Education Agency Reports and Data Portal at https://tea.texas.gov/school-and-district-leaders/accountability/academic-accountability/performance-reporting/texas-education-agency-reports-and-data-portal
# dataset: ranking board
# page: https://txschools.net/rankings/charters/texas-campuses/chronically-absent-lowest
# rows: 807 (excluding this header and the column row)
# ranking: Texas open-enrollment charter campuses with the lowest chronically absent in 2025-26
# sector: charter (open-enrollment charters only)
# population: 807 campuses of 965 campuses are ranked here.
# population: 136 were not rated by TEA for 2025-26 and are not ranked.
# population: 22 reported no figure for this measure and are not ranked.
# rank_of is how many rows were actually ranked (can be smaller than the population above); two rows on the same value share a rank ("tied"), and the next rank is skipped.
# empty cell = the source did not publish that figure, suppressed it, or did not report it. It does not mean zero.
# numbers are unformatted: no thousands separators, no currency symbols, no percent signs.
# rights: txschools.net does not grant permission to reuse third-party source material; consult the publisher's terms and policies, including TEA's at https://tea.texas.gov/about-tea/welcome-and-overview/site-policies.
# lines starting with # are comments — pandas: read_csv(path, comment='#')
rank,rank_of,tied,entity_id,name,district,rating,value,enrollment,url
1,807,9,101849041,Accelerated Int Charter School,Accelerated Intermediate Academy,A,0,24,https://txschools.net/campus/accelerated-int-charter-school-101849041
1,807,9,101846008,Harmony Virtual Academy,Harmony Public Schools - Houston South,B,0,555,https://txschools.net/campus/harmony-virtual-academy-101846008
1,807,9,221801022,Ischool Virtual Academy of Texas,Texas College Preparatory Academies,D,0,407,https://txschools.net/campus/ischool-virtual-academy-of-texas-221801022
1,807,9,183801003,Panola Early College HS,Panola Charter School,A,0,52,https://txschools.net/campus/panola-early-college-hs-183801003
1,807,9,072801145,Premier HS Online,Premier High Schools,C,0,3640,https://txschools.net/campus/premier-hs-online-072801145
1,807,9,221801079,Responsiveed - Online,Texas College Preparatory Academies,D,0,248,https://txschools.net/campus/responsiveed-online-221801079
1,807,9,015802004,Ruth Jones McClendon MS,George Gervin Academy,B,0,28,https://txschools.net/campus/ruth-jones-mcclendon-ms-015802004
1,807,9,174801101,Stephen F Austin State University Charter School,Stephen F Austin State University Charter School,A,0,254,https://txschools.net/campus/stephen-f-austin-state-university-charter-school-174801101
1,807,9,123803041,Tekoa Academy of Accelerated Studies,Tekoa Academy of Accelerated Studies STEM School,A,0,35,https://txschools.net/campus/tekoa-academy-of-accelerated-studies-123803041
1,807,9,057804013,Texans Can Academy - Garland,Texans Can Academies,B,0,125,https://txschools.net/campus/texans-can-academy-garland-057804013
11,807,0,165802101,Midland Academy Charter School,Midland Academy Charter School,B,1.1,431,https://txschools.net/campus/midland-academy-charter-school-165802101
12,807,0,101856101,Draw Academy,Draw Academy,C,1.9,695,https://txschools.net/campus/draw-academy-101856101
13,807,0,043801001,Imagine International Academy of North Texas,Imagine International Academy of North Texas,A,2.1,1438,https://txschools.net/campus/imagine-international-academy-of-north-texas-043801001
14,807,0,246801001,Meridian World School LLC,Meridian World School LLC,A,2.3,1757,https://txschools.net/campus/meridian-world-school-llc-246801001
15,807,0,101862001,Harmony Science Academy-Sugar Land,Harmony Public Schools - Houston West,A,2.4,757,https://txschools.net/campus/harmony-science-academy-sugar-land-101862001
16,807,0,221801063,Founders Classical Academy of Flower Mound,Texas College Preparatory Academies,A,2.8,948,https://txschools.net/campus/founders-classical-academy-of-flower-mound-221801063
17,807,0,178808041,Seashore MS Acad,Seashore Charter Schools,C,2.9,167,https://txschools.net/campus/seashore-ms-acad-178808041
18,807,0,101849101,Accelerated Interdisciplinary Acad,Accelerated Intermediate Academy,A,3,142,https://txschools.net/campus/accelerated-interdisciplinary-acad-101849101
19,807,3,220802102,Arlington Classics Academy -Intermediate,Arlington Classics Academy,B,3.4,528,https://txschools.net/campus/arlington-classics-academy-intermediate-220802102
19,807,3,101819002,Friends for Life MS,Amigos Por Vida-Friends for Life Pub Chtr Sch,A,3.4,243,https://txschools.net/campus/friends-for-life-ms-101819002
19,807,3,057835101,Golden Rule Sunnyside,Golden Rule Charter School,D,3.4,102,https://txschools.net/campus/golden-rule-sunnyside-057835101
19,807,3,061805001,Trivium Academy,Trivium Academy,A,3.4,422,https://txschools.net/campus/trivium-academy-061805001
23,807,0,057803101,Uplift North Hills Prep Ps,Uplift Education,A,3.6,641,https://txschools.net/campus/uplift-north-hills-prep-ps-057803101
24,807,0,227820212,KIPP Connect Houston Pri,KIPP Texas Public Schools,B,3.7,1081,https://txschools.net/campus/kipp-connect-houston-pri-227820212
25,807,1,015834007,Basis Cedar Park,Basis Texas,A,3.8,499,https://txschools.net/campus/basis-cedar-park-015834007
25,807,1,183801002,Texas Early College HS,Panola Charter School,A,3.8,93,https://txschools.net/campus/texas-early-college-hs-183801002
27,807,1,092801001,Dan Chadwick Campus,East Texas Charter Schools,A,3.9,125,https://txschools.net/campus/dan-chadwick-campus-092801001
27,807,1,015831009,Sst Sugar Land College Prep HS,School of Science and Technology Discovery,A,3.9,773,https://txschools.net/campus/sst-sugar-land-college-prep-hs-015831009
29,807,2,015835003,Great Hearts Northern Oaks,Great Hearts Texas,B,4.1,1473,https://txschools.net/campus/great-hearts-northern-oaks-015835003
29,807,2,178808101,Seashore Learning Center,Seashore Charter Schools,B,4.1,255,https://txschools.net/campus/seashore-learning-center-178808101
29,807,2,057808104,Universal Academy-Bartonville,Universal Academy,B,4.1,83,https://txschools.net/campus/universal-academy-bartonville-057808104
32,807,0,101838102,Southwest Public Schools Int'l Leadership Academy,Southwest Public Schools,C,4.3,484,https://txschools.net/campus/southwest-public-schools-int-l-leadership-academy-101838102
33,807,1,123805001,Ehrhart School,Ehrhart School,A,4.4,593,https://txschools.net/campus/ehrhart-school-123805001
33,807,1,057839101,La Academia De Estrellas,La Academia De Estrellas,C,4.4,721,https://txschools.net/campus/la-academia-de-estrellas-057839101
35,807,1,101819001,Amigos Por Vida-Friends for Life Charter School,Amigos Por Vida-Friends for Life Pub Chtr Sch,B,4.5,559,https://txschools.net/campus/amigos-por-vida-friends-for-life-charter-school-101819001
35,807,1,101837001,Calvin Nelms HS,Calvin Nelms Charter Schools,A,4.5,198,https://txschools.net/campus/calvin-nelms-hs-101837001
37,807,0,015815041,Heritage Academy of Del Rio,Heritage Academy,A,4.6,179,https://txschools.net/campus/heritage-academy-of-del-rio-015815041
38,807,0,108807114,IDEA Riverview Academy,IDEA Public Schools,B,4.7,718,https://txschools.net/campus/idea-riverview-academy-108807114
39,807,1,071801004,The Linguistic Acad of Elem Paso-Cultural Demo Site,Burnham Wood Charter School District,B,4.9,379,https://txschools.net/campus/the-linguistic-acad-of-elem-paso-cultural-demo-site-071801004
39,807,1,057803041,Uplift North Hills Prep MS,Uplift Education,A,4.9,499,https://txschools.net/campus/uplift-north-hills-prep-ms-057803041
41,807,2,015834005,Basis Pflugerville,Basis Texas,A,5,330,https://txschools.net/campus/basis-pflugerville-015834005
41,807,2,061804001,Leadership Prep School Teel Elem,Leadership Prep School,B,5,466,https://txschools.net/campus/leadership-prep-school-teel-elem-061804001
41,807,2,227829004,Valor Leander,Valor Education,B,5,756,https://txschools.net/campus/valor-leander-227829004
44,807,0,101846002,Harmony School of Innovation - Houston,Harmony Public Schools - Houston South,A,5.1,518,https://txschools.net/campus/harmony-school-of-innovation-houston-101846002
45,807,3,221801077,Founders Classical Academy of Prosper,Texas College Preparatory Academies,B,5.2,953,https://txschools.net/campus/founders-classical-academy-of-prosper-221801077
45,807,3,101828001,Houston Gateway Academy - Coral Campus,Houston Gateway Academy Inc,A,5.2,913,https://txschools.net/campus/houston-gateway-academy-coral-campus-101828001
45,807,3,123803001,Tekoa Academy of Accelerated Studies,Tekoa Academy of Accelerated Studies STEM School,A,5.2,38,https://txschools.net/campus/tekoa-academy-of-accelerated-studies-123803001
45,807,3,220810001,Westlake Academy,Westlake Academy Charter School,A,5.2,908,https://txschools.net/campus/westlake-academy-220810001
49,807,1,227820205,KIPP Shine Prep,KIPP Texas Public Schools,A,5.3,918,https://txschools.net/campus/kipp-shine-prep-227820205
49,807,1,057847001,Village Tech Schools,Village Tech Schools,B,5.3,1330,https://txschools.net/campus/village-tech-schools-057847001
51,807,2,015834107,Basis Cedar Park Pri,Basis Texas,A,5.6,834,https://txschools.net/campus/basis-cedar-park-pri-015834107
51,807,2,221801064,Founders Classical Academy - Corinth,Texas College Preparatory Academies,C,5.6,568,https://txschools.net/campus/founders-classical-academy-corinth-221801064
51,807,2,057839103,La Academia De Estrellas MS,La Academia De Estrellas,C,5.6,300,https://txschools.net/campus/la-academia-de-estrellas-ms-057839103
54,807,1,101870002,Beta Academy,Beta Academy,D,5.7,1041,https://txschools.net/campus/beta-academy-101870002
54,807,1,108807108,IDEA Pharr Academy,IDEA Public Schools,B,5.7,674,https://txschools.net/campus/idea-pharr-academy-108807108
56,807,0,123807101,Bob Hope School - Elem Campus,Bob Hope School,A,5.8,626,https://txschools.net/campus/bob-hope-school-elem-campus-123807101
57,807,1,101803041,Aristoi Classical Academy,Aristoi Classical Academy,C,5.9,446,https://txschools.net/campus/aristoi-classical-academy-101803041
57,807,1,212804102,UT Tyler University Academy at Longview,UT Tyler University Academy,A,5.9,496,https://txschools.net/campus/ut-tyler-university-academy-at-longview-212804102
59,807,0,101870001,Beta Academy,Beta Academy,A,6,633,https://txschools.net/campus/beta-academy-101870001
60,807,1,220802040,Arlington Classics Academy - MS,Arlington Classics Academy,B,6.1,531,https://txschools.net/campus/arlington-classics-academy-ms-220802040
60,807,1,071801001,Howard Burnham Elem,Burnham Wood Charter School District,B,6.1,334,https://txschools.net/campus/howard-burnham-elem-071801001
62,807,5,101810002,Academy of Accelerated Learning,Academy of Accelerated Learning Inc,B,6.2,711,https://txschools.net/campus/academy-of-accelerated-learning-101810002
62,807,5,015834105,Basis Pflugerville Pri,Basis Texas,A,6.2,995,https://txschools.net/campus/basis-pflugerville-pri-015834105
62,807,5,221801068,Founders Classical Academy - Frisco,Texas College Preparatory Academies,A,6.2,897,https://txschools.net/campus/founders-classical-academy-frisco-221801068
62,807,5,015815042,Heritage Academy of Del Rio MS,Heritage Academy,A,6.2,253,https://txschools.net/campus/heritage-academy-of-del-rio-ms-015815042
62,807,5,108802102,Horizon Montessori II - STEM Academy,Horizon Montessori Public Schools,B,6.2,314,https://txschools.net/campus/horizon-montessori-ii-stem-academy-108802102
62,807,5,227820050,KIPP Academy MS,KIPP Texas Public Schools,B,6.2,517,https://txschools.net/campus/kipp-academy-ms-227820050
68,807,0,101803002,Aristoi Classical Academy-Cypress,Aristoi Classical Academy,C,6.4,584,https://txschools.net/campus/aristoi-classical-academy-cypress-101803002
69,807,2,101862003,Harmony Science Academy-Katy,Harmony Public Schools - Houston West,A,6.5,1413,https://txschools.net/campus/harmony-science-academy-katy-101862003
69,807,2,108807104,IDEA Mission Academy,IDEA Public Schools,B,6.5,581,https://txschools.net/campus/idea-mission-academy-108807104
69,807,2,101814103,The Varnett School - East,The Varnett Public School,F,6.5,291,https://txschools.net/campus/the-varnett-school-east-101814103
72,807,1,015835004,Great Hearts Irving,Great Hearts Texas,C,6.6,926,https://txschools.net/campus/great-hearts-irving-015835004
72,807,1,101838104,Southwest Public Schools Visual & Perf Arts Acad,Southwest Public Schools,D,6.6,371,https://txschools.net/campus/southwest-public-schools-visual-perf-arts-acad-101838104
74,807,1,015834001,Basis San Antonio- Shavano Campus,Basis Texas,A,6.7,1111,https://txschools.net/campus/basis-san-antonio-shavano-campus-015834001
74,807,1,221801043,Founders Classical Academy - Lewisville,Texas College Preparatory Academies,A,6.7,902,https://txschools.net/campus/founders-classical-academy-lewisville-221801043
76,807,3,084804101,Ambassadors Preparatory Academy,Ambassadors Preparatory Academy,A,6.8,140,https://txschools.net/campus/ambassadors-preparatory-academy-084804101
76,807,3,068802001,Compass Academy Charter School,Compass Academy Charter School,C,6.8,1759,https://txschools.net/campus/compass-academy-charter-school-068802001
76,807,3,108807014,IDEA Riverview College Preparatory,IDEA Public Schools,A,6.8,814,https://txschools.net/campus/idea-riverview-college-preparatory-108807014
76,807,3,057808102,Universal Academy Coppell,Universal Academy,A,6.8,1299,https://txschools.net/campus/universal-academy-coppell-057808102
80,807,2,221801058,Founders Classical Academy of Leander,Texas College Preparatory Academies,A,6.9,698,https://txschools.net/campus/founders-classical-academy-of-leander-221801058
80,807,2,101858005,Harmony School of Discovery - Houston,Harmony Public Schools - Houston North,A,6.9,882,https://txschools.net/campus/harmony-school-of-discovery-houston-101858005
80,807,2,015831005,Sst Sugar Land,School of Science and Technology Discovery,A,6.9,471,https://txschools.net/campus/sst-sugar-land-015831005
83,807,3,220809101,Fort Worth Academy of Fine Arts Elem,Fort Worth Academy of Fine Arts,B,7,248,https://txschools.net/campus/fort-worth-academy-of-fine-arts-elem-220809101
83,807,3,014804006,Gateway College Preparatory School,Orenda Charter School,A,7,1678,https://txschools.net/campus/gateway-college-preparatory-school-014804006
83,807,3,015835001,Great Hearts Monte Vista,Great Hearts Texas,B,7,513,https://txschools.net/campus/great-hearts-monte-vista-015835001
83,807,3,101858007,Harmony School of Achievement - Houston,Harmony Public Schools - Houston North,A,7,686,https://txschools.net/campus/harmony-school-of-achievement-houston-101858007
87,807,1,101802041,Ser-Ninos Charter MS,Ser-Ninos Charter School,C,7.1,281,https://txschools.net/campus/ser-ninos-charter-ms-101802041
87,807,1,227829002,Valor North Austin,Valor Education,B,7.1,1199,https://txschools.net/campus/valor-north-austin-227829002
89,807,0,015835009,Great Hearts Live Oak,Great Hearts Texas,B,7.2,1224,https://txschools.net/campus/great-hearts-live-oak-015835009
90,807,1,108807119,IDEA Elsa Academy,IDEA Public Schools,B,7.3,702,https://txschools.net/campus/idea-elsa-academy-108807119
90,807,1,108807308,IDEA Yukon Academy,IDEA Public Schools,C,7.3,723,https://txschools.net/campus/idea-yukon-academy-108807308
92,807,1,221801014,Coppell Classical Academy,Texas College Preparatory Academies,C,7.4,491,https://txschools.net/campus/coppell-classical-academy-221801014
92,807,1,227820207,KIPP Sharp Prep,KIPP Texas Public Schools,B,7.4,1111,https://txschools.net/campus/kipp-sharp-prep-227820207
94,807,0,108807116,IDEA Rio Grande City Academy,IDEA Public Schools,B,7.5,701,https://txschools.net/campus/idea-rio-grande-city-academy-108807116
95,807,1,101815101,Alief Montessori Community School,Alief Montessori Community School,B,7.6,416,https://txschools.net/campus/alief-montessori-community-school-101815101
95,807,1,108807003,IDEA Frontier College Preparatory,IDEA Public Schools,A,7.6,793,https://txschools.net/campus/idea-frontier-college-preparatory-108807003
97,807,1,227820052,KIPP Sharpstown College Prep,KIPP Texas Public Schools,B,7.7,928,https://txschools.net/campus/kipp-sharpstown-college-prep-227820052
97,807,1,057850001,Pioneer Technology (PTAA) Mesquite,Pioneer Technology & Arts Academy,C,7.7,465,https://txschools.net/campus/pioneer-technology-ptaa-mesquite-057850001
99,807,1,015834101,Basis San Antonio Pri- Medical Center Campus,Basis Texas,A,7.8,778,https://txschools.net/campus/basis-san-antonio-pri-medical-center-campus-015834101
99,807,1,227820218,KIPP Journey Pri,KIPP Texas Public Schools,B,7.8,1020,https://txschools.net/campus/kipp-journey-pri-227820218
101,807,1,101837041,Calvin Nelms MS,Calvin Nelms Charter Schools,B,7.9,216,https://txschools.net/campus/calvin-nelms-ms-101837041
101,807,1,212804103,UT Tyler University Academy-Palestine,UT Tyler University Academy,A,7.9,281,https://txschools.net/campus/ut-tyler-university-academy-palestine-212804103
103,807,0,227804102,NYOS Lamar Elem,NYOS Charter School,B,8.1,921,https://txschools.net/campus/nyos-lamar-elem-227804102
104,807,2,161802101,Audre and Bernard Rapoport Academy,Rapoport Academy Public School,D,8.2,401,https://txschools.net/campus/audre-and-bernard-rapoport-academy-161802101
104,807,2,061802004,North Texas Collegiate Academy-North Campus,North Texas Collegiate Academy,C,8.2,247,https://txschools.net/campus/north-texas-collegiate-academy-north-campus-061802004
104,807,2,057803002,Uplift North Hills Prep HS,Uplift Education,A,8.2,540,https://txschools.net/campus/uplift-north-hills-prep-hs-057803002
107,807,2,015834004,Basis Austin,Basis Texas,A,8.3,252,https://txschools.net/campus/basis-austin-015834004
107,807,2,227814001,Chaparral Star Academy,Chaparral Star Academy,A,8.3,387,https://txschools.net/campus/chaparral-star-academy-227814001
107,807,2,227816006,Harmony Science Academy - Cedar Park,Harmony Public Schools - Central Texas,A,8.3,736,https://txschools.net/campus/harmony-science-academy-cedar-park-227816006
110,807,0,057807002,Life HS Waxahachie,Life School,A,8.4,1148,https://txschools.net/campus/life-hs-waxahachie-057807002
111,807,2,003801042,Dr Terry Robbins MS,Pineywoods Community Academy,B,8.5,256,https://txschools.net/campus/dr-terry-robbins-ms-003801042
111,807,2,101862006,Harmony School of Excellence - Sugar Land,Harmony Public Schools - Houston West,A,8.5,1511,https://txschools.net/campus/harmony-school-of-excellence-sugar-land-101862006
111,807,2,013801101,St Mary's Academy Charter School,St Mary's Academy Charter School,C,8.5,329,https://txschools.net/campus/st-mary-s-academy-charter-school-013801101
114,807,0,220817003,Newman International Academy of Arlington Gibbins,Newman International Academy of Arlington,A,8.6,362,https://txschools.net/campus/newman-international-academy-of-arlington-gibbins-220817003
115,807,2,015835007,Great Hearts Irving Upper,Great Hearts Texas,A,8.7,1021,https://txschools.net/campus/great-hearts-irving-upper-015835007
115,807,2,101858010,Harmony School of Excellence - Katy,Harmony Public Schools - Houston North,A,8.7,1373,https://txschools.net/campus/harmony-school-of-excellence-katy-101858010
115,807,2,108807184,IDEA Edgemere Academy,IDEA Public Schools,B,8.7,712,https://txschools.net/campus/idea-edgemere-academy-108807184
118,807,5,021803001,Brazos School for Inquiry and Creativity Bryan/Col,Brazos School for Inquiry & Creativity,C,8.9,154,https://txschools.net/campus/brazos-school-for-inquiry-and-creativity-bryan-col-021803001
118,807,5,015835008,Great Hearts Lakeside,Great Hearts Texas,B,8.9,1418,https://txschools.net/campus/great-hearts-lakeside-015835008
118,807,5,101862002,Harmony School of Innovation-Sugar Land,Harmony Public Schools - Houston West,A,8.9,939,https://txschools.net/campus/harmony-school-of-innovation-sugar-land-101862002
118,807,5,101858009,Harmony Science Academy - Cypress,Harmony Public Schools - Houston North,B,8.9,676,https://txschools.net/campus/harmony-science-academy-cypress-101858009
118,807,5,108807202,IDEA Edgecliff College Preparatory,IDEA Public Schools,C,8.9,738,https://txschools.net/campus/idea-edgecliff-college-preparatory-108807202
118,807,5,043802101,Imagine Lone Star International Academy,Imagine Lone Star International Academy,A,8.9,269,https://txschools.net/campus/imagine-lone-star-international-academy-043802101
124,807,3,057835103,Golden Rule Southwest,Golden Rule Charter School,F,9,187,https://txschools.net/campus/golden-rule-southwest-057835103
124,807,3,108807103,IDEA Frontier Academy,IDEA Public Schools,C,9,706,https://txschools.net/campus/idea-frontier-academy-108807103
124,807,3,101838041,Southwest Public Schools Lead &global Studies Acad,Southwest Public Schools,B,9,295,https://txschools.net/campus/southwest-public-schools-lead-global-studies-acad-101838041
124,807,3,057803043,Uplift Infinity Prep MS,Uplift Education,B,9,354,https://txschools.net/campus/uplift-infinity-prep-ms-057803043
128,807,3,015834006,Basis San Antonio - Jack Lewis Jr Campus,Basis Texas,A,9.1,238,https://txschools.net/campus/basis-san-antonio-jack-lewis-jr-campus-015834006
128,807,3,108807300,IDEA Round Rock Tech Academy,IDEA Public Schools,B,9.1,689,https://txschools.net/campus/idea-round-rock-tech-academy-108807300
128,807,3,108807208,IDEA Yukon College Preparatory,IDEA Public Schools,C,9.1,604,https://txschools.net/campus/idea-yukon-college-preparatory-108807208
128,807,3,057836101,St Anthony Academy,St Anthony School,B,9.1,207,https://txschools.net/campus/st-anthony-academy-057836101
132,807,1,101828002,Houston Gateway Academy Inc Elite College Prep,Houston Gateway Academy Inc,B,9.2,625,https://txschools.net/campus/houston-gateway-academy-inc-elite-college-prep-101828002
132,807,1,108807136,IDEA Rundberg Academy,IDEA Public Schools,D,9.2,648,https://txschools.net/campus/idea-rundberg-academy-108807136
134,807,2,221801066,Founders Classical Academy of Schertz,Texas College Preparatory Academies,C,9.3,791,https://txschools.net/campus/founders-classical-academy-of-schertz-221801066
134,807,2,057835102,Golden Rule Desoto,Golden Rule Charter School,D,9.3,408,https://txschools.net/campus/golden-rule-desoto-057835102
134,807,2,015835012,Great Hearts Invictus,Great Hearts Texas,B,9.3,1034,https://txschools.net/campus/great-hearts-invictus-015835012
137,807,2,108807092,IDEA Burke College Preparatory,IDEA Public Schools,B,9.4,747,https://txschools.net/campus/idea-burke-college-preparatory-108807092
137,807,2,061804002,Leadership Prep School Secondary,Leadership Prep School,B,9.4,826,https://txschools.net/campus/leadership-prep-school-secondary-061804002
137,807,2,101855101,Meyerpark Elem,Meyerpark Charter,C,9.4,259,https://txschools.net/campus/meyerpark-elem-101855101
140,807,5,221801027,Founders Classical Academy - East Lewisville,Texas College Preparatory Academies,C,9.5,198,https://txschools.net/campus/founders-classical-academy-east-lewisville-221801027
140,807,5,108807084,IDEA Edgemere College Preparatory,IDEA Public Schools,A,9.5,598,https://txschools.net/campus/idea-edgemere-college-preparatory-108807084
140,807,5,227820059,KIPP Academy West,KIPP Texas Public Schools,A,9.5,415,https://txschools.net/campus/kipp-academy-west-227820059
140,807,5,161802102,Quinn Campus Public MS,Rapoport Academy Public School,D,9.5,268,https://txschools.net/campus/quinn-campus-public-ms-161802102
140,807,5,101806042,Ryss MS at Broadway,Raul Yzaguirre Schools for Success,C,9.5,287,https://txschools.net/campus/ryss-ms-at-broadway-101806042
140,807,5,057845001,UME Preparatory Academy,UME Preparatory Academy,B,9.5,548,https://txschools.net/campus/ume-preparatory-academy-057845001
146,807,2,221801075,Founders Classical Academy-Bastrop,Texas College Preparatory Academies,D,9.6,285,https://txschools.net/campus/founders-classical-academy-bastrop-221801075
146,807,2,227820051,KIPP 3D Academy,KIPP Texas Public Schools,B,9.6,520,https://txschools.net/campus/kipp-3d-academy-227820051
146,807,2,227820101,KIPP Austin Comunidad,KIPP Texas Public Schools,B,9.6,552,https://txschools.net/campus/kipp-austin-comunidad-227820101
149,807,4,221801023,Founders Classical Academy- Carrollton,Texas College Preparatory Academies,B,9.7,580,https://txschools.net/campus/founders-classical-academy-carrollton-221801023
149,807,4,108807101,IDEA Donna Academy,IDEA Public Schools,D,9.7,729,https://txschools.net/campus/idea-donna-academy-108807101
149,807,4,057848034,ILTexas Aggieland HS,International Leadership of Texas (ILTexas),A,9.7,233,https://txschools.net/campus/iltexas-aggieland-hs-057848034
149,807,4,057848030,ILTexas College Station Elem,International Leadership of Texas (ILTexas),C,9.7,798,https://txschools.net/campus/iltexas-college-station-elem-057848030
149,807,4,227820219,KIPP Mosaic Pri,KIPP Texas Public Schools,F,9.7,1038,https://txschools.net/campus/kipp-mosaic-pri-227820219
154,807,2,161807012,Harmony School of Innovation- Euless,Harmony Public Schools - North Texas,A,9.8,716,https://txschools.net/campus/harmony-school-of-innovation-euless-161807012
154,807,2,061802003,North Texas Collegiate Academy-South Campus,North Texas Collegiate Academy,F,9.8,252,https://txschools.net/campus/north-texas-collegiate-academy-south-campus-061802003
154,807,2,015827006,Sst Champions,School of Science and Technology,A,9.8,1689,https://txschools.net/campus/sst-champions-015827006
157,807,3,108807199,IDEA Converse Academy,IDEA Public Schools,D,9.9,682,https://txschools.net/campus/idea-converse-academy-108807199
157,807,3,057848002,ILTexas Garland MS,International Leadership of Texas (ILTexas),A,9.9,469,https://txschools.net/campus/iltexas-garland-ms-057848002
157,807,3,227820215,KIPP Unity Pri,KIPP Texas Public Schools,C,9.9,988,https://txschools.net/campus/kipp-unity-pri-227820215
157,807,3,003801103,Sarah Strinden Elem,Pineywoods Community Academy,C,9.9,508,https://txschools.net/campus/sarah-strinden-elem-003801103
161,807,1,057848007,ILTexas Keller Elem,International Leadership of Texas (ILTexas),B,10,928,https://txschools.net/campus/iltexas-keller-elem-057848007
161,807,1,227803102,Wayside Real Learning Academy,Wayside Schools,C,10,711,https://txschools.net/campus/wayside-real-learning-academy-227803102
163,807,3,057829001,A' Academy Elem,A' Academy,F,10.1,874,https://txschools.net/campus/a-academy-elem-057829001
163,807,3,108807111,IDEA McAllen Academy,IDEA Public Schools,C,10.1,739,https://txschools.net/campus/idea-mcallen-academy-108807111
163,807,3,108807117,IDEA Tres Lagos Academy,IDEA Public Schools,B,10.1,605,https://txschools.net/campus/idea-tres-lagos-academy-108807117
163,807,3,070801002,Oak Cliff Faith Family Academy,Faith Family Academy,C,10.1,2606,https://txschools.net/campus/oak-cliff-faith-family-academy-070801002
167,807,1,123807001,Bob Hope School,Bob Hope School,A,10.2,446,https://txschools.net/campus/bob-hope-school-123807001
167,807,1,101846102,Harmony School of Exploration- Houston,Harmony Public Schools - Houston South,B,10.2,787,https://txschools.net/campus/harmony-school-of-exploration-houston-101846102
169,807,2,178807101,Corpus Christi Montessori School,Corpus Christi Montessori School,F,10.3,132,https://txschools.net/campus/corpus-christi-montessori-school-178807101
169,807,2,108807089,IDEA Los Encinos College Preparatory,IDEA Public Schools,B,10.3,891,https://txschools.net/campus/idea-los-encinos-college-preparatory-108807089
169,807,2,101806002,Ryss Early College at Brownsville,Raul Yzaguirre Schools for Success,A,10.3,46,https://txschools.net/campus/ryss-early-college-at-brownsville-101806002
172,807,1,015834003,Basis San Antonio - Northeast Campus,Basis Texas,B,10.4,196,https://txschools.net/campus/basis-san-antonio-northeast-campus-015834003
172,807,1,108807007,IDEA Alamo College Preparatory,IDEA Public Schools,B,10.4,750,https://txschools.net/campus/idea-alamo-college-preparatory-108807007
174,807,0,015834104,Basis Benbrook,Basis Texas,B,10.5,616,https://txschools.net/campus/basis-benbrook-015834104
175,807,5,101803001,Aristoi Classical Upper School,Aristoi Classical Academy,B,10.6,683,https://txschools.net/campus/aristoi-classical-upper-school-101803001
175,807,5,108807307,IDEA Lake Houston Academy,IDEA Public Schools,B,10.6,718,https://txschools.net/campus/idea-lake-houston-academy-108807307
175,807,5,221801076,Ischool High - Atascocita,Texas College Preparatory Academies,A,10.6,158,https://txschools.net/campus/ischool-high-atascocita-221801076
175,807,5,220817001,Newman International Academy of Arlington,Newman International Academy of Arlington,C,10.6,709,https://txschools.net/campus/newman-international-academy-of-arlington-220817001
175,807,5,015831008,Sst Hill Country College Prep HS,School of Science and Technology Discovery,A,10.6,421,https://txschools.net/campus/sst-hill-country-college-prep-hs-015831008
175,807,5,057845003,UME Mansfield Elem,UME Preparatory Academy,A,10.6,213,https://txschools.net/campus/ume-mansfield-elem-057845003
181,807,2,227820041,KIPP Austin College Prep,KIPP Texas Public Schools,B,10.7,431,https://txschools.net/campus/kipp-austin-college-prep-227820041
181,807,2,227826101,Magnolia Montessori for All,Montessori for All,D,10.7,556,https://txschools.net/campus/magnolia-montessori-for-all-227826101
181,807,2,221801082,Plainview Classical Academy,Texas College Preparatory Academies,B,10.7,343,https://txschools.net/campus/plainview-classical-academy-221801082
184,807,5,057848001,ILTexas Garland Elem,International Leadership of Texas (ILTexas),C,10.8,950,https://txschools.net/campus/iltexas-garland-elem-057848001
184,807,5,057848037,ILTexas Mansfield Heritage Elem,International Leadership of Texas (ILTexas),C,10.8,623,https://txschools.net/campus/iltexas-mansfield-heritage-elem-057848037
184,807,5,015827007,Sst Schertz,School of Science and Technology,B,10.8,931,https://txschools.net/campus/sst-schertz-015827007
184,807,5,057836041,St Anthony School,St Anthony School,B,10.8,114,https://txschools.net/campus/st-anthony-school-057836041
184,807,5,101814102,The Varnett School - Northeast,The Varnett Public School,C,10.8,314,https://txschools.net/campus/the-varnett-school-northeast-101814102
184,807,5,057845002,UME Preparatory Academy - Duncanville,UME Preparatory Academy,B,10.8,247,https://txschools.net/campus/ume-preparatory-academy-duncanville-057845002
190,807,6,101847101,Beatrice Mayes Institute Charter School,Beatrice Mayes Institute Charter School,C,10.9,628,https://txschools.net/campus/beatrice-mayes-institute-charter-school-101847101
190,807,6,071810001,El Paso Leadership Academy,El Paso Leadership Academy,F,10.9,188,https://txschools.net/campus/el-paso-leadership-academy-071810001
190,807,6,015836001,Eleanor Kolitz Hebrew Language Academy,Eleanor Kolitz Hebrew Language Academy,B,10.9,464,https://txschools.net/campus/eleanor-kolitz-hebrew-language-academy-015836001
190,807,6,101862005,Harmony School of Innovation - Katy,Harmony Public Schools - Houston West,A,10.9,927,https://txschools.net/campus/harmony-school-of-innovation-katy-101862005
190,807,6,108807192,IDEA Burke Academy,IDEA Public Schools,C,10.9,680,https://txschools.net/campus/idea-burke-academy-108807192
190,807,6,108807005,IDEA San Benito College Preparatory,IDEA Public Schools,A,10.9,800,https://txschools.net/campus/idea-san-benito-college-preparatory-108807005
190,807,6,212804001,UT Tyler University Academy at Tyler,UT Tyler University Academy,A,10.9,447,https://txschools.net/campus/ut-tyler-university-academy-at-tyler-212804001
197,807,5,221801020,Founders Classical Academy-Corinth-Upper School,Texas College Preparatory Academies,B,11,526,https://txschools.net/campus/founders-classical-academy-corinth-upper-school-221801020
197,807,5,108807112,IDEA Brownsville Academy,IDEA Public Schools,C,11,636,https://txschools.net/campus/idea-brownsville-academy-108807112
197,807,5,108807125,IDEA Judson Academy,IDEA Public Schools,B,11,643,https://txschools.net/campus/idea-judson-academy-108807125
197,807,5,108807200,IDEA Round Rock Tech College Preparatory,IDEA Public Schools,A,11,534,https://txschools.net/campus/idea-round-rock-tech-college-preparatory-108807200
197,807,5,221801062,Ignite Community School - Mainland,Texas College Preparatory Academies,F,11,405,https://txschools.net/campus/ignite-community-school-mainland-221801062
197,807,5,227820054,KIPP Intrepid Preparatory,KIPP Texas Public Schools,C,11,512,https://txschools.net/campus/kipp-intrepid-preparatory-227820054
203,807,4,220811101,East Fort Worth Montessori Academy,East Fort Worth Montessori Academy,D,11.1,106,https://txschools.net/campus/east-fort-worth-montessori-academy-220811101
203,807,4,101828101,Houston Gateway Academy,Houston Gateway Academy Inc,C,11.1,568,https://txschools.net/campus/houston-gateway-academy-101828101
203,807,4,108807189,IDEA Los Encinos Academy,IDEA Public Schools,B,11.1,718,https://txschools.net/campus/idea-los-encinos-academy-108807189
203,807,4,108807004,IDEA Mission College Preparatory,IDEA Public Schools,A,11.1,806,https://txschools.net/campus/idea-mission-college-preparatory-108807004
203,807,4,108807008,IDEA Pharr College Preparatory,IDEA Public Schools,A,11.1,864,https://txschools.net/campus/idea-pharr-college-preparatory-108807008
208,807,1,227804101,NYOS Lamar Secondary,NYOS Charter School,A,11.2,887,https://txschools.net/campus/nyos-lamar-secondary-227804101
208,807,1,101802101,Ser-Ninos Charter Elem,Ser-Ninos Charter School,D,11.2,469,https://txschools.net/campus/ser-ninos-charter-elem-101802101
210,807,0,108807001,IDEA Donna College Preparatory,IDEA Public Schools,B,11.3,828,https://txschools.net/campus/idea-donna-college-preparatory-108807001
211,807,2,108807009,IDEA Edinburg College Preparatory,IDEA Public Schools,A,11.4,804,https://txschools.net/campus/idea-edinburg-college-preparatory-108807009
211,807,2,108807094,IDEA Spears College Preparatory,IDEA Public Schools,C,11.4,702,https://txschools.net/campus/idea-spears-college-preparatory-108807094
211,807,2,152802101,Rise Academy,Rise Academy,A,11.4,287,https://txschools.net/campus/rise-academy-152802101
214,807,1,101802001,Ser-Ninos Charter High,Ser-Ninos Charter School,B,11.5,233,https://txschools.net/campus/ser-ninos-charter-high-101802001
214,807,1,015827003,Sst the Woodlands,School of Science and Technology,A,11.5,556,https://txschools.net/campus/sst-the-woodlands-015827003
216,807,2,108807207,IDEA Lake Houston College Preparatory,IDEA Public Schools,C,11.6,623,https://txschools.net/campus/idea-lake-houston-college-preparatory-108807207
216,807,2,101806102,Ryss Pri at Broadway,Raul Yzaguirre Schools for Success,C,11.6,509,https://txschools.net/campus/ryss-pri-at-broadway-101806102
216,807,2,057813104,Trinity Basin Preparatory - Fort Worth,Trinity Basin Preparatory,C,11.6,2003,https://txschools.net/campus/trinity-basin-preparatory-fort-worth-057813104
219,807,2,108807302,IDEA Edgecliff Academy,IDEA Public Schools,D,11.7,730,https://txschools.net/campus/idea-edgecliff-academy-108807302
219,807,2,108807301,IDEA Horizon Vista Academy,IDEA Public Schools,C,11.7,703,https://txschools.net/campus/idea-horizon-vista-academy-108807301
219,807,2,015827001,Sst SA College Prep HS,School of Science and Technology,A,11.7,602,https://txschools.net/campus/sst-sa-college-prep-hs-015827001
222,807,1,221801060,Denton Classical Academy,Texas College Preparatory Academies,C,11.8,211,https://txschools.net/campus/denton-classical-academy-221801060
222,807,1,221801061,Ignite Community School - Mesquite,Texas College Preparatory Academies,C,11.8,385,https://txschools.net/campus/ignite-community-school-mesquite-221801061
224,807,2,161807009,Harmony Science Academy - Euless,Harmony Public Schools - North Texas,A,11.9,684,https://txschools.net/campus/harmony-science-academy-euless-161807009
224,807,2,015827002,Sst Alamo,School of Science and Technology,C,11.9,810,https://txschools.net/campus/sst-alamo-015827002
224,807,2,212801102,The Leadership Academy,Cumberland Academy,B,11.9,308,https://txschools.net/campus/the-leadership-academy-212801102
227,807,1,227820061,KIPP Nexus MS,KIPP Texas Public Schools,B,12,447,https://txschools.net/campus/kipp-nexus-ms-227820061
227,807,1,101802102,Ser-Ninos Charter El II,Ser-Ninos Charter School,C,12,223,https://txschools.net/campus/ser-ninos-charter-el-ii-101802102
229,807,2,057835001,Golden Rule Charter School,Golden Rule Charter School,D,12.1,498,https://txschools.net/campus/golden-rule-charter-school-057835001
229,807,2,101806043,Ryss MS at East Aldine,Raul Yzaguirre Schools for Success,A,12.1,137,https://txschools.net/campus/ryss-ms-at-east-aldine-101806043
229,807,2,227829001,Valor South Austin,Valor Education,B,12.1,1371,https://txschools.net/campus/valor-south-austin-227829001
232,807,3,015834106,Basis San Antonio Pri - Jack Lewis Jr Campus,Basis Texas,B,12.2,717,https://txschools.net/campus/basis-san-antonio-pri-jack-lewis-jr-campus-015834106
232,807,3,227817001,Cedars Academy Next Generation HS at Highland,Cedars International Academy,A,12.2,106,https://txschools.net/campus/cedars-academy-next-generation-hs-at-highland-227817001
232,807,3,221801071,El Paso Classical Academy,Texas College Preparatory Academies,A,12.2,291,https://txschools.net/campus/el-paso-classical-academy-221801071
232,807,3,015835006,Great Hearts Forest Heights,Great Hearts Texas,B,12.2,1414,https://txschools.net/campus/great-hearts-forest-heights-015835006
236,807,2,057848023,ILTexas Saginaw Elem,International Leadership of Texas (ILTexas),C,12.3,902,https://txschools.net/campus/iltexas-saginaw-elem-057848023
236,807,2,227820211,KIPP Legacy Preparatory,KIPP Texas Public Schools,B,12.3,797,https://txschools.net/campus/kipp-legacy-preparatory-227820211
236,807,2,057845004,UME Dallas Secondary,UME Preparatory Academy,A,12.3,758,https://txschools.net/campus/ume-dallas-secondary-057845004
239,807,3,101872002,Etoile Academy Charter School-Bissonnet,Etoile Academy Charter School,C,12.4,378,https://txschools.net/campus/etoile-academy-charter-school-bissonnet-101872002
239,807,3,108807107,IDEA Alamo Academy,IDEA Public Schools,C,12.4,668,https://txschools.net/campus/idea-alamo-academy-108807107
239,807,3,220817005,Newman International Academy of Mansfield,Newman International Academy of Arlington,B,12.4,210,https://txschools.net/campus/newman-international-academy-of-mansfield-220817005
239,807,3,057803047,Uplift Summit Prep MS,Uplift Education,C,12.4,484,https://txschools.net/campus/uplift-summit-prep-ms-057803047
243,807,5,105804101,Doral Academy of Texas,Doral Academy of Texas,B,12.5,450,https://txschools.net/campus/doral-academy-of-texas-105804101
243,807,5,101858001,Harmony School of Excellence-Houston,Harmony Public Schools - Houston North,B,12.5,1152,https://txschools.net/campus/harmony-school-of-excellence-houston-101858001
243,807,5,108807018,IDEA Toros College Preparatory,IDEA Public Schools,A,12.5,199,https://txschools.net/campus/idea-toros-college-preparatory-108807018
243,807,5,227820105,KIPP Paseo Pri,KIPP Texas Public Schools,D,12.5,567,https://txschools.net/campus/kipp-paseo-pri-227820105
243,807,5,057803102,Uplift Infinity Prep Ps,Uplift Education,B,12.5,510,https://txschools.net/campus/uplift-infinity-prep-ps-057803102
243,807,5,057803009,Uplift Summit Prep HS,Uplift Education,A,12.5,424,https://txschools.net/campus/uplift-summit-prep-hs-057803009
249,807,1,101846006,Harmony School of Fine Arts and Technology-Houston,Harmony Public Schools - Houston South,B,12.6,758,https://txschools.net/campus/harmony-school-of-fine-arts-and-technology-houston-101846006
249,807,1,108802104,Horizon Montessori Pearland - STEM Academy,Horizon Montessori Public Schools,B,12.6,165,https://txschools.net/campus/horizon-montessori-pearland-stem-academy-108802104
251,807,4,108807139,IDEA Kyle Academy,IDEA Public Schools,C,12.7,600,https://txschools.net/campus/idea-kyle-academy-108807139
251,807,4,108807122,IDEA Monterrey Park Academy,IDEA Public Schools,F,12.7,554,https://txschools.net/campus/idea-monterrey-park-academy-108807122
251,807,4,108807036,IDEA Rundberg College Preparatory,IDEA Public Schools,A,12.7,792,https://txschools.net/campus/idea-rundberg-college-preparatory-108807036
251,807,4,227820206,KIPP Dream Prep,KIPP Texas Public Schools,B,12.7,932,https://txschools.net/campus/kipp-dream-prep-227820206
251,807,4,227820063,KIPP Mosaic Academy School,KIPP Texas Public Schools,B,12.7,956,https://txschools.net/campus/kipp-mosaic-academy-school-227820063
256,807,5,015834002,Basis San Antonio- Pri North Central Campus,Basis Texas,A,12.8,688,https://txschools.net/campus/basis-san-antonio-pri-north-central-campus-015834002
256,807,5,101862004,Harmony Science Academy- Beaumont,Harmony Public Schools - Houston West,A,12.8,1361,https://txschools.net/campus/harmony-science-academy-beaumont-101862004
256,807,5,108807121,IDEA South Flores Academy,IDEA Public Schools,D,12.8,630,https://txschools.net/campus/idea-south-flores-academy-108807121
256,807,5,108807013,IDEA Weslaco Pike College Preparatory,IDEA Public Schools,A,12.8,735,https://txschools.net/campus/idea-weslaco-pike-college-preparatory-108807013
256,807,5,221801069,Ignite Community School - Westchase,Texas College Preparatory Academies,D,12.8,1178,https://txschools.net/campus/ignite-community-school-westchase-221801069
256,807,5,057848031,ILTexas College Station MS,International Leadership of Texas (ILTexas),B,12.8,369,https://txschools.net/campus/iltexas-college-station-ms-057848031
262,807,2,221801065,Ignite Community School - Fallbrook,Texas College Preparatory Academies,F,12.9,152,https://txschools.net/campus/ignite-community-school-fallbrook-221801065
262,807,2,227820058,KIPP Spirit College Prep,KIPP Texas Public Schools,B,12.9,531,https://txschools.net/campus/kipp-spirit-college-prep-227820058
262,807,2,015831004,Sst Northwest,School of Science and Technology Discovery,B,12.9,637,https://txschools.net/campus/sst-northwest-015831004
265,807,2,015835010,Great Hearts Arlington,Great Hearts Texas,C,13,1104,https://txschools.net/campus/great-hearts-arlington-015835010
265,807,2,108807201,IDEA Horizon Vista College Preparatory,IDEA Public Schools,C,13,452,https://txschools.net/campus/idea-horizon-vista-college-preparatory-108807201
265,807,2,220801001,Treetops School International,Treetops School International,C,13,186,https://txschools.net/campus/treetops-school-international-220801001
268,807,2,057848024,ILTexas Saginaw MS,International Leadership of Texas (ILTexas),B,13.1,379,https://txschools.net/campus/iltexas-saginaw-ms-057848024
268,807,2,221801034,Lewisville School of Science and Technology,Texas College Preparatory Academies,B,13.1,87,https://txschools.net/campus/lewisville-school-of-science-and-technology-221801034
268,807,2,057803103,Uplift Gradus Prep Ps,Uplift Education,C,13.1,670,https://txschools.net/campus/uplift-gradus-prep-ps-057803103
271,807,2,161807011,Harmony School of Innovation - Fort Worth,Harmony Public Schools - North Texas,A,13.2,999,https://txschools.net/campus/harmony-school-of-innovation-fort-worth-161807011
271,807,2,221801057,Ignite Community School - Humble,Texas College Preparatory Academies,B,13.2,322,https://txschools.net/campus/ignite-community-school-humble-221801057
271,807,2,015827005,Sst Spring,School of Science and Technology,B,13.2,778,https://txschools.net/campus/sst-spring-015827005
274,807,4,108807012,IDEA Brownsville College Preparatory,IDEA Public Schools,A,13.4,761,https://txschools.net/campus/idea-brownsville-college-preparatory-108807012
274,807,4,108807102,IDEA Quest Academy,IDEA Public Schools,B,13.4,557,https://txschools.net/campus/idea-quest-academy-108807102
274,807,4,227820045,KIPP Paseo Preparatory School,KIPP Texas Public Schools,C,13.4,480,https://txschools.net/campus/kipp-paseo-preparatory-school-227820045
274,807,4,240801002,Triumph Public High Schools-Laredo South,Triumph Public High Schools Central Texas,A,13.4,147,https://txschools.net/campus/triumph-public-high-schools-laredo-south-240801002
274,807,4,108808105,Vanguard Beethoven,Vanguard Academy,A,13.4,1811,https://txschools.net/campus/vanguard-beethoven-108808105
279,807,1,221801046,Founders Classical Academy-Tyler,Texas College Preparatory Academies,C,13.5,437,https://txschools.net/campus/founders-classical-academy-tyler-221801046
279,807,1,101859102,Step Charter II,Step Charter School,C,13.5,340,https://txschools.net/campus/step-charter-ii-101859102
281,807,2,161807001,Harmony Science Acad (Waco),Harmony Public Schools - North Texas,D,13.6,592,https://txschools.net/campus/harmony-science-acad-waco-161807001
281,807,2,108807115,IDEA North Mission Academy,IDEA Public Schools,B,13.6,682,https://txschools.net/campus/idea-north-mission-academy-108807115
281,807,2,015822008,Jubilee Harlingen,Jubilee Academies,B,13.6,362,https://txschools.net/campus/jubilee-harlingen-015822008
284,807,4,108802101,Horizon Montessori - STEM Academy,Horizon Montessori Public Schools,C,13.7,309,https://txschools.net/campus/horizon-montessori-stem-academy-108802101
284,807,4,057830001,Inspired Vision Academy Elem,Inspired Vision Academy,F,13.7,547,https://txschools.net/campus/inspired-vision-academy-elem-057830001
284,807,4,227820055,KIPP Voyage Academy for Girls,KIPP Texas Public Schools,B,13.7,333,https://txschools.net/campus/kipp-voyage-academy-for-girls-227820055
284,807,4,015831002,Sst Corpus Christi,School of Science and Technology Discovery,A,13.7,2304,https://txschools.net/campus/sst-corpus-christi-015831002
284,807,4,057813101,Trinity Basin Preparatory - Dallas,Trinity Basin Preparatory,C,13.7,1654,https://txschools.net/campus/trinity-basin-preparatory-dallas-057813101
289,807,6,071806001,Harmony Science Acad (El Paso),Harmony Public Schools - West Texas,A,13.8,1036,https://txschools.net/campus/harmony-science-acad-el-paso-071806001
289,807,6,108807113,IDEA Weslaco Pike Academy,IDEA Public Schools,C,13.8,696,https://txschools.net/campus/idea-weslaco-pike-academy-108807113
289,807,6,227820013,KIPP Houston HS,KIPP Texas Public Schools,A,13.8,590,https://txschools.net/campus/kipp-houston-hs-227820013
289,807,6,057850004,Pioneer Technology (PTAA) Mesquite Elem,Pioneer Technology & Arts Academy,D,13.8,175,https://txschools.net/campus/pioneer-technology-ptaa-mesquite-elem-057850004
289,807,6,015827004,Sst Willow Creek,School of Science and Technology,A,13.8,287,https://txschools.net/campus/sst-willow-creek-015827004
289,807,6,057808101,Universal Academy,Universal Academy,B,13.8,669,https://txschools.net/campus/universal-academy-057808101
289,807,6,108808107,Vanguard Monet,Vanguard Academy,A,13.8,223,https://txschools.net/campus/vanguard-monet-108808107
296,807,1,227820209,KIPP Explore Academy,KIPP Texas Public Schools,C,13.9,718,https://txschools.net/campus/kipp-explore-academy-227820209
296,807,1,015830103,Somerset Academy Oaks,Somerset Academies of Texas,C,13.9,275,https://txschools.net/campus/somerset-academy-oaks-015830103
298,807,2,015835005,Great Hearts Western Hills,Great Hearts Texas,B,14,1378,https://txschools.net/campus/great-hearts-western-hills-015835005
298,807,2,101858008,Harmony School of Enrichment - Houston,Harmony Public Schools - Houston North,C,14,663,https://txschools.net/campus/harmony-school-of-enrichment-houston-101858008
298,807,2,227816003,Harmony School of Science - Austin,Harmony Public Schools - Central Texas,C,14,497,https://txschools.net/campus/harmony-school-of-science-austin-227816003
301,807,1,015835002,Great Hearts Monte Vista North,Great Hearts Texas,B,14.1,495,https://txschools.net/campus/great-hearts-monte-vista-north-015835002
301,807,1,227820216,KIPP Climb Academy,KIPP Texas Public Schools,B,14.1,633,https://txschools.net/campus/kipp-climb-academy-227820216
303,807,1,108807123,IDEA Walzem Academy,IDEA Public Schools,F,14.2,604,https://txschools.net/campus/idea-walzem-academy-108807123
303,807,1,061802005,North Texas Collegiate Academy-East Campus,North Texas Collegiate Academy,D,14.2,298,https://txschools.net/campus/north-texas-collegiate-academy-east-campus-061802005
305,807,0,057803016,Uplift Grand College Prep and Career Institute,Uplift Education,B,14.3,385,https://txschools.net/campus/uplift-grand-college-prep-and-career-institute-057803016
306,807,1,108807196,IDEA Sports Park Academy,IDEA Public Schools,D,14.4,565,https://txschools.net/campus/idea-sports-park-academy-108807196
306,807,1,227829005,Valor San Antonio,Valor Education,C,14.4,449,https://txschools.net/campus/valor-san-antonio-227829005
308,807,3,161807002,Harmony Science Academy - Garland,Harmony Public Schools - North Texas,B,14.5,778,https://txschools.net/campus/harmony-science-academy-garland-161807002
308,807,3,015815001,Heritage Academy of Windcrest,Heritage Academy,C,14.5,101,https://txschools.net/campus/heritage-academy-of-windcrest-015815001
308,807,3,226801001,Texas Leadership of San Angelo,Texas Leadership Public Schools,B,14.5,1562,https://txschools.net/campus/texas-leadership-of-san-angelo-226801001
308,807,3,227803103,Wayside Altamira Academy,Wayside Schools,F,14.5,393,https://txschools.net/campus/wayside-altamira-academy-227803103
312,807,3,123807102,Bob Hope School Beaumont,Bob Hope School,C,14.6,334,https://txschools.net/campus/bob-hope-school-beaumont-123807102
312,807,3,015822007,Jubilee Living Way,Jubilee Academies,A,14.6,322,https://txschools.net/campus/jubilee-living-way-015822007
312,807,3,057813110,Trinity Basin Preparatory - Titan Academy,Trinity Basin Preparatory,B,14.6,445,https://txschools.net/campus/trinity-basin-preparatory-titan-academy-057813110
312,807,3,101845006,Yes Prep - Brays Oaks,Yes Prep Public Schools Inc,A,14.6,1066,https://txschools.net/campus/yes-prep-brays-oaks-101845006
316,807,7,227816004,Harmony School of Endeavor - Austin,Harmony Public Schools - Central Texas,A,14.7,991,https://txschools.net/campus/harmony-school-of-endeavor-austin-227816004
316,807,7,071806007,Harmony School of Science - Elem Paso,Harmony Public Schools - West Texas,B,14.7,1494,https://txschools.net/campus/harmony-school-of-science-elem-paso-071806007
316,807,7,101858006,Harmony School of Technology-Houston,Harmony Public Schools - Houston North,B,14.7,683,https://txschools.net/campus/harmony-school-of-technology-houston-101858006
316,807,7,071806005,Harmony Science Academy - Odessa,Harmony Public Schools - West Texas,C,14.7,546,https://txschools.net/campus/harmony-science-academy-odessa-071806005
316,807,7,108807129,IDEA Ewing Halsell Academy,IDEA Public Schools,C,14.7,673,https://txschools.net/campus/idea-ewing-halsell-academy-108807129
316,807,7,108807194,IDEA Spears Academy,IDEA Public Schools,D,14.7,719,https://txschools.net/campus/idea-spears-academy-108807194
316,807,7,057848008,ILTexas Keller MS,International Leadership of Texas (ILTexas),A,14.7,432,https://txschools.net/campus/iltexas-keller-ms-057848008
316,807,7,101845101,Yes Prep - North Central,Yes Prep Public Schools Inc,A,14.7,1025,https://txschools.net/campus/yes-prep-north-central-101845101
324,807,4,101853106,Baker-Ripley Charter School,Bakerripley Community Schools,A,14.8,401,https://txschools.net/campus/baker-ripley-charter-school-101853106
324,807,4,015805041,Greg A Garcia Early College Int,New Frontiers Public Schools Inc,B,14.8,173,https://txschools.net/campus/greg-a-garcia-early-college-int-015805041
324,807,4,108807109,IDEA Edinburg Academy,IDEA Public Schools,C,14.8,715,https://txschools.net/campus/idea-edinburg-academy-108807109
324,807,4,108807185,IDEA Mesa Hills Academy,IDEA Public Schools,B,14.8,638,https://txschools.net/campus/idea-mesa-hills-academy-108807185
324,807,4,108807305,IDEA Mesquite Hills Academy,IDEA Public Schools,C,14.8,623,https://txschools.net/campus/idea-mesquite-hills-academy-108807305
329,807,3,021805101,Arrow Academy - Liberation Academy,Arrow Academy,B,14.9,181,https://txschools.net/campus/arrow-academy-liberation-academy-021805101
329,807,3,057848017,ILTexas Westpark MS,International Leadership of Texas (ILTexas),B,14.9,455,https://txschools.net/campus/iltexas-westpark-ms-057848017
329,807,3,057846001,Legacy Prep Charter Academy Mesquite West Campus,Legacy Preparatory,B,14.9,914,https://txschools.net/campus/legacy-prep-charter-academy-mesquite-west-campus-057846001
329,807,3,101859101,Step Charter Elem,Step Charter School,B,14.9,296,https://txschools.net/campus/step-charter-elem-101859101
333,807,3,227816001,Harmony Science Academy - Austin,Harmony Public Schools - Central Texas,D,15,704,https://txschools.net/campus/harmony-science-academy-austin-227816001
333,807,3,108807039,IDEA Kyle College Preparatory,IDEA Public Schools,A,15,692,https://txschools.net/campus/idea-kyle-college-preparatory-108807039
333,807,3,108807021,IDEA South Flores College Preparatory,IDEA Public Schools,B,15,704,https://txschools.net/campus/idea-south-flores-college-preparatory-108807021
333,807,3,227819101,University of Texas Elem Charter School,University of Texas Elem Charter School,C,15,305,https://txschools.net/campus/university-of-texas-elem-charter-school-227819101
337,807,4,015835011,Great Hearts Online - TX,Great Hearts Texas,D,15.1,1063,https://txschools.net/campus/great-hearts-online-tx-015835011
337,807,4,108807029,IDEA Ewing Halsell College Preparatory,IDEA Public Schools,B,15.1,584,https://txschools.net/campus/idea-ewing-halsell-college-preparatory-108807029
337,807,4,057848018,ILTexas Katy - Westpark HS,International Leadership of Texas (ILTexas),A,15.1,858,https://txschools.net/campus/iltexas-katy-westpark-hs-057848018
337,807,4,057848014,ILTexas Katy Elem,International Leadership of Texas (ILTexas),D,15.1,936,https://txschools.net/campus/iltexas-katy-elem-057848014
337,807,4,057848015,ILTexas Katy MS,International Leadership of Texas (ILTexas),B,15.1,451,https://txschools.net/campus/iltexas-katy-ms-057848015
342,807,2,108807106,IDEA San Juan Academy,IDEA Public Schools,D,15.2,532,https://txschools.net/campus/idea-san-juan-academy-108807106
342,807,2,221801052,Ignite Community School - Beaumont,Texas College Preparatory Academies,F,15.2,195,https://txschools.net/campus/ignite-community-school-beaumont-221801052
342,807,2,221801005,Ignite Community School - Huntsville,Texas College Preparatory Academies,C,15.2,395,https://txschools.net/campus/ignite-community-school-huntsville-221801005
345,807,1,227820060,KIPP Prime College Preparatory,KIPP Texas Public Schools,B,15.3,428,https://txschools.net/campus/kipp-prime-college-preparatory-227820060
345,807,1,227824004,Promesa College Prep West Corpus Christi,Valere Public Schools,C,15.3,368,https://txschools.net/campus/promesa-college-prep-west-corpus-christi-227824004
347,807,7,123807002,Bob Hope HS,Bob Hope School,A,15.4,552,https://txschools.net/campus/bob-hope-hs-123807002
347,807,7,108807198,IDEA Hidden Meadow Academy,IDEA Public Schools,C,15.4,563,https://txschools.net/campus/idea-hidden-meadow-academy-108807198
347,807,7,108807303,IDEA La Joya Academy,IDEA Public Schools,D,15.4,638,https://txschools.net/campus/idea-la-joya-academy-108807303
347,807,7,057848011,ILTexas Grand Prairie MS,International Leadership of Texas (ILTexas),A,15.4,423,https://txschools.net/campus/iltexas-grand-prairie-ms-057848011
347,807,7,221801056,Ischool High at the Woodlands,Texas College Preparatory Academies,B,15.4,676,https://txschools.net/campus/ischool-high-at-the-woodlands-221801056
347,807,7,057848036,Richmond MS,International Leadership of Texas (ILTexas),A,15.4,270,https://txschools.net/campus/richmond-ms-057848036
347,807,7,236802101,Sam Houston State University Charter School,Sam Houston State University Charter School,B,15.4,343,https://txschools.net/campus/sam-houston-state-university-charter-school-236802101
347,807,7,057803013,Uplift Infinity Prep HS,Uplift Education,A,15.4,382,https://txschools.net/campus/uplift-infinity-prep-hs-057803013
355,807,0,101858004,Harmony School of Advancement-Houston,Harmony Public Schools - Houston North,A,15.5,773,https://txschools.net/campus/harmony-school-of-advancement-houston-101858004
356,807,3,071806006,Harmony School of Excellence - Elem Paso,Harmony Public Schools - West Texas,A,15.6,681,https://txschools.net/campus/harmony-school-of-excellence-elem-paso-071806006
356,807,3,108807019,IDEA Elsa College Preparatory,IDEA Public Schools,B,15.6,739,https://txschools.net/campus/idea-elsa-college-preparatory-108807019
356,807,3,108807105,IDEA San Benito Academy,IDEA Public Schools,B,15.6,673,https://txschools.net/campus/idea-san-benito-academy-108807105
356,807,3,183801001,Panola CS,Panola Charter School,A,15.6,29,https://txschools.net/campus/panola-cs-183801001
360,807,2,108807011,IDEA McAllen College Preparatory,IDEA Public Schools,A,15.7,895,https://txschools.net/campus/idea-mcallen-college-preparatory-108807011
360,807,2,108807086,IDEA Rise College Preparatory,IDEA Public Schools,B,15.7,644,https://txschools.net/campus/idea-rise-college-preparatory-108807086
360,807,2,057844001,Manara Leadership Academy,Manara Academy,B,15.7,94,https://txschools.net/campus/manara-leadership-academy-057844001
363,807,2,015835013,Great Hearts Prairie View,Great Hearts Texas,C,15.8,975,https://txschools.net/campus/great-hearts-prairie-view-015835013
363,807,2,227820071,KIPP Truth Academy,KIPP Texas Public Schools,B,15.8,410,https://txschools.net/campus/kipp-truth-academy-227820071
363,807,2,101845002,Yes Prep - Southwest,Yes Prep Public Schools Inc,A,15.8,1085,https://txschools.net/campus/yes-prep-southwest-101845002
366,807,1,057848013,ILTexas North Richland Hills MS,International Leadership of Texas (ILTexas),A,15.9,346,https://txschools.net/campus/iltexas-north-richland-hills-ms-057848013
366,807,1,227829003,Valor Kyle,Valor Education,D,15.9,963,https://txschools.net/campus/valor-kyle-227829003
368,807,5,227825005,Austin Achieve Pflugerville,Austin Achieve Public Schools,B,16,588,https://txschools.net/campus/austin-achieve-pflugerville-227825005
368,807,5,101872001,Etoile Academy Charter School,Etoile Academy Charter School,F,16,686,https://txschools.net/campus/etoile-academy-charter-school-101872001
368,807,5,227816002,Harmony Science Academy-Pflugerville,Harmony Public Schools - Central Texas,A,16,777,https://txschools.net/campus/harmony-science-academy-pflugerville-227816002
368,807,5,108807002,IDEA Quest College Preparatory,IDEA Public Schools,A,16,664,https://txschools.net/campus/idea-quest-college-preparatory-108807002
368,807,5,015831003,Sst Advancement,School of Science and Technology Discovery,B,16,567,https://txschools.net/campus/sst-advancement-015831003
368,807,5,057813109,Trinity Basin Preparatory - South,Trinity Basin Preparatory,D,16,585,https://txschools.net/campus/trinity-basin-preparatory-south-057813109
374,807,4,108809001,Excellence In Leadership Academy,Excellence In Leadership Academy,D,16.1,168,https://txschools.net/campus/excellence-in-leadership-academy-108809001
374,807,4,227816005,Harmony School of Innovation - Austin,Harmony Public Schools - Central Texas,C,16.1,364,https://txschools.net/campus/harmony-school-of-innovation-austin-227816005
374,807,4,108807099,IDEA Converse College Preparatory,IDEA Public Schools,C,16.1,577,https://txschools.net/campus/idea-converse-college-preparatory-108807099
374,807,4,227820001,KIPP Austin Collegiate,KIPP Texas Public Schools,B,16.1,859,https://txschools.net/campus/kipp-austin-collegiate-227820001
374,807,4,057803109,Uplift Summit Prep Ps,Uplift Education,C,16.1,697,https://txschools.net/campus/uplift-summit-prep-ps-057803109
379,807,3,123807103,Bob Hope Elem School-Baytown,Bob Hope School,A,16.2,436,https://txschools.net/campus/bob-hope-elem-school-baytown-123807103
379,807,3,108807093,IDEA Hardy College Preparatory,IDEA Public Schools,C,16.2,694,https://txschools.net/campus/idea-hardy-college-preparatory-108807093
379,807,3,108807025,IDEA Judson College Preparatory,IDEA Public Schools,B,16.2,731,https://txschools.net/campus/idea-judson-college-preparatory-108807025
379,807,3,108807140,IDEA Rio Vista Academy,IDEA Public Schools,C,16.2,600,https://txschools.net/campus/idea-rio-vista-academy-108807140
383,807,3,015828003,Harmony Science Academy - Laredo,Harmony Public Schools - South Texas,B,16.3,651,https://txschools.net/campus/harmony-science-academy-laredo-015828003
383,807,3,161807007,Harmony Science Academy- Fort Worth,Harmony Public Schools - North Texas,C,16.3,1299,https://txschools.net/campus/harmony-science-academy-fort-worth-161807007
383,807,3,227820214,KIPP Zenith Academy,KIPP Texas Public Schools,C,16.3,800,https://txschools.net/campus/kipp-zenith-academy-227820214
383,807,3,057813105,Trinity Basin Preparatory - Mesquite,Trinity Basin Preparatory,D,16.3,797,https://txschools.net/campus/trinity-basin-preparatory-mesquite-057813105
387,807,2,108807098,IDEA Hidden Meadow College Preparatory,IDEA Public Schools,C,16.4,363,https://txschools.net/campus/idea-hidden-meadow-college-preparatory-108807098
387,807,2,108807138,IDEA Pflugerville Academy,IDEA Public Schools,D,16.4,652,https://txschools.net/campus/idea-pflugerville-academy-108807138
387,807,2,227820062,KIPP Journey Collegiate School,KIPP Texas Public Schools,A,16.4,616,https://txschools.net/campus/kipp-journey-collegiate-school-227820062
390,807,0,108807022,IDEA Monterrey Park College Preparatory,IDEA Public Schools,A,16.6,716,https://txschools.net/campus/idea-monterrey-park-college-preparatory-108807022
391,807,3,108807195,IDEA Harlingen Academy,IDEA Public Schools,B,16.7,620,https://txschools.net/campus/idea-harlingen-academy-108807195
391,807,3,227820018,KIPP East End HS,KIPP Texas Public Schools,A,16.7,602,https://txschools.net/campus/kipp-east-end-hs-227820018
391,807,3,108808104,Vanguard Mozart,Vanguard Academy,B,16.7,1130,https://txschools.net/campus/vanguard-mozart-108808104
391,807,3,101814101,Varnett Charter School,The Varnett Public School,F,16.7,479,https://txschools.net/campus/varnett-charter-school-101814101
395,807,3,057841001,East Grand Preparatory Academy,Cityscape Schools,C,16.8,776,https://txschools.net/campus/east-grand-preparatory-academy-057841001
395,807,3,101846003,Harmony School of Ingenuity-Houston,Harmony Public Schools - Houston South,A,16.8,733,https://txschools.net/campus/harmony-school-of-ingenuity-houston-101846003
395,807,3,015831006,Sst Hill Country,School of Science and Technology Discovery,C,16.8,727,https://txschools.net/campus/sst-hill-country-015831006
395,807,3,057813108,Trinity Basin Preparatory - West,Trinity Basin Preparatory,C,16.8,350,https://txschools.net/campus/trinity-basin-preparatory-west-057813108
399,807,5,057829002,A' Secondary School,A' Academy,B,16.9,829,https://txschools.net/campus/a-secondary-school-057829002
399,807,5,108807040,IDEA Rio Vista College Preparatory,IDEA Public Schools,B,16.9,632,https://txschools.net/campus/idea-rio-vista-college-preparatory-108807040
399,807,5,057848010,ILTexas Grand Prairie Elem,International Leadership of Texas (ILTexas),B,16.9,893,https://txschools.net/campus/iltexas-grand-prairie-elem-057848010
399,807,5,084802002,Odyssey Academy - Texas City,Odyssey Academy Inc,F,16.9,599,https://txschools.net/campus/odyssey-academy-texas-city-084802002
399,807,5,071809001,Vista Del Futuro Charter School,Vista Del Futuro Charter School,B,16.9,347,https://txschools.net/campus/vista-del-futuro-charter-school-071809001
399,807,5,101845106,Yes Prep East End Elem,Yes Prep Public Schools Inc,C,16.9,721,https://txschools.net/campus/yes-prep-east-end-elem-101845106
405,807,2,178801001,Dr M L Garza-Gonzalez Charter School,Dr M L Garza-Gonzalez Charter School,B,17,154,https://txschools.net/campus/dr-m-l-garza-gonzalez-charter-school-178801001
405,807,2,161807003,Harmony Science Academy - Dallas,Harmony Public Schools - North Texas,A,17,1096,https://txschools.net/campus/harmony-science-academy-dallas-161807003
405,807,2,057848005,ILTexas Arlington MS,International Leadership of Texas (ILTexas),B,17,388,https://txschools.net/campus/iltexas-arlington-ms-057848005
408,807,2,101858003,Harmony Science Academy - Bryan,Harmony Public Schools - Houston North,D,17.1,342,https://txschools.net/campus/harmony-science-academy-bryan-101858003
408,807,2,108807188,IDEA Robindale Academy,IDEA Public Schools,B,17.1,642,https://txschools.net/campus/idea-robindale-academy-108807188
408,807,2,057803011,Uplift Grand Prep MS,Uplift Education,C,17.1,423,https://txschools.net/campus/uplift-grand-prep-ms-057803011
411,807,4,057848009,ILTexas Keller - Saginaw HS,International Leadership of Texas (ILTexas),A,17.2,784,https://txschools.net/campus/iltexas-keller-saginaw-hs-057848009
411,807,4,057803012,Uplift Luna Prep MS,Uplift Education,B,17.2,618,https://txschools.net/campus/uplift-luna-prep-ms-057803012
411,807,4,057803112,Uplift Williams Prep Ps,Uplift Education,F,17.2,545,https://txschools.net/campus/uplift-williams-prep-ps-057803112
411,807,4,108808106,Vanguard Van Gogh,Vanguard Academy,C,17.2,1050,https://txschools.net/campus/vanguard-van-gogh-108808106
411,807,4,227803101,Wayside Eden Park Academy,Wayside Schools,D,17.2,227,https://txschools.net/campus/wayside-eden-park-academy-227803101
416,807,1,057830002,Inspired Vision Academy Secondary School,Inspired Vision Academy,B,17.3,557,https://txschools.net/campus/inspired-vision-academy-secondary-school-057830002
416,807,1,101864041,The Lawson Academy,The Lawson Academy,B,17.3,317,https://txschools.net/campus/the-lawson-academy-101864041
418,807,2,108802103,Horizon Montessori Iii - STEM Academy,Horizon Montessori Public Schools,C,17.4,246,https://txschools.net/campus/horizon-montessori-iii-stem-academy-108802103
418,807,2,057848039,ILTexas Pearland K-5,International Leadership of Texas (ILTexas),B,17.4,682,https://txschools.net/campus/iltexas-pearland-k-5-057848039
418,807,2,161802001,Paul and Jane Meyer Public HS,Rapoport Academy Public School,A,17.4,245,https://txschools.net/campus/paul-and-jane-meyer-public-hs-161802001
421,807,1,227817101,Cedars International Academy,Cedars International Academy,C,17.5,437,https://txschools.net/campus/cedars-international-academy-227817101
421,807,1,212801042,Cumberland Academy MS,Cumberland Academy,F,17.5,240,https://txschools.net/campus/cumberland-academy-ms-212801042
423,807,4,015805001,Frank L Madla Early College HS,New Frontiers Public Schools Inc,A,17.6,146,https://txschools.net/campus/frank-l-madla-early-college-hs-015805001
423,807,4,015828009,Harmony School of Science- San Antonio,Harmony Public Schools - South Texas,B,17.6,994,https://txschools.net/campus/harmony-school-of-science-san-antonio-015828009
423,807,4,057848003,ILTexas Garland HS,International Leadership of Texas (ILTexas),A,17.6,616,https://txschools.net/campus/iltexas-garland-hs-057848003
423,807,4,057807001,Life School Oak Cliff,Life School,B,17.6,1456,https://txschools.net/campus/life-school-oak-cliff-057807001
423,807,4,101845109,Yes Prep Southwest Oaks Elem,Yes Prep Public Schools Inc,B,17.6,603,https://txschools.net/campus/yes-prep-southwest-oaks-elem-101845109
428,807,1,161807016,Harmony School of Innovation - Grand Prairie,Harmony Public Schools - North Texas,C,17.7,517,https://txschools.net/campus/harmony-school-of-innovation-grand-prairie-161807016
428,807,1,108807204,IDEA Ambrose and Freda Robinson College Preparator,IDEA Public Schools,D,17.7,116,https://txschools.net/campus/idea-ambrose-and-freda-robinson-college-preparator-108807204
430,807,0,221801051,Ischool High at University Park,Texas College Preparatory Academies,A,17.8,458,https://txschools.net/campus/ischool-high-at-university-park-221801051
431,807,0,221801073,Founders Classical Academy - Conroe,Texas College Preparatory Academies,C,17.9,950,https://txschools.net/campus/founders-classical-academy-conroe-221801073
432,807,0,057803110,Uplift Atlas Prep Ps,Uplift Education,C,18,658,https://txschools.net/campus/uplift-atlas-prep-ps-057803110
433,807,3,161807005,Harmony School of Innovation - Dallas,Harmony Public Schools - North Texas,A,18.1,592,https://txschools.net/campus/harmony-school-of-innovation-dallas-161807005
433,807,3,057848042,ILTexas Bg Ramirez Elem,International Leadership of Texas (ILTexas),D,18.1,896,https://txschools.net/campus/iltexas-bg-ramirez-elem-057848042
433,807,3,072801137,Premier HS of Granbury,Premier High Schools,A,18.1,137,https://txschools.net/campus/premier-hs-of-granbury-072801137
433,807,3,101840103,Two Dimensions/Vickery,Two Dimensions Preparatory Academy,F,18.1,207,https://txschools.net/campus/two-dimensions-vickery-101840103
437,807,2,057841002,Buckner Preparatory,Cityscape Schools,C,18.3,442,https://txschools.net/campus/buckner-preparatory-057841002
437,807,2,057848016,ILTexas Westpark Elem,International Leadership of Texas (ILTexas),C,18.3,880,https://txschools.net/campus/iltexas-westpark-elem-057848016
437,807,2,227820015,KIPP Northeast College Preparatory,KIPP Texas Public Schools,B,18.3,591,https://txschools.net/campus/kipp-northeast-college-preparatory-227820015
440,807,2,161807006,Harmony School of Innovation - Garland,Harmony Public Schools - North Texas,A,18.4,661,https://txschools.net/campus/harmony-school-of-innovation-garland-161807006
440,807,2,057848025,ILTexas Houston Windmill Lakes Elem,International Leadership of Texas (ILTexas),B,18.4,758,https://txschools.net/campus/iltexas-houston-windmill-lakes-elem-057848025
440,807,2,101845012,Yes Prep - Northline,Yes Prep Public Schools Inc,A,18.4,1036,https://txschools.net/campus/yes-prep-northline-101845012
443,807,0,057848035,Richmond Elem,International Leadership of Texas (ILTexas),B,18.5,867,https://txschools.net/campus/richmond-elem-057848035
444,807,6,021805041,Arrow Academy - Save Our Streets Center,Arrow Academy,B,18.6,134,https://txschools.net/campus/arrow-academy-save-our-streets-center-021805041
444,807,6,015828008,Harmony School of Excellence - Laredo,Harmony Public Schools - South Texas,A,18.6,690,https://txschools.net/campus/harmony-school-of-excellence-laredo-015828008
444,807,6,108807128,IDEA Brackenridge Academy,IDEA Public Schools,F,18.6,611,https://txschools.net/campus/idea-brackenridge-academy-108807128
444,807,6,108807017,IDEA Tres Lagos College Preparatory,IDEA Public Schools,A,18.6,659,https://txschools.net/campus/idea-tres-lagos-college-preparatory-108807017
444,807,6,227820056,KIPP Connect Preparatory,KIPP Texas Public Schools,A,18.6,968,https://txschools.net/campus/kipp-connect-preparatory-227820056
444,807,6,057850005,Pioneer Technology (PTAA) Royse City Elem,Pioneer Technology & Arts Academy,D,18.6,200,https://txschools.net/campus/pioneer-technology-ptaa-royse-city-elem-057850005
444,807,6,101853101,Ripley House Charter School,Bakerripley Community Schools,B,18.6,337,https://txschools.net/campus/ripley-house-charter-school-101853101
451,807,1,108807186,IDEA Rise Academy,IDEA Public Schools,F,18.7,641,https://txschools.net/campus/idea-rise-academy-108807186
451,807,1,101845104,North Forest Elem,Yes Prep Public Schools Inc,B,18.7,812,https://txschools.net/campus/north-forest-elem-101845104
453,807,2,108807085,IDEA Mesa Hills College Preparatory,IDEA Public Schools,C,18.8,612,https://txschools.net/campus/idea-mesa-hills-college-preparatory-108807085
453,807,2,108807016,IDEA Rio Grande City College Preparatory,IDEA Public Schools,A,18.8,681,https://txschools.net/campus/idea-rio-grande-city-college-preparatory-108807016
453,807,2,227820217,KIPP Nexus Pri,KIPP Texas Public Schools,B,18.8,673,https://txschools.net/campus/kipp-nexus-pri-227820217
456,807,3,070801041,Faith Family Master Academy,Faith Family Academy,D,18.9,277,https://txschools.net/campus/faith-family-master-academy-070801041
456,807,3,108807205,IDEA Mesquite Hills College Preparatory,IDEA Public Schools,B,18.9,415,https://txschools.net/campus/idea-mesquite-hills-college-preparatory-108807205
456,807,3,057848012,ILTexas North Richland Hills Elem,International Leadership of Texas (ILTexas),C,18.9,788,https://txschools.net/campus/iltexas-north-richland-hills-elem-057848012
456,807,3,014804007,Nolan Creek School,Orenda Charter School,B,18.9,92,https://txschools.net/campus/nolan-creek-school-014804007
460,807,2,108807120,IDEA Carver Academy,IDEA Public Schools,C,19,419,https://txschools.net/campus/idea-carver-academy-108807120
460,807,2,227820021,KIPP Somos Collegiate,KIPP Texas Public Schools,A,19,553,https://txschools.net/campus/kipp-somos-collegiate-227820021
460,807,2,057850006,Pioneer Technology and Arts Academy North Dallas,Pioneer Technology & Arts Academy,B,19,305,https://txschools.net/campus/pioneer-technology-and-arts-academy-north-dallas-057850006
463,807,0,057803114,Uplift White Rock Hills Prep Ps,Uplift Education,B,19.1,661,https://txschools.net/campus/uplift-white-rock-hills-prep-ps-057803114
464,807,1,071801003,Davinci School for Science and the Arts,Burnham Wood Charter School District,B,19.2,1068,https://txschools.net/campus/davinci-school-for-science-and-the-arts-071801003
464,807,1,015822006,Jubilee Kingsville,Jubilee Academies,B,19.2,272,https://txschools.net/campus/jubilee-kingsville-015822006
466,807,3,057848038,ILTexas Mansfield Heritage MS,International Leadership of Texas (ILTexas),B,19.3,183,https://txschools.net/campus/iltexas-mansfield-heritage-ms-057848038
466,807,3,227820016,KIPP Sunnyside HS,KIPP Texas Public Schools,B,19.3,606,https://txschools.net/campus/kipp-sunnyside-hs-227820016
466,807,3,220817006,Newman International Academy Watauga,Newman International Academy of Arlington,D,19.3,451,https://txschools.net/campus/newman-international-academy-watauga-220817006
466,807,3,057803007,Uplift Hampton Prep HS,Uplift Education,A,19.3,459,https://txschools.net/campus/uplift-hampton-prep-hs-057803007
470,807,4,015845001,Celebrate Dyslexia School,Celebrate Dyslexia Schools,F,19.4,100,https://txschools.net/campus/celebrate-dyslexia-school-015845001
470,807,4,101846001,Harmony Science Academy-Houston,Harmony Public Schools - Houston South,A,19.4,749,https://txschools.net/campus/harmony-science-academy-houston-101846001
470,807,4,108807038,IDEA Pflugerville College Preparatory,IDEA Public Schools,A,19.4,656,https://txschools.net/campus/idea-pflugerville-college-preparatory-108807038
470,807,4,057803115,Uplift Crescendo Prep Ps,Uplift Education,B,19.4,562,https://txschools.net/campus/uplift-crescendo-prep-ps-057803115
470,807,4,057803003,Uplift Grand Prep Ps,Uplift Education,C,19.4,720,https://txschools.net/campus/uplift-grand-prep-ps-057803003
475,807,6,108807095,IDEA Harlingen College Preparatory,IDEA Public Schools,B,19.5,551,https://txschools.net/campus/idea-harlingen-college-preparatory-108807095
475,807,6,108807130,IDEA Ingram Hills Academy,IDEA Public Schools,C,19.5,520,https://txschools.net/campus/idea-ingram-hills-academy-108807130
475,807,6,057848045,ILTexas Liberty HS,International Leadership of Texas (ILTexas),B,19.5,670,https://txschools.net/campus/iltexas-liberty-hs-057848045
475,807,6,014803003,Priority Charter Schools Copperas Cove,Priority Charter Schools,C,19.5,199,https://txschools.net/campus/priority-charter-schools-copperas-cove-014803003
475,807,6,057803048,Uplift Atlas Prep MS,Uplift Education,B,19.5,427,https://txschools.net/campus/uplift-atlas-prep-ms-057803048
475,807,6,057803111,Uplift Hampton Prep Ps,Uplift Education,C,19.5,729,https://txschools.net/campus/uplift-hampton-prep-ps-057803111
475,807,6,057803045,Uplift Williams Prep MS,Uplift Education,B,19.5,504,https://txschools.net/campus/uplift-williams-prep-ms-057803045
482,807,1,057848044,ILTexas Msg Ramirez MS,International Leadership of Texas (ILTexas),D,19.6,434,https://txschools.net/campus/iltexas-msg-ramirez-ms-057848044
482,807,1,226801003,Trinity Leadership,Texas Leadership Public Schools,B,19.6,912,https://txschools.net/campus/trinity-leadership-226801003
484,807,4,108807088,IDEA Robindale College Preparatory,IDEA Public Schools,C,19.7,780,https://txschools.net/campus/idea-robindale-college-preparatory-108807088
484,807,4,108807023,IDEA Walzem College Preparatory,IDEA Public Schools,A,19.7,681,https://txschools.net/campus/idea-walzem-college-preparatory-108807023
484,807,4,057848004,ILTexas Arlington Elem,International Leadership of Texas (ILTexas),B,19.7,720,https://txschools.net/campus/iltexas-arlington-elem-057848004
484,807,4,057844102,Manara STEM Academy - Arlington,Manara Academy,C,19.7,238,https://txschools.net/campus/manara-stem-academy-arlington-057844102
484,807,4,101845102,Southeast Elem,Yes Prep Public Schools Inc,B,19.7,797,https://txschools.net/campus/southeast-elem-101845102
489,807,1,108807006,IDEA San Juan College Preparatory,IDEA Public Schools,A,19.8,720,https://txschools.net/campus/idea-san-juan-college-preparatory-108807006
489,807,1,057803106,Uplift Triumph Prep Ps,Uplift Education,C,19.8,488,https://txschools.net/campus/uplift-triumph-prep-ps-057803106
491,807,1,212801041,Cumberland Academy Upper Elem,Cumberland Academy,D,20,280,https://txschools.net/campus/cumberland-academy-upper-elem-212801041
491,807,1,108807126,IDEA Mays Academy,IDEA Public Schools,B,20,615,https://txschools.net/campus/idea-mays-academy-108807126
493,807,2,108807193,IDEA Hardy Academy,IDEA Public Schools,C,20.1,648,https://txschools.net/campus/idea-hardy-academy-108807193
493,807,2,227820302,KIPP Truth Elem,KIPP Texas Public Schools,C,20.1,454,https://txschools.net/campus/kipp-truth-elem-227820302
493,807,2,057803107,Uplift Luna Prep Ps,Uplift Education,C,20.1,740,https://txschools.net/campus/uplift-luna-prep-ps-057803107
496,807,2,221801011,Amarillo Collegiate Academy,Texas College Preparatory Academies,B,20.3,500,https://txschools.net/campus/amarillo-collegiate-academy-221801011
496,807,2,015806106,Legacy Traditional School - Cibolo,Legacy Traditional Schools - Texas,B,20.3,975,https://txschools.net/campus/legacy-traditional-school-cibolo-015806106
496,807,2,084802001,Odyssey Academy - Galveston,Odyssey Academy Inc,B,20.3,784,https://txschools.net/campus/odyssey-academy-galveston-084802001
499,807,3,212801001,Cumberland Academy HS,Cumberland Academy,B,20.4,364,https://txschools.net/campus/cumberland-academy-hs-212801001
499,807,3,108807020,IDEA Carver College Preparatory,IDEA Public Schools,A,20.4,599,https://txschools.net/campus/idea-carver-college-preparatory-108807020
499,807,3,108807183,IDEA Owassa Academy,IDEA Public Schools,B,20.4,638,https://txschools.net/campus/idea-owassa-academy-108807183
499,807,3,108807096,IDEA Sports Park College Preparatory,IDEA Public Schools,A,20.4,493,https://txschools.net/campus/idea-sports-park-college-preparatory-108807096
503,807,0,227825003,Austin Achieve Northeast Elem,Austin Achieve Public Schools,F,20.5,877,https://txschools.net/campus/austin-achieve-northeast-elem-227825003
504,807,0,057850002,Pioneer Technology (PTAA) Greenville,Pioneer Technology & Arts Academy,C,20.6,865,https://txschools.net/campus/pioneer-technology-ptaa-greenville-057850002
505,807,3,161807014,Harmony School of Innovation - Waco,Harmony Public Schools - North Texas,B,20.7,645,https://txschools.net/campus/harmony-school-of-innovation-waco-161807014
505,807,3,108807304,IDEA Ambrose and Freda Robinson Academy,IDEA Public Schools,D,20.7,438,https://txschools.net/campus/idea-ambrose-and-freda-robinson-academy-108807304
505,807,3,108807135,IDEA Montopolis Academy,IDEA Public Schools,D,20.7,645,https://txschools.net/campus/idea-montopolis-academy-108807135
505,807,3,057803049,Uplift Mighty Prep MS,Uplift Education,B,20.7,493,https://txschools.net/campus/uplift-mighty-prep-ms-057803049
509,807,2,015808009,Anne Frank Inspire Academy,Inspire Academies,B,20.8,532,https://txschools.net/campus/anne-frank-inspire-academy-015808009
509,807,2,108808101,Vanguard Rembrandt,Vanguard Academy,A,20.8,1951,https://txschools.net/campus/vanguard-rembrandt-108808101
509,807,2,227803001,Wayside Sci-Tech MS and HS,Wayside Schools,B,20.8,592,https://txschools.net/campus/wayside-sci-tech-ms-and-hs-227803001
512,807,0,101878001,Houston Classical School,Houston Classical Charter School,A,20.9,430,https://txschools.net/campus/houston-classical-school-101878001
513,807,5,227820083,KIPP Somos Pri,KIPP Texas Public Schools,B,21,321,https://txschools.net/campus/kipp-somos-pri-227820083
513,807,5,057844101,Manara Academy-Irving,Manara Academy,B,21,326,https://txschools.net/campus/manara-academy-irving-057844101
513,807,5,101845103,North Central Elem,Yes Prep Public Schools Inc,B,21,834,https://txschools.net/campus/north-central-elem-101845103
513,807,5,003801001,Pineywoods Community Academy HS,Pineywoods Community Academy,A,21,296,https://txschools.net/campus/pineywoods-community-academy-hs-003801001
513,807,5,101838001,Southwest Public Schools College &career Prep Acad,Southwest Public Schools,A,21,453,https://txschools.net/campus/southwest-public-schools-college-career-prep-acad-101838001
513,807,5,057803021,Uplift Elevate Prep HS,Uplift Education,B,21,190,https://txschools.net/campus/uplift-elevate-prep-hs-057803021
519,807,5,220809001,Fort Worth Academy of Fine Arts,Fort Worth Academy of Fine Arts,B,21.1,420,https://txschools.net/campus/fort-worth-academy-of-fine-arts-220809001
519,807,5,015828004,Harmony School of Innovation - Laredo,Harmony Public Schools - South Texas,B,21.1,698,https://txschools.net/campus/harmony-school-of-innovation-laredo-015828004
519,807,5,057848026,ILTexas Houston Windmill Lakes MS,International Leadership of Texas (ILTexas),B,21.1,434,https://txschools.net/campus/iltexas-houston-windmill-lakes-ms-057848026
519,807,5,227820213,KIPP Peace Elem,KIPP Texas Public Schools,F,21.1,469,https://txschools.net/campus/kipp-peace-elem-227820213
519,807,5,227820053,KIPP Polaris Academy for Boys,KIPP Texas Public Schools,B,21.1,340,https://txschools.net/campus/kipp-polaris-academy-for-boys-227820053
519,807,5,101853042,Ripley House MS Campus,Bakerripley Community Schools,B,21.1,169,https://txschools.net/campus/ripley-house-ms-campus-101853042
525,807,3,057848041,ILTexas Bg Ramirez MS,International Leadership of Texas (ILTexas),C,21.3,424,https://txschools.net/campus/iltexas-bg-ramirez-ms-057848041
525,807,3,057848040,ILTexas Pearland 6-8,International Leadership of Texas (ILTexas),D,21.3,244,https://txschools.net/campus/iltexas-pearland-6-8-057848040
525,807,3,221801080,Ischool-Creekside,Texas College Preparatory Academies,B,21.3,117,https://txschools.net/campus/ischool-creekside-221801080
525,807,3,101845107,Yes Prep Airline Elem,Yes Prep Public Schools Inc,C,21.3,765,https://txschools.net/campus/yes-prep-airline-elem-101845107
529,807,1,108807191,IDEA Health Professions Academy,IDEA Public Schools,B,21.4,329,https://txschools.net/campus/idea-health-professions-academy-108807191
529,807,1,015831001,Sst Discovery,School of Science and Technology Discovery,C,21.4,466,https://txschools.net/campus/sst-discovery-015831001
531,807,3,108807083,IDEA Owassa College Preparatory,IDEA Public Schools,A,21.5,674,https://txschools.net/campus/idea-owassa-college-preparatory-108807083
531,807,3,108807306,IDEA Southeast Academy,IDEA Public Schools,F,21.5,683,https://txschools.net/campus/idea-southeast-academy-108807306
531,807,3,057850003,Pioneer Technology (PTAA) Fate,Pioneer Technology & Arts Academy,A,21.5,390,https://txschools.net/campus/pioneer-technology-ptaa-fate-057850003
531,807,3,057803008,Uplift Mighty Prep Ps,Uplift Education,D,21.5,539,https://txschools.net/campus/uplift-mighty-prep-ps-057803008
535,807,0,071807101,La Fe Preparatory School,La Fe Preparatory School,B,21.6,185,https://txschools.net/campus/la-fe-preparatory-school-071807101
536,807,0,101845004,Yes Prep - Gulfton,Yes Prep Public Schools Inc,A,21.8,1035,https://txschools.net/campus/yes-prep-gulfton-101845004
537,807,5,071806002,Harmony School of Innovation - Elem Paso,Harmony Public Schools - West Texas,A,21.9,1260,https://txschools.net/campus/harmony-school-of-innovation-elem-paso-071806002
537,807,5,015828005,Harmony Science Academy - Brownsville,Harmony Public Schools - South Texas,C,21.9,506,https://txschools.net/campus/harmony-science-academy-brownsville-015828005
537,807,5,161807013,Harmony Science Academy - Carrollton,Harmony Public Schools - North Texas,A,21.9,557,https://txschools.net/campus/harmony-science-academy-carrollton-161807013
537,807,5,227820030,KIPP Oak Cliff Academy,KIPP Texas Public Schools,B,21.9,304,https://txschools.net/campus/kipp-oak-cliff-academy-227820030
537,807,5,108808103,Vanguard Picasso,Vanguard Academy,B,21.9,574,https://txschools.net/campus/vanguard-picasso-108808103
537,807,5,101845003,Yes Prep - East End,Yes Prep Public Schools Inc,A,21.9,1040,https://txschools.net/campus/yes-prep-east-end-101845003
543,807,2,021803102,Brazos School for Inquiry and Creativity Tidwell,Brazos School for Inquiry & Creativity,C,22,156,https://txschools.net/campus/brazos-school-for-inquiry-and-creativity-tidwell-021803102
543,807,2,227820303,KIPP Pleasant Grove Pri,KIPP Texas Public Schools,C,22,444,https://txschools.net/campus/kipp-pleasant-grove-pri-227820303
543,807,2,123803101,Tekoa Academy of Accelerated Studies,Tekoa Academy of Accelerated Studies STEM School,A,22,214,https://txschools.net/campus/tekoa-academy-of-accelerated-studies-123803101
546,807,0,161807004,Harmony School of Innovation - Carrollton,Harmony Public Schools - North Texas,C,22.1,497,https://txschools.net/campus/harmony-school-of-innovation-carrollton-161807004
547,807,4,101842001,Comquest Academy,Comquest Academy,B,22.2,35,https://txschools.net/campus/comquest-academy-101842001
547,807,4,108807026,IDEA Mays College Preparatory,IDEA Public Schools,B,22.2,701,https://txschools.net/campus/idea-mays-college-preparatory-108807026
547,807,4,108807127,IDEA Najim Academy,IDEA Public Schools,F,22.2,463,https://txschools.net/campus/idea-najim-academy-108807127
547,807,4,108807110,IDEA Weslaco Academy,IDEA Public Schools,C,22.2,582,https://txschools.net/campus/idea-weslaco-academy-108807110
547,807,4,057803050,Uplift Elevate Prep MS,Uplift Education,C,22.2,267,https://txschools.net/campus/uplift-elevate-prep-ms-057803050
552,807,1,108807015,IDEA North Mission College Preparatory,IDEA Public Schools,A,22.3,794,https://txschools.net/campus/idea-north-mission-college-preparatory-108807015
552,807,1,015843101,Prelude Preparatory Charter School,Prelude Preparatory Charter School,B,22.3,165,https://txschools.net/campus/prelude-preparatory-charter-school-015843101
554,807,5,015838010,Compass Rose Opportunity,Compass Rose Public Schools,A,22.4,146,https://txschools.net/campus/compass-rose-opportunity-015838010
554,807,5,057835104,Golden Rule Grand Prairie,Golden Rule Charter School,B,22.4,90,https://txschools.net/campus/golden-rule-grand-prairie-057835104
554,807,5,108807037,IDEA Bluff Springs College Preparatory,IDEA Public Schools,B,22.4,701,https://txschools.net/campus/idea-bluff-springs-college-preparatory-108807037
554,807,5,227820057,KIPP Liberation College Preparatory,KIPP Texas Public Schools,B,22.4,368,https://txschools.net/campus/kipp-liberation-college-preparatory-227820057
554,807,5,101840101,Two Dimensions Preparatory Academy,Two Dimensions Preparatory Academy,D,22.4,135,https://txschools.net/campus/two-dimensions-preparatory-academy-101840101
554,807,5,057803015,Uplift Wisdom Prep MS,Uplift Education,C,22.4,517,https://txschools.net/campus/uplift-wisdom-prep-ms-057803015
560,807,3,161807010,Harmony School of Excellence - Dallas,Harmony Public Schools - North Texas,B,22.5,538,https://txschools.net/campus/harmony-school-of-excellence-dallas-161807010
560,807,3,108807190,IDEA Parmer Park Academy,IDEA Public Schools,C,22.5,613,https://txschools.net/campus/idea-parmer-park-academy-108807190
560,807,3,015822011,Jubilee Leadership Academy,Jubilee Academies,B,22.5,562,https://txschools.net/campus/jubilee-leadership-academy-015822011
560,807,3,057803010,Uplift Atlas Prep HS,Uplift Education,B,22.5,491,https://txschools.net/campus/uplift-atlas-prep-hs-057803010
564,807,3,057806101,Advantage Academy,Advantage Academy,C,22.7,909,https://txschools.net/campus/advantage-academy-057806101
564,807,3,108807137,IDEA Bluff Springs Academy,IDEA Public Schools,F,22.7,517,https://txschools.net/campus/idea-bluff-springs-academy-108807137
564,807,3,220817002,Newman International at Cedar Hill,Newman International Academy of Arlington,C,22.7,965,https://txschools.net/campus/newman-international-at-cedar-hill-220817002
564,807,3,057803017,Uplift Ascend Prep Ps,Uplift Education,D,22.7,841,https://txschools.net/campus/uplift-ascend-prep-ps-057803017
568,807,7,227824001,East Austin College Prep at Southwest Key,Valere Public Schools,D,22.8,135,https://txschools.net/campus/east-austin-college-prep-at-southwest-key-227824001
568,807,7,071806008,Harmony Science Academy - Midland,Harmony Public Schools - West Texas,C,22.8,557,https://txschools.net/campus/harmony-science-academy-midland-071806008
568,807,7,161807015,Harmony Science Academy - Plano,Harmony Public Schools - North Texas,B,22.8,647,https://txschools.net/campus/harmony-science-academy-plano-161807015
568,807,7,014803101,Priority Charter Schools- Temple Charter Academy,Priority Charter Schools,B,22.8,223,https://txschools.net/campus/priority-charter-schools-temple-charter-academy-014803101
568,807,7,057803051,Uplift Ascend Prep MS,Uplift Education,D,22.8,426,https://txschools.net/campus/uplift-ascend-prep-ms-057803051
568,807,7,057803018,Uplift Elevate Prep Ps,Uplift Education,C,22.8,649,https://txschools.net/campus/uplift-elevate-prep-ps-057803018
568,807,7,057803116,Uplift Wisdom Prep Ps,Uplift Education,D,22.8,579,https://txschools.net/campus/uplift-wisdom-prep-ps-057803116
568,807,7,101845013,Yes Prep - Northwest,Yes Prep Public Schools Inc,A,22.8,826,https://txschools.net/campus/yes-prep-northwest-101845013
576,807,0,057803108,Uplift Meridian Prep Ps,Uplift Education,D,22.9,519,https://txschools.net/campus/uplift-meridian-prep-ps-057803108
577,807,0,227825001,Austin Achieve MS,Austin Achieve Public Schools,D,23,694,https://txschools.net/campus/austin-achieve-ms-227825001
578,807,3,057848043,ILTexas Msg Ramirez Elem,International Leadership of Texas (ILTexas),D,23.2,919,https://txschools.net/campus/iltexas-msg-ramirez-elem-057848043
578,807,3,227820002,KIPP Austin Brave,KIPP Texas Public Schools,B,23.2,372,https://txschools.net/campus/kipp-austin-brave-227820002
578,807,3,101806101,Ryss Academy at Brownsville,Raul Yzaguirre Schools for Success,A,23.2,598,https://txschools.net/campus/ryss-academy-at-brownsville-101806101
578,807,3,057803044,Uplift Hampton Prep MS,Uplift Education,C,23.2,523,https://txschools.net/campus/uplift-hampton-prep-ms-057803044
582,807,0,101845010,Yes Prep North Forest,Yes Prep Public Schools Inc,A,23.3,995,https://txschools.net/campus/yes-prep-north-forest-101845010
583,807,1,057848027,ILTexas Houston Orem Elem,International Leadership of Texas (ILTexas),C,23.4,810,https://txschools.net/campus/iltexas-houston-orem-elem-057848027
583,807,1,226801004,Texas Leadership of Abilene,Texas Leadership Public Schools,C,23.4,772,https://txschools.net/campus/texas-leadership-of-abilene-226801004
585,807,2,108807028,IDEA Brackenridge College Preparatory,IDEA Public Schools,B,23.5,699,https://txschools.net/campus/idea-brackenridge-college-preparatory-108807028
585,807,2,108807091,IDEA Health Professions College Preparatory,IDEA Public Schools,B,23.5,427,https://txschools.net/campus/idea-health-professions-college-preparatory-108807091
585,807,2,108807206,IDEA Southeast College Preparatory,IDEA Public Schools,D,23.5,566,https://txschools.net/campus/idea-southeast-college-preparatory-108807206
588,807,0,057813107,Trinity Basin Preparatory - Grand Prairie,Trinity Basin Preparatory,B,23.8,424,https://txschools.net/campus/trinity-basin-preparatory-grand-prairie-057813107
589,807,5,108807035,IDEA Montopolis College Preparatory,IDEA Public Schools,B,23.9,824,https://txschools.net/campus/idea-montopolis-college-preparatory-108807035
589,807,5,108807197,IDEA Palmview Academy,IDEA Public Schools,D,23.9,654,https://txschools.net/campus/idea-palmview-academy-108807197
589,807,5,108807010,IDEA Weslaco College Preparatory,IDEA Public Schools,B,23.9,713,https://txschools.net/campus/idea-weslaco-college-preparatory-108807010
589,807,5,084802003,Odyssey Academy - Webster,Odyssey Academy Inc,D,23.9,395,https://txschools.net/campus/odyssey-academy-webster-084802003
589,807,5,101806001,Ryss Early College at Broadway,Raul Yzaguirre Schools for Success,A,23.9,312,https://txschools.net/campus/ryss-early-college-at-broadway-101806001
589,807,5,015830102,Somerset Academy Lone Star,Somerset Academies of Texas,A,23.9,105,https://txschools.net/campus/somerset-academy-lone-star-015830102
595,807,1,015822010,Jubilee Brownsville,Jubilee Academies,B,24,980,https://txschools.net/campus/jubilee-brownsville-015822010
595,807,1,101845005,Yes Prep - West,Yes Prep Public Schools Inc,A,24,1015,https://txschools.net/campus/yes-prep-west-101845005
597,807,1,227820402,KIPP Esperanza Pri,KIPP Texas Public Schools,C,24.1,345,https://txschools.net/campus/kipp-esperanza-pri-227820402
597,807,1,101861105,The Rhodes School - Humble,The Rhodes School for Performing Arts,B,24.1,405,https://txschools.net/campus/the-rhodes-school-humble-101861105
599,807,0,015838005,Compass Rose Journey,Compass Rose Public Schools,D,24.2,471,https://txschools.net/campus/compass-rose-journey-015838005
600,807,2,101858002,Harmony School of Endeavor-Houston,Harmony Public Schools - Houston North,D,24.3,560,https://txschools.net/campus/harmony-school-of-endeavor-houston-101858002
600,807,2,108807097,IDEA Palmview College Preparatory,IDEA Public Schools,B,24.3,532,https://txschools.net/campus/idea-palmview-college-preparatory-108807097
600,807,2,108804002,Triumph Public High Schools-McAllen,Triumph Public High Schools-Rio Grande Valley,A,24.3,119,https://txschools.net/campus/triumph-public-high-schools-mcallen-108804002
603,807,1,015830001,Somerset Academy Brooks,Somerset Academies of Texas,B,24.4,1221,https://txschools.net/campus/somerset-academy-brooks-015830001
603,807,1,057813106,Trinity Basin Preparatory - Arlington,Trinity Basin Preparatory,C,24.4,483,https://txschools.net/campus/trinity-basin-preparatory-arlington-057813106
605,807,1,101845007,Yes Prep - Northside,Yes Prep Public Schools Inc,A,24.5,971,https://txschools.net/campus/yes-prep-northside-101845007
605,807,1,101845001,Yes Prep - Southeast,Yes Prep Public Schools Inc,A,24.5,802,https://txschools.net/campus/yes-prep-southeast-101845001
607,807,0,057803105,Uplift Pinnacle Prep Ps,Uplift Education,C,24.8,500,https://txschools.net/campus/uplift-pinnacle-prep-ps-057803105
608,807,0,015807102,Seguin Campus,Southwest Preparatory School,D,24.9,269,https://txschools.net/campus/seguin-campus-015807102
609,807,2,015815104,Heritage Academy of San Antonio,Heritage Academy,A,25,8,https://txschools.net/campus/heritage-academy-of-san-antonio-015815104
609,807,2,014803005,Priority Charter Schools - Killeen,Priority Charter Schools,B,25,107,https://txschools.net/campus/priority-charter-schools-killeen-014803005
609,807,2,123803103,Tekoa Academy of Accelerated Studies - Orange,Tekoa Academy of Accelerated Studies STEM School,A,25,108,https://txschools.net/campus/tekoa-academy-of-accelerated-studies-orange-123803103
612,807,0,057819001,Jean Massieu Academy,Jean Massieu Academy,D,25.1,172,https://txschools.net/campus/jean-massieu-academy-057819001
613,807,1,057848019,ILTexas Lancaster Elem,International Leadership of Texas (ILTexas),C,25.2,716,https://txschools.net/campus/iltexas-lancaster-elem-057848019
613,807,1,014804008,Kingsland School,Orenda Charter School,C,25.2,120,https://txschools.net/campus/kingsland-school-014804008
615,807,0,021805102,Arrow Academy - Harvest Preparatory Academy,Arrow Academy,C,25.5,113,https://txschools.net/campus/arrow-academy-harvest-preparatory-academy-021805102
616,807,2,221801081,Founders Classical Academy - Fort Worth,Texas College Preparatory Academies,C,25.6,126,https://txschools.net/campus/founders-classical-academy-fort-worth-221801081
616,807,2,015828001,Harmony Science Acad (San Antonio),Harmony Public Schools - South Texas,A,25.6,658,https://txschools.net/campus/harmony-science-acad-san-antonio-015828001
616,807,2,015815101,Heritage Academy,Heritage Academy,A,25.6,33,https://txschools.net/campus/heritage-academy-015815101
619,807,0,015838006,Compass Rose Destiny,Compass Rose Public Schools,C,25.7,739,https://txschools.net/campus/compass-rose-destiny-015838006
620,807,0,015828007,Harmony School of Innovation - Brownsville,Harmony Public Schools - South Texas,A,25.9,410,https://txschools.net/campus/harmony-school-of-innovation-brownsville-015828007
621,807,0,057803046,Uplift Heights Prep MS,Uplift Education,B,26,468,https://txschools.net/campus/uplift-heights-prep-ms-057803046
622,807,1,057848033,ILTexas Houston Windmill Lakes Orem HS,International Leadership of Texas (ILTexas),B,26.1,835,https://txschools.net/campus/iltexas-houston-windmill-lakes-orem-hs-057848033
622,807,1,057803004,Uplift Williams Prep HS,Uplift Education,A,26.1,528,https://txschools.net/campus/uplift-williams-prep-hs-057803004
624,807,0,227816101,Harmony School of Excellence - Austin,Harmony Public Schools - Central Texas,B,26.2,485,https://txschools.net/campus/harmony-school-of-excellence-austin-227816101
625,807,1,101875001,Bloom Academy Charter School,Bloom Academy Charter School,F,26.3,364,https://txschools.net/campus/bloom-academy-charter-school-101875001
625,807,1,015838008,Compass Rose Dream,Compass Rose Public Schools,D,26.3,465,https://txschools.net/campus/compass-rose-dream-015838008
627,807,0,057827102,Nova Academy Prichard,Nova Academy Southeast,B,26.8,181,https://txschools.net/campus/nova-academy-prichard-057827102
628,807,0,108807027,IDEA Najim College Preparatory,IDEA Public Schools,A,26.9,503,https://txschools.net/campus/idea-najim-college-preparatory-108807027
629,807,0,108807087,IDEA Achieve College Preparatory,IDEA Public Schools,C,27.1,490,https://txschools.net/campus/idea-achieve-college-preparatory-108807087
630,807,1,071806004,Harmony Science Academy - Lubbock,Harmony Public Schools - West Texas,B,27.4,520,https://txschools.net/campus/harmony-science-academy-lubbock-071806004
630,807,1,015807004,Southwest Preparatory School-Northwest,Southwest Preparatory School,A,27.4,121,https://txschools.net/campus/southwest-preparatory-school-northwest-015807004
632,807,1,227825004,Austin Achieve HS,Austin Achieve Public Schools,B,27.6,608,https://txschools.net/campus/austin-achieve-hs-227825004
632,807,1,015830101,Somerset Academy Collegiate,Somerset Academies of Texas,B,27.6,1092,https://txschools.net/campus/somerset-academy-collegiate-015830101
634,807,0,108807203,IDEA La Joya College Preparatory,IDEA Public Schools,D,27.7,514,https://txschools.net/campus/idea-la-joya-college-preparatory-108807203
635,807,2,108807187,IDEA Achieve Academy,IDEA Public Schools,D,27.9,500,https://txschools.net/campus/idea-achieve-academy-108807187
635,807,2,108807024,IDEA Eastside College Preparatory,IDEA Public Schools,B,27.9,500,https://txschools.net/campus/idea-eastside-college-preparatory-108807024
635,807,2,227820073,KIPP Pleasant Grove Leadership Academy,KIPP Texas Public Schools,B,27.9,526,https://txschools.net/campus/kipp-pleasant-grove-leadership-academy-227820073
638,807,2,015822004,Jubilee - Lake View University Prep,Jubilee Academies,C,28,587,https://txschools.net/campus/jubilee-lake-view-university-prep-015822004
638,807,2,057809101,Nova Academy,Nova Academy,F,28,67,https://txschools.net/campus/nova-academy-057809101
638,807,2,101845105,Southside Elem,Yes Prep Public Schools Inc,D,28,631,https://txschools.net/campus/southside-elem-101845105
641,807,2,015838007,Compass Rose Harvest,Compass Rose Public Schools,F,28.1,471,https://txschools.net/campus/compass-rose-harvest-015838007
641,807,2,015828002,Harmony School of Innovation - San Antonio,Harmony Public Schools - South Texas,C,28.1,384,https://txschools.net/campus/harmony-school-of-innovation-san-antonio-015828002
641,807,2,108807124,IDEA Eastside Academy,IDEA Public Schools,C,28.1,370,https://txschools.net/campus/idea-eastside-academy-108807124
644,807,0,226801002,Texas Leadership of Midland,Texas Leadership Public Schools,B,28.2,824,https://txschools.net/campus/texas-leadership-of-midland-226801002
645,807,2,057848028,ILTexas Houston Orem MS,International Leadership of Texas (ILTexas),A,28.3,420,https://txschools.net/campus/iltexas-houston-orem-ms-057848028
645,807,2,057803104,Uplift Heights Prep Ps,Uplift Education,C,28.3,887,https://txschools.net/campus/uplift-heights-prep-ps-057803104
645,807,2,101873001,Yellowstone College Preparatory,Yellowstone College Preparatory,D,28.3,361,https://txschools.net/campus/yellowstone-college-preparatory-101873001
648,807,1,057831001,Gateway Charter Academy,Gateway Charter Academy,B,28.4,248,https://txschools.net/campus/gateway-charter-academy-057831001
648,807,1,057848032,ILTexas Lancaster-Desoto HS,International Leadership of Texas (ILTexas),B,28.4,179,https://txschools.net/campus/iltexas-lancaster-desoto-hs-057848032
650,807,0,108807209,IDEA A W Brown College Preparatory,IDEA Public Schools,B,28.5,192,https://txschools.net/campus/idea-a-w-brown-college-preparatory-108807209
651,807,0,101845110,Yes Prep North Rankin Elem,Yes Prep Public Schools Inc,B,28.6,433,https://txschools.net/campus/yes-prep-north-rankin-elem-101845110
652,807,0,101874001,Legacy School of Sport Sciences,Legacy School of Sport Sciences,D,28.7,550,https://txschools.net/campus/legacy-school-of-sport-sciences-101874001
653,807,2,161807008,Harmony Science Academy - Grand Prairie,Harmony Public Schools - North Texas,C,29,482,https://txschools.net/campus/harmony-science-academy-grand-prairie-161807008
653,807,2,227820014,KIPP Generations Collegiate,KIPP Texas Public Schools,B,29,592,https://txschools.net/campus/kipp-generations-collegiate-227820014
653,807,2,227824003,Promesa College Prep Brownsville,Valere Public Schools,C,29,151,https://txschools.net/campus/promesa-college-prep-brownsville-227824003
656,807,0,015822001,Jubilee San Antonio,Jubilee Academies,B,29.1,975,https://txschools.net/campus/jubilee-san-antonio-015822001
657,807,0,101845008,Yes Prep - 5th Ward,Yes Prep Public Schools Inc,A,29.2,882,https://txschools.net/campus/yes-prep-5th-ward-101845008
658,807,0,015807101,Southwest Prep Northwest Elem,Southwest Preparatory School,D,29.3,116,https://txschools.net/campus/southwest-prep-northwest-elem-015807101
659,807,0,057803019,Uplift Wisdom Prep HS,Uplift Education,B,29.4,317,https://txschools.net/campus/uplift-wisdom-prep-hs-057803019
660,807,1,108807309,IDEA A W Brown Academy,IDEA Public Schools,F,29.6,478,https://txschools.net/campus/idea-a-w-brown-academy-108807309
660,807,1,108804004,Triumph Public High Schools-Brownsville,Triumph Public High Schools-Rio Grande Valley,A,29.6,117,https://txschools.net/campus/triumph-public-high-schools-brownsville-108804004
662,807,1,015802001,George Gervin Academy,George Gervin Academy,B,29.8,716,https://txschools.net/campus/george-gervin-academy-015802001
662,807,1,227824002,The East Austin College Prep at Mlk,Valere Public Schools,D,29.8,158,https://txschools.net/campus/the-east-austin-college-prep-at-mlk-227824002
664,807,1,015839001,Promesa Academy Charter School,Promesa Academy Charter School,D,29.9,275,https://txschools.net/campus/promesa-academy-charter-school-015839001
664,807,1,101845011,Yes Prep - Southside,Yes Prep Public Schools Inc,A,29.9,875,https://txschools.net/campus/yes-prep-southside-101845011
666,807,0,057803014,Uplift Mighty Prep HS,Uplift Education,B,30.2,392,https://txschools.net/campus/uplift-mighty-prep-hs-057803014
667,807,0,101806104,Ryss Academy at Pasadena,Raul Yzaguirre Schools for Success,B,30.3,233,https://txschools.net/campus/ryss-academy-at-pasadena-101806104
668,807,0,227806044,UT Charter Scholars Academy,University of Texas University Charter School,C,30.6,67,https://txschools.net/campus/ut-charter-scholars-academy-227806044
669,807,1,101859103,Step Charter Iii,Step Charter School,B,30.8,87,https://txschools.net/campus/step-charter-iii-101859103
669,807,1,057803006,Uplift Heights Healthcare Institute,Uplift Education,B,30.8,491,https://txschools.net/campus/uplift-heights-healthcare-institute-057803006
671,807,0,152806001,Betty M Condra School for Education Innovation,Betty M Condra School for Education Innovation,D,30.9,168,https://txschools.net/campus/betty-m-condra-school-for-education-innovation-152806001
672,807,1,015822013,Jubilee Westwood,Jubilee Academies,B,31.3,71,https://txschools.net/campus/jubilee-westwood-015822013
672,807,1,057802001,Pegasus Charter HS,Pegasus School of Liberal Arts and Sciences,D,31.3,277,https://txschools.net/campus/pegasus-charter-hs-057802001
674,807,1,057848006,ILTexas Arlington-Grand Prairie HS,International Leadership of Texas (ILTexas),B,31.5,718,https://txschools.net/campus/iltexas-arlington-grand-prairie-hs-057848006
674,807,1,057803005,Uplift Luna Prep HS,Uplift Education,B,31.5,501,https://txschools.net/campus/uplift-luna-prep-hs-057803005
676,807,0,170802001,Thrive Center for Success,Thrive Center for Success,B,31.6,177,https://txschools.net/campus/thrive-center-for-success-170802001
677,807,1,101845014,Yes Prep - Hobby,Yes Prep Public Schools Inc,A,31.9,709,https://txschools.net/campus/yes-prep-hobby-101845014
677,807,1,101845009,Yes Prep - White Oak,Yes Prep Public Schools Inc,A,31.9,947,https://txschools.net/campus/yes-prep-white-oak-101845009
679,807,0,108807090,IDEA Parmer Park College Preparatory,IDEA Public Schools,B,32,708,https://txschools.net/campus/idea-parmer-park-college-preparatory-108807090
680,807,0,108807030,IDEA Ingram Hills College Preparatory,IDEA Public Schools,A,32.1,508,https://txschools.net/campus/idea-ingram-hills-college-preparatory-108807030
681,807,0,057848022,ILTexas Woodhaven MS,International Leadership of Texas (ILTexas),B,32.2,281,https://txschools.net/campus/iltexas-woodhaven-ms-057848022
682,807,2,227806058,Basepoint Academy - Arlington,University of Texas University Charter School,A,32.5,34,https://txschools.net/campus/basepoint-academy-arlington-227806058
682,807,2,057848020,ILTexas Lancaster MS,International Leadership of Texas (ILTexas),B,32.5,337,https://txschools.net/campus/iltexas-lancaster-ms-057848020
682,807,2,057803020,Uplift Ascend Prep HS,Uplift Education,B,32.5,302,https://txschools.net/campus/uplift-ascend-prep-hs-057803020
685,807,0,015842001,Royal Academy of Excellence,Royal Public Schools,F,32.6,394,https://txschools.net/campus/royal-academy-of-excellence-015842001
686,807,1,057848021,ILTexas Woodhaven Elem,International Leadership of Texas (ILTexas),B,33.2,559,https://txschools.net/campus/iltexas-woodhaven-elem-057848021
686,807,1,227820081,KIPP Aspire Academy,KIPP Texas Public Schools,B,33.2,414,https://txschools.net/campus/kipp-aspire-academy-227820081
688,807,0,227820020,KIPP University Prep HS,KIPP Texas Public Schools,A,33.4,473,https://txschools.net/campus/kipp-university-prep-hs-227820020
689,807,0,227805041,Texas Empowerment Academy,Texas Empowerment Academy,F,33.8,461,https://txschools.net/campus/texas-empowerment-academy-227805041
690,807,0,015822002,Jubilee Highland Hills,Jubilee Academies,D,33.9,639,https://txschools.net/campus/jubilee-highland-hills-015822002
691,807,0,101881001,Up Excellence Academy,Up Excellence Academy,F,34.2,116,https://txschools.net/campus/up-excellence-academy-101881001
692,807,0,184801001,Crosstimbers Academy,Crosstimbers Academy,A,34.8,114,https://txschools.net/campus/crosstimbers-academy-184801001
693,807,0,071803001,Triumph Public High Schools-El Paso West,Triumph Public High Schools-West Texas,B,34.9,118,https://txschools.net/campus/triumph-public-high-schools-el-paso-west-071803001
694,807,1,071810003,El Paso Leadership Academy - MS East,El Paso Leadership Academy,C,35,116,https://txschools.net/campus/el-paso-leadership-academy-ms-east-071810003
694,807,1,101804001,George I Sanchez Charter,George I Sanchez Charter,C,35,611,https://txschools.net/campus/george-i-sanchez-charter-101804001
696,807,0,057831002,Gateway Charter Academy - MS - HS,Gateway Charter Academy,F,36.4,182,https://txschools.net/campus/gateway-charter-academy-ms-hs-057831002
697,807,0,108810101,Brillante Academy,Brillante Academy,F,36.5,426,https://txschools.net/campus/brillante-academy-108810101
698,807,0,227806059,Basepoint Academy - Forney,University of Texas University Charter School,A,37,50,https://txschools.net/campus/basepoint-academy-forney-227806059
699,807,0,015825101,Lighthouse Elem,Lighthouse Public Schools,F,37.2,289,https://txschools.net/campus/lighthouse-elem-015825101
700,807,0,101871102,Paul David Castro MS,A' Unlimited Potential,C,38.7,138,https://txschools.net/campus/paul-david-castro-ms-101871102
701,807,0,072801150,Premier HS - San Angelo,Premier High Schools,C,39,176,https://txschools.net/campus/premier-hs-san-angelo-072801150
702,807,0,072801112,Premier HS of Midland,Premier High Schools,A,39.4,157,https://txschools.net/campus/premier-hs-of-midland-072801112
703,807,0,101877001,Elevate Collegiate,Elevate Collegiate Charter School,C,39.5,224,https://txschools.net/campus/elevate-collegiate-101877001
704,807,0,101845111,Yes Prep Hobby Elem,Yes Prep Public Schools Inc,B,39.6,266,https://txschools.net/campus/yes-prep-hobby-elem-101845111
705,807,1,015838002,Compass Rose Ingenuity,Compass Rose Public Schools,D,40.6,795,https://txschools.net/campus/compass-rose-ingenuity-015838002
705,807,1,071810002,El Paso Leadership Academy - HS East,El Paso Leadership Academy,F,40.6,361,https://txschools.net/campus/el-paso-leadership-academy-hs-east-071810002
707,807,0,072801116,Premier HS of Mission,Premier High Schools,B,41.2,144,https://txschools.net/campus/premier-hs-of-mission-072801116
708,807,0,101821001,Houston Heights Charter School,Houston Heights High School,A,41.3,152,https://txschools.net/campus/houston-heights-charter-school-101821001
709,807,0,072801138,Premier HS of Dayton,Premier High Schools,A,41.6,92,https://txschools.net/campus/premier-hs-of-dayton-072801138
710,807,0,072801121,Premier HS of Waco,Premier High Schools,A,42.9,133,https://txschools.net/campus/premier-hs-of-waco-072801121
711,807,0,015838001,Compass Rose Legacy,Compass Rose Public Schools,C,44,459,https://txschools.net/campus/compass-rose-legacy-015838001
712,807,0,072801104,Premier HS of Palmview,Premier High Schools,B,44.4,96,https://txschools.net/campus/premier-hs-of-palmview-072801104
713,807,0,101868002,Pro-Vision MS,The Pro-Vision Academy,D,44.8,98,https://txschools.net/campus/pro-vision-ms-101868002
714,807,1,213801001,Brazos River Charter School,Brazos River Charter School,C,45.2,60,https://txschools.net/campus/brazos-river-charter-school-213801001
714,807,1,015825001,Lighthouse MS,Lighthouse Public Schools,B,45.2,104,https://txschools.net/campus/lighthouse-ms-015825001
716,807,0,101804004,George I Sanchez North,George I Sanchez Charter,C,46.2,330,https://txschools.net/campus/george-i-sanchez-north-101804004
717,807,0,015838003,Compass Rose Legacy Elem,Compass Rose Public Schools,C,48,335,https://txschools.net/campus/compass-rose-legacy-elem-015838003
718,807,0,015844101,Essence Preparatory Charter School,Essence Preparatory Charter School,F,48.3,438,https://txschools.net/campus/essence-preparatory-charter-school-015844101
719,807,1,072801153,Premier HS Odessa,Premier High Schools,A,49,153,https://txschools.net/campus/premier-hs-odessa-072801153
719,807,1,240801001,Triumph Public High Schools-Laredo North,Triumph Public High Schools Central Texas,A,49,105,https://txschools.net/campus/triumph-public-high-schools-laredo-north-240801001
721,807,0,108804001,Triumph Public High Schools-Mercedes,Triumph Public High Schools-Rio Grande Valley,B,50,132,https://txschools.net/campus/triumph-public-high-schools-mercedes-108804001
722,807,0,014804005,Gateway Tech HS,Orenda Charter School,A,51.5,47,https://txschools.net/campus/gateway-tech-hs-014804005
723,807,1,105801001,Katherine Anne Porter School,Katherine Anne Porter School,D,51.8,76,https://txschools.net/campus/katherine-anne-porter-school-105801001
723,807,1,015801002,Por Vida Academy at Corpus Christi,Por Vida Academy,B,51.8,60,https://txschools.net/campus/por-vida-academy-at-corpus-christi-015801002
725,807,1,015825002,Lighthouse High,Lighthouse Public Schools,C,52,88,https://txschools.net/campus/lighthouse-high-015825002
725,807,1,057828004,Winfree Academy Charter School - Grand Prairie,Winfree Academy Charter Schools,A,52,221,https://txschools.net/campus/winfree-academy-charter-school-grand-prairie-057828004
727,807,0,072801107,Premier HS of Del Rio,Premier High Schools,C,52.5,50,https://txschools.net/campus/premier-hs-of-del-rio-072801107
728,807,0,015807001,Northeast Elem Campus,Southwest Preparatory School,C,53.6,86,https://txschools.net/campus/northeast-elem-campus-015807001
729,807,1,072801154,Premier High School-Canyon,Premier High Schools,A,53.8,43,https://txschools.net/campus/premier-high-school-canyon-072801154
729,807,1,072801129,Premier HS - Elem Paso (Mesa),Premier High Schools,A,53.8,99,https://txschools.net/campus/premier-hs-elem-paso-mesa-072801129
731,807,0,072801143,Premier High School-El Paso Eastpointe,Premier High Schools,B,54.3,163,https://txschools.net/campus/premier-high-school-el-paso-eastpointe-072801143
732,807,0,072802001,Huston Academy,Erath Excels Academy Inc,B,54.7,37,https://txschools.net/campus/huston-academy-072802001
733,807,1,072801135,Premier HS of Huntsville,Premier High Schools,A,54.8,62,https://txschools.net/campus/premier-hs-of-huntsville-072801135
733,807,1,071803002,Triumph Public High Schools-El Paso East,Triumph Public High Schools-West Texas,B,54.8,120,https://txschools.net/campus/triumph-public-high-schools-el-paso-east-071803002
735,807,0,072801001,Premier HS of Comanche/Early,Premier High Schools,A,54.9,69,https://txschools.net/campus/premier-hs-of-comanche-early-072801001
736,807,0,072801161,Premier HS - Houston (Sharpstown),Premier High Schools,A,55.3,154,https://txschools.net/campus/premier-hs-houston-sharpstown-072801161
737,807,0,101868001,The Pro-Vision Academy,The Pro-Vision Academy,C,55.9,141,https://txschools.net/campus/the-pro-vision-academy-101868001
738,807,0,072801158,Premier HS - Lubbock (Briercroft),Premier High Schools,A,56.1,133,https://txschools.net/campus/premier-hs-lubbock-briercroft-072801158
739,807,0,071804002,El Paso Academy West,El Paso Academy,A,56.7,112,https://txschools.net/campus/el-paso-academy-west-071804002
740,807,0,015807002,Southwest Preparatory Southeast Campus,Southwest Preparatory School,C,57.6,188,https://txschools.net/campus/southwest-preparatory-southeast-campus-015807002
741,807,0,072801109,Premier HS of Laredo,Premier High Schools,A,57.8,117,https://txschools.net/campus/premier-hs-of-laredo-072801109
742,807,0,072801142,Premier HS of Amarillo,Premier High Schools,A,59.1,215,https://txschools.net/campus/premier-hs-of-amarillo-072801142
743,807,0,072801147,Premier HS-Houston (Champions),Premier High Schools,A,59.3,86,https://txschools.net/campus/premier-hs-houston-champions-072801147
744,807,0,072801115,Premier HS of Weslaco,Premier High Schools,A,59.4,118,https://txschools.net/campus/premier-hs-of-weslaco-072801115
745,807,0,015807005,Northeast Campus,Southwest Preparatory School,A,60,69,https://txschools.net/campus/northeast-campus-015807005
746,807,0,072801159,Premier HS - Wichita Falls,Premier High Schools,B,60.2,120,https://txschools.net/campus/premier-hs-wichita-falls-072801159
747,807,0,057834004,Evolution Academy Houston,Evolution Academy Charter School,A,60.4,195,https://txschools.net/campus/evolution-academy-houston-057834004
748,807,0,108804003,Triumph Public High Schools-San Benito,Triumph Public High Schools-Rio Grande Valley,A,61,110,https://txschools.net/campus/triumph-public-high-schools-san-benito-108804003
749,807,0,071804001,El Paso Academy,El Paso Academy,A,61.1,183,https://txschools.net/campus/el-paso-academy-071804001
750,807,1,072801131,Premier HS of Arlington,Premier High Schools,A,62,165,https://txschools.net/campus/premier-hs-of-arlington-072801131
750,807,1,072801136,Premier HS of New Braunfels,Premier High Schools,B,62,77,https://txschools.net/campus/premier-hs-of-new-braunfels-072801136
752,807,0,057834003,Evolution Academy Beaumont,Evolution Academy Charter School,A,63.2,188,https://txschools.net/campus/evolution-academy-beaumont-057834003
753,807,0,057804004,Texans Can Academy - Pleasant Grove,Texans Can Academies,C,63.3,521,https://txschools.net/campus/texans-can-academy-pleasant-grove-057804004
754,807,0,072801165,Premier HS Mesquite,Premier High Schools,B,64.9,122,https://txschools.net/campus/premier-hs-mesquite-072801165
755,807,0,072801152,Premier HS Houston Gallery North,Premier High Schools,A,65.2,128,https://txschools.net/campus/premier-hs-houston-gallery-north-072801152
756,807,0,015838009,Compass Rose Impact,Compass Rose Public Schools,B,66.7,152,https://txschools.net/campus/compass-rose-impact-015838009
757,807,0,072801164,Premier HS - Desoto,Premier High Schools,B,67.3,59,https://txschools.net/campus/premier-hs-desoto-072801164
758,807,0,072801118,Premier HS of Tyler,Premier High Schools,B,67.6,68,https://txschools.net/campus/premier-hs-of-tyler-072801118
759,807,0,057804003,Texans Can Academy - Carrollton Farmers Branch,Texans Can Academies,B,68.1,173,https://txschools.net/campus/texans-can-academy-carrollton-farmers-branch-057804003
760,807,0,072801148,Premier HS of Texarkana,Premier High Schools,A,68.5,114,https://txschools.net/campus/premier-hs-of-texarkana-072801148
761,807,0,072801113,Premier HS - Austin (South Campus),Premier High Schools,A,68.7,127,https://txschools.net/campus/premier-hs-austin-south-campus-072801113
762,807,0,072801149,Premier HS - San Antonio (Ingram),Premier High Schools,B,69.1,92,https://txschools.net/campus/premier-hs-san-antonio-ingram-072801149
763,807,0,072801160,Premier HS - Longview,Premier High Schools,B,69.2,31,https://txschools.net/campus/premier-hs-longview-072801160
764,807,0,072801163,Premier HS - Fort Worth (Jacksboro),Premier High Schools,A,70.6,121,https://txschools.net/campus/premier-hs-fort-worth-jacksboro-072801163
765,807,0,072801146,Premier High Schools - Edinburg Career & Technical,Premier High Schools,A,70.7,140,https://txschools.net/campus/premier-high-schools-edinburg-career-technical-072801146
766,807,0,072801117,Premier HS - San Antonio (Windcrest),Premier High Schools,B,70.8,86,https://txschools.net/campus/premier-hs-san-antonio-windcrest-072801117
767,807,1,057834001,Evolution Academy Charter School,Evolution Academy Charter School,B,71,256,https://txschools.net/campus/evolution-academy-charter-school-057834001
767,807,1,057828001,Winfree Academy Charter School (Irving),Winfree Academy Charter Schools,B,71,133,https://txschools.net/campus/winfree-academy-charter-school-irving-057828001
769,807,0,101871001,Dianne Johnson HS,A' Unlimited Potential,A,71.4,52,https://txschools.net/campus/dianne-johnson-hs-101871001
770,807,1,072801101,Premier HS of Abilene,Premier High Schools,B,71.5,159,https://txschools.net/campus/premier-hs-of-abilene-072801101
770,807,1,072801110,Premier HS of Lubbock,Premier High Schools,A,71.5,135,https://txschools.net/campus/premier-hs-of-lubbock-072801110
772,807,0,015808016,Rise Inspire Academy,Inspire Academies,D,72.3,29,https://txschools.net/campus/rise-inspire-academy-015808016
773,807,0,072801128,Premier HS - Austin (Wells Branch),Premier High Schools,B,72.8,86,https://txschools.net/campus/premier-hs-austin-wells-branch-072801128
774,807,0,015814001,Positive Solutions Charter,Positive Solutions Charter School,B,73.8,91,https://txschools.net/campus/positive-solutions-charter-015814001
775,807,0,072801162,Premier HS - Fort Worth (Southside),Premier High Schools,B,73.9,136,https://txschools.net/campus/premier-hs-fort-worth-southside-072801162
776,807,0,057828006,Winfree Academy Charter School Dallas,Winfree Academy Charter Schools,C,74,244,https://txschools.net/campus/winfree-academy-charter-school-dallas-057828006
777,807,0,057828002,Winfree Academy Charter School (Lewisville),Winfree Academy Charter Schools,B,74.3,103,https://txschools.net/campus/winfree-academy-charter-school-lewisville-057828002
778,807,0,014801010,Richard Milburn Academy Midland,Richard Milburn Alter High School (Killeen),C,75,165,https://txschools.net/campus/richard-milburn-academy-midland-014801010
779,807,1,072801108,Premier HS of Fort Worth,Premier High Schools,A,75.4,105,https://txschools.net/campus/premier-hs-of-fort-worth-072801108
779,807,1,014801008,Richard Milburn Academy Amarillo,Richard Milburn Alter High School (Killeen),B,75.4,133,https://txschools.net/campus/richard-milburn-academy-amarillo-014801008
781,807,0,072801156,Premier HS - Houston - Hobby,Premier High Schools,A,75.6,79,https://txschools.net/campus/premier-hs-houston-hobby-072801156
782,807,0,057804012,Texans Can Academy - Houston Southwest,Texans Can Academies,B,76.2,287,https://txschools.net/campus/texans-can-academy-houston-southwest-057804012
783,807,0,014801005,Richard Milburn Academy Houston (Suburban),Richard Milburn Alter High School (Killeen),B,76.7,163,https://txschools.net/campus/richard-milburn-academy-houston-suburban-014801005
784,807,0,015801001,Por Vida Academy,Por Vida Academy,B,77.2,107,https://txschools.net/campus/por-vida-academy-015801001
785,807,1,072801144,Premier HS of Pflugerville,Premier High Schools,A,77.5,92,https://txschools.net/campus/premier-hs-of-pflugerville-072801144
785,807,1,057804010,Texans Can Academy - Houston Hobby,Texans Can Academies,B,77.5,291,https://txschools.net/campus/texans-can-academy-houston-hobby-057804010
787,807,0,057828005,Winfree Academy North Richland Hills,Winfree Academy Charter Schools,B,78.5,231,https://txschools.net/campus/winfree-academy-north-richland-hills-057828005
788,807,0,071803003,Triumph Public High Schools-Abilene,Triumph Public High Schools-West Texas,B,78.6,111,https://txschools.net/campus/triumph-public-high-schools-abilene-071803003
789,807,0,057804008,Texans Can Academy - Fort Worth Lancaster Avenue,Texans Can Academies,B,78.9,285,https://txschools.net/campus/texans-can-academy-fort-worth-lancaster-avenue-057804008
790,807,0,057828003,Winfree Academy Charter School (Richardson),Winfree Academy Charter Schools,B,79.1,121,https://txschools.net/campus/winfree-academy-charter-school-richardson-057828003
791,807,0,072801103,Premier HS of Brownsville,Premier High Schools,B,79.8,176,https://txschools.net/campus/premier-hs-of-brownsville-072801103
792,807,0,072801166,Premier HS - Houston (Greenspoint),Premier High Schools,D,80.4,69,https://txschools.net/campus/premier-hs-houston-greenspoint-072801166
793,807,1,072801130,Premier HS of San Juan,Premier High Schools,B,81.1,99,https://txschools.net/campus/premier-hs-of-san-juan-072801130
793,807,1,014801001,Richard Milburn Alter HS (Killeen),Richard Milburn Alter High School (Killeen),C,81.1,168,https://txschools.net/campus/richard-milburn-alter-hs-killeen-014801001
795,807,0,014801009,Richard Milburn Academy Pasadena,Richard Milburn Alter High School (Killeen),B,81.4,147,https://txschools.net/campus/richard-milburn-academy-pasadena-014801009
796,807,0,014801004,Richard Milburn Academy Lubbock,Richard Milburn Alter High School (Killeen),B,81.9,135,https://txschools.net/campus/richard-milburn-academy-lubbock-014801004
797,807,0,152803001,Triumph Public High Schools-Lubbock,Triumph Public High Schools-Lubbock,C,82,119,https://txschools.net/campus/triumph-public-high-schools-lubbock-152803001
798,807,0,057804002,Texans Can Academy - Oak Cliff,Texans Can Academies,B,82.3,506,https://txschools.net/campus/texans-can-academy-oak-cliff-057804002
799,807,0,072801157,Premier HS - Corpus Christi,Premier High Schools,A,83,134,https://txschools.net/campus/premier-hs-corpus-christi-072801157
800,807,0,014801007,Richard Milburn Academy Corpus Christi,Richard Milburn Alter High School (Killeen),C,83.9,235,https://txschools.net/campus/richard-milburn-academy-corpus-christi-014801007
801,807,0,057804005,Texans Can Academy - Grant East,Texans Can Academies,B,84.9,177,https://txschools.net/campus/texans-can-academy-grant-east-057804005
802,807,0,240801003,Triumph Public High Schools-San Antonio,Triumph Public High Schools Central Texas,C,85.8,112,https://txschools.net/campus/triumph-public-high-schools-san-antonio-240801003
803,807,0,014801002,Richard Milburn Academy Odessa,Richard Milburn Alter High School (Killeen),C,86.5,288,https://txschools.net/campus/richard-milburn-academy-odessa-014801002
804,807,0,057804007,Texans Can Academy - Fort Worth Westcreek,Texans Can Academies,B,87.3,214,https://txschools.net/campus/texans-can-academy-fort-worth-westcreek-057804007
805,807,0,057804001,Texans Can Academy - Dallas North,Texans Can Academies,B,87.8,140,https://txschools.net/campus/texans-can-academy-dallas-north-057804001
806,807,0,057804009,Texans Can Academy - Houston North,Texans Can Academies,B,93.2,216,https://txschools.net/campus/texans-can-academy-houston-north-057804009
807,807,0,014801006,Richard Milburn Academy Fort Worth,Richard Milburn Alter High School (Killeen),D,95.1,94,https://txschools.net/campus/richard-milburn-academy-fort-worth-014801006
