# txschools.net — unofficial. Not operated by, endorsed by, or affiliated with the Texas Education Agency.
# source: Texas Education Agency, published publicly at https://txschools.gov
# snapshot: 15 August 2026 — the date this site fetched the source data. The publisher may have revised it since.
# official accountability landing page: Texas Education Agency Reports and Data Portal at https://tea.texas.gov/school-and-district-leaders/accountability/academic-accountability/performance-reporting/texas-education-agency-reports-and-data-portal
# dataset: ranking board
# page: https://txschools.net/rankings/charters/texas-campuses/closing-the-gaps-highest
# rows: 807 (excluding this header and the column row)
# ranking: Texas open-enrollment charter campuses with the highest Closing the Gaps in 2025-26
# sector: charter (open-enrollment charters only)
# population: 807 campuses of 965 campuses are ranked here.
# population: 136 were not rated by TEA for 2025-26 and are not ranked.
# population: 22 reported no figure for this measure and are not ranked.
# rank_of is how many rows were actually ranked (can be smaller than the population above); two rows on the same value share a rank ("tied"), and the next rank is skipped.
# empty cell = the source did not publish that figure, suppressed it, or did not report it. It does not mean zero.
# numbers are unformatted: no thousands separators, no currency symbols, no percent signs.
# rights: txschools.net does not grant permission to reuse third-party source material; consult the publisher's terms and policies, including TEA's at https://tea.texas.gov/about-tea/welcome-and-overview/site-policies.
# lines starting with # are comments — pandas: read_csv(path, comment='#')
rank,rank_of,tied,entity_id,name,district,rating,value,enrollment,url
1,807,1,227814001,Chaparral Star Academy,Chaparral Star Academy,A,100,387,https://txschools.net/campus/chaparral-star-academy-227814001
1,807,1,101862002,Harmony School of Innovation-Sugar Land,Harmony Public Schools - Houston West,A,100,939,https://txschools.net/campus/harmony-school-of-innovation-sugar-land-101862002
3,807,1,015834001,Basis San Antonio- Shavano Campus,Basis Texas,A,99,1111,https://txschools.net/campus/basis-san-antonio-shavano-campus-015834001
3,807,1,183801003,Panola Early College HS,Panola Charter School,A,99,52,https://txschools.net/campus/panola-early-college-hs-183801003
5,807,8,015834007,Basis Cedar Park,Basis Texas,A,98,499,https://txschools.net/campus/basis-cedar-park-015834007
5,807,8,015834005,Basis Pflugerville,Basis Texas,A,98,330,https://txschools.net/campus/basis-pflugerville-015834005
5,807,8,101837001,Calvin Nelms HS,Calvin Nelms Charter Schools,A,98,198,https://txschools.net/campus/calvin-nelms-hs-101837001
5,807,8,014804006,Gateway College Preparatory School,Orenda Charter School,A,98,1678,https://txschools.net/campus/gateway-college-preparatory-school-014804006
5,807,8,227816004,Harmony School of Endeavor - Austin,Harmony Public Schools - Central Texas,A,98,991,https://txschools.net/campus/harmony-school-of-endeavor-austin-227816004
5,807,8,161807011,Harmony School of Innovation - Fort Worth,Harmony Public Schools - North Texas,A,98,999,https://txschools.net/campus/harmony-school-of-innovation-fort-worth-161807011
5,807,8,057848018,ILTexas Katy - Westpark HS,International Leadership of Texas (ILTexas),A,98,858,https://txschools.net/campus/iltexas-katy-westpark-hs-057848018
5,807,8,101838001,Southwest Public Schools College &career Prep Acad,Southwest Public Schools,A,98,453,https://txschools.net/campus/southwest-public-schools-college-career-prep-acad-101838001
5,807,8,220810001,Westlake Academy,Westlake Academy Charter School,A,98,908,https://txschools.net/campus/westlake-academy-220810001
14,807,12,101870001,Beta Academy,Beta Academy,A,97,633,https://txschools.net/campus/beta-academy-101870001
14,807,12,221801063,Founders Classical Academy of Flower Mound,Texas College Preparatory Academies,A,97,948,https://txschools.net/campus/founders-classical-academy-of-flower-mound-221801063
14,807,12,015805001,Frank L Madla Early College HS,New Frontiers Public Schools Inc,A,97,146,https://txschools.net/campus/frank-l-madla-early-college-hs-015805001
14,807,12,161807005,Harmony School of Innovation - Dallas,Harmony Public Schools - North Texas,A,97,592,https://txschools.net/campus/harmony-school-of-innovation-dallas-161807005
14,807,12,161807009,Harmony Science Academy - Euless,Harmony Public Schools - North Texas,A,97,684,https://txschools.net/campus/harmony-science-academy-euless-161807009
14,807,12,043801001,Imagine International Academy of North Texas,Imagine International Academy of North Texas,A,97,1438,https://txschools.net/campus/imagine-international-academy-of-north-texas-043801001
14,807,12,221801051,Ischool High at University Park,Texas College Preparatory Academies,A,97,458,https://txschools.net/campus/ischool-high-at-university-park-221801051
14,807,12,072801115,Premier HS of Weslaco,Premier High Schools,A,97,118,https://txschools.net/campus/premier-hs-of-weslaco-072801115
14,807,12,015831002,Sst Corpus Christi,School of Science and Technology Discovery,A,97,2304,https://txschools.net/campus/sst-corpus-christi-015831002
14,807,12,183801002,Texas Early College HS,Panola Charter School,A,97,93,https://txschools.net/campus/texas-early-college-hs-183801002
14,807,12,057845004,UME Dallas Secondary,UME Preparatory Academy,A,97,758,https://txschools.net/campus/ume-dallas-secondary-057845004
14,807,12,057808102,Universal Academy Coppell,Universal Academy,A,97,1299,https://txschools.net/campus/universal-academy-coppell-057808102
14,807,12,057803002,Uplift North Hills Prep HS,Uplift Education,A,97,540,https://txschools.net/campus/uplift-north-hills-prep-hs-057803002
27,807,15,015834010,Basis Plano,Basis Texas,A,96,354,https://txschools.net/campus/basis-plano-015834010
27,807,15,015838010,Compass Rose Opportunity,Compass Rose Public Schools,A,96,146,https://txschools.net/campus/compass-rose-opportunity-015838010
27,807,15,092801001,Dan Chadwick Campus,East Texas Charter Schools,A,96,125,https://txschools.net/campus/dan-chadwick-campus-092801001
27,807,15,221801068,Founders Classical Academy - Frisco,Texas College Preparatory Academies,A,96,897,https://txschools.net/campus/founders-classical-academy-frisco-221801068
27,807,15,101858005,Harmony School of Discovery - Houston,Harmony Public Schools - Houston North,A,96,882,https://txschools.net/campus/harmony-school-of-discovery-houston-101858005
27,807,15,101862005,Harmony School of Innovation - Katy,Harmony Public Schools - Houston West,A,96,927,https://txschools.net/campus/harmony-school-of-innovation-katy-101862005
27,807,15,071806001,Harmony Science Acad (El Paso),Harmony Public Schools - West Texas,A,96,1036,https://txschools.net/campus/harmony-science-acad-el-paso-071806001
27,807,15,015815101,Heritage Academy,Heritage Academy,A,96,33,https://txschools.net/campus/heritage-academy-015815101
27,807,15,108807002,IDEA Quest College Preparatory,IDEA Public Schools,A,96,664,https://txschools.net/campus/idea-quest-college-preparatory-108807002
27,807,15,108807014,IDEA Riverview College Preparatory,IDEA Public Schools,A,96,814,https://txschools.net/campus/idea-riverview-college-preparatory-108807014
27,807,15,246801001,Meridian World School LLC,Meridian World School LLC,A,96,1757,https://txschools.net/campus/meridian-world-school-llc-246801001
27,807,15,015807004,Southwest Preparatory School-Northwest,Southwest Preparatory School,A,96,121,https://txschools.net/campus/southwest-preparatory-school-northwest-015807004
27,807,15,015831008,Sst Hill Country College Prep HS,School of Science and Technology Discovery,A,96,421,https://txschools.net/campus/sst-hill-country-college-prep-hs-015831008
27,807,15,015831009,Sst Sugar Land College Prep HS,School of Science and Technology Discovery,A,96,773,https://txschools.net/campus/sst-sugar-land-college-prep-hs-015831009
27,807,15,123803001,Tekoa Academy of Accelerated Studies,Tekoa Academy of Accelerated Studies STEM School,A,96,38,https://txschools.net/campus/tekoa-academy-of-accelerated-studies-123803001
27,807,15,123803041,Tekoa Academy of Accelerated Studies,Tekoa Academy of Accelerated Studies STEM School,A,96,35,https://txschools.net/campus/tekoa-academy-of-accelerated-studies-123803041
43,807,15,161807013,Harmony Science Academy - Carrollton,Harmony Public Schools - North Texas,A,95,557,https://txschools.net/campus/harmony-science-academy-carrollton-161807013
43,807,15,101846001,Harmony Science Academy-Houston,Harmony Public Schools - Houston South,A,95,749,https://txschools.net/campus/harmony-science-academy-houston-101846001
43,807,15,227816002,Harmony Science Academy-Pflugerville,Harmony Public Schools - Central Texas,A,95,777,https://txschools.net/campus/harmony-science-academy-pflugerville-227816002
43,807,15,015815041,Heritage Academy of Del Rio,Heritage Academy,A,95,179,https://txschools.net/campus/heritage-academy-of-del-rio-015815041
43,807,15,015815042,Heritage Academy of Del Rio MS,Heritage Academy,A,95,253,https://txschools.net/campus/heritage-academy-of-del-rio-ms-015815042
43,807,15,057848034,ILTexas Aggieland HS,International Leadership of Texas (ILTexas),A,95,233,https://txschools.net/campus/iltexas-aggieland-hs-057848034
43,807,15,057848009,ILTexas Keller - Saginaw HS,International Leadership of Texas (ILTexas),A,95,784,https://txschools.net/campus/iltexas-keller-saginaw-hs-057848009
43,807,15,057807002,Life HS Waxahachie,Life School,A,95,1148,https://txschools.net/campus/life-hs-waxahachie-057807002
43,807,15,174801101,Stephen F Austin State University Charter School,Stephen F Austin State University Charter School,A,95,254,https://txschools.net/campus/stephen-f-austin-state-university-charter-school-174801101
43,807,15,123803103,Tekoa Academy of Accelerated Studies - Orange,Tekoa Academy of Accelerated Studies STEM School,A,95,108,https://txschools.net/campus/tekoa-academy-of-accelerated-studies-orange-123803103
43,807,15,061805001,Trivium Academy,Trivium Academy,A,95,422,https://txschools.net/campus/trivium-academy-061805001
43,807,15,212804102,UT Tyler University Academy at Longview,UT Tyler University Academy,A,95,496,https://txschools.net/campus/ut-tyler-university-academy-at-longview-212804102
43,807,15,212804001,UT Tyler University Academy at Tyler,UT Tyler University Academy,A,95,447,https://txschools.net/campus/ut-tyler-university-academy-at-tyler-212804001
43,807,15,108808101,Vanguard Rembrandt,Vanguard Academy,A,95,1951,https://txschools.net/campus/vanguard-rembrandt-108808101
43,807,15,101845008,Yes Prep - 5th Ward,Yes Prep Public Schools Inc,A,95,882,https://txschools.net/campus/yes-prep-5th-ward-101845008
43,807,15,101845012,Yes Prep - Northline,Yes Prep Public Schools Inc,A,95,1036,https://txschools.net/campus/yes-prep-northline-101845012
59,807,18,221801043,Founders Classical Academy - Lewisville,Texas College Preparatory Academies,A,94,902,https://txschools.net/campus/founders-classical-academy-lewisville-221801043
59,807,18,101858004,Harmony School of Advancement-Houston,Harmony Public Schools - Houston North,A,94,773,https://txschools.net/campus/harmony-school-of-advancement-houston-101858004
59,807,18,071806002,Harmony School of Innovation - Elem Paso,Harmony Public Schools - West Texas,A,94,1260,https://txschools.net/campus/harmony-school-of-innovation-elem-paso-071806002
59,807,18,161807006,Harmony School of Innovation - Garland,Harmony Public Schools - North Texas,A,94,661,https://txschools.net/campus/harmony-school-of-innovation-garland-161807006
59,807,18,015828001,Harmony Science Acad (San Antonio),Harmony Public Schools - South Texas,A,94,658,https://txschools.net/campus/harmony-science-acad-san-antonio-015828001
59,807,18,227816008,Harmony Science Academy - Leander,Harmony Public Schools - Central Texas,A,94,640,https://txschools.net/campus/harmony-science-academy-leander-227816008
59,807,18,108807008,IDEA Pharr College Preparatory,IDEA Public Schools,A,94,864,https://txschools.net/campus/idea-pharr-college-preparatory-108807008
59,807,18,108807036,IDEA Rundberg College Preparatory,IDEA Public Schools,A,94,792,https://txschools.net/campus/idea-rundberg-college-preparatory-108807036
59,807,18,227804101,NYOS Lamar Secondary,NYOS Charter School,A,94,887,https://txschools.net/campus/nyos-lamar-secondary-227804101
59,807,18,152802101,Rise Academy,Rise Academy,A,94,287,https://txschools.net/campus/rise-academy-152802101
59,807,18,101806001,Ryss Early College at Broadway,Raul Yzaguirre Schools for Success,A,94,312,https://txschools.net/campus/ryss-early-college-at-broadway-101806001
59,807,18,123803101,Tekoa Academy of Accelerated Studies,Tekoa Academy of Accelerated Studies STEM School,A,94,214,https://txschools.net/campus/tekoa-academy-of-accelerated-studies-123803101
59,807,18,057803041,Uplift North Hills Prep MS,Uplift Education,A,94,499,https://txschools.net/campus/uplift-north-hills-prep-ms-057803041
59,807,18,108808107,Vanguard Monet,Vanguard Academy,A,94,223,https://txschools.net/campus/vanguard-monet-108808107
59,807,18,101845003,Yes Prep - East End,Yes Prep Public Schools Inc,A,94,1040,https://txschools.net/campus/yes-prep-east-end-101845003
59,807,18,101845101,Yes Prep - North Central,Yes Prep Public Schools Inc,A,94,1025,https://txschools.net/campus/yes-prep-north-central-101845101
59,807,18,101845013,Yes Prep - Northwest,Yes Prep Public Schools Inc,A,94,826,https://txschools.net/campus/yes-prep-northwest-101845013
59,807,18,101845011,Yes Prep - Southside,Yes Prep Public Schools Inc,A,94,875,https://txschools.net/campus/yes-prep-southside-101845011
59,807,18,101845005,Yes Prep - West,Yes Prep Public Schools Inc,A,94,1015,https://txschools.net/campus/yes-prep-west-101845005
78,807,28,084804101,Ambassadors Preparatory Academy,Ambassadors Preparatory Academy,A,93,140,https://txschools.net/campus/ambassadors-preparatory-academy-084804101
78,807,28,015834107,Basis Cedar Park Pri,Basis Texas,A,93,834,https://txschools.net/campus/basis-cedar-park-pri-015834107
78,807,28,123807001,Bob Hope School,Bob Hope School,A,93,446,https://txschools.net/campus/bob-hope-school-123807001
78,807,28,221801020,Founders Classical Academy-Corinth-Upper School,Texas College Preparatory Academies,B,93,526,https://txschools.net/campus/founders-classical-academy-corinth-upper-school-221801020
78,807,28,101819002,Friends for Life MS,Amigos Por Vida-Friends for Life Pub Chtr Sch,A,93,243,https://txschools.net/campus/friends-for-life-ms-101819002
78,807,28,101858010,Harmony School of Excellence - Katy,Harmony Public Schools - Houston North,A,93,1373,https://txschools.net/campus/harmony-school-of-excellence-katy-101858010
78,807,28,101862006,Harmony School of Excellence - Sugar Land,Harmony Public Schools - Houston West,A,93,1511,https://txschools.net/campus/harmony-school-of-excellence-sugar-land-101862006
78,807,28,101862004,Harmony Science Academy- Beaumont,Harmony Public Schools - Houston West,A,93,1361,https://txschools.net/campus/harmony-science-academy-beaumont-101862004
78,807,28,101862001,Harmony Science Academy-Sugar Land,Harmony Public Schools - Houston West,A,93,757,https://txschools.net/campus/harmony-science-academy-sugar-land-101862001
78,807,28,101828001,Houston Gateway Academy - Coral Campus,Houston Gateway Academy Inc,A,93,913,https://txschools.net/campus/houston-gateway-academy-coral-campus-101828001
78,807,28,108807020,IDEA Carver College Preparatory,IDEA Public Schools,A,93,599,https://txschools.net/campus/idea-carver-college-preparatory-108807020
78,807,28,108807009,IDEA Edinburg College Preparatory,IDEA Public Schools,A,93,804,https://txschools.net/campus/idea-edinburg-college-preparatory-108807009
78,807,28,108807030,IDEA Ingram Hills College Preparatory,IDEA Public Schools,A,93,508,https://txschools.net/campus/idea-ingram-hills-college-preparatory-108807030
78,807,28,108807004,IDEA Mission College Preparatory,IDEA Public Schools,A,93,806,https://txschools.net/campus/idea-mission-college-preparatory-108807004
78,807,28,108807018,IDEA Toros College Preparatory,IDEA Public Schools,A,93,199,https://txschools.net/campus/idea-toros-college-preparatory-108807018
78,807,28,015822007,Jubilee Living Way,Jubilee Academies,A,93,322,https://txschools.net/campus/jubilee-living-way-015822007
78,807,28,227820013,KIPP Houston HS,KIPP Texas Public Schools,A,93,590,https://txschools.net/campus/kipp-houston-hs-227820013
78,807,28,072801146,Premier High Schools - Edinburg Career & Technical,Premier High Schools,A,93,140,https://txschools.net/campus/premier-high-schools-edinburg-career-technical-072801146
78,807,28,072801113,Premier HS - Austin (South Campus),Premier High Schools,A,93,127,https://txschools.net/campus/premier-hs-austin-south-campus-072801113
78,807,28,072801157,Premier HS - Corpus Christi,Premier High Schools,A,93,134,https://txschools.net/campus/premier-hs-corpus-christi-072801157
78,807,28,015827001,Sst SA College Prep HS,School of Science and Technology,A,93,602,https://txschools.net/campus/sst-sa-college-prep-hs-015827001
78,807,28,057803101,Uplift North Hills Prep Ps,Uplift Education,A,93,641,https://txschools.net/campus/uplift-north-hills-prep-ps-057803101
78,807,28,108808105,Vanguard Beethoven,Vanguard Academy,A,93,1811,https://txschools.net/campus/vanguard-beethoven-108808105
78,807,28,101845006,Yes Prep - Brays Oaks,Yes Prep Public Schools Inc,A,93,1066,https://txschools.net/campus/yes-prep-brays-oaks-101845006
78,807,28,101845004,Yes Prep - Gulfton,Yes Prep Public Schools Inc,A,93,1035,https://txschools.net/campus/yes-prep-gulfton-101845004
78,807,28,101845007,Yes Prep - Northside,Yes Prep Public Schools Inc,A,93,971,https://txschools.net/campus/yes-prep-northside-101845007
78,807,28,101845001,Yes Prep - Southeast,Yes Prep Public Schools Inc,A,93,802,https://txschools.net/campus/yes-prep-southeast-101845001
78,807,28,101845002,Yes Prep - Southwest,Yes Prep Public Schools Inc,A,93,1085,https://txschools.net/campus/yes-prep-southwest-101845002
78,807,28,101845009,Yes Prep - White Oak,Yes Prep Public Schools Inc,A,93,947,https://txschools.net/campus/yes-prep-white-oak-101845009
107,807,43,101803001,Aristoi Classical Upper School,Aristoi Classical Academy,B,92,683,https://txschools.net/campus/aristoi-classical-upper-school-101803001
107,807,43,021805101,Arrow Academy - Liberation Academy,Arrow Academy,B,92,181,https://txschools.net/campus/arrow-academy-liberation-academy-021805101
107,807,43,123807103,Bob Hope Elem School-Baytown,Bob Hope School,A,92,436,https://txschools.net/campus/bob-hope-elem-school-baytown-123807103
107,807,43,227817001,Cedars Academy Next Generation HS at Highland,Cedars International Academy,A,92,106,https://txschools.net/campus/cedars-academy-next-generation-hs-at-highland-227817001
107,807,43,184801001,Crosstimbers Academy,Crosstimbers Academy,A,92,114,https://txschools.net/campus/crosstimbers-academy-184801001
107,807,43,221801058,Founders Classical Academy of Leander,Texas College Preparatory Academies,A,92,698,https://txschools.net/campus/founders-classical-academy-of-leander-221801058
107,807,43,015835007,Great Hearts Irving Upper,Great Hearts Texas,A,92,1021,https://txschools.net/campus/great-hearts-irving-upper-015835007
107,807,43,101858007,Harmony School of Achievement - Houston,Harmony Public Schools - Houston North,A,92,686,https://txschools.net/campus/harmony-school-of-achievement-houston-101858007
107,807,43,071806006,Harmony School of Excellence - Elem Paso,Harmony Public Schools - West Texas,A,92,681,https://txschools.net/campus/harmony-school-of-excellence-elem-paso-071806006
107,807,43,015828008,Harmony School of Excellence - Laredo,Harmony Public Schools - South Texas,A,92,690,https://txschools.net/campus/harmony-school-of-excellence-laredo-015828008
107,807,43,101846003,Harmony School of Ingenuity-Houston,Harmony Public Schools - Houston South,A,92,733,https://txschools.net/campus/harmony-school-of-ingenuity-houston-101846003
107,807,43,015828007,Harmony School of Innovation - Brownsville,Harmony Public Schools - South Texas,A,92,410,https://txschools.net/campus/harmony-school-of-innovation-brownsville-015828007
107,807,43,161807012,Harmony School of Innovation- Euless,Harmony Public Schools - North Texas,A,92,716,https://txschools.net/campus/harmony-school-of-innovation-euless-161807012
107,807,43,101858011,Harmony Science Academy - Bridgeland,Harmony Public Schools - Houston North,A,92,566,https://txschools.net/campus/harmony-science-academy-bridgeland-101858011
107,807,43,161807003,Harmony Science Academy - Dallas,Harmony Public Schools - North Texas,A,92,1096,https://txschools.net/campus/harmony-science-academy-dallas-161807003
107,807,43,161807015,Harmony Science Academy - Plano,Harmony Public Schools - North Texas,B,92,647,https://txschools.net/campus/harmony-science-academy-plano-161807015
107,807,43,108807012,IDEA Brownsville College Preparatory,IDEA Public Schools,A,92,761,https://txschools.net/campus/idea-brownsville-college-preparatory-108807012
107,807,43,108807003,IDEA Frontier College Preparatory,IDEA Public Schools,A,92,793,https://txschools.net/campus/idea-frontier-college-preparatory-108807003
107,807,43,108807091,IDEA Health Professions College Preparatory,IDEA Public Schools,B,92,427,https://txschools.net/campus/idea-health-professions-college-preparatory-108807091
107,807,43,108807022,IDEA Monterrey Park College Preparatory,IDEA Public Schools,A,92,716,https://txschools.net/campus/idea-monterrey-park-college-preparatory-108807022
107,807,43,108807027,IDEA Najim College Preparatory,IDEA Public Schools,A,92,503,https://txschools.net/campus/idea-najim-college-preparatory-108807027
107,807,43,108807015,IDEA North Mission College Preparatory,IDEA Public Schools,A,92,794,https://txschools.net/campus/idea-north-mission-college-preparatory-108807015
107,807,43,108807200,IDEA Round Rock Tech College Preparatory,IDEA Public Schools,A,92,534,https://txschools.net/campus/idea-round-rock-tech-college-preparatory-108807200
107,807,43,057848008,ILTexas Keller MS,International Leadership of Texas (ILTexas),A,92,432,https://txschools.net/campus/iltexas-keller-ms-057848008
107,807,43,221801076,Ischool High - Atascocita,Texas College Preparatory Academies,A,92,158,https://txschools.net/campus/ischool-high-atascocita-221801076
107,807,43,227820018,KIPP East End HS,KIPP Texas Public Schools,A,92,602,https://txschools.net/campus/kipp-east-end-hs-227820018
107,807,43,227820205,KIPP Shine Prep,KIPP Texas Public Schools,A,92,918,https://txschools.net/campus/kipp-shine-prep-227820205
107,807,43,227820021,KIPP Somos Collegiate,KIPP Texas Public Schools,A,92,553,https://txschools.net/campus/kipp-somos-collegiate-227820021
107,807,43,061804002,Leadership Prep School Secondary,Leadership Prep School,B,92,826,https://txschools.net/campus/leadership-prep-school-secondary-061804002
107,807,43,221801034,Lewisville School of Science and Technology,Texas College Preparatory Academies,B,92,87,https://txschools.net/campus/lewisville-school-of-science-and-technology-221801034
107,807,43,072801110,Premier HS of Lubbock,Premier High Schools,A,92,135,https://txschools.net/campus/premier-hs-of-lubbock-072801110
107,807,43,101853042,Ripley House MS Campus,Bakerripley Community Schools,B,92,169,https://txschools.net/campus/ripley-house-ms-campus-101853042
107,807,43,015830102,Somerset Academy Lone Star,Somerset Academies of Texas,A,92,105,https://txschools.net/campus/somerset-academy-lone-star-015830102
107,807,43,015827006,Sst Champions,School of Science and Technology,A,92,1689,https://txschools.net/campus/sst-champions-015827006
107,807,43,015827008,Sst Sonterra,School of Science and Technology,A,92,202,https://txschools.net/campus/sst-sonterra-015827008
107,807,43,015827005,Sst Spring,School of Science and Technology,B,92,778,https://txschools.net/campus/sst-spring-015827005
107,807,43,015831005,Sst Sugar Land,School of Science and Technology Discovery,A,92,471,https://txschools.net/campus/sst-sugar-land-015831005
107,807,43,015827003,Sst the Woodlands,School of Science and Technology,A,92,556,https://txschools.net/campus/sst-the-woodlands-015827003
107,807,43,015827004,Sst Willow Creek,School of Science and Technology,A,92,287,https://txschools.net/campus/sst-willow-creek-015827004
107,807,43,057845003,UME Mansfield Elem,UME Preparatory Academy,A,92,213,https://txschools.net/campus/ume-mansfield-elem-057845003
107,807,43,057803012,Uplift Luna Prep MS,Uplift Education,B,92,618,https://txschools.net/campus/uplift-luna-prep-ms-057803012
107,807,43,212804103,UT Tyler University Academy-Palestine,UT Tyler University Academy,A,92,281,https://txschools.net/campus/ut-tyler-university-academy-palestine-212804103
107,807,43,227829001,Valor South Austin,Valor Education,B,92,1371,https://txschools.net/campus/valor-south-austin-227829001
107,807,43,101845014,Yes Prep - Hobby,Yes Prep Public Schools Inc,A,92,709,https://txschools.net/campus/yes-prep-hobby-101845014
151,807,33,101849101,Accelerated Interdisciplinary Acad,Accelerated Intermediate Academy,A,91,142,https://txschools.net/campus/accelerated-interdisciplinary-acad-101849101
151,807,33,015834105,Basis Pflugerville Pri,Basis Texas,A,91,995,https://txschools.net/campus/basis-pflugerville-pri-015834105
151,807,33,101871001,Dianne Johnson HS,A' Unlimited Potential,A,91,52,https://txschools.net/campus/dianne-johnson-hs-101871001
151,807,33,221801071,El Paso Classical Academy,Texas College Preparatory Academies,A,91,291,https://txschools.net/campus/el-paso-classical-academy-221801071
151,807,33,220809001,Fort Worth Academy of Fine Arts,Fort Worth Academy of Fine Arts,B,91,420,https://txschools.net/campus/fort-worth-academy-of-fine-arts-220809001
151,807,33,101846002,Harmony School of Innovation - Houston,Harmony Public Schools - Houston South,A,91,518,https://txschools.net/campus/harmony-school-of-innovation-houston-101846002
151,807,33,101862003,Harmony Science Academy-Katy,Harmony Public Schools - Houston West,A,91,1413,https://txschools.net/campus/harmony-science-academy-katy-101862003
151,807,33,108807005,IDEA San Benito College Preparatory,IDEA Public Schools,A,91,800,https://txschools.net/campus/idea-san-benito-college-preparatory-108807005
151,807,33,057848003,ILTexas Garland HS,International Leadership of Texas (ILTexas),A,91,616,https://txschools.net/campus/iltexas-garland-hs-057848003
151,807,33,057848002,ILTexas Garland MS,International Leadership of Texas (ILTexas),A,91,469,https://txschools.net/campus/iltexas-garland-ms-057848002
151,807,33,057848028,ILTexas Houston Orem MS,International Leadership of Texas (ILTexas),A,91,420,https://txschools.net/campus/iltexas-houston-orem-ms-057848028
151,807,33,057848026,ILTexas Houston Windmill Lakes MS,International Leadership of Texas (ILTexas),B,91,434,https://txschools.net/campus/iltexas-houston-windmill-lakes-ms-057848026
151,807,33,057848038,ILTexas Mansfield Heritage MS,International Leadership of Texas (ILTexas),B,91,183,https://txschools.net/campus/iltexas-mansfield-heritage-ms-057848038
151,807,33,057848013,ILTexas North Richland Hills MS,International Leadership of Texas (ILTexas),A,91,346,https://txschools.net/campus/iltexas-north-richland-hills-ms-057848013
151,807,33,221801056,Ischool High at the Woodlands,Texas College Preparatory Academies,B,91,676,https://txschools.net/campus/ischool-high-at-the-woodlands-221801056
151,807,33,221801080,Ischool-Creekside,Texas College Preparatory Academies,B,91,117,https://txschools.net/campus/ischool-creekside-221801080
151,807,33,227820041,KIPP Austin College Prep,KIPP Texas Public Schools,B,91,431,https://txschools.net/campus/kipp-austin-college-prep-227820041
151,807,33,227820056,KIPP Connect Preparatory,KIPP Texas Public Schools,A,91,968,https://txschools.net/campus/kipp-connect-preparatory-227820056
151,807,33,227820062,KIPP Journey Collegiate School,KIPP Texas Public Schools,A,91,616,https://txschools.net/campus/kipp-journey-collegiate-school-227820062
151,807,33,227820053,KIPP Polaris Academy for Boys,KIPP Texas Public Schools,B,91,340,https://txschools.net/campus/kipp-polaris-academy-for-boys-227820053
151,807,33,015825001,Lighthouse MS,Lighthouse Public Schools,B,91,104,https://txschools.net/campus/lighthouse-ms-015825001
151,807,33,003801001,Pineywoods Community Academy HS,Pineywoods Community Academy,A,91,296,https://txschools.net/campus/pineywoods-community-academy-hs-003801001
151,807,33,072801163,Premier HS - Fort Worth (Jacksboro),Premier High Schools,A,91,121,https://txschools.net/campus/premier-hs-fort-worth-jacksboro-072801163
151,807,33,072801161,Premier HS - Houston (Sharpstown),Premier High Schools,A,91,154,https://txschools.net/campus/premier-hs-houston-sharpstown-072801161
151,807,33,072801152,Premier HS Houston Gallery North,Premier High Schools,A,91,128,https://txschools.net/campus/premier-hs-houston-gallery-north-072801152
151,807,33,072801153,Premier HS Odessa,Premier High Schools,A,91,153,https://txschools.net/campus/premier-hs-odessa-072801153
151,807,33,072801142,Premier HS of Amarillo,Premier High Schools,A,91,215,https://txschools.net/campus/premier-hs-of-amarillo-072801142
151,807,33,072801131,Premier HS of Arlington,Premier High Schools,A,91,165,https://txschools.net/campus/premier-hs-of-arlington-072801131
151,807,33,072801108,Premier HS of Fort Worth,Premier High Schools,A,91,105,https://txschools.net/campus/premier-hs-of-fort-worth-072801108
151,807,33,072801137,Premier HS of Granbury,Premier High Schools,A,91,137,https://txschools.net/campus/premier-hs-of-granbury-072801137
151,807,33,072801112,Premier HS of Midland,Premier High Schools,A,91,157,https://txschools.net/campus/premier-hs-of-midland-072801112
151,807,33,101806043,Ryss MS at East Aldine,Raul Yzaguirre Schools for Success,A,91,137,https://txschools.net/campus/ryss-ms-at-east-aldine-101806043
151,807,33,240801001,Triumph Public High Schools-Laredo North,Triumph Public High Schools Central Texas,A,91,105,https://txschools.net/campus/triumph-public-high-schools-laredo-north-240801001
151,807,33,240801002,Triumph Public High Schools-Laredo South,Triumph Public High Schools Central Texas,A,91,147,https://txschools.net/campus/triumph-public-high-schools-laredo-south-240801002
185,807,24,015808009,Anne Frank Inspire Academy,Inspire Academies,B,90,532,https://txschools.net/campus/anne-frank-inspire-academy-015808009
185,807,24,123807002,Bob Hope HS,Bob Hope School,A,90,552,https://txschools.net/campus/bob-hope-hs-123807002
185,807,24,071801003,Davinci School for Science and the Arts,Burnham Wood Charter School District,B,90,1068,https://txschools.net/campus/davinci-school-for-science-and-the-arts-071801003
185,807,24,123805001,Ehrhart School,Ehrhart School,A,90,593,https://txschools.net/campus/ehrhart-school-123805001
185,807,24,057834004,Evolution Academy Houston,Evolution Academy Charter School,A,90,195,https://txschools.net/campus/evolution-academy-houston-057834004
185,807,24,015802001,George Gervin Academy,George Gervin Academy,B,90,716,https://txschools.net/campus/george-gervin-academy-015802001
185,807,24,101821001,Houston Heights Charter School,Houston Heights High School,A,90,152,https://txschools.net/campus/houston-heights-charter-school-101821001
185,807,24,108807084,IDEA Edgemere College Preparatory,IDEA Public Schools,A,90,598,https://txschools.net/campus/idea-edgemere-college-preparatory-108807084
185,807,24,108807096,IDEA Sports Park College Preparatory,IDEA Public Schools,A,90,493,https://txschools.net/campus/idea-sports-park-college-preparatory-108807096
185,807,24,057848024,ILTexas Saginaw MS,International Leadership of Texas (ILTexas),B,90,379,https://txschools.net/campus/iltexas-saginaw-ms-057848024
185,807,24,015822001,Jubilee San Antonio,Jubilee Academies,B,90,975,https://txschools.net/campus/jubilee-san-antonio-015822001
185,807,24,161802001,Paul and Jane Meyer Public HS,Rapoport Academy Public School,A,90,245,https://txschools.net/campus/paul-and-jane-meyer-public-hs-161802001
185,807,24,057850003,Pioneer Technology (PTAA) Fate,Pioneer Technology & Arts Academy,A,90,390,https://txschools.net/campus/pioneer-technology-ptaa-fate-057850003
185,807,24,221801082,Plainview Classical Academy,Texas College Preparatory Academies,B,90,343,https://txschools.net/campus/plainview-classical-academy-221801082
185,807,24,014803101,Priority Charter Schools- Temple Charter Academy,Priority Charter Schools,B,90,223,https://txschools.net/campus/priority-charter-schools-temple-charter-academy-014803101
185,807,24,101806101,Ryss Academy at Brownsville,Raul Yzaguirre Schools for Success,A,90,598,https://txschools.net/campus/ryss-academy-at-brownsville-101806101
185,807,24,015830101,Somerset Academy Collegiate,Somerset Academies of Texas,B,90,1092,https://txschools.net/campus/somerset-academy-collegiate-015830101
185,807,24,057808101,Universal Academy,Universal Academy,B,90,669,https://txschools.net/campus/universal-academy-057808101
185,807,24,057803013,Uplift Infinity Prep HS,Uplift Education,A,90,382,https://txschools.net/campus/uplift-infinity-prep-hs-057803013
185,807,24,057803009,Uplift Summit Prep HS,Uplift Education,A,90,424,https://txschools.net/campus/uplift-summit-prep-hs-057803009
185,807,24,057803004,Uplift Williams Prep HS,Uplift Education,A,90,528,https://txschools.net/campus/uplift-williams-prep-hs-057803004
185,807,24,227829002,Valor North Austin,Valor Education,B,90,1199,https://txschools.net/campus/valor-north-austin-227829002
185,807,24,108808104,Vanguard Mozart,Vanguard Academy,B,90,1130,https://txschools.net/campus/vanguard-mozart-108808104
185,807,24,227803001,Wayside Sci-Tech MS and HS,Wayside Schools,B,90,592,https://txschools.net/campus/wayside-sci-tech-ms-and-hs-227803001
185,807,24,101845010,Yes Prep North Forest,Yes Prep Public Schools Inc,A,90,995,https://txschools.net/campus/yes-prep-north-forest-101845010
210,807,8,071804002,El Paso Academy West,El Paso Academy,A,89,112,https://txschools.net/campus/el-paso-academy-west-071804002
210,807,8,161807014,Harmony School of Innovation - Waco,Harmony Public Schools - North Texas,B,89,645,https://txschools.net/campus/harmony-school-of-innovation-waco-161807014
210,807,8,101878001,Houston Classical School,Houston Classical Charter School,A,89,430,https://txschools.net/campus/houston-classical-school-101878001
210,807,8,108807006,IDEA San Juan College Preparatory,IDEA Public Schools,A,89,720,https://txschools.net/campus/idea-san-juan-college-preparatory-108807006
210,807,8,057848017,ILTexas Westpark MS,International Leadership of Texas (ILTexas),B,89,455,https://txschools.net/campus/iltexas-westpark-ms-057848017
210,807,8,227820060,KIPP Prime College Preparatory,KIPP Texas Public Schools,B,89,428,https://txschools.net/campus/kipp-prime-college-preparatory-227820060
210,807,8,015807005,Northeast Campus,Southwest Preparatory School,A,89,69,https://txschools.net/campus/northeast-campus-015807005
210,807,8,057848036,Richmond MS,International Leadership of Texas (ILTexas),A,89,270,https://txschools.net/campus/richmond-ms-057848036
210,807,8,057813110,Trinity Basin Preparatory - Titan Academy,Trinity Basin Preparatory,B,89,445,https://txschools.net/campus/trinity-basin-preparatory-titan-academy-057813110
219,807,23,101849041,Accelerated Int Charter School,Accelerated Intermediate Academy,A,88,24,https://txschools.net/campus/accelerated-int-charter-school-101849041
219,807,23,101837041,Calvin Nelms MS,Calvin Nelms Charter Schools,B,88,216,https://txschools.net/campus/calvin-nelms-ms-101837041
219,807,23,212801001,Cumberland Academy HS,Cumberland Academy,B,88,364,https://txschools.net/campus/cumberland-academy-hs-212801001
219,807,23,057834003,Evolution Academy Beaumont,Evolution Academy Charter School,A,88,188,https://txschools.net/campus/evolution-academy-beaumont-057834003
219,807,23,057834001,Evolution Academy Charter School,Evolution Academy Charter School,B,88,256,https://txschools.net/campus/evolution-academy-charter-school-057834001
219,807,23,221801077,Founders Classical Academy of Prosper,Texas College Preparatory Academies,B,88,953,https://txschools.net/campus/founders-classical-academy-of-prosper-221801077
219,807,23,057831001,Gateway Charter Academy,Gateway Charter Academy,B,88,248,https://txschools.net/campus/gateway-charter-academy-057831001
219,807,23,015835008,Great Hearts Lakeside,Great Hearts Texas,B,88,1418,https://txschools.net/campus/great-hearts-lakeside-015835008
219,807,23,015835009,Great Hearts Live Oak,Great Hearts Texas,B,88,1224,https://txschools.net/campus/great-hearts-live-oak-015835009
219,807,23,015835001,Great Hearts Monte Vista,Great Hearts Texas,B,88,513,https://txschools.net/campus/great-hearts-monte-vista-015835001
219,807,23,015828009,Harmony School of Science- San Antonio,Harmony Public Schools - South Texas,B,88,994,https://txschools.net/campus/harmony-school-of-science-san-antonio-015828009
219,807,23,108807307,IDEA Lake Houston Academy,IDEA Public Schools,B,88,718,https://txschools.net/campus/idea-lake-houston-academy-108807307
219,807,23,108807083,IDEA Owassa College Preparatory,IDEA Public Schools,A,88,674,https://txschools.net/campus/idea-owassa-college-preparatory-108807083
219,807,23,057848007,ILTexas Keller Elem,International Leadership of Texas (ILTexas),B,88,928,https://txschools.net/campus/iltexas-keller-elem-057848007
219,807,23,057848022,ILTexas Woodhaven MS,International Leadership of Texas (ILTexas),B,88,281,https://txschools.net/campus/iltexas-woodhaven-ms-057848022
219,807,23,043802101,Imagine Lone Star International Academy,Imagine Lone Star International Academy,A,88,269,https://txschools.net/campus/imagine-lone-star-international-academy-043802101
219,807,23,015822011,Jubilee Leadership Academy,Jubilee Academies,B,88,562,https://txschools.net/campus/jubilee-leadership-academy-015822011
219,807,23,227820055,KIPP Voyage Academy for Girls,KIPP Texas Public Schools,B,88,333,https://txschools.net/campus/kipp-voyage-academy-for-girls-227820055
219,807,23,072801129,Premier HS - Elem Paso (Mesa),Premier High Schools,A,88,99,https://txschools.net/campus/premier-hs-elem-paso-mesa-072801129
219,807,23,072801158,Premier HS - Lubbock (Briercroft),Premier High Schools,A,88,133,https://txschools.net/campus/premier-hs-lubbock-briercroft-072801158
219,807,23,072801138,Premier HS of Dayton,Premier High Schools,A,88,92,https://txschools.net/campus/premier-hs-of-dayton-072801138
219,807,23,014801004,Richard Milburn Academy Lubbock,Richard Milburn Alter High School (Killeen),B,88,135,https://txschools.net/campus/richard-milburn-academy-lubbock-014801004
219,807,23,101802001,Ser-Ninos Charter High,Ser-Ninos Charter School,B,88,233,https://txschools.net/campus/ser-ninos-charter-high-101802001
219,807,23,246803001,The Texas Girls School,The Texas Girls School,A,88,37,https://txschools.net/campus/the-texas-girls-school-246803001
243,807,28,057829002,A' Secondary School,A' Academy,B,87,829,https://txschools.net/campus/a-secondary-school-057829002
243,807,28,015834008,Basis Richardson,Basis Texas,A,87,79,https://txschools.net/campus/basis-richardson-015834008
243,807,28,015834006,Basis San Antonio - Jack Lewis Jr Campus,Basis Texas,A,87,238,https://txschools.net/campus/basis-san-antonio-jack-lewis-jr-campus-015834006
243,807,28,015834101,Basis San Antonio Pri- Medical Center Campus,Basis Texas,A,87,778,https://txschools.net/campus/basis-san-antonio-pri-medical-center-campus-015834101
243,807,28,015838009,Compass Rose Impact,Compass Rose Public Schools,B,87,152,https://txschools.net/campus/compass-rose-impact-015838009
243,807,28,221801023,Founders Classical Academy- Carrollton,Texas College Preparatory Academies,B,87,580,https://txschools.net/campus/founders-classical-academy-carrollton-221801023
243,807,28,015835002,Great Hearts Monte Vista North,Great Hearts Texas,B,87,495,https://txschools.net/campus/great-hearts-monte-vista-north-015835002
243,807,28,015835005,Great Hearts Western Hills,Great Hearts Texas,B,87,1378,https://txschools.net/campus/great-hearts-western-hills-015835005
243,807,28,101828002,Houston Gateway Academy Inc Elite College Prep,Houston Gateway Academy Inc,B,87,625,https://txschools.net/campus/houston-gateway-academy-inc-elite-college-prep-101828002
243,807,28,108807001,IDEA Donna College Preparatory,IDEA Public Schools,B,87,828,https://txschools.net/campus/idea-donna-college-preparatory-108807001
243,807,28,108807039,IDEA Kyle College Preparatory,IDEA Public Schools,A,87,692,https://txschools.net/campus/idea-kyle-college-preparatory-108807039
243,807,28,108807089,IDEA Los Encinos College Preparatory,IDEA Public Schools,B,87,891,https://txschools.net/campus/idea-los-encinos-college-preparatory-108807089
243,807,28,108807205,IDEA Mesquite Hills College Preparatory,IDEA Public Schools,B,87,415,https://txschools.net/campus/idea-mesquite-hills-college-preparatory-108807205
243,807,28,108807038,IDEA Pflugerville College Preparatory,IDEA Public Schools,A,87,656,https://txschools.net/campus/idea-pflugerville-college-preparatory-108807038
243,807,28,108807188,IDEA Robindale Academy,IDEA Public Schools,B,87,642,https://txschools.net/campus/idea-robindale-academy-108807188
243,807,28,221801057,Ignite Community School - Humble,Texas College Preparatory Academies,B,87,322,https://txschools.net/campus/ignite-community-school-humble-221801057
243,807,28,057848010,ILTexas Grand Prairie Elem,International Leadership of Texas (ILTexas),B,87,893,https://txschools.net/campus/iltexas-grand-prairie-elem-057848010
243,807,28,057848011,ILTexas Grand Prairie MS,International Leadership of Texas (ILTexas),A,87,423,https://txschools.net/campus/iltexas-grand-prairie-ms-057848011
243,807,28,057848033,ILTexas Houston Windmill Lakes Orem HS,International Leadership of Texas (ILTexas),B,87,835,https://txschools.net/campus/iltexas-houston-windmill-lakes-orem-hs-057848033
243,807,28,057848020,ILTexas Lancaster MS,International Leadership of Texas (ILTexas),B,87,337,https://txschools.net/campus/iltexas-lancaster-ms-057848020
243,807,28,227820059,KIPP Academy West,KIPP Texas Public Schools,A,87,415,https://txschools.net/campus/kipp-academy-west-227820059
243,807,28,227820015,KIPP Northeast College Preparatory,KIPP Texas Public Schools,B,87,591,https://txschools.net/campus/kipp-northeast-college-preparatory-227820015
243,807,28,227820020,KIPP University Prep HS,KIPP Texas Public Schools,A,87,473,https://txschools.net/campus/kipp-university-prep-hs-227820020
243,807,28,057844001,Manara Leadership Academy,Manara Academy,B,87,94,https://txschools.net/campus/manara-leadership-academy-057844001
243,807,28,220817003,Newman International Academy of Arlington Gibbins,Newman International Academy of Arlington,A,87,362,https://txschools.net/campus/newman-international-academy-of-arlington-gibbins-220817003
243,807,28,072801109,Premier HS of Laredo,Premier High Schools,A,87,117,https://txschools.net/campus/premier-hs-of-laredo-072801109
243,807,28,014803005,Priority Charter Schools - Killeen,Priority Charter Schools,B,87,107,https://txschools.net/campus/priority-charter-schools-killeen-014803005
243,807,28,057813107,Trinity Basin Preparatory - Grand Prairie,Trinity Basin Preparatory,B,87,424,https://txschools.net/campus/trinity-basin-preparatory-grand-prairie-057813107
243,807,28,057803006,Uplift Heights Healthcare Institute,Uplift Education,B,87,491,https://txschools.net/campus/uplift-heights-healthcare-institute-057803006
272,807,28,101853106,Baker-Ripley Charter School,Bakerripley Community Schools,A,86,401,https://txschools.net/campus/baker-ripley-charter-school-101853106
272,807,28,015834004,Basis Austin,Basis Texas,A,86,252,https://txschools.net/campus/basis-austin-015834004
272,807,28,015834002,Basis San Antonio- Pri North Central Campus,Basis Texas,A,86,688,https://txschools.net/campus/basis-san-antonio-pri-north-central-campus-015834002
272,807,28,123807101,Bob Hope School - Elem Campus,Bob Hope School,A,86,626,https://txschools.net/campus/bob-hope-school-elem-campus-123807101
272,807,28,101858001,Harmony School of Excellence-Houston,Harmony Public Schools - Houston North,B,86,1152,https://txschools.net/campus/harmony-school-of-excellence-houston-101858001
272,807,28,101846006,Harmony School of Fine Arts and Technology-Houston,Harmony Public Schools - Houston South,B,86,758,https://txschools.net/campus/harmony-school-of-fine-arts-and-technology-houston-101846006
272,807,28,227816006,Harmony Science Academy - Cedar Park,Harmony Public Schools - Central Texas,A,86,736,https://txschools.net/campus/harmony-science-academy-cedar-park-227816006
272,807,28,227816007,Harmony Science Academy - Georgetown,Harmony Public Schools - Central Texas,A,86,485,https://txschools.net/campus/harmony-science-academy-georgetown-227816007
272,807,28,071806004,Harmony Science Academy - Lubbock,Harmony Public Schools - West Texas,B,86,520,https://txschools.net/campus/harmony-science-academy-lubbock-071806004
272,807,28,108807028,IDEA Brackenridge College Preparatory,IDEA Public Schools,B,86,699,https://txschools.net/campus/idea-brackenridge-college-preparatory-108807028
272,807,28,108807125,IDEA Judson Academy,IDEA Public Schools,B,86,643,https://txschools.net/campus/idea-judson-academy-108807125
272,807,28,108807011,IDEA McAllen College Preparatory,IDEA Public Schools,A,86,895,https://txschools.net/campus/idea-mcallen-college-preparatory-108807011
272,807,28,108807097,IDEA Palmview College Preparatory,IDEA Public Schools,B,86,532,https://txschools.net/campus/idea-palmview-college-preparatory-108807097
272,807,28,108807016,IDEA Rio Grande City College Preparatory,IDEA Public Schools,A,86,681,https://txschools.net/campus/idea-rio-grande-city-college-preparatory-108807016
272,807,28,108807023,IDEA Walzem College Preparatory,IDEA Public Schools,A,86,681,https://txschools.net/campus/idea-walzem-college-preparatory-108807023
272,807,28,108807013,IDEA Weslaco Pike College Preparatory,IDEA Public Schools,A,86,735,https://txschools.net/campus/idea-weslaco-pike-college-preparatory-108807013
272,807,28,057848031,ILTexas College Station MS,International Leadership of Texas (ILTexas),B,86,369,https://txschools.net/campus/iltexas-college-station-ms-057848031
272,807,28,057848039,ILTexas Pearland K-5,International Leadership of Texas (ILTexas),B,86,682,https://txschools.net/campus/iltexas-pearland-k-5-057848039
272,807,28,227820014,KIPP Generations Collegiate,KIPP Texas Public Schools,B,86,592,https://txschools.net/campus/kipp-generations-collegiate-227820014
272,807,28,227820030,KIPP Oak Cliff Academy,KIPP Texas Public Schools,B,86,304,https://txschools.net/campus/kipp-oak-cliff-academy-227820030
272,807,28,014801005,Richard Milburn Academy Houston (Suburban),Richard Milburn Alter High School (Killeen),B,86,163,https://txschools.net/campus/richard-milburn-academy-houston-suburban-014801005
272,807,28,057848035,Richmond Elem,International Leadership of Texas (ILTexas),B,86,867,https://txschools.net/campus/richmond-elem-057848035
272,807,28,101845102,Southeast Elem,Yes Prep Public Schools Inc,B,86,797,https://txschools.net/campus/southeast-elem-101845102
272,807,28,101838041,Southwest Public Schools Lead &global Studies Acad,Southwest Public Schools,B,86,295,https://txschools.net/campus/southwest-public-schools-lead-global-studies-acad-101838041
272,807,28,015831003,Sst Advancement,School of Science and Technology Discovery,B,86,567,https://txschools.net/campus/sst-advancement-015831003
272,807,28,226801001,Texas Leadership of San Angelo,Texas Leadership Public Schools,B,86,1562,https://txschools.net/campus/texas-leadership-of-san-angelo-226801001
272,807,28,101864041,The Lawson Academy,The Lawson Academy,B,86,317,https://txschools.net/campus/the-lawson-academy-101864041
272,807,28,101861105,The Rhodes School - Humble,The Rhodes School for Performing Arts,B,86,405,https://txschools.net/campus/the-rhodes-school-humble-101861105
272,807,28,071809001,Vista Del Futuro Charter School,Vista Del Futuro Charter School,B,86,347,https://txschools.net/campus/vista-del-futuro-charter-school-071809001
301,807,13,015835003,Great Hearts Northern Oaks,Great Hearts Texas,B,85,1473,https://txschools.net/campus/great-hearts-northern-oaks-015835003
301,807,13,161807010,Harmony School of Excellence - Dallas,Harmony Public Schools - North Texas,B,85,538,https://txschools.net/campus/harmony-school-of-excellence-dallas-161807010
301,807,13,015828003,Harmony Science Academy - Laredo,Harmony Public Schools - South Texas,B,85,651,https://txschools.net/campus/harmony-science-academy-laredo-015828003
301,807,13,108807090,IDEA Parmer Park College Preparatory,IDEA Public Schools,B,85,708,https://txschools.net/campus/idea-parmer-park-college-preparatory-108807090
301,807,13,057848005,ILTexas Arlington MS,International Leadership of Texas (ILTexas),B,85,388,https://txschools.net/campus/iltexas-arlington-ms-057848005
301,807,13,015822013,Jubilee Westwood,Jubilee Academies,B,85,71,https://txschools.net/campus/jubilee-westwood-015822013
301,807,13,227820001,KIPP Austin Collegiate,KIPP Texas Public Schools,B,85,859,https://txschools.net/campus/kipp-austin-collegiate-227820001
301,807,13,227820057,KIPP Liberation College Preparatory,KIPP Texas Public Schools,B,85,368,https://txschools.net/campus/kipp-liberation-college-preparatory-227820057
301,807,13,227820071,KIPP Truth Academy,KIPP Texas Public Schools,B,85,410,https://txschools.net/campus/kipp-truth-academy-227820071
301,807,13,072801121,Premier HS of Waco,Premier High Schools,A,85,133,https://txschools.net/campus/premier-hs-of-waco-072801121
301,807,13,014801009,Richard Milburn Academy Pasadena,Richard Milburn Alter High School (Killeen),B,85,147,https://txschools.net/campus/richard-milburn-academy-pasadena-014801009
301,807,13,071801004,The Linguistic Acad of Elem Paso-Cultural Demo Site,Burnham Wood Charter School District,B,85,379,https://txschools.net/campus/the-linguistic-acad-of-elem-paso-cultural-demo-site-071801004
301,807,13,071803001,Triumph Public High Schools-El Paso West,Triumph Public High Schools-West Texas,B,85,118,https://txschools.net/campus/triumph-public-high-schools-el-paso-west-071803001
301,807,13,057803049,Uplift Mighty Prep MS,Uplift Education,B,85,493,https://txschools.net/campus/uplift-mighty-prep-ms-057803049
315,807,19,015838006,Compass Rose Destiny,Compass Rose Public Schools,C,84,739,https://txschools.net/campus/compass-rose-destiny-015838006
315,807,19,015835006,Great Hearts Forest Heights,Great Hearts Texas,B,84,1414,https://txschools.net/campus/great-hearts-forest-heights-015835006
315,807,19,015835012,Great Hearts Invictus,Great Hearts Texas,B,84,1034,https://txschools.net/campus/great-hearts-invictus-015835012
315,807,19,071806009,Harmony School of Innovation - Odessa,Harmony Public Schools - West Texas,C,84,644,https://txschools.net/campus/harmony-school-of-innovation-odessa-071806009
315,807,19,101858006,Harmony School of Technology-Houston,Harmony Public Schools - Houston North,B,84,683,https://txschools.net/campus/harmony-school-of-technology-houston-101858006
315,807,19,101858009,Harmony Science Academy - Cypress,Harmony Public Schools - Houston North,B,84,676,https://txschools.net/campus/harmony-science-academy-cypress-101858009
315,807,19,108807092,IDEA Burke College Preparatory,IDEA Public Schools,B,84,747,https://txschools.net/campus/idea-burke-college-preparatory-108807092
315,807,19,108807104,IDEA Mission Academy,IDEA Public Schools,B,84,581,https://txschools.net/campus/idea-mission-academy-108807104
315,807,19,108807035,IDEA Montopolis College Preparatory,IDEA Public Schools,B,84,824,https://txschools.net/campus/idea-montopolis-college-preparatory-108807035
315,807,19,108807116,IDEA Rio Grande City Academy,IDEA Public Schools,B,84,701,https://txschools.net/campus/idea-rio-grande-city-academy-108807116
315,807,19,108807017,IDEA Tres Lagos College Preparatory,IDEA Public Schools,A,84,659,https://txschools.net/campus/idea-tres-lagos-college-preparatory-108807017
315,807,19,015822006,Jubilee Kingsville,Jubilee Academies,B,84,272,https://txschools.net/campus/jubilee-kingsville-015822006
315,807,19,227820050,KIPP Academy MS,KIPP Texas Public Schools,B,84,517,https://txschools.net/campus/kipp-academy-ms-227820050
315,807,19,227820016,KIPP Sunnyside HS,KIPP Texas Public Schools,B,84,606,https://txschools.net/campus/kipp-sunnyside-hs-227820016
315,807,19,072801149,Premier HS - San Antonio (Ingram),Premier High Schools,B,84,92,https://txschools.net/campus/premier-hs-san-antonio-ingram-072801149
315,807,19,057836041,St Anthony School,St Anthony School,B,84,114,https://txschools.net/campus/st-anthony-school-057836041
315,807,19,057803007,Uplift Hampton Prep HS,Uplift Education,A,84,459,https://txschools.net/campus/uplift-hampton-prep-hs-057803007
315,807,19,057803043,Uplift Infinity Prep MS,Uplift Education,B,84,354,https://txschools.net/campus/uplift-infinity-prep-ms-057803043
315,807,19,057828004,Winfree Academy Charter School - Grand Prairie,Winfree Academy Charter Schools,A,84,221,https://txschools.net/campus/winfree-academy-charter-school-grand-prairie-057828004
315,807,19,057828001,Winfree Academy Charter School (Irving),Winfree Academy Charter Schools,B,84,133,https://txschools.net/campus/winfree-academy-charter-school-irving-057828001
335,807,11,101846102,Harmony School of Exploration- Houston,Harmony Public Schools - Houston South,B,83,787,https://txschools.net/campus/harmony-school-of-exploration-houston-101846102
335,807,11,071801001,Howard Burnham Elem,Burnham Wood Charter School District,B,83,334,https://txschools.net/campus/howard-burnham-elem-071801001
335,807,11,108807102,IDEA Quest Academy,IDEA Public Schools,B,83,557,https://txschools.net/campus/idea-quest-academy-108807102
335,807,11,108807114,IDEA Riverview Academy,IDEA Public Schools,B,83,718,https://txschools.net/campus/idea-riverview-academy-108807114
335,807,11,057848015,ILTexas Katy MS,International Leadership of Texas (ILTexas),B,83,451,https://txschools.net/campus/iltexas-katy-ms-057848015
335,807,11,227820101,KIPP Austin Comunidad,KIPP Texas Public Schools,B,83,552,https://txschools.net/campus/kipp-austin-comunidad-227820101
335,807,11,227820216,KIPP Climb Academy,KIPP Texas Public Schools,B,83,633,https://txschools.net/campus/kipp-climb-academy-227820216
335,807,11,101806104,Ryss Academy at Pasadena,Raul Yzaguirre Schools for Success,B,83,233,https://txschools.net/campus/ryss-academy-at-pasadena-101806104
335,807,11,015830001,Somerset Academy Brooks,Somerset Academies of Texas,B,83,1221,https://txschools.net/campus/somerset-academy-brooks-015830001
335,807,11,108804002,Triumph Public High Schools-McAllen,Triumph Public High Schools-Rio Grande Valley,A,83,119,https://txschools.net/campus/triumph-public-high-schools-mcallen-108804002
335,807,11,057803020,Uplift Ascend Prep HS,Uplift Education,B,83,302,https://txschools.net/campus/uplift-ascend-prep-hs-057803020
335,807,11,057828005,Winfree Academy North Richland Hills,Winfree Academy Charter Schools,B,83,231,https://txschools.net/campus/winfree-academy-north-richland-hills-057828005
347,807,30,227825004,Austin Achieve HS,Austin Achieve Public Schools,B,82,608,https://txschools.net/campus/austin-achieve-hs-227825004
347,807,30,015834110,Basis Plano Pri,Basis Texas,A,82,921,https://txschools.net/campus/basis-plano-pri-015834110
347,807,30,101847101,Beatrice Mayes Institute Charter School,Beatrice Mayes Institute Charter School,C,82,628,https://txschools.net/campus/beatrice-mayes-institute-charter-school-101847101
347,807,30,071804001,El Paso Academy,El Paso Academy,A,82,183,https://txschools.net/campus/el-paso-academy-071804001
347,807,30,015836001,Eleanor Kolitz Hebrew Language Academy,Eleanor Kolitz Hebrew Language Academy,B,82,464,https://txschools.net/campus/eleanor-kolitz-hebrew-language-academy-015836001
347,807,30,071806007,Harmony School of Science - Elem Paso,Harmony Public Schools - West Texas,B,82,1494,https://txschools.net/campus/harmony-school-of-science-elem-paso-071806007
347,807,30,108802104,Horizon Montessori Pearland - STEM Academy,Horizon Montessori Public Schools,B,82,165,https://txschools.net/campus/horizon-montessori-pearland-stem-academy-108802104
347,807,30,108807115,IDEA North Mission Academy,IDEA Public Schools,B,82,682,https://txschools.net/campus/idea-north-mission-academy-108807115
347,807,30,057848032,ILTexas Lancaster-Desoto HS,International Leadership of Texas (ILTexas),B,82,179,https://txschools.net/campus/iltexas-lancaster-desoto-hs-057848032
347,807,30,057830002,Inspired Vision Academy Secondary School,Inspired Vision Academy,B,82,557,https://txschools.net/campus/inspired-vision-academy-secondary-school-057830002
347,807,30,015822008,Jubilee Harlingen,Jubilee Academies,B,82,362,https://txschools.net/campus/jubilee-harlingen-015822008
347,807,30,227820081,KIPP Aspire Academy,KIPP Texas Public Schools,B,82,414,https://txschools.net/campus/kipp-aspire-academy-227820081
347,807,30,227820045,KIPP Paseo Preparatory School,KIPP Texas Public Schools,C,82,480,https://txschools.net/campus/kipp-paseo-preparatory-school-227820045
347,807,30,227820052,KIPP Sharpstown College Prep,KIPP Texas Public Schools,B,82,928,https://txschools.net/campus/kipp-sharpstown-college-prep-227820052
347,807,30,057846001,Legacy Prep Charter Academy Mesquite West Campus,Legacy Preparatory,B,82,914,https://txschools.net/campus/legacy-prep-charter-academy-mesquite-west-campus-057846001
347,807,30,057807001,Life School Oak Cliff,Life School,B,82,1456,https://txschools.net/campus/life-school-oak-cliff-057807001
347,807,30,227804102,NYOS Lamar Elem,NYOS Charter School,B,82,921,https://txschools.net/campus/nyos-lamar-elem-227804102
347,807,30,015801001,Por Vida Academy,Por Vida Academy,B,82,107,https://txschools.net/campus/por-vida-academy-015801001
347,807,30,072801143,Premier High School-El Paso Eastpointe,Premier High Schools,B,82,163,https://txschools.net/campus/premier-high-school-el-paso-eastpointe-072801143
347,807,30,072801164,Premier HS - Desoto,Premier High Schools,B,82,59,https://txschools.net/campus/premier-hs-desoto-072801164
347,807,30,072801156,Premier HS - Houston - Hobby,Premier High Schools,A,82,79,https://txschools.net/campus/premier-hs-houston-hobby-072801156
347,807,30,014801008,Richard Milburn Academy Amarillo,Richard Milburn Alter High School (Killeen),B,82,133,https://txschools.net/campus/richard-milburn-academy-amarillo-014801008
347,807,30,101853101,Ripley House Charter School,Bakerripley Community Schools,B,82,337,https://txschools.net/campus/ripley-house-charter-school-101853101
347,807,30,057836101,St Anthony Academy,St Anthony School,B,82,207,https://txschools.net/campus/st-anthony-academy-057836101
347,807,30,057804003,Texans Can Academy - Carrollton Farmers Branch,Texans Can Academies,B,82,173,https://txschools.net/campus/texans-can-academy-carrollton-farmers-branch-057804003
347,807,30,057804002,Texans Can Academy - Oak Cliff,Texans Can Academies,B,82,506,https://txschools.net/campus/texans-can-academy-oak-cliff-057804002
347,807,30,226801002,Texas Leadership of Midland,Texas Leadership Public Schools,B,82,824,https://txschools.net/campus/texas-leadership-of-midland-226801002
347,807,30,057803010,Uplift Atlas Prep HS,Uplift Education,B,82,491,https://txschools.net/campus/uplift-atlas-prep-hs-057803010
347,807,30,057803005,Uplift Luna Prep HS,Uplift Education,B,82,501,https://txschools.net/campus/uplift-luna-prep-hs-057803005
347,807,30,057803114,Uplift White Rock Hills Prep Ps,Uplift Education,B,82,661,https://txschools.net/campus/uplift-white-rock-hills-prep-ps-057803114
347,807,30,057803045,Uplift Williams Prep MS,Uplift Education,B,82,504,https://txschools.net/campus/uplift-williams-prep-ms-057803045
378,807,14,101810002,Academy of Accelerated Learning,Academy of Accelerated Learning Inc,B,81,711,https://txschools.net/campus/academy-of-accelerated-learning-101810002
378,807,14,101803002,Aristoi Classical Academy-Cypress,Aristoi Classical Academy,C,81,584,https://txschools.net/campus/aristoi-classical-academy-cypress-101803002
378,807,14,015828004,Harmony School of Innovation - Laredo,Harmony Public Schools - South Texas,B,81,698,https://txschools.net/campus/harmony-school-of-innovation-laredo-015828004
378,807,14,057848019,ILTexas Lancaster Elem,International Leadership of Texas (ILTexas),C,81,716,https://txschools.net/campus/iltexas-lancaster-elem-057848019
378,807,14,057848045,ILTexas Liberty HS,International Leadership of Texas (ILTexas),B,81,670,https://txschools.net/campus/iltexas-liberty-hs-057848045
378,807,14,227820206,KIPP Dream Prep,KIPP Texas Public Schools,B,81,932,https://txschools.net/campus/kipp-dream-prep-227820206
378,807,14,227820218,KIPP Journey Pri,KIPP Texas Public Schools,B,81,1020,https://txschools.net/campus/kipp-journey-pri-227820218
378,807,14,101845103,North Central Elem,Yes Prep Public Schools Inc,B,81,834,https://txschools.net/campus/north-central-elem-101845103
378,807,14,072801159,Premier HS - Wichita Falls,Premier High Schools,B,81,120,https://txschools.net/campus/premier-hs-wichita-falls-072801159
378,807,14,057804007,Texans Can Academy - Fort Worth Westcreek,Texans Can Academies,B,81,214,https://txschools.net/campus/texans-can-academy-fort-worth-westcreek-057804007
378,807,14,057845002,UME Preparatory Academy - Duncanville,UME Preparatory Academy,B,81,247,https://txschools.net/campus/ume-preparatory-academy-duncanville-057845002
378,807,14,057808104,Universal Academy-Bartonville,Universal Academy,B,81,83,https://txschools.net/campus/universal-academy-bartonville-057808104
378,807,14,227829004,Valor Leander,Valor Education,B,81,756,https://txschools.net/campus/valor-leander-227829004
378,807,14,057847001,Village Tech Schools,Village Tech Schools,B,81,1330,https://txschools.net/campus/village-tech-schools-057847001
378,807,14,057828002,Winfree Academy Charter School (Lewisville),Winfree Academy Charter Schools,B,81,103,https://txschools.net/campus/winfree-academy-charter-school-lewisville-057828002
393,807,6,108807019,IDEA Elsa College Preparatory,IDEA Public Schools,B,80,739,https://txschools.net/campus/idea-elsa-college-preparatory-108807019
393,807,6,057848025,ILTexas Houston Windmill Lakes Elem,International Leadership of Texas (ILTexas),B,80,758,https://txschools.net/campus/iltexas-houston-windmill-lakes-elem-057848025
393,807,6,227820212,KIPP Connect Houston Pri,KIPP Texas Public Schools,B,80,1081,https://txschools.net/campus/kipp-connect-houston-pri-227820212
393,807,6,072801165,Premier HS Mesquite,Premier High Schools,B,80,122,https://txschools.net/campus/premier-hs-mesquite-072801165
393,807,6,057804009,Texans Can Academy - Houston North,Texans Can Academies,B,80,216,https://txschools.net/campus/texans-can-academy-houston-north-057804009
393,807,6,057803019,Uplift Wisdom Prep HS,Uplift Education,B,80,317,https://txschools.net/campus/uplift-wisdom-prep-hs-057803019
393,807,6,101845111,Yes Prep Hobby Elem,Yes Prep Public Schools Inc,B,80,266,https://txschools.net/campus/yes-prep-hobby-elem-101845111
400,807,21,101842001,Comquest Academy,Comquest Academy,B,79,35,https://txschools.net/campus/comquest-academy-101842001
400,807,21,015805041,Greg A Garcia Early College Int,New Frontiers Public Schools Inc,B,79,173,https://txschools.net/campus/greg-a-garcia-early-college-int-015805041
400,807,21,227816101,Harmony School of Excellence - Austin,Harmony Public Schools - Central Texas,B,79,485,https://txschools.net/campus/harmony-school-of-excellence-austin-227816101
400,807,21,015828005,Harmony Science Academy - Brownsville,Harmony Public Schools - South Texas,C,79,506,https://txschools.net/campus/harmony-science-academy-brownsville-015828005
400,807,21,108807007,IDEA Alamo College Preparatory,IDEA Public Schools,B,79,750,https://txschools.net/campus/idea-alamo-college-preparatory-108807007
400,807,21,108807037,IDEA Bluff Springs College Preparatory,IDEA Public Schools,B,79,701,https://txschools.net/campus/idea-bluff-springs-college-preparatory-108807037
400,807,21,108807185,IDEA Mesa Hills Academy,IDEA Public Schools,B,79,638,https://txschools.net/campus/idea-mesa-hills-academy-108807185
400,807,21,108807108,IDEA Pharr Academy,IDEA Public Schools,B,79,674,https://txschools.net/campus/idea-pharr-academy-108807108
400,807,21,057848004,ILTexas Arlington Elem,International Leadership of Texas (ILTexas),B,79,720,https://txschools.net/campus/iltexas-arlington-elem-057848004
400,807,21,057848012,ILTexas North Richland Hills Elem,International Leadership of Texas (ILTexas),C,79,788,https://txschools.net/campus/iltexas-north-richland-hills-elem-057848012
400,807,21,057848021,ILTexas Woodhaven Elem,International Leadership of Texas (ILTexas),B,79,559,https://txschools.net/campus/iltexas-woodhaven-elem-057848021
400,807,21,227820211,KIPP Legacy Preparatory,KIPP Texas Public Schools,B,79,797,https://txschools.net/campus/kipp-legacy-preparatory-227820211
400,807,21,227820063,KIPP Mosaic Academy School,KIPP Texas Public Schools,B,79,956,https://txschools.net/campus/kipp-mosaic-academy-school-227820063
400,807,21,227820058,KIPP Spirit College Prep,KIPP Texas Public Schools,B,79,531,https://txschools.net/campus/kipp-spirit-college-prep-227820058
400,807,21,057844101,Manara Academy-Irving,Manara Academy,B,79,326,https://txschools.net/campus/manara-academy-irving-057844101
400,807,21,072801103,Premier HS of Brownsville,Premier High Schools,B,79,176,https://txschools.net/campus/premier-hs-of-brownsville-072801103
400,807,21,014801002,Richard Milburn Academy Odessa,Richard Milburn Alter High School (Killeen),C,79,288,https://txschools.net/campus/richard-milburn-academy-odessa-014801002
400,807,21,015827007,Sst Schertz,School of Science and Technology,B,79,931,https://txschools.net/campus/sst-schertz-015827007
400,807,21,170802001,Thrive Center for Success,Thrive Center for Success,B,79,177,https://txschools.net/campus/thrive-center-for-success-170802001
400,807,21,108804004,Triumph Public High Schools-Brownsville,Triumph Public High Schools-Rio Grande Valley,A,79,117,https://txschools.net/campus/triumph-public-high-schools-brownsville-108804004
400,807,21,108804001,Triumph Public High Schools-Mercedes,Triumph Public High Schools-Rio Grande Valley,B,79,132,https://txschools.net/campus/triumph-public-high-schools-mercedes-108804001
400,807,21,057828006,Winfree Academy Charter School Dallas,Winfree Academy Charter Schools,C,79,244,https://txschools.net/campus/winfree-academy-charter-school-dallas-057828006
422,807,41,101819001,Amigos Por Vida-Friends for Life Charter School,Amigos Por Vida-Friends for Life Pub Chtr Sch,B,78,559,https://txschools.net/campus/amigos-por-vida-friends-for-life-charter-school-101819001
422,807,41,015834104,Basis Benbrook,Basis Texas,B,78,616,https://txschools.net/campus/basis-benbrook-015834104
422,807,41,015834003,Basis San Antonio - Northeast Campus,Basis Texas,B,78,196,https://txschools.net/campus/basis-san-antonio-northeast-campus-015834003
422,807,41,015834106,Basis San Antonio Pri - Jack Lewis Jr Campus,Basis Texas,B,78,717,https://txschools.net/campus/basis-san-antonio-pri-jack-lewis-jr-campus-015834106
422,807,41,015838003,Compass Rose Legacy Elem,Compass Rose Public Schools,C,78,335,https://txschools.net/campus/compass-rose-legacy-elem-015838003
422,807,41,105804101,Doral Academy of Texas,Doral Academy of Texas,B,78,450,https://txschools.net/campus/doral-academy-of-texas-105804101
422,807,41,178801001,Dr M L Garza-Gonzalez Charter School,Dr M L Garza-Gonzalez Charter School,B,78,154,https://txschools.net/campus/dr-m-l-garza-gonzalez-charter-school-178801001
422,807,41,101877001,Elevate Collegiate,Elevate Collegiate Charter School,C,78,224,https://txschools.net/campus/elevate-collegiate-101877001
422,807,41,015835010,Great Hearts Arlington,Great Hearts Texas,C,78,1104,https://txschools.net/campus/great-hearts-arlington-015835010
422,807,41,015835013,Great Hearts Prairie View,Great Hearts Texas,C,78,975,https://txschools.net/campus/great-hearts-prairie-view-015835013
422,807,41,015828002,Harmony School of Innovation - San Antonio,Harmony Public Schools - South Texas,C,78,384,https://txschools.net/campus/harmony-school-of-innovation-san-antonio-015828002
422,807,41,161807008,Harmony Science Academy - Grand Prairie,Harmony Public Schools - North Texas,C,78,482,https://txschools.net/campus/harmony-science-academy-grand-prairie-161807008
422,807,41,108802102,Horizon Montessori II - STEM Academy,Horizon Montessori Public Schools,B,78,314,https://txschools.net/campus/horizon-montessori-ii-stem-academy-108802102
422,807,41,108807209,IDEA A W Brown College Preparatory,IDEA Public Schools,B,78,192,https://txschools.net/campus/idea-a-w-brown-college-preparatory-108807209
422,807,41,108807024,IDEA Eastside College Preparatory,IDEA Public Schools,B,78,500,https://txschools.net/campus/idea-eastside-college-preparatory-108807024
422,807,41,108807184,IDEA Edgemere Academy,IDEA Public Schools,B,78,712,https://txschools.net/campus/idea-edgemere-academy-108807184
422,807,41,108807193,IDEA Hardy Academy,IDEA Public Schools,C,78,648,https://txschools.net/campus/idea-hardy-academy-108807193
422,807,41,108807191,IDEA Health Professions Academy,IDEA Public Schools,B,78,329,https://txschools.net/campus/idea-health-professions-academy-108807191
422,807,41,108807189,IDEA Los Encinos Academy,IDEA Public Schools,B,78,718,https://txschools.net/campus/idea-los-encinos-academy-108807189
422,807,41,108807026,IDEA Mays College Preparatory,IDEA Public Schools,B,78,701,https://txschools.net/campus/idea-mays-college-preparatory-108807026
422,807,41,108807040,IDEA Rio Vista College Preparatory,IDEA Public Schools,B,78,632,https://txschools.net/campus/idea-rio-vista-college-preparatory-108807040
422,807,41,108807105,IDEA San Benito Academy,IDEA Public Schools,B,78,673,https://txschools.net/campus/idea-san-benito-academy-108807105
422,807,41,108807021,IDEA South Flores College Preparatory,IDEA Public Schools,B,78,704,https://txschools.net/campus/idea-south-flores-college-preparatory-108807021
422,807,41,108807094,IDEA Spears College Preparatory,IDEA Public Schools,C,78,702,https://txschools.net/campus/idea-spears-college-preparatory-108807094
422,807,41,057848006,ILTexas Arlington-Grand Prairie HS,International Leadership of Texas (ILTexas),B,78,718,https://txschools.net/campus/iltexas-arlington-grand-prairie-hs-057848006
422,807,41,057848027,ILTexas Houston Orem Elem,International Leadership of Texas (ILTexas),C,78,810,https://txschools.net/campus/iltexas-houston-orem-elem-057848027
422,807,41,057848023,ILTexas Saginaw Elem,International Leadership of Texas (ILTexas),C,78,902,https://txschools.net/campus/iltexas-saginaw-elem-057848023
422,807,41,015822010,Jubilee Brownsville,Jubilee Academies,B,78,980,https://txschools.net/campus/jubilee-brownsville-015822010
422,807,41,227820002,KIPP Austin Brave,KIPP Texas Public Schools,B,78,372,https://txschools.net/campus/kipp-austin-brave-227820002
422,807,41,220817005,Newman International Academy of Mansfield,Newman International Academy of Arlington,B,78,210,https://txschools.net/campus/newman-international-academy-of-mansfield-220817005
422,807,41,015807001,Northeast Elem Campus,Southwest Preparatory School,C,78,86,https://txschools.net/campus/northeast-elem-campus-015807001
422,807,41,057850006,Pioneer Technology and Arts Academy North Dallas,Pioneer Technology & Arts Academy,B,78,305,https://txschools.net/campus/pioneer-technology-and-arts-academy-north-dallas-057850006
422,807,41,072801101,Premier HS of Abilene,Premier High Schools,B,78,159,https://txschools.net/campus/premier-hs-of-abilene-072801101
422,807,41,236802101,Sam Houston State University Charter School,Sam Houston State University Charter School,B,78,343,https://txschools.net/campus/sam-houston-state-university-charter-school-236802101
422,807,41,178808041,Seashore MS Acad,Seashore Charter Schools,C,78,167,https://txschools.net/campus/seashore-ms-acad-178808041
422,807,41,015831004,Sst Northwest,School of Science and Technology Discovery,B,78,637,https://txschools.net/campus/sst-northwest-015831004
422,807,41,101859103,Step Charter Iii,Step Charter School,B,78,87,https://txschools.net/campus/step-charter-iii-101859103
422,807,41,057804008,Texans Can Academy - Fort Worth Lancaster Avenue,Texans Can Academies,B,78,285,https://txschools.net/campus/texans-can-academy-fort-worth-lancaster-avenue-057804008
422,807,41,212801102,The Leadership Academy,Cumberland Academy,B,78,308,https://txschools.net/campus/the-leadership-academy-212801102
422,807,41,108804003,Triumph Public High Schools-San Benito,Triumph Public High Schools-Rio Grande Valley,A,78,110,https://txschools.net/campus/triumph-public-high-schools-san-benito-108804003
422,807,41,057845001,UME Preparatory Academy,UME Preparatory Academy,B,78,548,https://txschools.net/campus/ume-preparatory-academy-057845001
422,807,41,108808103,Vanguard Picasso,Vanguard Academy,B,78,574,https://txschools.net/campus/vanguard-picasso-108808103
464,807,23,220802040,Arlington Classics Academy - MS,Arlington Classics Academy,B,77,531,https://txschools.net/campus/arlington-classics-academy-ms-220802040
464,807,23,227825005,Austin Achieve Pflugerville,Austin Achieve Public Schools,B,77,588,https://txschools.net/campus/austin-achieve-pflugerville-227825005
464,807,23,015834108,Basis Richardson Pri,Basis Texas,B,77,480,https://txschools.net/campus/basis-richardson-pri-015834108
464,807,23,101872002,Etoile Academy Charter School-Bissonnet,Etoile Academy Charter School,C,77,378,https://txschools.net/campus/etoile-academy-charter-school-bissonnet-101872002
464,807,23,221801064,Founders Classical Academy - Corinth,Texas College Preparatory Academies,C,77,568,https://txschools.net/campus/founders-classical-academy-corinth-221801064
464,807,23,101804001,George I Sanchez Charter,George I Sanchez Charter,C,77,611,https://txschools.net/campus/george-i-sanchez-charter-101804001
464,807,23,108807095,IDEA Harlingen College Preparatory,IDEA Public Schools,B,77,551,https://txschools.net/campus/idea-harlingen-college-preparatory-108807095
464,807,23,108807126,IDEA Mays Academy,IDEA Public Schools,B,77,615,https://txschools.net/campus/idea-mays-academy-108807126
464,807,23,108807010,IDEA Weslaco College Preparatory,IDEA Public Schools,B,77,713,https://txschools.net/campus/idea-weslaco-college-preparatory-108807010
464,807,23,057848037,ILTexas Mansfield Heritage Elem,International Leadership of Texas (ILTexas),C,77,623,https://txschools.net/campus/iltexas-mansfield-heritage-elem-057848037
464,807,23,227820217,KIPP Nexus Pri,KIPP Texas Public Schools,B,77,673,https://txschools.net/campus/kipp-nexus-pri-227820217
464,807,23,071807101,La Fe Preparatory School,La Fe Preparatory School,B,77,185,https://txschools.net/campus/la-fe-preparatory-school-071807101
464,807,23,015806106,Legacy Traditional School - Cibolo,Legacy Traditional Schools - Texas,B,77,975,https://txschools.net/campus/legacy-traditional-school-cibolo-015806106
464,807,23,165802101,Midland Academy Charter School,Midland Academy Charter School,B,77,431,https://txschools.net/campus/midland-academy-charter-school-165802101
464,807,23,101845104,North Forest Elem,Yes Prep Public Schools Inc,B,77,812,https://txschools.net/campus/north-forest-elem-101845104
464,807,23,070801002,Oak Cliff Faith Family Academy,Faith Family Academy,C,77,2606,https://txschools.net/campus/oak-cliff-faith-family-academy-070801002
464,807,23,101871102,Paul David Castro MS,A' Unlimited Potential,C,77,138,https://txschools.net/campus/paul-david-castro-ms-101871102
464,807,23,015801002,Por Vida Academy at Corpus Christi,Por Vida Academy,B,77,60,https://txschools.net/campus/por-vida-academy-at-corpus-christi-015801002
464,807,23,014803003,Priority Charter Schools Copperas Cove,Priority Charter Schools,C,77,199,https://txschools.net/campus/priority-charter-schools-copperas-cove-014803003
464,807,23,057804005,Texans Can Academy - Grant East,Texans Can Academies,B,77,177,https://txschools.net/campus/texans-can-academy-grant-east-057804005
464,807,23,057803018,Uplift Elevate Prep Ps,Uplift Education,C,77,649,https://txschools.net/campus/uplift-elevate-prep-ps-057803018
464,807,23,057803014,Uplift Mighty Prep HS,Uplift Education,B,77,392,https://txschools.net/campus/uplift-mighty-prep-hs-057803014
464,807,23,057803106,Uplift Triumph Prep Ps,Uplift Education,C,77,488,https://txschools.net/campus/uplift-triumph-prep-ps-057803106
464,807,23,101845110,Yes Prep North Rankin Elem,Yes Prep Public Schools Inc,B,77,433,https://txschools.net/campus/yes-prep-north-rankin-elem-101845110
488,807,24,101815101,Alief Montessori Community School,Alief Montessori Community School,B,76,416,https://txschools.net/campus/alief-montessori-community-school-101815101
488,807,24,057841002,Buckner Preparatory,Cityscape Schools,C,76,442,https://txschools.net/campus/buckner-preparatory-057841002
488,807,24,101828004,Elite College Prep Academy - Riverstone,Houston Gateway Academy Inc,C,76,258,https://txschools.net/campus/elite-college-prep-academy-riverstone-101828004
488,807,24,220809101,Fort Worth Academy of Fine Arts Elem,Fort Worth Academy of Fine Arts,B,76,248,https://txschools.net/campus/fort-worth-academy-of-fine-arts-elem-220809101
488,807,24,161807002,Harmony Science Academy - Garland,Harmony Public Schools - North Texas,B,76,778,https://txschools.net/campus/harmony-science-academy-garland-161807002
488,807,24,071806008,Harmony Science Academy - Midland,Harmony Public Schools - West Texas,C,76,557,https://txschools.net/campus/harmony-science-academy-midland-071806008
488,807,24,101846008,Harmony Virtual Academy,Harmony Public Schools - Houston South,B,76,555,https://txschools.net/campus/harmony-virtual-academy-101846008
488,807,24,108802103,Horizon Montessori Iii - STEM Academy,Horizon Montessori Public Schools,C,76,246,https://txschools.net/campus/horizon-montessori-iii-stem-academy-108802103
488,807,24,108807086,IDEA Rise College Preparatory,IDEA Public Schools,B,76,644,https://txschools.net/campus/idea-rise-college-preparatory-108807086
488,807,24,108807300,IDEA Round Rock Tech Academy,IDEA Public Schools,B,76,689,https://txschools.net/campus/idea-round-rock-tech-academy-108807300
488,807,24,057848001,ILTexas Garland Elem,International Leadership of Texas (ILTexas),C,76,950,https://txschools.net/campus/iltexas-garland-elem-057848001
488,807,24,227820215,KIPP Unity Pri,KIPP Texas Public Schools,C,76,988,https://txschools.net/campus/kipp-unity-pri-227820215
488,807,24,220817002,Newman International at Cedar Hill,Newman International Academy of Arlington,C,76,965,https://txschools.net/campus/newman-international-at-cedar-hill-220817002
488,807,24,014804007,Nolan Creek School,Orenda Charter School,B,76,92,https://txschools.net/campus/nolan-creek-school-014804007
488,807,24,084802001,Odyssey Academy - Galveston,Odyssey Academy Inc,B,76,784,https://txschools.net/campus/odyssey-academy-galveston-084802001
488,807,24,072801162,Premier HS - Fort Worth (Southside),Premier High Schools,B,76,136,https://txschools.net/campus/premier-hs-fort-worth-southside-072801162
488,807,24,101859101,Step Charter Elem,Step Charter School,B,76,296,https://txschools.net/campus/step-charter-elem-101859101
488,807,24,057813108,Trinity Basin Preparatory - West,Trinity Basin Preparatory,C,76,350,https://txschools.net/campus/trinity-basin-preparatory-west-057813108
488,807,24,226801003,Trinity Leadership,Texas Leadership Public Schools,B,76,912,https://txschools.net/campus/trinity-leadership-226801003
488,807,24,057803021,Uplift Elevate Prep HS,Uplift Education,B,76,190,https://txschools.net/campus/uplift-elevate-prep-hs-057803021
488,807,24,057803016,Uplift Grand College Prep and Career Institute,Uplift Education,B,76,385,https://txschools.net/campus/uplift-grand-college-prep-and-career-institute-057803016
488,807,24,057803003,Uplift Grand Prep Ps,Uplift Education,C,76,720,https://txschools.net/campus/uplift-grand-prep-ps-057803003
488,807,24,057803046,Uplift Heights Prep MS,Uplift Education,B,76,468,https://txschools.net/campus/uplift-heights-prep-ms-057803046
488,807,24,057803102,Uplift Infinity Prep Ps,Uplift Education,B,76,510,https://txschools.net/campus/uplift-infinity-prep-ps-057803102
488,807,24,057803015,Uplift Wisdom Prep MS,Uplift Education,C,76,517,https://txschools.net/campus/uplift-wisdom-prep-ms-057803015
513,807,22,221801011,Amarillo Collegiate Academy,Texas College Preparatory Academies,B,75,500,https://txschools.net/campus/amarillo-collegiate-academy-221801011
513,807,22,021803102,Brazos School for Inquiry and Creativity Tidwell,Brazos School for Inquiry & Creativity,C,75,156,https://txschools.net/campus/brazos-school-for-inquiry-and-creativity-tidwell-021803102
513,807,22,068802001,Compass Academy Charter School,Compass Academy Charter School,C,75,1759,https://txschools.net/campus/compass-academy-charter-school-068802001
513,807,22,101856101,Draw Academy,Draw Academy,C,75,695,https://txschools.net/campus/draw-academy-101856101
513,807,22,221801066,Founders Classical Academy of Schertz,Texas College Preparatory Academies,C,75,791,https://txschools.net/campus/founders-classical-academy-of-schertz-221801066
513,807,22,161807004,Harmony School of Innovation - Carrollton,Harmony Public Schools - North Texas,C,75,497,https://txschools.net/campus/harmony-school-of-innovation-carrollton-161807004
513,807,22,161807016,Harmony School of Innovation - Grand Prairie,Harmony Public Schools - North Texas,C,75,517,https://txschools.net/campus/harmony-school-of-innovation-grand-prairie-161807016
513,807,22,227816003,Harmony School of Science - Austin,Harmony Public Schools - Central Texas,C,75,497,https://txschools.net/campus/harmony-school-of-science-austin-227816003
513,807,22,108807119,IDEA Elsa Academy,IDEA Public Schools,B,75,702,https://txschools.net/campus/idea-elsa-academy-108807119
513,807,22,108807029,IDEA Ewing Halsell College Preparatory,IDEA Public Schools,B,75,584,https://txschools.net/campus/idea-ewing-halsell-college-preparatory-108807029
513,807,22,108807303,IDEA La Joya Academy,IDEA Public Schools,D,75,638,https://txschools.net/campus/idea-la-joya-academy-108807303
513,807,22,057848041,ILTexas Bg Ramirez MS,International Leadership of Texas (ILTexas),C,75,424,https://txschools.net/campus/iltexas-bg-ramirez-ms-057848041
513,807,22,227820073,KIPP Pleasant Grove Leadership Academy,KIPP Texas Public Schools,B,75,526,https://txschools.net/campus/kipp-pleasant-grove-leadership-academy-227820073
513,807,22,057827102,Nova Academy Prichard,Nova Academy Southeast,B,75,181,https://txschools.net/campus/nova-academy-prichard-057827102
513,807,22,072801130,Premier HS of San Juan,Premier High Schools,B,75,99,https://txschools.net/campus/premier-hs-of-san-juan-072801130
513,807,22,003801103,Sarah Strinden Elem,Pineywoods Community Academy,C,75,508,https://txschools.net/campus/sarah-strinden-elem-003801103
513,807,22,015831006,Sst Hill Country,School of Science and Technology Discovery,C,75,727,https://txschools.net/campus/sst-hill-country-015831006
513,807,22,071803002,Triumph Public High Schools-El Paso East,Triumph Public High Schools-West Texas,B,75,120,https://txschools.net/campus/triumph-public-high-schools-el-paso-east-071803002
513,807,22,057803048,Uplift Atlas Prep MS,Uplift Education,B,75,427,https://txschools.net/campus/uplift-atlas-prep-ms-057803048
513,807,22,057803110,Uplift Atlas Prep Ps,Uplift Education,C,75,658,https://txschools.net/campus/uplift-atlas-prep-ps-057803110
513,807,22,057803104,Uplift Heights Prep Ps,Uplift Education,C,75,887,https://txschools.net/campus/uplift-heights-prep-ps-057803104
513,807,22,057803109,Uplift Summit Prep Ps,Uplift Education,C,75,697,https://txschools.net/campus/uplift-summit-prep-ps-057803109
513,807,22,101845109,Yes Prep Southwest Oaks Elem,Yes Prep Public Schools Inc,B,75,603,https://txschools.net/campus/yes-prep-southwest-oaks-elem-101845109
536,807,17,123807102,Bob Hope School Beaumont,Bob Hope School,C,74,334,https://txschools.net/campus/bob-hope-school-beaumont-123807102
536,807,17,021803001,Brazos School for Inquiry and Creativity Bryan/Col,Brazos School for Inquiry & Creativity,C,74,154,https://txschools.net/campus/brazos-school-for-inquiry-and-creativity-bryan-col-021803001
536,807,17,227817101,Cedars International Academy,Cedars International Academy,C,74,437,https://txschools.net/campus/cedars-international-academy-227817101
536,807,17,003801042,Dr Terry Robbins MS,Pineywoods Community Academy,B,74,256,https://txschools.net/campus/dr-terry-robbins-ms-003801042
536,807,17,071810003,El Paso Leadership Academy - MS East,El Paso Leadership Academy,C,74,116,https://txschools.net/campus/el-paso-leadership-academy-ms-east-071810003
536,807,17,221801046,Founders Classical Academy-Tyler,Texas College Preparatory Academies,C,74,437,https://txschools.net/campus/founders-classical-academy-tyler-221801046
536,807,17,108807109,IDEA Edinburg Academy,IDEA Public Schools,C,74,715,https://txschools.net/campus/idea-edinburg-academy-108807109
536,807,17,108807210,IDEA Lopez College Preparatory,IDEA Public Schools,B,74,122,https://txschools.net/campus/idea-lopez-college-preparatory-108807210
536,807,17,227820207,KIPP Sharp Prep,KIPP Texas Public Schools,B,74,1111,https://txschools.net/campus/kipp-sharp-prep-227820207
536,807,17,061804001,Leadership Prep School Teel Elem,Leadership Prep School,B,74,466,https://txschools.net/campus/leadership-prep-school-teel-elem-061804001
536,807,17,101868002,Pro-Vision MS,The Pro-Vision Academy,D,74,98,https://txschools.net/campus/pro-vision-ms-101868002
536,807,17,178808101,Seashore Learning Center,Seashore Charter Schools,B,74,255,https://txschools.net/campus/seashore-learning-center-178808101
536,807,17,015827002,Sst Alamo,School of Science and Technology,C,74,810,https://txschools.net/campus/sst-alamo-015827002
536,807,17,015831001,Sst Discovery,School of Science and Technology Discovery,C,74,466,https://txschools.net/campus/sst-discovery-015831001
536,807,17,057803115,Uplift Crescendo Prep Ps,Uplift Education,B,74,562,https://txschools.net/campus/uplift-crescendo-prep-ps-057803115
536,807,17,057803103,Uplift Gradus Prep Ps,Uplift Education,C,74,670,https://txschools.net/campus/uplift-gradus-prep-ps-057803103
536,807,17,057803044,Uplift Hampton Prep MS,Uplift Education,C,74,523,https://txschools.net/campus/uplift-hampton-prep-ms-057803044
536,807,17,227803102,Wayside Real Learning Academy,Wayside Schools,C,74,711,https://txschools.net/campus/wayside-real-learning-academy-227803102
554,807,29,057806101,Advantage Academy,Advantage Academy,C,73,909,https://txschools.net/campus/advantage-academy-057806101
554,807,29,021805041,Arrow Academy - Save Our Streets Center,Arrow Academy,B,73,134,https://txschools.net/campus/arrow-academy-save-our-streets-center-021805041
554,807,29,221801014,Coppell Classical Academy,Texas College Preparatory Academies,C,73,491,https://txschools.net/campus/coppell-classical-academy-221801014
554,807,29,212801041,Cumberland Academy Upper Elem,Cumberland Academy,D,73,280,https://txschools.net/campus/cumberland-academy-upper-elem-212801041
554,807,29,057841001,East Grand Preparatory Academy,Cityscape Schools,C,73,776,https://txschools.net/campus/east-grand-preparatory-academy-057841001
554,807,29,070801041,Faith Family Master Academy,Faith Family Academy,D,73,277,https://txschools.net/campus/faith-family-master-academy-070801041
554,807,29,101858008,Harmony School of Enrichment - Houston,Harmony Public Schools - Houston North,C,73,663,https://txschools.net/campus/harmony-school-of-enrichment-houston-101858008
554,807,29,227816005,Harmony School of Innovation - Austin,Harmony Public Schools - Central Texas,C,73,364,https://txschools.net/campus/harmony-school-of-innovation-austin-227816005
554,807,29,071806005,Harmony Science Academy - Odessa,Harmony Public Schools - West Texas,C,73,546,https://txschools.net/campus/harmony-science-academy-odessa-071806005
554,807,29,015815001,Heritage Academy of Windcrest,Heritage Academy,C,73,101,https://txschools.net/campus/heritage-academy-of-windcrest-015815001
554,807,29,108807107,IDEA Alamo Academy,IDEA Public Schools,C,73,668,https://txschools.net/campus/idea-alamo-academy-108807107
554,807,29,108807304,IDEA Ambrose and Freda Robinson Academy,IDEA Public Schools,D,73,438,https://txschools.net/campus/idea-ambrose-and-freda-robinson-academy-108807304
554,807,29,108807025,IDEA Judson College Preparatory,IDEA Public Schools,B,73,731,https://txschools.net/campus/idea-judson-college-preparatory-108807025
554,807,29,108807305,IDEA Mesquite Hills Academy,IDEA Public Schools,C,73,623,https://txschools.net/campus/idea-mesquite-hills-academy-108807305
554,807,29,108807117,IDEA Tres Lagos Academy,IDEA Public Schools,B,73,605,https://txschools.net/campus/idea-tres-lagos-academy-108807117
554,807,29,227820051,KIPP 3D Academy,KIPP Texas Public Schools,B,73,520,https://txschools.net/campus/kipp-3d-academy-227820051
554,807,29,227820061,KIPP Nexus MS,KIPP Texas Public Schools,B,73,447,https://txschools.net/campus/kipp-nexus-ms-227820061
554,807,29,227820083,KIPP Somos Pri,KIPP Texas Public Schools,B,73,321,https://txschools.net/campus/kipp-somos-pri-227820083
554,807,29,101874001,Legacy School of Sport Sciences,Legacy School of Sport Sciences,D,73,550,https://txschools.net/campus/legacy-school-of-sport-sciences-101874001
554,807,29,101855101,Meyerpark Elem,Meyerpark Charter,C,73,259,https://txschools.net/campus/meyerpark-elem-101855101
554,807,29,015843101,Prelude Preparatory Charter School,Prelude Preparatory Charter School,B,73,165,https://txschools.net/campus/prelude-preparatory-charter-school-015843101
554,807,29,227824003,Promesa College Prep Brownsville,Valere Public Schools,C,73,151,https://txschools.net/campus/promesa-college-prep-brownsville-227824003
554,807,29,101806102,Ryss Pri at Broadway,Raul Yzaguirre Schools for Success,C,73,509,https://txschools.net/campus/ryss-pri-at-broadway-101806102
554,807,29,101838102,Southwest Public Schools Int'l Leadership Academy,Southwest Public Schools,C,73,484,https://txschools.net/campus/southwest-public-schools-int-l-leadership-academy-101838102
554,807,29,057804013,Texans Can Academy - Garland,Texans Can Academies,B,73,125,https://txschools.net/campus/texans-can-academy-garland-057804013
554,807,29,057804010,Texans Can Academy - Houston Hobby,Texans Can Academies,B,73,291,https://txschools.net/campus/texans-can-academy-houston-hobby-057804010
554,807,29,226801004,Texas Leadership of Abilene,Texas Leadership Public Schools,C,73,772,https://txschools.net/campus/texas-leadership-of-abilene-226801004
554,807,29,101814102,The Varnett School - Northeast,The Varnett Public School,C,73,314,https://txschools.net/campus/the-varnett-school-northeast-101814102
554,807,29,227829005,Valor San Antonio,Valor Education,C,73,449,https://txschools.net/campus/valor-san-antonio-227829005
554,807,29,101845107,Yes Prep Airline Elem,Yes Prep Public Schools Inc,C,73,765,https://txschools.net/campus/yes-prep-airline-elem-101845107
584,807,25,015838008,Compass Rose Dream,Compass Rose Public Schools,D,72,465,https://txschools.net/campus/compass-rose-dream-015838008
584,807,25,101804004,George I Sanchez North,George I Sanchez Charter,C,72,330,https://txschools.net/campus/george-i-sanchez-north-101804004
584,807,25,108802101,Horizon Montessori - STEM Academy,Horizon Montessori Public Schools,C,72,309,https://txschools.net/campus/horizon-montessori-stem-academy-108802101
584,807,25,101828101,Houston Gateway Academy,Houston Gateway Academy Inc,C,72,568,https://txschools.net/campus/houston-gateway-academy-101828101
584,807,25,108807192,IDEA Burke Academy,IDEA Public Schools,C,72,680,https://txschools.net/campus/idea-burke-academy-108807192
584,807,25,108807093,IDEA Hardy College Preparatory,IDEA Public Schools,C,72,694,https://txschools.net/campus/idea-hardy-college-preparatory-108807093
584,807,25,108807198,IDEA Hidden Meadow Academy,IDEA Public Schools,C,72,563,https://txschools.net/campus/idea-hidden-meadow-academy-108807198
584,807,25,108807301,IDEA Horizon Vista Academy,IDEA Public Schools,C,72,703,https://txschools.net/campus/idea-horizon-vista-academy-108807301
584,807,25,108807183,IDEA Owassa Academy,IDEA Public Schools,B,72,638,https://txschools.net/campus/idea-owassa-academy-108807183
584,807,25,108807308,IDEA Yukon Academy,IDEA Public Schools,C,72,723,https://txschools.net/campus/idea-yukon-academy-108807308
584,807,25,227820302,KIPP Truth Elem,KIPP Texas Public Schools,C,72,454,https://txschools.net/campus/kipp-truth-elem-227820302
584,807,25,057839101,La Academia De Estrellas,La Academia De Estrellas,C,72,721,https://txschools.net/campus/la-academia-de-estrellas-057839101
584,807,25,057839103,La Academia De Estrellas MS,La Academia De Estrellas,C,72,300,https://txschools.net/campus/la-academia-de-estrellas-ms-057839103
584,807,25,057844102,Manara STEM Academy - Arlington,Manara Academy,C,72,238,https://txschools.net/campus/manara-stem-academy-arlington-057844102
584,807,25,015814001,Positive Solutions Charter,Positive Solutions Charter School,B,72,91,https://txschools.net/campus/positive-solutions-charter-015814001
584,807,25,072801128,Premier HS - Austin (Wells Branch),Premier High Schools,B,72,86,https://txschools.net/campus/premier-hs-austin-wells-branch-072801128
584,807,25,072801104,Premier HS of Palmview,Premier High Schools,B,72,96,https://txschools.net/campus/premier-hs-of-palmview-072801104
584,807,25,101802102,Ser-Ninos Charter El II,Ser-Ninos Charter School,C,72,223,https://txschools.net/campus/ser-ninos-charter-el-ii-101802102
584,807,25,101802041,Ser-Ninos Charter MS,Ser-Ninos Charter School,C,72,281,https://txschools.net/campus/ser-ninos-charter-ms-101802041
584,807,25,015830103,Somerset Academy Oaks,Somerset Academies of Texas,C,72,275,https://txschools.net/campus/somerset-academy-oaks-015830103
584,807,25,057804012,Texans Can Academy - Houston Southwest,Texans Can Academies,B,72,287,https://txschools.net/campus/texans-can-academy-houston-southwest-057804012
584,807,25,227831001,Unparalleled Preparatory Academy,Unparalleled Preparatory Academy,C,72,33,https://txschools.net/campus/unparalleled-preparatory-academy-227831001
584,807,25,057803107,Uplift Luna Prep Ps,Uplift Education,C,72,740,https://txschools.net/campus/uplift-luna-prep-ps-057803107
584,807,25,057803008,Uplift Mighty Prep Ps,Uplift Education,D,72,539,https://txschools.net/campus/uplift-mighty-prep-ps-057803008
584,807,25,108808106,Vanguard Van Gogh,Vanguard Academy,C,72,1050,https://txschools.net/campus/vanguard-van-gogh-108808106
584,807,25,057828003,Winfree Academy Charter School (Richardson),Winfree Academy Charter Schools,B,72,121,https://txschools.net/campus/winfree-academy-charter-school-richardson-057828003
610,807,23,220802102,Arlington Classics Academy -Intermediate,Arlington Classics Academy,B,71,528,https://txschools.net/campus/arlington-classics-academy-intermediate-220802102
610,807,23,021805102,Arrow Academy - Harvest Preparatory Academy,Arrow Academy,C,71,113,https://txschools.net/campus/arrow-academy-harvest-preparatory-academy-021805102
610,807,23,015838001,Compass Rose Legacy,Compass Rose Public Schools,C,71,459,https://txschools.net/campus/compass-rose-legacy-015838001
610,807,23,227824001,East Austin College Prep at Southwest Key,Valere Public Schools,D,71,135,https://txschools.net/campus/east-austin-college-prep-at-southwest-key-227824001
610,807,23,227816001,Harmony Science Academy - Austin,Harmony Public Schools - Central Texas,D,71,704,https://txschools.net/campus/harmony-science-academy-austin-227816001
610,807,23,101858003,Harmony Science Academy - Bryan,Harmony Public Schools - Houston North,D,71,342,https://txschools.net/campus/harmony-science-academy-bryan-101858003
610,807,23,108807120,IDEA Carver Academy,IDEA Public Schools,C,71,419,https://txschools.net/campus/idea-carver-academy-108807120
610,807,23,108807103,IDEA Frontier Academy,IDEA Public Schools,C,71,706,https://txschools.net/campus/idea-frontier-academy-108807103
610,807,23,108807195,IDEA Harlingen Academy,IDEA Public Schools,B,71,620,https://txschools.net/campus/idea-harlingen-academy-108807195
610,807,23,108807207,IDEA Lake Houston College Preparatory,IDEA Public Schools,C,71,623,https://txschools.net/campus/idea-lake-houston-college-preparatory-108807207
610,807,23,108807111,IDEA McAllen Academy,IDEA Public Schools,C,71,739,https://txschools.net/campus/idea-mcallen-academy-108807111
610,807,23,108807140,IDEA Rio Vista Academy,IDEA Public Schools,C,71,600,https://txschools.net/campus/idea-rio-vista-academy-108807140
610,807,23,221801069,Ignite Community School - Westchase,Texas College Preparatory Academies,D,71,1178,https://txschools.net/campus/ignite-community-school-westchase-221801069
610,807,23,057848030,ILTexas College Station Elem,International Leadership of Texas (ILTexas),C,71,798,https://txschools.net/campus/iltexas-college-station-elem-057848030
610,807,23,057848016,ILTexas Westpark Elem,International Leadership of Texas (ILTexas),C,71,880,https://txschools.net/campus/iltexas-westpark-elem-057848016
610,807,23,227820214,KIPP Zenith Academy,KIPP Texas Public Schools,C,71,800,https://txschools.net/campus/kipp-zenith-academy-227820214
610,807,23,061804003,Leadership Prep School Majestic Gardens Elem,Leadership Prep School,C,71,602,https://txschools.net/campus/leadership-prep-school-majestic-gardens-elem-061804003
610,807,23,057850001,Pioneer Technology (PTAA) Mesquite,Pioneer Technology & Arts Academy,C,71,465,https://txschools.net/campus/pioneer-technology-ptaa-mesquite-057850001
610,807,23,101814103,The Varnett School - East,The Varnett Public School,F,71,291,https://txschools.net/campus/the-varnett-school-east-101814103
610,807,23,057813106,Trinity Basin Preparatory - Arlington,Trinity Basin Preparatory,C,71,483,https://txschools.net/campus/trinity-basin-preparatory-arlington-057813106
610,807,23,057803050,Uplift Elevate Prep MS,Uplift Education,C,71,267,https://txschools.net/campus/uplift-elevate-prep-ms-057803050
610,807,23,057803111,Uplift Hampton Prep Ps,Uplift Education,C,71,729,https://txschools.net/campus/uplift-hampton-prep-ps-057803111
610,807,23,057803105,Uplift Pinnacle Prep Ps,Uplift Education,C,71,500,https://txschools.net/campus/uplift-pinnacle-prep-ps-057803105
610,807,23,101845106,Yes Prep East End Elem,Yes Prep Public Schools Inc,C,71,721,https://txschools.net/campus/yes-prep-east-end-elem-101845106
634,807,15,108809001,Excellence In Leadership Academy,Excellence In Leadership Academy,D,70,168,https://txschools.net/campus/excellence-in-leadership-academy-108809001
634,807,15,221801027,Founders Classical Academy - East Lewisville,Texas College Preparatory Academies,C,70,198,https://txschools.net/campus/founders-classical-academy-east-lewisville-221801027
634,807,15,057835104,Golden Rule Grand Prairie,Golden Rule Charter School,B,70,90,https://txschools.net/campus/golden-rule-grand-prairie-057835104
634,807,15,015835004,Great Hearts Irving,Great Hearts Texas,C,70,926,https://txschools.net/campus/great-hearts-irving-015835004
634,807,15,108807130,IDEA Ingram Hills Academy,IDEA Public Schools,C,70,520,https://txschools.net/campus/idea-ingram-hills-academy-108807130
634,807,15,108807139,IDEA Kyle Academy,IDEA Public Schools,C,70,600,https://txschools.net/campus/idea-kyle-academy-108807139
634,807,15,227820054,KIPP Intrepid Preparatory,KIPP Texas Public Schools,C,70,512,https://txschools.net/campus/kipp-intrepid-preparatory-227820054
634,807,15,227820303,KIPP Pleasant Grove Pri,KIPP Texas Public Schools,C,70,444,https://txschools.net/campus/kipp-pleasant-grove-pri-227820303
634,807,15,061802005,North Texas Collegiate Academy-East Campus,North Texas Collegiate Academy,D,70,298,https://txschools.net/campus/north-texas-collegiate-academy-east-campus-061802005
634,807,15,227824004,Promesa College Prep West Corpus Christi,Valere Public Schools,C,70,368,https://txschools.net/campus/promesa-college-prep-west-corpus-christi-227824004
634,807,15,057813101,Trinity Basin Preparatory - Dallas,Trinity Basin Preparatory,C,70,1654,https://txschools.net/campus/trinity-basin-preparatory-dallas-057813101
634,807,15,057813104,Trinity Basin Preparatory - Fort Worth,Trinity Basin Preparatory,C,70,2003,https://txschools.net/campus/trinity-basin-preparatory-fort-worth-057813104
634,807,15,227819101,University of Texas Elem Charter School,University of Texas Elem Charter School,C,70,305,https://txschools.net/campus/university-of-texas-elem-charter-school-227819101
634,807,15,057803011,Uplift Grand Prep MS,Uplift Education,C,70,423,https://txschools.net/campus/uplift-grand-prep-ms-057803011
634,807,15,057803047,Uplift Summit Prep MS,Uplift Education,C,70,484,https://txschools.net/campus/uplift-summit-prep-ms-057803047
634,807,15,057803116,Uplift Wisdom Prep Ps,Uplift Education,D,70,579,https://txschools.net/campus/uplift-wisdom-prep-ps-057803116
650,807,6,108807129,IDEA Ewing Halsell Academy,IDEA Public Schools,C,69,673,https://txschools.net/campus/idea-ewing-halsell-academy-108807129
650,807,6,108807136,IDEA Rundberg Academy,IDEA Public Schools,D,69,648,https://txschools.net/campus/idea-rundberg-academy-108807136
650,807,6,057848044,ILTexas Msg Ramirez MS,International Leadership of Texas (ILTexas),D,69,434,https://txschools.net/campus/iltexas-msg-ramirez-ms-057848044
650,807,6,227820402,KIPP Esperanza Pri,KIPP Texas Public Schools,C,69,345,https://txschools.net/campus/kipp-esperanza-pri-227820402
650,807,6,014801001,Richard Milburn Alter HS (Killeen),Richard Milburn Alter High School (Killeen),C,69,168,https://txschools.net/campus/richard-milburn-alter-hs-killeen-014801001
650,807,6,013801101,St Mary's Academy Charter School,St Mary's Academy Charter School,C,69,329,https://txschools.net/campus/st-mary-s-academy-charter-school-013801101
650,807,6,101859102,Step Charter II,Step Charter School,C,69,340,https://txschools.net/campus/step-charter-ii-101859102
657,807,7,152806001,Betty M Condra School for Education Innovation,Betty M Condra School for Education Innovation,D,68,168,https://txschools.net/campus/betty-m-condra-school-for-education-innovation-152806001
657,807,7,057835001,Golden Rule Charter School,Golden Rule Charter School,D,68,498,https://txschools.net/campus/golden-rule-charter-school-057835001
657,807,7,161807007,Harmony Science Academy- Fort Worth,Harmony Public Schools - North Texas,C,68,1299,https://txschools.net/campus/harmony-science-academy-fort-worth-161807007
657,807,7,108807204,IDEA Ambrose and Freda Robinson College Preparator,IDEA Public Schools,D,68,116,https://txschools.net/campus/idea-ambrose-and-freda-robinson-college-preparator-108807204
657,807,7,108807124,IDEA Eastside Academy,IDEA Public Schools,C,68,370,https://txschools.net/campus/idea-eastside-academy-108807124
657,807,7,108807202,IDEA Edgecliff College Preparatory,IDEA Public Schools,C,68,738,https://txschools.net/campus/idea-edgecliff-college-preparatory-108807202
657,807,7,221801022,Ischool Virtual Academy of Texas,Texas College Preparatory Academies,D,68,407,https://txschools.net/campus/ischool-virtual-academy-of-texas-221801022
657,807,7,057804001,Texans Can Academy - Dallas North,Texans Can Academies,B,68,140,https://txschools.net/campus/texans-can-academy-dallas-north-057804001
665,807,9,101803041,Aristoi Classical Academy,Aristoi Classical Academy,C,67,446,https://txschools.net/campus/aristoi-classical-academy-101803041
665,807,9,161802101,Audre and Bernard Rapoport Academy,Rapoport Academy Public School,D,67,401,https://txschools.net/campus/audre-and-bernard-rapoport-academy-161802101
665,807,9,108807197,IDEA Palmview Academy,IDEA Public Schools,D,67,654,https://txschools.net/campus/idea-palmview-academy-108807197
665,807,9,108807190,IDEA Parmer Park Academy,IDEA Public Schools,C,67,613,https://txschools.net/campus/idea-parmer-park-academy-108807190
665,807,9,108807138,IDEA Pflugerville Academy,IDEA Public Schools,D,67,652,https://txschools.net/campus/idea-pflugerville-academy-108807138
665,807,9,108807113,IDEA Weslaco Pike Academy,IDEA Public Schools,C,67,696,https://txschools.net/campus/idea-weslaco-pike-academy-108807113
665,807,9,161802102,Quinn Campus Public MS,Rapoport Academy Public School,D,67,268,https://txschools.net/campus/quinn-campus-public-ms-161802102
665,807,9,015807101,Southwest Prep Northwest Elem,Southwest Preparatory School,D,67,116,https://txschools.net/campus/southwest-prep-northwest-elem-015807101
665,807,9,071803003,Triumph Public High Schools-Abilene,Triumph Public High Schools-West Texas,B,67,111,https://txschools.net/campus/triumph-public-high-schools-abilene-071803003
665,807,9,101840101,Two Dimensions Preparatory Academy,Two Dimensions Preparatory Academy,D,67,135,https://txschools.net/campus/two-dimensions-preparatory-academy-101840101
675,807,10,101875001,Bloom Academy Charter School,Bloom Academy Charter School,F,66,364,https://txschools.net/campus/bloom-academy-charter-school-101875001
675,807,10,213801001,Brazos River Charter School,Brazos River Charter School,C,66,60,https://txschools.net/campus/brazos-river-charter-school-213801001
675,807,10,221801005,Ignite Community School - Huntsville,Texas College Preparatory Academies,C,66,395,https://txschools.net/campus/ignite-community-school-huntsville-221801005
675,807,10,057848042,ILTexas Bg Ramirez Elem,International Leadership of Texas (ILTexas),D,66,896,https://txschools.net/campus/iltexas-bg-ramirez-elem-057848042
675,807,10,057848043,ILTexas Msg Ramirez Elem,International Leadership of Texas (ILTexas),D,66,919,https://txschools.net/campus/iltexas-msg-ramirez-elem-057848043
675,807,10,057850002,Pioneer Technology (PTAA) Greenville,Pioneer Technology & Arts Academy,C,66,865,https://txschools.net/campus/pioneer-technology-ptaa-greenville-057850002
675,807,10,015807002,Southwest Preparatory Southeast Campus,Southwest Preparatory School,C,66,188,https://txschools.net/campus/southwest-preparatory-southeast-campus-015807002
675,807,10,057804004,Texans Can Academy - Pleasant Grove,Texans Can Academies,C,66,521,https://txschools.net/campus/texans-can-academy-pleasant-grove-057804004
675,807,10,057813105,Trinity Basin Preparatory - Mesquite,Trinity Basin Preparatory,D,66,797,https://txschools.net/campus/trinity-basin-preparatory-mesquite-057813105
675,807,10,101840103,Two Dimensions/Vickery,Two Dimensions Preparatory Academy,F,66,207,https://txschools.net/campus/two-dimensions-vickery-101840103
675,807,10,057803108,Uplift Meridian Prep Ps,Uplift Education,D,66,519,https://txschools.net/campus/uplift-meridian-prep-ps-057803108
686,807,11,220811101,East Fort Worth Montessori Academy,East Fort Worth Montessori Academy,D,65,106,https://txschools.net/campus/east-fort-worth-montessori-academy-220811101
686,807,11,057835101,Golden Rule Sunnyside,Golden Rule Charter School,D,65,102,https://txschools.net/campus/golden-rule-sunnyside-057835101
686,807,11,101858002,Harmony School of Endeavor-Houston,Harmony Public Schools - Houston North,D,65,560,https://txschools.net/campus/harmony-school-of-endeavor-houston-101858002
686,807,11,101858012,Harmony Science Academy - City Place,Harmony Public Schools - Houston North,C,65,455,https://txschools.net/campus/harmony-science-academy-city-place-101858012
686,807,11,108807194,IDEA Spears Academy,IDEA Public Schools,D,65,719,https://txschools.net/campus/idea-spears-academy-108807194
686,807,11,108807208,IDEA Yukon College Preparatory,IDEA Public Schools,C,65,604,https://txschools.net/campus/idea-yukon-college-preparatory-108807208
686,807,11,221801061,Ignite Community School - Mesquite,Texas College Preparatory Academies,C,65,385,https://txschools.net/campus/ignite-community-school-mesquite-221801061
686,807,11,057848014,ILTexas Katy Elem,International Leadership of Texas (ILTexas),D,65,936,https://txschools.net/campus/iltexas-katy-elem-057848014
686,807,11,057819001,Jean Massieu Academy,Jean Massieu Academy,D,65,172,https://txschools.net/campus/jean-massieu-academy-057819001
686,807,11,220817001,Newman International Academy of Arlington,Newman International Academy of Arlington,C,65,709,https://txschools.net/campus/newman-international-academy-of-arlington-220817001
686,807,11,057802001,Pegasus Charter HS,Pegasus School of Liberal Arts and Sciences,D,65,277,https://txschools.net/campus/pegasus-charter-hs-057802001
686,807,11,220801001,Treetops School International,Treetops School International,C,65,186,https://txschools.net/campus/treetops-school-international-220801001
698,807,11,101870002,Beta Academy,Beta Academy,D,64,1041,https://txschools.net/campus/beta-academy-101870002
698,807,11,015838002,Compass Rose Ingenuity,Compass Rose Public Schools,D,64,795,https://txschools.net/campus/compass-rose-ingenuity-015838002
698,807,11,221801060,Denton Classical Academy,Texas College Preparatory Academies,C,64,211,https://txschools.net/campus/denton-classical-academy-221801060
698,807,11,108807112,IDEA Brownsville Academy,IDEA Public Schools,C,64,636,https://txschools.net/campus/idea-brownsville-academy-108807112
698,807,11,108807099,IDEA Converse College Preparatory,IDEA Public Schools,C,64,577,https://txschools.net/campus/idea-converse-college-preparatory-108807099
698,807,11,108807106,IDEA San Juan Academy,IDEA Public Schools,D,64,532,https://txschools.net/campus/idea-san-juan-academy-108807106
698,807,11,014804008,Kingsland School,Orenda Charter School,C,64,120,https://txschools.net/campus/kingsland-school-014804008
698,807,11,061802004,North Texas Collegiate Academy-North Campus,North Texas Collegiate Academy,C,64,247,https://txschools.net/campus/north-texas-collegiate-academy-north-campus-061802004
698,807,11,084802003,Odyssey Academy - Webster,Odyssey Academy Inc,D,64,395,https://txschools.net/campus/odyssey-academy-webster-084802003
698,807,11,072801150,Premier HS - San Angelo,Premier High Schools,C,64,176,https://txschools.net/campus/premier-hs-san-angelo-072801150
698,807,11,057803017,Uplift Ascend Prep Ps,Uplift Education,D,64,841,https://txschools.net/campus/uplift-ascend-prep-ps-057803017
698,807,11,227829003,Valor Kyle,Valor Education,D,64,963,https://txschools.net/campus/valor-kyle-227829003
710,807,8,221801073,Founders Classical Academy - Conroe,Texas College Preparatory Academies,C,63,950,https://txschools.net/campus/founders-classical-academy-conroe-221801073
710,807,8,108807187,IDEA Achieve Academy,IDEA Public Schools,D,63,500,https://txschools.net/campus/idea-achieve-academy-108807187
710,807,8,227820105,KIPP Paseo Pri,KIPP Texas Public Schools,D,63,567,https://txschools.net/campus/kipp-paseo-pri-227820105
710,807,8,015825002,Lighthouse High,Lighthouse Public Schools,C,63,88,https://txschools.net/campus/lighthouse-high-015825002
710,807,8,220817006,Newman International Academy Watauga,Newman International Academy of Arlington,D,63,451,https://txschools.net/campus/newman-international-academy-watauga-220817006
710,807,8,057850004,Pioneer Technology (PTAA) Mesquite Elem,Pioneer Technology & Arts Academy,D,63,175,https://txschools.net/campus/pioneer-technology-ptaa-mesquite-elem-057850004
710,807,8,227824002,The East Austin College Prep at Mlk,Valere Public Schools,D,63,158,https://txschools.net/campus/the-east-austin-college-prep-at-mlk-227824002
710,807,8,057813109,Trinity Basin Preparatory - South,Trinity Basin Preparatory,D,63,585,https://txschools.net/campus/trinity-basin-preparatory-south-057813109
710,807,8,057803051,Uplift Ascend Prep MS,Uplift Education,D,63,426,https://txschools.net/campus/uplift-ascend-prep-ms-057803051
719,807,3,108807199,IDEA Converse Academy,IDEA Public Schools,D,62,682,https://txschools.net/campus/idea-converse-academy-108807199
719,807,3,108807302,IDEA Edgecliff Academy,IDEA Public Schools,D,62,730,https://txschools.net/campus/idea-edgecliff-academy-108807302
719,807,3,015822004,Jubilee - Lake View University Prep,Jubilee Academies,C,62,587,https://txschools.net/campus/jubilee-lake-view-university-prep-015822004
719,807,3,015807102,Seguin Campus,Southwest Preparatory School,D,62,269,https://txschools.net/campus/seguin-campus-015807102
723,807,13,015844101,Essence Preparatory Charter School,Essence Preparatory Charter School,F,61,438,https://txschools.net/campus/essence-preparatory-charter-school-015844101
723,807,13,057835102,Golden Rule Desoto,Golden Rule Charter School,D,61,408,https://txschools.net/campus/golden-rule-desoto-057835102
723,807,13,108807201,IDEA Horizon Vista College Preparatory,IDEA Public Schools,C,61,452,https://txschools.net/campus/idea-horizon-vista-college-preparatory-108807201
723,807,13,108807135,IDEA Montopolis Academy,IDEA Public Schools,D,61,645,https://txschools.net/campus/idea-montopolis-academy-108807135
723,807,13,108807196,IDEA Sports Park Academy,IDEA Public Schools,D,61,565,https://txschools.net/campus/idea-sports-park-academy-108807196
723,807,13,227820209,KIPP Explore Academy,KIPP Texas Public Schools,C,61,718,https://txschools.net/campus/kipp-explore-academy-227820209
723,807,13,227820213,KIPP Peace Elem,KIPP Texas Public Schools,F,61,469,https://txschools.net/campus/kipp-peace-elem-227820213
723,807,13,015842001,Royal Academy of Excellence,Royal Public Schools,F,61,394,https://txschools.net/campus/royal-academy-of-excellence-015842001
723,807,13,101845105,Southside Elem,Yes Prep Public Schools Inc,D,61,631,https://txschools.net/campus/southside-elem-101845105
723,807,13,152803001,Triumph Public High Schools-Lubbock,Triumph Public High Schools-Lubbock,C,61,119,https://txschools.net/campus/triumph-public-high-schools-lubbock-152803001
723,807,13,240801003,Triumph Public High Schools-San Antonio,Triumph Public High Schools Central Texas,C,61,112,https://txschools.net/campus/triumph-public-high-schools-san-antonio-240801003
723,807,13,101814101,Varnett Charter School,The Varnett Public School,F,61,479,https://txschools.net/campus/varnett-charter-school-101814101
723,807,13,227803103,Wayside Altamira Academy,Wayside Schools,F,61,393,https://txschools.net/campus/wayside-altamira-academy-227803103
723,807,13,227803101,Wayside Eden Park Academy,Wayside Schools,D,61,227,https://txschools.net/campus/wayside-eden-park-academy-227803101
737,807,11,161807001,Harmony Science Acad (Waco),Harmony Public Schools - North Texas,D,60,592,https://txschools.net/campus/harmony-science-acad-waco-161807001
737,807,11,108807127,IDEA Najim Academy,IDEA Public Schools,F,60,463,https://txschools.net/campus/idea-najim-academy-108807127
737,807,11,108807088,IDEA Robindale College Preparatory,IDEA Public Schools,C,60,780,https://txschools.net/campus/idea-robindale-college-preparatory-108807088
737,807,11,108807121,IDEA South Flores Academy,IDEA Public Schools,D,60,630,https://txschools.net/campus/idea-south-flores-academy-108807121
737,807,11,057848040,ILTexas Pearland 6-8,International Leadership of Texas (ILTexas),D,60,244,https://txschools.net/campus/iltexas-pearland-6-8-057848040
737,807,11,105801001,Katherine Anne Porter School,Katherine Anne Porter School,D,60,76,https://txschools.net/campus/katherine-anne-porter-school-105801001
737,807,11,061802003,North Texas Collegiate Academy-South Campus,North Texas Collegiate Academy,F,60,252,https://txschools.net/campus/north-texas-collegiate-academy-south-campus-061802003
737,807,11,057850005,Pioneer Technology (PTAA) Royse City Elem,Pioneer Technology & Arts Academy,D,60,200,https://txschools.net/campus/pioneer-technology-ptaa-royse-city-elem-057850005
737,807,11,072801116,Premier HS of Mission,Premier High Schools,B,60,144,https://txschools.net/campus/premier-hs-of-mission-072801116
737,807,11,015839001,Promesa Academy Charter School,Promesa Academy Charter School,D,60,275,https://txschools.net/campus/promesa-academy-charter-school-015839001
737,807,11,014801010,Richard Milburn Academy Midland,Richard Milburn Alter High School (Killeen),C,60,165,https://txschools.net/campus/richard-milburn-academy-midland-014801010
737,807,11,101868001,The Pro-Vision Academy,The Pro-Vision Academy,C,60,141,https://txschools.net/campus/the-pro-vision-academy-101868001
749,807,6,015838005,Compass Rose Journey,Compass Rose Public Schools,D,59,471,https://txschools.net/campus/compass-rose-journey-015838005
749,807,6,108807309,IDEA A W Brown Academy,IDEA Public Schools,F,59,478,https://txschools.net/campus/idea-a-w-brown-academy-108807309
749,807,6,108807087,IDEA Achieve College Preparatory,IDEA Public Schools,C,59,490,https://txschools.net/campus/idea-achieve-college-preparatory-108807087
749,807,6,108807110,IDEA Weslaco Academy,IDEA Public Schools,C,59,582,https://txschools.net/campus/idea-weslaco-academy-108807110
749,807,6,227826101,Magnolia Montessori for All,Montessori for All,D,59,556,https://txschools.net/campus/magnolia-montessori-for-all-227826101
749,807,6,072801107,Premier HS of Del Rio,Premier High Schools,C,59,50,https://txschools.net/campus/premier-hs-of-del-rio-072801107
749,807,6,061805002,Trivium Academy - Plano Campus,Trivium Academy,D,59,81,https://txschools.net/campus/trivium-academy-plano-campus-061805002
756,807,1,108807085,IDEA Mesa Hills College Preparatory,IDEA Public Schools,C,58,612,https://txschools.net/campus/idea-mesa-hills-college-preparatory-108807085
756,807,1,101873001,Yellowstone College Preparatory,Yellowstone College Preparatory,D,58,361,https://txschools.net/campus/yellowstone-college-preparatory-101873001
758,807,1,227825001,Austin Achieve MS,Austin Achieve Public Schools,D,57,694,https://txschools.net/campus/austin-achieve-ms-227825001
758,807,1,101806042,Ryss MS at Broadway,Raul Yzaguirre Schools for Success,C,57,287,https://txschools.net/campus/ryss-ms-at-broadway-101806042
760,807,4,221801075,Founders Classical Academy-Bastrop,Texas College Preparatory Academies,D,56,285,https://txschools.net/campus/founders-classical-academy-bastrop-221801075
760,807,4,015835011,Great Hearts Online - TX,Great Hearts Texas,D,56,1063,https://txschools.net/campus/great-hearts-online-tx-015835011
760,807,4,108807206,IDEA Southeast College Preparatory,IDEA Public Schools,D,56,566,https://txschools.net/campus/idea-southeast-college-preparatory-108807206
760,807,4,015825101,Lighthouse Elem,Lighthouse Public Schools,F,56,289,https://txschools.net/campus/lighthouse-elem-015825101
760,807,4,084802002,Odyssey Academy - Texas City,Odyssey Academy Inc,F,56,599,https://txschools.net/campus/odyssey-academy-texas-city-084802002
765,807,5,057831002,Gateway Charter Academy - MS - HS,Gateway Charter Academy,F,55,182,https://txschools.net/campus/gateway-charter-academy-ms-hs-057831002
765,807,5,108807098,IDEA Hidden Meadow College Preparatory,IDEA Public Schools,C,55,363,https://txschools.net/campus/idea-hidden-meadow-college-preparatory-108807098
765,807,5,072801145,Premier HS Online,Premier High Schools,C,55,3640,https://txschools.net/campus/premier-hs-online-072801145
765,807,5,014801007,Richard Milburn Academy Corpus Christi,Richard Milburn Alter High School (Killeen),C,55,235,https://txschools.net/campus/richard-milburn-academy-corpus-christi-014801007
765,807,5,014801006,Richard Milburn Academy Fort Worth,Richard Milburn Alter High School (Killeen),D,55,94,https://txschools.net/campus/richard-milburn-academy-fort-worth-014801006
765,807,5,015808016,Rise Inspire Academy,Inspire Academies,D,55,29,https://txschools.net/campus/rise-inspire-academy-015808016
771,807,2,227825003,Austin Achieve Northeast Elem,Austin Achieve Public Schools,F,54,877,https://txschools.net/campus/austin-achieve-northeast-elem-227825003
771,807,2,227820219,KIPP Mosaic Pri,KIPP Texas Public Schools,F,54,1038,https://txschools.net/campus/kipp-mosaic-pri-227820219
771,807,2,101802101,Ser-Ninos Charter Elem,Ser-Ninos Charter School,D,54,469,https://txschools.net/campus/ser-ninos-charter-elem-101802101
774,807,0,227805041,Texas Empowerment Academy,Texas Empowerment Academy,F,53,461,https://txschools.net/campus/texas-empowerment-academy-227805041
775,807,4,108810101,Brillante Academy,Brillante Academy,F,51,426,https://txschools.net/campus/brillante-academy-108810101
775,807,4,108807101,IDEA Donna Academy,IDEA Public Schools,D,51,729,https://txschools.net/campus/idea-donna-academy-108807101
775,807,4,108807122,IDEA Monterrey Park Academy,IDEA Public Schools,F,51,554,https://txschools.net/campus/idea-monterrey-park-academy-108807122
775,807,4,108807306,IDEA Southeast Academy,IDEA Public Schools,F,51,683,https://txschools.net/campus/idea-southeast-academy-108807306
775,807,4,015822002,Jubilee Highland Hills,Jubilee Academies,D,51,639,https://txschools.net/campus/jubilee-highland-hills-015822002
780,807,0,221801079,Responsiveed - Online,Texas College Preparatory Academies,D,50,248,https://txschools.net/campus/responsiveed-online-221801079
781,807,0,071810001,El Paso Leadership Academy,El Paso Leadership Academy,F,49,188,https://txschools.net/campus/el-paso-leadership-academy-071810001
782,807,1,057829001,A' Academy Elem,A' Academy,F,48,874,https://txschools.net/campus/a-academy-elem-057829001
782,807,1,101838104,Southwest Public Schools Visual & Perf Arts Acad,Southwest Public Schools,D,48,371,https://txschools.net/campus/southwest-public-schools-visual-perf-arts-acad-101838104
784,807,0,101872001,Etoile Academy Charter School,Etoile Academy Charter School,F,46,686,https://txschools.net/campus/etoile-academy-charter-school-101872001
785,807,0,015838007,Compass Rose Harvest,Compass Rose Public Schools,F,45,471,https://txschools.net/campus/compass-rose-harvest-015838007
786,807,0,114801001,Pathway Academy,Pathway Academy,F,44,130,https://txschools.net/campus/pathway-academy-114801001
787,807,1,108807128,IDEA Brackenridge Academy,IDEA Public Schools,F,43,611,https://txschools.net/campus/idea-brackenridge-academy-108807128
787,807,1,101881001,Up Excellence Academy,Up Excellence Academy,F,43,116,https://txschools.net/campus/up-excellence-academy-101881001
789,807,1,071810002,El Paso Leadership Academy - HS East,El Paso Leadership Academy,F,41,361,https://txschools.net/campus/el-paso-leadership-academy-hs-east-071810002
789,807,1,057830001,Inspired Vision Academy Elem,Inspired Vision Academy,F,41,547,https://txschools.net/campus/inspired-vision-academy-elem-057830001
791,807,0,108807203,IDEA La Joya College Preparatory,IDEA Public Schools,D,40,514,https://txschools.net/campus/idea-la-joya-college-preparatory-108807203
792,807,1,108807137,IDEA Bluff Springs Academy,IDEA Public Schools,F,38,517,https://txschools.net/campus/idea-bluff-springs-academy-108807137
792,807,1,221801065,Ignite Community School - Fallbrook,Texas College Preparatory Academies,F,38,152,https://txschools.net/campus/ignite-community-school-fallbrook-221801065
794,807,2,108807123,IDEA Walzem Academy,IDEA Public Schools,F,33,604,https://txschools.net/campus/idea-walzem-academy-108807123
794,807,2,221801062,Ignite Community School - Mainland,Texas College Preparatory Academies,F,33,405,https://txschools.net/campus/ignite-community-school-mainland-221801062
794,807,2,057803112,Uplift Williams Prep Ps,Uplift Education,F,33,545,https://txschools.net/campus/uplift-williams-prep-ps-057803112
797,807,0,212801042,Cumberland Academy MS,Cumberland Academy,F,32,240,https://txschools.net/campus/cumberland-academy-ms-212801042
798,807,9,015845001,Celebrate Dyslexia School,Celebrate Dyslexia Schools,F,30,100,https://txschools.net/campus/celebrate-dyslexia-school-015845001
798,807,9,178807101,Corpus Christi Montessori School,Corpus Christi Montessori School,F,30,132,https://txschools.net/campus/corpus-christi-montessori-school-178807101
798,807,9,071801005,Davinci Acad for Sci and the Arts at San Antonio,Burnham Wood Charter School District,F,30,114,https://txschools.net/campus/davinci-acad-for-sci-and-the-arts-at-san-antonio-071801005
798,807,9,057835103,Golden Rule Southwest,Golden Rule Charter School,F,30,187,https://txschools.net/campus/golden-rule-southwest-057835103
798,807,9,108807186,IDEA Rise Academy,IDEA Public Schools,F,30,641,https://txschools.net/campus/idea-rise-academy-108807186
798,807,9,221801052,Ignite Community School - Beaumont,Texas College Preparatory Academies,F,30,195,https://txschools.net/campus/ignite-community-school-beaumont-221801052
798,807,9,221801083,Ignite Community School - Fort Worth,Texas College Preparatory Academies,F,30,615,https://txschools.net/campus/ignite-community-school-fort-worth-221801083
798,807,9,057809101,Nova Academy,Nova Academy,F,30,67,https://txschools.net/campus/nova-academy-057809101
798,807,9,072801166,Premier HS - Houston (Greenspoint),Premier High Schools,D,30,69,https://txschools.net/campus/premier-hs-houston-greenspoint-072801166
798,807,9,015808020,Sherman Inspire Academy,Inspire Academies,F,30,428,https://txschools.net/campus/sherman-inspire-academy-015808020
