# txschools.net — unofficial. Not operated by, endorsed by, or affiliated with the Texas Education Agency.
# source: Texas Education Agency, published publicly at https://txschools.gov
# snapshot: 15 August 2026 — the date this site fetched the source data. The publisher may have revised it since.
# official accountability landing page: Texas Education Agency Reports and Data Portal at https://tea.texas.gov/school-and-district-leaders/accountability/academic-accountability/performance-reporting/texas-education-agency-reports-and-data-portal
# dataset: ranking board
# page: https://txschools.net/rankings/charters/texas-campuses/overall-score-highest
# rows: 829 (excluding this header and the column row)
# ranking: Texas open-enrollment charter campuses with the highest overall score in 2025-26
# sector: charter (open-enrollment charters only)
# population: 829 campuses of 965 campuses are ranked here.
# population: 136 were not rated by TEA for 2025-26 and are not ranked.
# rank_of is how many rows were actually ranked (can be smaller than the population above); two rows on the same value share a rank ("tied"), and the next rank is skipped.
# empty cell = the source did not publish that figure, suppressed it, or did not report it. It does not mean zero.
# numbers are unformatted: no thousands separators, no currency symbols, no percent signs.
# rights: txschools.net does not grant permission to reuse third-party source material; consult the publisher's terms and policies, including TEA's at https://tea.texas.gov/about-tea/welcome-and-overview/site-policies.
# lines starting with # are comments — pandas: read_csv(path, comment='#')
rank,rank_of,tied,entity_id,name,district,rating,value,enrollment,url
1,829,1,227814001,Chaparral Star Academy,Chaparral Star Academy,A,99,387,https://txschools.net/campus/chaparral-star-academy-227814001
1,829,1,123803001,Tekoa Academy of Accelerated Studies,Tekoa Academy of Accelerated Studies STEM School,A,99,38,https://txschools.net/campus/tekoa-academy-of-accelerated-studies-123803001
3,829,5,015834007,Basis Cedar Park,Basis Texas,A,98,499,https://txschools.net/campus/basis-cedar-park-015834007
3,829,5,015834001,Basis San Antonio- Shavano Campus,Basis Texas,A,98,1111,https://txschools.net/campus/basis-san-antonio-shavano-campus-015834001
3,829,5,101862002,Harmony School of Innovation-Sugar Land,Harmony Public Schools - Houston West,A,98,939,https://txschools.net/campus/harmony-school-of-innovation-sugar-land-101862002
3,829,5,183801003,Panola Early College HS,Panola Charter School,A,98,52,https://txschools.net/campus/panola-early-college-hs-183801003
3,829,5,057803002,Uplift North Hills Prep HS,Uplift Education,A,98,540,https://txschools.net/campus/uplift-north-hills-prep-hs-057803002
3,829,5,220810001,Westlake Academy,Westlake Academy Charter School,A,98,908,https://txschools.net/campus/westlake-academy-220810001
9,829,13,015834005,Basis Pflugerville,Basis Texas,A,97,330,https://txschools.net/campus/basis-pflugerville-015834005
9,829,13,092801001,Dan Chadwick Campus,East Texas Charter Schools,A,97,125,https://txschools.net/campus/dan-chadwick-campus-092801001
9,829,13,014804006,Gateway College Preparatory School,Orenda Charter School,A,97,1678,https://txschools.net/campus/gateway-college-preparatory-school-014804006
9,829,13,101858005,Harmony School of Discovery - Houston,Harmony Public Schools - Houston North,A,97,882,https://txschools.net/campus/harmony-school-of-discovery-houston-101858005
9,829,13,227816004,Harmony School of Endeavor - Austin,Harmony Public Schools - Central Texas,A,97,991,https://txschools.net/campus/harmony-school-of-endeavor-austin-227816004
9,829,13,101862005,Harmony School of Innovation - Katy,Harmony Public Schools - Houston West,A,97,927,https://txschools.net/campus/harmony-school-of-innovation-katy-101862005
9,829,13,161807009,Harmony Science Academy - Euless,Harmony Public Schools - North Texas,A,97,684,https://txschools.net/campus/harmony-science-academy-euless-161807009
9,829,13,057848018,ILTexas Katy - Westpark HS,International Leadership of Texas (ILTexas),A,97,858,https://txschools.net/campus/iltexas-katy-westpark-hs-057848018
9,829,13,072801135,Premier HS of Huntsville,Premier High Schools,A,97,62,https://txschools.net/campus/premier-hs-of-huntsville-072801135
9,829,13,072801147,Premier HS-Houston (Champions),Premier High Schools,A,97,86,https://txschools.net/campus/premier-hs-houston-champions-072801147
9,829,13,015831008,Sst Hill Country College Prep HS,School of Science and Technology Discovery,A,97,421,https://txschools.net/campus/sst-hill-country-college-prep-hs-015831008
9,829,13,123803041,Tekoa Academy of Accelerated Studies,Tekoa Academy of Accelerated Studies STEM School,A,97,35,https://txschools.net/campus/tekoa-academy-of-accelerated-studies-123803041
9,829,13,240801001,Triumph Public High Schools-Laredo North,Triumph Public High Schools Central Texas,A,97,105,https://txschools.net/campus/triumph-public-high-schools-laredo-north-240801001
9,829,13,057808102,Universal Academy Coppell,Universal Academy,A,97,1299,https://txschools.net/campus/universal-academy-coppell-057808102
23,829,17,015834010,Basis Plano,Basis Texas,A,96,354,https://txschools.net/campus/basis-plano-015834010
23,829,17,015805001,Frank L Madla Early College HS,New Frontiers Public Schools Inc,A,96,146,https://txschools.net/campus/frank-l-madla-early-college-hs-015805001
23,829,17,014804005,Gateway Tech HS,Orenda Charter School,A,96,47,https://txschools.net/campus/gateway-tech-hs-014804005
23,829,17,161807005,Harmony School of Innovation - Dallas,Harmony Public Schools - North Texas,A,96,592,https://txschools.net/campus/harmony-school-of-innovation-dallas-161807005
23,829,17,161807011,Harmony School of Innovation - Fort Worth,Harmony Public Schools - North Texas,A,96,999,https://txschools.net/campus/harmony-school-of-innovation-fort-worth-161807011
23,829,17,101846001,Harmony Science Academy-Houston,Harmony Public Schools - Houston South,A,96,749,https://txschools.net/campus/harmony-science-academy-houston-101846001
23,829,17,108807014,IDEA Riverview College Preparatory,IDEA Public Schools,A,96,814,https://txschools.net/campus/idea-riverview-college-preparatory-108807014
23,829,17,221801051,Ischool High at University Park,Texas College Preparatory Academies,A,96,458,https://txschools.net/campus/ischool-high-at-university-park-221801051
23,829,17,246801001,Meridian World School LLC,Meridian World School LLC,A,96,1757,https://txschools.net/campus/meridian-world-school-llc-246801001
23,829,17,072801001,Premier HS of Comanche/Early,Premier High Schools,A,96,69,https://txschools.net/campus/premier-hs-of-comanche-early-072801001
23,829,17,072801110,Premier HS of Lubbock,Premier High Schools,A,96,135,https://txschools.net/campus/premier-hs-of-lubbock-072801110
23,829,17,015807004,Southwest Preparatory School-Northwest,Southwest Preparatory School,A,96,121,https://txschools.net/campus/southwest-preparatory-school-northwest-015807004
23,829,17,015831002,Sst Corpus Christi,School of Science and Technology Discovery,A,96,2304,https://txschools.net/campus/sst-corpus-christi-015831002
23,829,17,183801002,Texas Early College HS,Panola Charter School,A,96,93,https://txschools.net/campus/texas-early-college-hs-183801002
23,829,17,057845004,UME Dallas Secondary,UME Preparatory Academy,A,96,758,https://txschools.net/campus/ume-dallas-secondary-057845004
23,829,17,212804102,UT Tyler University Academy at Longview,UT Tyler University Academy,A,96,496,https://txschools.net/campus/ut-tyler-university-academy-at-longview-212804102
23,829,17,108808107,Vanguard Monet,Vanguard Academy,A,96,223,https://txschools.net/campus/vanguard-monet-108808107
23,829,17,101845008,Yes Prep - 5th Ward,Yes Prep Public Schools Inc,A,96,882,https://txschools.net/campus/yes-prep-5th-ward-101845008
41,829,32,015834107,Basis Cedar Park Pri,Basis Texas,A,95,834,https://txschools.net/campus/basis-cedar-park-pri-015834107
41,829,32,101870001,Beta Academy,Beta Academy,A,95,633,https://txschools.net/campus/beta-academy-101870001
41,829,32,123807003,Bob Hope School - Cy Fair,Bob Hope School,A,95,193,https://txschools.net/campus/bob-hope-school-cy-fair-123807003
41,829,32,015838010,Compass Rose Opportunity,Compass Rose Public Schools,A,95,146,https://txschools.net/campus/compass-rose-opportunity-015838010
41,829,32,071804002,El Paso Academy West,El Paso Academy,A,95,112,https://txschools.net/campus/el-paso-academy-west-071804002
41,829,32,101858004,Harmony School of Advancement-Houston,Harmony Public Schools - Houston North,A,95,773,https://txschools.net/campus/harmony-school-of-advancement-houston-101858004
41,829,32,161807006,Harmony School of Innovation - Garland,Harmony Public Schools - North Texas,A,95,661,https://txschools.net/campus/harmony-school-of-innovation-garland-161807006
41,829,32,071806001,Harmony Science Acad (El Paso),Harmony Public Schools - West Texas,A,95,1036,https://txschools.net/campus/harmony-science-acad-el-paso-071806001
41,829,32,161807013,Harmony Science Academy - Carrollton,Harmony Public Schools - North Texas,A,95,557,https://txschools.net/campus/harmony-science-academy-carrollton-161807013
41,829,32,227816008,Harmony Science Academy - Leander,Harmony Public Schools - Central Texas,A,95,640,https://txschools.net/campus/harmony-science-academy-leander-227816008
41,829,32,227816002,Harmony Science Academy-Pflugerville,Harmony Public Schools - Central Texas,A,95,777,https://txschools.net/campus/harmony-science-academy-pflugerville-227816002
41,829,32,108807030,IDEA Ingram Hills College Preparatory,IDEA Public Schools,A,95,508,https://txschools.net/campus/idea-ingram-hills-college-preparatory-108807030
41,829,32,108807002,IDEA Quest College Preparatory,IDEA Public Schools,A,95,664,https://txschools.net/campus/idea-quest-college-preparatory-108807002
41,829,32,108807036,IDEA Rundberg College Preparatory,IDEA Public Schools,A,95,792,https://txschools.net/campus/idea-rundberg-college-preparatory-108807036
41,829,32,057848034,ILTexas Aggieland HS,International Leadership of Texas (ILTexas),A,95,233,https://txschools.net/campus/iltexas-aggieland-hs-057848034
41,829,32,043801001,Imagine International Academy of North Texas,Imagine International Academy of North Texas,A,95,1438,https://txschools.net/campus/imagine-international-academy-of-north-texas-043801001
41,829,32,221801076,Ischool High - Atascocita,Texas College Preparatory Academies,A,95,158,https://txschools.net/campus/ischool-high-atascocita-221801076
41,829,32,227820013,KIPP Houston HS,KIPP Texas Public Schools,A,95,590,https://txschools.net/campus/kipp-houston-hs-227820013
41,829,32,072801131,Premier HS of Arlington,Premier High Schools,A,95,165,https://txschools.net/campus/premier-hs-of-arlington-072801131
41,829,32,072801137,Premier HS of Granbury,Premier High Schools,A,95,137,https://txschools.net/campus/premier-hs-of-granbury-072801137
41,829,32,072801112,Premier HS of Midland,Premier High Schools,A,95,157,https://txschools.net/campus/premier-hs-of-midland-072801112
41,829,32,072801115,Premier HS of Weslaco,Premier High Schools,A,95,118,https://txschools.net/campus/premier-hs-of-weslaco-072801115
41,829,32,101806001,Ryss Early College at Broadway,Raul Yzaguirre Schools for Success,A,95,312,https://txschools.net/campus/ryss-early-college-at-broadway-101806001
41,829,32,101838001,Southwest Public Schools College &career Prep Acad,Southwest Public Schools,A,95,453,https://txschools.net/campus/southwest-public-schools-college-career-prep-acad-101838001
41,829,32,015827006,Sst Champions,School of Science and Technology,A,95,1689,https://txschools.net/campus/sst-champions-015827006
41,829,32,015831009,Sst Sugar Land College Prep HS,School of Science and Technology Discovery,A,95,773,https://txschools.net/campus/sst-sugar-land-college-prep-hs-015831009
41,829,32,174801101,Stephen F Austin State University Charter School,Stephen F Austin State University Charter School,A,95,254,https://txschools.net/campus/stephen-f-austin-state-university-charter-school-174801101
41,829,32,123803103,Tekoa Academy of Accelerated Studies - Orange,Tekoa Academy of Accelerated Studies STEM School,A,95,108,https://txschools.net/campus/tekoa-academy-of-accelerated-studies-orange-123803103
41,829,32,240801002,Triumph Public High Schools-Laredo South,Triumph Public High Schools Central Texas,A,95,147,https://txschools.net/campus/triumph-public-high-schools-laredo-south-240801002
41,829,32,057803041,Uplift North Hills Prep MS,Uplift Education,A,95,499,https://txschools.net/campus/uplift-north-hills-prep-ms-057803041
41,829,32,101845003,Yes Prep - East End,Yes Prep Public Schools Inc,A,95,1040,https://txschools.net/campus/yes-prep-east-end-101845003
41,829,32,101845101,Yes Prep - North Central,Yes Prep Public Schools Inc,A,95,1025,https://txschools.net/campus/yes-prep-north-central-101845101
41,829,32,101845012,Yes Prep - Northline,Yes Prep Public Schools Inc,A,95,1036,https://txschools.net/campus/yes-prep-northline-101845012
74,829,30,227817001,Cedars Academy Next Generation HS at Highland,Cedars International Academy,A,94,106,https://txschools.net/campus/cedars-academy-next-generation-hs-at-highland-227817001
74,829,30,101819002,Friends for Life MS,Amigos Por Vida-Friends for Life Pub Chtr Sch,A,94,243,https://txschools.net/campus/friends-for-life-ms-101819002
74,829,30,015828008,Harmony School of Excellence - Laredo,Harmony Public Schools - South Texas,A,94,690,https://txschools.net/campus/harmony-school-of-excellence-laredo-015828008
74,829,30,015828007,Harmony School of Innovation - Brownsville,Harmony Public Schools - South Texas,A,94,410,https://txschools.net/campus/harmony-school-of-innovation-brownsville-015828007
74,829,30,071806002,Harmony School of Innovation - Elem Paso,Harmony Public Schools - West Texas,A,94,1260,https://txschools.net/campus/harmony-school-of-innovation-elem-paso-071806002
74,829,30,101862001,Harmony Science Academy-Sugar Land,Harmony Public Schools - Houston West,A,94,757,https://txschools.net/campus/harmony-science-academy-sugar-land-101862001
74,829,30,015815101,Heritage Academy,Heritage Academy,A,94,33,https://txschools.net/campus/heritage-academy-015815101
74,829,30,108807084,IDEA Edgemere College Preparatory,IDEA Public Schools,A,94,598,https://txschools.net/campus/idea-edgemere-college-preparatory-108807084
74,829,30,108807003,IDEA Frontier College Preparatory,IDEA Public Schools,A,94,793,https://txschools.net/campus/idea-frontier-college-preparatory-108807003
74,829,30,108807005,IDEA San Benito College Preparatory,IDEA Public Schools,A,94,800,https://txschools.net/campus/idea-san-benito-college-preparatory-108807005
74,829,30,057848009,ILTexas Keller - Saginaw HS,International Leadership of Texas (ILTexas),A,94,784,https://txschools.net/campus/iltexas-keller-saginaw-hs-057848009
74,829,30,227820021,KIPP Somos Collegiate,KIPP Texas Public Schools,A,94,553,https://txschools.net/campus/kipp-somos-collegiate-227820021
74,829,30,057807002,Life HS Waxahachie,Life School,A,94,1148,https://txschools.net/campus/life-hs-waxahachie-057807002
74,829,30,072801146,Premier High Schools - Edinburg Career & Technical,Premier High Schools,A,94,140,https://txschools.net/campus/premier-high-schools-edinburg-career-technical-072801146
74,829,30,072801113,Premier HS - Austin (South Campus),Premier High Schools,A,94,127,https://txschools.net/campus/premier-hs-austin-south-campus-072801113
74,829,30,072801157,Premier HS - Corpus Christi,Premier High Schools,A,94,134,https://txschools.net/campus/premier-hs-corpus-christi-072801157
74,829,30,072801108,Premier HS of Fort Worth,Premier High Schools,A,94,105,https://txschools.net/campus/premier-hs-of-fort-worth-072801108
74,829,30,015830102,Somerset Academy Lone Star,Somerset Academies of Texas,A,94,105,https://txschools.net/campus/somerset-academy-lone-star-015830102
74,829,30,123803101,Tekoa Academy of Accelerated Studies,Tekoa Academy of Accelerated Studies STEM School,A,94,214,https://txschools.net/campus/tekoa-academy-of-accelerated-studies-123803101
74,829,30,061805001,Trivium Academy,Trivium Academy,A,94,422,https://txschools.net/campus/trivium-academy-061805001
74,829,30,057803013,Uplift Infinity Prep HS,Uplift Education,A,94,382,https://txschools.net/campus/uplift-infinity-prep-hs-057803013
74,829,30,057803101,Uplift North Hills Prep Ps,Uplift Education,A,94,641,https://txschools.net/campus/uplift-north-hills-prep-ps-057803101
74,829,30,057803009,Uplift Summit Prep HS,Uplift Education,A,94,424,https://txschools.net/campus/uplift-summit-prep-hs-057803009
74,829,30,212804001,UT Tyler University Academy at Tyler,UT Tyler University Academy,A,94,447,https://txschools.net/campus/ut-tyler-university-academy-at-tyler-212804001
74,829,30,108808101,Vanguard Rembrandt,Vanguard Academy,A,94,1951,https://txschools.net/campus/vanguard-rembrandt-108808101
74,829,30,101845006,Yes Prep - Brays Oaks,Yes Prep Public Schools Inc,A,94,1066,https://txschools.net/campus/yes-prep-brays-oaks-101845006
74,829,30,101845004,Yes Prep - Gulfton,Yes Prep Public Schools Inc,A,94,1035,https://txschools.net/campus/yes-prep-gulfton-101845004
74,829,30,101845013,Yes Prep - Northwest,Yes Prep Public Schools Inc,A,94,826,https://txschools.net/campus/yes-prep-northwest-101845013
74,829,30,101845001,Yes Prep - Southeast,Yes Prep Public Schools Inc,A,94,802,https://txschools.net/campus/yes-prep-southeast-101845001
74,829,30,101845002,Yes Prep - Southwest,Yes Prep Public Schools Inc,A,94,1085,https://txschools.net/campus/yes-prep-southwest-101845002
74,829,30,101845009,Yes Prep - White Oak,Yes Prep Public Schools Inc,A,94,947,https://txschools.net/campus/yes-prep-white-oak-101845009
105,829,30,227806058,Basepoint Academy - Arlington,University of Texas University Charter School,A,93,34,https://txschools.net/campus/basepoint-academy-arlington-227806058
105,829,30,123807103,Bob Hope Elem School-Baytown,Bob Hope School,A,93,436,https://txschools.net/campus/bob-hope-elem-school-baytown-123807103
105,829,30,123807002,Bob Hope HS,Bob Hope School,A,93,552,https://txschools.net/campus/bob-hope-hs-123807002
105,829,30,123807001,Bob Hope School,Bob Hope School,A,93,446,https://txschools.net/campus/bob-hope-school-123807001
105,829,30,057834004,Evolution Academy Houston,Evolution Academy Charter School,A,93,195,https://txschools.net/campus/evolution-academy-houston-057834004
105,829,30,221801068,Founders Classical Academy - Frisco,Texas College Preparatory Academies,A,93,897,https://txschools.net/campus/founders-classical-academy-frisco-221801068
105,829,30,221801043,Founders Classical Academy - Lewisville,Texas College Preparatory Academies,A,93,902,https://txschools.net/campus/founders-classical-academy-lewisville-221801043
105,829,30,015835007,Great Hearts Irving Upper,Great Hearts Texas,A,93,1021,https://txschools.net/campus/great-hearts-irving-upper-015835007
105,829,30,101862006,Harmony School of Excellence - Sugar Land,Harmony Public Schools - Houston West,A,93,1511,https://txschools.net/campus/harmony-school-of-excellence-sugar-land-101862006
105,829,30,161807012,Harmony School of Innovation- Euless,Harmony Public Schools - North Texas,A,93,716,https://txschools.net/campus/harmony-school-of-innovation-euless-161807012
105,829,30,015828001,Harmony Science Acad (San Antonio),Harmony Public Schools - South Texas,A,93,658,https://txschools.net/campus/harmony-science-acad-san-antonio-015828001
105,829,30,161807003,Harmony Science Academy - Dallas,Harmony Public Schools - North Texas,A,93,1096,https://txschools.net/campus/harmony-science-academy-dallas-161807003
105,829,30,015815041,Heritage Academy of Del Rio,Heritage Academy,A,93,179,https://txschools.net/campus/heritage-academy-of-del-rio-015815041
105,829,30,015815042,Heritage Academy of Del Rio MS,Heritage Academy,A,93,253,https://txschools.net/campus/heritage-academy-of-del-rio-ms-015815042
105,829,30,101828001,Houston Gateway Academy - Coral Campus,Houston Gateway Academy Inc,A,93,913,https://txschools.net/campus/houston-gateway-academy-coral-campus-101828001
105,829,30,108807020,IDEA Carver College Preparatory,IDEA Public Schools,A,93,599,https://txschools.net/campus/idea-carver-college-preparatory-108807020
105,829,30,108807004,IDEA Mission College Preparatory,IDEA Public Schools,A,93,806,https://txschools.net/campus/idea-mission-college-preparatory-108807004
105,829,30,108807022,IDEA Monterrey Park College Preparatory,IDEA Public Schools,A,93,716,https://txschools.net/campus/idea-monterrey-park-college-preparatory-108807022
105,829,30,108807008,IDEA Pharr College Preparatory,IDEA Public Schools,A,93,864,https://txschools.net/campus/idea-pharr-college-preparatory-108807008
105,829,30,108807096,IDEA Sports Park College Preparatory,IDEA Public Schools,A,93,493,https://txschools.net/campus/idea-sports-park-college-preparatory-108807096
105,829,30,227820056,KIPP Connect Preparatory,KIPP Texas Public Schools,A,93,968,https://txschools.net/campus/kipp-connect-preparatory-227820056
105,829,30,227820205,KIPP Shine Prep,KIPP Texas Public Schools,A,93,918,https://txschools.net/campus/kipp-shine-prep-227820205
105,829,30,072801152,Premier HS Houston Gallery North,Premier High Schools,A,93,128,https://txschools.net/campus/premier-hs-houston-gallery-north-072801152
105,829,30,072801121,Premier HS of Waco,Premier High Schools,A,93,133,https://txschools.net/campus/premier-hs-of-waco-072801121
105,829,30,152802101,Rise Academy,Rise Academy,A,93,287,https://txschools.net/campus/rise-academy-152802101
105,829,30,101806002,Ryss Early College at Brownsville,Raul Yzaguirre Schools for Success,A,93,46,https://txschools.net/campus/ryss-early-college-at-brownsville-101806002
105,829,30,212804103,UT Tyler University Academy-Palestine,UT Tyler University Academy,A,93,281,https://txschools.net/campus/ut-tyler-university-academy-palestine-212804103
105,829,30,108808105,Vanguard Beethoven,Vanguard Academy,A,93,1811,https://txschools.net/campus/vanguard-beethoven-108808105
105,829,30,101845007,Yes Prep - Northside,Yes Prep Public Schools Inc,A,93,971,https://txschools.net/campus/yes-prep-northside-101845007
105,829,30,101845005,Yes Prep - West,Yes Prep Public Schools Inc,A,93,1015,https://txschools.net/campus/yes-prep-west-101845005
105,829,30,101845010,Yes Prep North Forest,Yes Prep Public Schools Inc,A,93,995,https://txschools.net/campus/yes-prep-north-forest-101845010
136,829,30,101849101,Accelerated Interdisciplinary Acad,Accelerated Intermediate Academy,A,92,142,https://txschools.net/campus/accelerated-interdisciplinary-acad-101849101
136,829,30,084804101,Ambassadors Preparatory Academy,Ambassadors Preparatory Academy,A,92,140,https://txschools.net/campus/ambassadors-preparatory-academy-084804101
136,829,30,015834105,Basis Pflugerville Pri,Basis Texas,A,92,995,https://txschools.net/campus/basis-pflugerville-pri-015834105
136,829,30,057834003,Evolution Academy Beaumont,Evolution Academy Charter School,A,92,188,https://txschools.net/campus/evolution-academy-beaumont-057834003
136,829,30,221801063,Founders Classical Academy of Flower Mound,Texas College Preparatory Academies,A,92,948,https://txschools.net/campus/founders-classical-academy-of-flower-mound-221801063
136,829,30,101858007,Harmony School of Achievement - Houston,Harmony Public Schools - Houston North,A,92,686,https://txschools.net/campus/harmony-school-of-achievement-houston-101858007
136,829,30,101858010,Harmony School of Excellence - Katy,Harmony Public Schools - Houston North,A,92,1373,https://txschools.net/campus/harmony-school-of-excellence-katy-101858010
136,829,30,101846003,Harmony School of Ingenuity-Houston,Harmony Public Schools - Houston South,A,92,733,https://txschools.net/campus/harmony-school-of-ingenuity-houston-101846003
136,829,30,101846002,Harmony School of Innovation - Houston,Harmony Public Schools - Houston South,A,92,518,https://txschools.net/campus/harmony-school-of-innovation-houston-101846002
136,829,30,101862004,Harmony Science Academy- Beaumont,Harmony Public Schools - Houston West,A,92,1361,https://txschools.net/campus/harmony-science-academy-beaumont-101862004
136,829,30,101862003,Harmony Science Academy-Katy,Harmony Public Schools - Houston West,A,92,1413,https://txschools.net/campus/harmony-science-academy-katy-101862003
136,829,30,015815104,Heritage Academy of San Antonio,Heritage Academy,A,92,8,https://txschools.net/campus/heritage-academy-of-san-antonio-015815104
136,829,30,108807009,IDEA Edinburg College Preparatory,IDEA Public Schools,A,92,804,https://txschools.net/campus/idea-edinburg-college-preparatory-108807009
136,829,30,108807039,IDEA Kyle College Preparatory,IDEA Public Schools,A,92,692,https://txschools.net/campus/idea-kyle-college-preparatory-108807039
136,829,30,108807011,IDEA McAllen College Preparatory,IDEA Public Schools,A,92,895,https://txschools.net/campus/idea-mcallen-college-preparatory-108807011
136,829,30,108807015,IDEA North Mission College Preparatory,IDEA Public Schools,A,92,794,https://txschools.net/campus/idea-north-mission-college-preparatory-108807015
136,829,30,108807018,IDEA Toros College Preparatory,IDEA Public Schools,A,92,199,https://txschools.net/campus/idea-toros-college-preparatory-108807018
136,829,30,108807013,IDEA Weslaco Pike College Preparatory,IDEA Public Schools,A,92,735,https://txschools.net/campus/idea-weslaco-pike-college-preparatory-108807013
136,829,30,057848003,ILTexas Garland HS,International Leadership of Texas (ILTexas),A,92,616,https://txschools.net/campus/iltexas-garland-hs-057848003
136,829,30,015822007,Jubilee Living Way,Jubilee Academies,A,92,322,https://txschools.net/campus/jubilee-living-way-015822007
136,829,30,227804101,NYOS Lamar Secondary,NYOS Charter School,A,92,887,https://txschools.net/campus/nyos-lamar-secondary-227804101
136,829,30,183801001,Panola CS,Panola Charter School,A,92,29,https://txschools.net/campus/panola-cs-183801001
136,829,30,072801161,Premier HS - Houston (Sharpstown),Premier High Schools,A,92,154,https://txschools.net/campus/premier-hs-houston-sharpstown-072801161
136,829,30,072801138,Premier HS of Dayton,Premier High Schools,A,92,92,https://txschools.net/campus/premier-hs-of-dayton-072801138
136,829,30,072801148,Premier HS of Texarkana,Premier High Schools,A,92,114,https://txschools.net/campus/premier-hs-of-texarkana-072801148
136,829,30,101806101,Ryss Academy at Brownsville,Raul Yzaguirre Schools for Success,A,92,598,https://txschools.net/campus/ryss-academy-at-brownsville-101806101
136,829,30,015827008,Sst Sonterra,School of Science and Technology,A,92,202,https://txschools.net/campus/sst-sonterra-015827008
136,829,30,015827003,Sst the Woodlands,School of Science and Technology,A,92,556,https://txschools.net/campus/sst-the-woodlands-015827003
136,829,30,246803001,The Texas Girls School,The Texas Girls School,A,92,37,https://txschools.net/campus/the-texas-girls-school-246803001
136,829,30,057845003,UME Mansfield Elem,UME Preparatory Academy,A,92,213,https://txschools.net/campus/ume-mansfield-elem-057845003
136,829,30,101845011,Yes Prep - Southside,Yes Prep Public Schools Inc,A,92,875,https://txschools.net/campus/yes-prep-southside-101845011
167,829,39,101849041,Accelerated Int Charter School,Accelerated Intermediate Academy,A,91,24,https://txschools.net/campus/accelerated-int-charter-school-101849041
167,829,39,227806059,Basepoint Academy - Forney,University of Texas University Charter School,A,91,50,https://txschools.net/campus/basepoint-academy-forney-227806059
167,829,39,015834004,Basis Austin,Basis Texas,A,91,252,https://txschools.net/campus/basis-austin-015834004
167,829,39,015834008,Basis Richardson,Basis Texas,A,91,79,https://txschools.net/campus/basis-richardson-015834008
167,829,39,015834101,Basis San Antonio Pri- Medical Center Campus,Basis Texas,A,91,778,https://txschools.net/campus/basis-san-antonio-pri-medical-center-campus-015834101
167,829,39,101837001,Calvin Nelms HS,Calvin Nelms Charter Schools,A,91,198,https://txschools.net/campus/calvin-nelms-hs-101837001
167,829,39,184801001,Crosstimbers Academy,Crosstimbers Academy,A,91,114,https://txschools.net/campus/crosstimbers-academy-184801001
167,829,39,123805001,Ehrhart School,Ehrhart School,A,91,593,https://txschools.net/campus/ehrhart-school-123805001
167,829,39,071806006,Harmony School of Excellence - Elem Paso,Harmony Public Schools - West Texas,A,91,681,https://txschools.net/campus/harmony-school-of-excellence-elem-paso-071806006
167,829,39,101858011,Harmony Science Academy - Bridgeland,Harmony Public Schools - Houston North,A,91,566,https://txschools.net/campus/harmony-science-academy-bridgeland-101858011
167,829,39,227816006,Harmony Science Academy - Cedar Park,Harmony Public Schools - Central Texas,A,91,736,https://txschools.net/campus/harmony-science-academy-cedar-park-227816006
167,829,39,101821001,Houston Heights Charter School,Houston Heights High School,A,91,152,https://txschools.net/campus/houston-heights-charter-school-101821001
167,829,39,108807012,IDEA Brownsville College Preparatory,IDEA Public Schools,A,91,761,https://txschools.net/campus/idea-brownsville-college-preparatory-108807012
167,829,39,108807038,IDEA Pflugerville College Preparatory,IDEA Public Schools,A,91,656,https://txschools.net/campus/idea-pflugerville-college-preparatory-108807038
167,829,39,108807016,IDEA Rio Grande City College Preparatory,IDEA Public Schools,A,91,681,https://txschools.net/campus/idea-rio-grande-city-college-preparatory-108807016
167,829,39,108807200,IDEA Round Rock Tech College Preparatory,IDEA Public Schools,A,91,534,https://txschools.net/campus/idea-round-rock-tech-college-preparatory-108807200
167,829,39,108807006,IDEA San Juan College Preparatory,IDEA Public Schools,A,91,720,https://txschools.net/campus/idea-san-juan-college-preparatory-108807006
167,829,39,108807017,IDEA Tres Lagos College Preparatory,IDEA Public Schools,A,91,659,https://txschools.net/campus/idea-tres-lagos-college-preparatory-108807017
167,829,39,057848011,ILTexas Grand Prairie MS,International Leadership of Texas (ILTexas),A,91,423,https://txschools.net/campus/iltexas-grand-prairie-ms-057848011
167,829,39,043802101,Imagine Lone Star International Academy,Imagine Lone Star International Academy,A,91,269,https://txschools.net/campus/imagine-lone-star-international-academy-043802101
167,829,39,227820018,KIPP East End HS,KIPP Texas Public Schools,A,91,602,https://txschools.net/campus/kipp-east-end-hs-227820018
167,829,39,227820062,KIPP Journey Collegiate School,KIPP Texas Public Schools,A,91,616,https://txschools.net/campus/kipp-journey-collegiate-school-227820062
167,829,39,227820020,KIPP University Prep HS,KIPP Texas Public Schools,A,91,473,https://txschools.net/campus/kipp-university-prep-hs-227820020
167,829,39,220817003,Newman International Academy of Arlington Gibbins,Newman International Academy of Arlington,A,91,362,https://txschools.net/campus/newman-international-academy-of-arlington-gibbins-220817003
167,829,39,161802001,Paul and Jane Meyer Public HS,Rapoport Academy Public School,A,91,245,https://txschools.net/campus/paul-and-jane-meyer-public-hs-161802001
167,829,39,072801154,Premier High School-Canyon,Premier High Schools,A,91,43,https://txschools.net/campus/premier-high-school-canyon-072801154
167,829,39,072801129,Premier HS - Elem Paso (Mesa),Premier High Schools,A,91,99,https://txschools.net/campus/premier-hs-elem-paso-mesa-072801129
167,829,39,072801163,Premier HS - Fort Worth (Jacksboro),Premier High Schools,A,91,121,https://txschools.net/campus/premier-hs-fort-worth-jacksboro-072801163
167,829,39,072801156,Premier HS - Houston - Hobby,Premier High Schools,A,91,79,https://txschools.net/campus/premier-hs-houston-hobby-072801156
167,829,39,072801142,Premier HS of Amarillo,Premier High Schools,A,91,215,https://txschools.net/campus/premier-hs-of-amarillo-072801142
167,829,39,072801109,Premier HS of Laredo,Premier High Schools,A,91,117,https://txschools.net/campus/premier-hs-of-laredo-072801109
167,829,39,015831005,Sst Sugar Land,School of Science and Technology Discovery,A,91,471,https://txschools.net/campus/sst-sugar-land-015831005
167,829,39,015827004,Sst Willow Creek,School of Science and Technology,A,91,287,https://txschools.net/campus/sst-willow-creek-015827004
167,829,39,108804004,Triumph Public High Schools-Brownsville,Triumph Public High Schools-Rio Grande Valley,A,91,117,https://txschools.net/campus/triumph-public-high-schools-brownsville-108804004
167,829,39,108804002,Triumph Public High Schools-McAllen,Triumph Public High Schools-Rio Grande Valley,A,91,119,https://txschools.net/campus/triumph-public-high-schools-mcallen-108804002
167,829,39,108804003,Triumph Public High Schools-San Benito,Triumph Public High Schools-Rio Grande Valley,A,91,110,https://txschools.net/campus/triumph-public-high-schools-san-benito-108804003
167,829,39,057803007,Uplift Hampton Prep HS,Uplift Education,A,91,459,https://txschools.net/campus/uplift-hampton-prep-hs-057803007
167,829,39,057803004,Uplift Williams Prep HS,Uplift Education,A,91,528,https://txschools.net/campus/uplift-williams-prep-hs-057803004
167,829,39,057828004,Winfree Academy Charter School - Grand Prairie,Winfree Academy Charter Schools,A,91,221,https://txschools.net/campus/winfree-academy-charter-school-grand-prairie-057828004
167,829,39,101845014,Yes Prep - Hobby,Yes Prep Public Schools Inc,A,91,709,https://txschools.net/campus/yes-prep-hobby-101845014
207,829,27,101853106,Baker-Ripley Charter School,Bakerripley Community Schools,A,90,401,https://txschools.net/campus/baker-ripley-charter-school-101853106
207,829,27,015834110,Basis Plano Pri,Basis Texas,A,90,921,https://txschools.net/campus/basis-plano-pri-015834110
207,829,27,015834006,Basis San Antonio - Jack Lewis Jr Campus,Basis Texas,A,90,238,https://txschools.net/campus/basis-san-antonio-jack-lewis-jr-campus-015834006
207,829,27,015834002,Basis San Antonio- Pri North Central Campus,Basis Texas,A,90,688,https://txschools.net/campus/basis-san-antonio-pri-north-central-campus-015834002
207,829,27,123807101,Bob Hope School - Elem Campus,Bob Hope School,A,90,626,https://txschools.net/campus/bob-hope-school-elem-campus-123807101
207,829,27,101871001,Dianne Johnson HS,A' Unlimited Potential,A,90,52,https://txschools.net/campus/dianne-johnson-hs-101871001
207,829,27,071804001,El Paso Academy,El Paso Academy,A,90,183,https://txschools.net/campus/el-paso-academy-071804001
207,829,27,221801071,El Paso Classical Academy,Texas College Preparatory Academies,A,90,291,https://txschools.net/campus/el-paso-classical-academy-221801071
207,829,27,221801058,Founders Classical Academy of Leander,Texas College Preparatory Academies,A,90,698,https://txschools.net/campus/founders-classical-academy-of-leander-221801058
207,829,27,227816007,Harmony Science Academy - Georgetown,Harmony Public Schools - Central Texas,A,90,485,https://txschools.net/campus/harmony-science-academy-georgetown-227816007
207,829,27,101878001,Houston Classical School,Houston Classical Charter School,A,90,430,https://txschools.net/campus/houston-classical-school-101878001
207,829,27,108807027,IDEA Najim College Preparatory,IDEA Public Schools,A,90,503,https://txschools.net/campus/idea-najim-college-preparatory-108807027
207,829,27,108807083,IDEA Owassa College Preparatory,IDEA Public Schools,A,90,674,https://txschools.net/campus/idea-owassa-college-preparatory-108807083
207,829,27,108807023,IDEA Walzem College Preparatory,IDEA Public Schools,A,90,681,https://txschools.net/campus/idea-walzem-college-preparatory-108807023
207,829,27,057848002,ILTexas Garland MS,International Leadership of Texas (ILTexas),A,90,469,https://txschools.net/campus/iltexas-garland-ms-057848002
207,829,27,057848028,ILTexas Houston Orem MS,International Leadership of Texas (ILTexas),A,90,420,https://txschools.net/campus/iltexas-houston-orem-ms-057848028
207,829,27,057848008,ILTexas Keller MS,International Leadership of Texas (ILTexas),A,90,432,https://txschools.net/campus/iltexas-keller-ms-057848008
207,829,27,057848013,ILTexas North Richland Hills MS,International Leadership of Texas (ILTexas),A,90,346,https://txschools.net/campus/iltexas-north-richland-hills-ms-057848013
207,829,27,227820059,KIPP Academy West,KIPP Texas Public Schools,A,90,415,https://txschools.net/campus/kipp-academy-west-227820059
207,829,27,015807005,Northeast Campus,Southwest Preparatory School,A,90,69,https://txschools.net/campus/northeast-campus-015807005
207,829,27,003801001,Pineywoods Community Academy HS,Pineywoods Community Academy,A,90,296,https://txschools.net/campus/pineywoods-community-academy-hs-003801001
207,829,27,057850003,Pioneer Technology (PTAA) Fate,Pioneer Technology & Arts Academy,A,90,390,https://txschools.net/campus/pioneer-technology-ptaa-fate-057850003
207,829,27,072801158,Premier HS - Lubbock (Briercroft),Premier High Schools,A,90,133,https://txschools.net/campus/premier-hs-lubbock-briercroft-072801158
207,829,27,072801153,Premier HS Odessa,Premier High Schools,A,90,153,https://txschools.net/campus/premier-hs-odessa-072801153
207,829,27,072801144,Premier HS of Pflugerville,Premier High Schools,A,90,92,https://txschools.net/campus/premier-hs-of-pflugerville-072801144
207,829,27,057848036,Richmond MS,International Leadership of Texas (ILTexas),A,90,270,https://txschools.net/campus/richmond-ms-057848036
207,829,27,101806043,Ryss MS at East Aldine,Raul Yzaguirre Schools for Success,A,90,137,https://txschools.net/campus/ryss-ms-at-east-aldine-101806043
207,829,27,015827001,Sst SA College Prep HS,School of Science and Technology,A,90,602,https://txschools.net/campus/sst-sa-college-prep-hs-015827001
235,829,32,015808009,Anne Frank Inspire Academy,Inspire Academies,B,89,532,https://txschools.net/campus/anne-frank-inspire-academy-015808009
235,829,32,101837041,Calvin Nelms MS,Calvin Nelms Charter Schools,B,89,216,https://txschools.net/campus/calvin-nelms-ms-101837041
235,829,32,212801001,Cumberland Academy HS,Cumberland Academy,B,89,364,https://txschools.net/campus/cumberland-academy-hs-212801001
235,829,32,015836001,Eleanor Kolitz Hebrew Language Academy,Eleanor Kolitz Hebrew Language Academy,B,89,464,https://txschools.net/campus/eleanor-kolitz-hebrew-language-academy-015836001
235,829,32,220809001,Fort Worth Academy of Fine Arts,Fort Worth Academy of Fine Arts,B,89,420,https://txschools.net/campus/fort-worth-academy-of-fine-arts-220809001
235,829,32,221801077,Founders Classical Academy of Prosper,Texas College Preparatory Academies,B,89,953,https://txschools.net/campus/founders-classical-academy-of-prosper-221801077
235,829,32,221801020,Founders Classical Academy-Corinth-Upper School,Texas College Preparatory Academies,B,89,526,https://txschools.net/campus/founders-classical-academy-corinth-upper-school-221801020
235,829,32,057831001,Gateway Charter Academy,Gateway Charter Academy,B,89,248,https://txschools.net/campus/gateway-charter-academy-057831001
235,829,32,101858001,Harmony School of Excellence-Houston,Harmony Public Schools - Houston North,B,89,1152,https://txschools.net/campus/harmony-school-of-excellence-houston-101858001
235,829,32,101858006,Harmony School of Technology-Houston,Harmony Public Schools - Houston North,B,89,683,https://txschools.net/campus/harmony-school-of-technology-houston-101858006
235,829,32,015828003,Harmony Science Academy - Laredo,Harmony Public Schools - South Texas,B,89,651,https://txschools.net/campus/harmony-science-academy-laredo-015828003
235,829,32,161807015,Harmony Science Academy - Plano,Harmony Public Schools - North Texas,B,89,647,https://txschools.net/campus/harmony-science-academy-plano-161807015
235,829,32,101828002,Houston Gateway Academy Inc Elite College Prep,Houston Gateway Academy Inc,B,89,625,https://txschools.net/campus/houston-gateway-academy-inc-elite-college-prep-101828002
235,829,32,108807001,IDEA Donna College Preparatory,IDEA Public Schools,B,89,828,https://txschools.net/campus/idea-donna-college-preparatory-108807001
235,829,32,057848010,ILTexas Grand Prairie Elem,International Leadership of Texas (ILTexas),B,89,893,https://txschools.net/campus/iltexas-grand-prairie-elem-057848010
235,829,32,057848007,ILTexas Keller Elem,International Leadership of Texas (ILTexas),B,89,928,https://txschools.net/campus/iltexas-keller-elem-057848007
235,829,32,015822013,Jubilee Westwood,Jubilee Academies,B,89,71,https://txschools.net/campus/jubilee-westwood-015822013
235,829,32,227820050,KIPP Academy MS,KIPP Texas Public Schools,B,89,517,https://txschools.net/campus/kipp-academy-ms-227820050
235,829,32,227820041,KIPP Austin College Prep,KIPP Texas Public Schools,B,89,431,https://txschools.net/campus/kipp-austin-college-prep-227820041
235,829,32,072801143,Premier High School-El Paso Eastpointe,Premier High Schools,B,89,163,https://txschools.net/campus/premier-high-school-el-paso-eastpointe-072801143
235,829,32,072801117,Premier HS - San Antonio (Windcrest),Premier High Schools,B,89,86,https://txschools.net/campus/premier-hs-san-antonio-windcrest-072801117
235,829,32,072801103,Premier HS of Brownsville,Premier High Schools,B,89,176,https://txschools.net/campus/premier-hs-of-brownsville-072801103
235,829,32,072801136,Premier HS of New Braunfels,Premier High Schools,B,89,77,https://txschools.net/campus/premier-hs-of-new-braunfels-072801136
235,829,32,014803101,Priority Charter Schools- Temple Charter Academy,Priority Charter Schools,B,89,223,https://txschools.net/campus/priority-charter-schools-temple-charter-academy-014803101
235,829,32,101806104,Ryss Academy at Pasadena,Raul Yzaguirre Schools for Success,B,89,233,https://txschools.net/campus/ryss-academy-at-pasadena-101806104
235,829,32,101802001,Ser-Ninos Charter High,Ser-Ninos Charter School,B,89,233,https://txschools.net/campus/ser-ninos-charter-high-101802001
235,829,32,101845102,Southeast Elem,Yes Prep Public Schools Inc,B,89,797,https://txschools.net/campus/southeast-elem-101845102
235,829,32,015831003,Sst Advancement,School of Science and Technology Discovery,B,89,567,https://txschools.net/campus/sst-advancement-015831003
235,829,32,071803001,Triumph Public High Schools-El Paso West,Triumph Public High Schools-West Texas,B,89,118,https://txschools.net/campus/triumph-public-high-schools-el-paso-west-071803001
235,829,32,057808101,Universal Academy,Universal Academy,B,89,669,https://txschools.net/campus/universal-academy-057808101
235,829,32,057808104,Universal Academy-Bartonville,Universal Academy,B,89,83,https://txschools.net/campus/universal-academy-bartonville-057808104
235,829,32,057803012,Uplift Luna Prep MS,Uplift Education,B,89,618,https://txschools.net/campus/uplift-luna-prep-ms-057803012
235,829,32,108808104,Vanguard Mozart,Vanguard Academy,B,89,1130,https://txschools.net/campus/vanguard-mozart-108808104
268,829,28,057829002,A' Secondary School,A' Academy,B,88,829,https://txschools.net/campus/a-secondary-school-057829002
268,829,28,101803001,Aristoi Classical Upper School,Aristoi Classical Academy,B,88,683,https://txschools.net/campus/aristoi-classical-upper-school-101803001
268,829,28,071801003,Davinci School for Science and the Arts,Burnham Wood Charter School District,B,88,1068,https://txschools.net/campus/davinci-school-for-science-and-the-arts-071801003
268,829,28,015835002,Great Hearts Monte Vista North,Great Hearts Texas,B,88,495,https://txschools.net/campus/great-hearts-monte-vista-north-015835002
268,829,28,161807010,Harmony School of Excellence - Dallas,Harmony Public Schools - North Texas,B,88,538,https://txschools.net/campus/harmony-school-of-excellence-dallas-161807010
268,829,28,101846102,Harmony School of Exploration- Houston,Harmony Public Schools - Houston South,B,88,787,https://txschools.net/campus/harmony-school-of-exploration-houston-101846102
268,829,28,161807014,Harmony School of Innovation - Waco,Harmony Public Schools - North Texas,B,88,645,https://txschools.net/campus/harmony-school-of-innovation-waco-161807014
268,829,28,071806007,Harmony School of Science - Elem Paso,Harmony Public Schools - West Texas,B,88,1494,https://txschools.net/campus/harmony-school-of-science-elem-paso-071806007
268,829,28,108807028,IDEA Brackenridge College Preparatory,IDEA Public Schools,B,88,699,https://txschools.net/campus/idea-brackenridge-college-preparatory-108807028
268,829,28,108807092,IDEA Burke College Preparatory,IDEA Public Schools,B,88,747,https://txschools.net/campus/idea-burke-college-preparatory-108807092
268,829,28,108807019,IDEA Elsa College Preparatory,IDEA Public Schools,B,88,739,https://txschools.net/campus/idea-elsa-college-preparatory-108807019
268,829,28,108807091,IDEA Health Professions College Preparatory,IDEA Public Schools,B,88,427,https://txschools.net/campus/idea-health-professions-college-preparatory-108807091
268,829,28,108807089,IDEA Los Encinos College Preparatory,IDEA Public Schools,B,88,891,https://txschools.net/campus/idea-los-encinos-college-preparatory-108807089
268,829,28,108807116,IDEA Rio Grande City Academy,IDEA Public Schools,B,88,701,https://txschools.net/campus/idea-rio-grande-city-academy-108807116
268,829,28,057848026,ILTexas Houston Windmill Lakes MS,International Leadership of Texas (ILTexas),B,88,434,https://txschools.net/campus/iltexas-houston-windmill-lakes-ms-057848026
268,829,28,057848038,ILTexas Mansfield Heritage MS,International Leadership of Texas (ILTexas),B,88,183,https://txschools.net/campus/iltexas-mansfield-heritage-ms-057848038
268,829,28,057848017,ILTexas Westpark MS,International Leadership of Texas (ILTexas),B,88,455,https://txschools.net/campus/iltexas-westpark-ms-057848017
268,829,28,221801056,Ischool High at the Woodlands,Texas College Preparatory Academies,B,88,676,https://txschools.net/campus/ischool-high-at-the-woodlands-221801056
268,829,28,227820212,KIPP Connect Houston Pri,KIPP Texas Public Schools,B,88,1081,https://txschools.net/campus/kipp-connect-houston-pri-227820212
268,829,28,227820015,KIPP Northeast College Preparatory,KIPP Texas Public Schools,B,88,591,https://txschools.net/campus/kipp-northeast-college-preparatory-227820015
268,829,28,227820030,KIPP Oak Cliff Academy,KIPP Texas Public Schools,B,88,304,https://txschools.net/campus/kipp-oak-cliff-academy-227820030
268,829,28,227820060,KIPP Prime College Preparatory,KIPP Texas Public Schools,B,88,428,https://txschools.net/campus/kipp-prime-college-preparatory-227820060
268,829,28,072801164,Premier HS - Desoto,Premier High Schools,B,88,59,https://txschools.net/campus/premier-hs-desoto-072801164
268,829,28,072801118,Premier HS of Tyler,Premier High Schools,B,88,68,https://txschools.net/campus/premier-hs-of-tyler-072801118
268,829,28,101853042,Ripley House MS Campus,Bakerripley Community Schools,B,88,169,https://txschools.net/campus/ripley-house-ms-campus-101853042
268,829,28,015802004,Ruth Jones McClendon MS,George Gervin Academy,B,88,28,https://txschools.net/campus/ruth-jones-mcclendon-ms-015802004
268,829,28,057836101,St Anthony Academy,St Anthony School,B,88,207,https://txschools.net/campus/st-anthony-academy-057836101
268,829,28,057813110,Trinity Basin Preparatory - Titan Academy,Trinity Basin Preparatory,B,88,445,https://txschools.net/campus/trinity-basin-preparatory-titan-academy-057813110
268,829,28,057803005,Uplift Luna Prep HS,Uplift Education,B,88,501,https://txschools.net/campus/uplift-luna-prep-hs-057803005
297,829,37,220802040,Arlington Classics Academy - MS,Arlington Classics Academy,B,87,531,https://txschools.net/campus/arlington-classics-academy-ms-220802040
297,829,37,021805101,Arrow Academy - Liberation Academy,Arrow Academy,B,87,181,https://txschools.net/campus/arrow-academy-liberation-academy-021805101
297,829,37,015834104,Basis Benbrook,Basis Texas,B,87,616,https://txschools.net/campus/basis-benbrook-015834104
297,829,37,015834108,Basis Richardson Pri,Basis Texas,B,87,480,https://txschools.net/campus/basis-richardson-pri-015834108
297,829,37,057834001,Evolution Academy Charter School,Evolution Academy Charter School,B,87,256,https://txschools.net/campus/evolution-academy-charter-school-057834001
297,829,37,221801023,Founders Classical Academy- Carrollton,Texas College Preparatory Academies,B,87,580,https://txschools.net/campus/founders-classical-academy-carrollton-221801023
297,829,37,015835003,Great Hearts Northern Oaks,Great Hearts Texas,B,87,1473,https://txschools.net/campus/great-hearts-northern-oaks-015835003
297,829,37,015828009,Harmony School of Science- San Antonio,Harmony Public Schools - South Texas,B,87,994,https://txschools.net/campus/harmony-school-of-science-san-antonio-015828009
297,829,37,108807007,IDEA Alamo College Preparatory,IDEA Public Schools,B,87,750,https://txschools.net/campus/idea-alamo-college-preparatory-108807007
297,829,37,108807035,IDEA Montopolis College Preparatory,IDEA Public Schools,B,87,824,https://txschools.net/campus/idea-montopolis-college-preparatory-108807035
297,829,37,108807114,IDEA Riverview Academy,IDEA Public Schools,B,87,718,https://txschools.net/campus/idea-riverview-academy-108807114
297,829,37,057848006,ILTexas Arlington-Grand Prairie HS,International Leadership of Texas (ILTexas),B,87,718,https://txschools.net/campus/iltexas-arlington-grand-prairie-hs-057848006
297,829,37,057848033,ILTexas Houston Windmill Lakes Orem HS,International Leadership of Texas (ILTexas),B,87,835,https://txschools.net/campus/iltexas-houston-windmill-lakes-orem-hs-057848033
297,829,37,057848020,ILTexas Lancaster MS,International Leadership of Texas (ILTexas),B,87,337,https://txschools.net/campus/iltexas-lancaster-ms-057848020
297,829,37,015822001,Jubilee San Antonio,Jubilee Academies,B,87,975,https://txschools.net/campus/jubilee-san-antonio-015822001
297,829,37,227820206,KIPP Dream Prep,KIPP Texas Public Schools,B,87,932,https://txschools.net/campus/kipp-dream-prep-227820206
297,829,37,227820014,KIPP Generations Collegiate,KIPP Texas Public Schools,B,87,592,https://txschools.net/campus/kipp-generations-collegiate-227820014
297,829,37,227820053,KIPP Polaris Academy for Boys,KIPP Texas Public Schools,B,87,340,https://txschools.net/campus/kipp-polaris-academy-for-boys-227820053
297,829,37,227820016,KIPP Sunnyside HS,KIPP Texas Public Schools,B,87,606,https://txschools.net/campus/kipp-sunnyside-hs-227820016
297,829,37,061804002,Leadership Prep School Secondary,Leadership Prep School,B,87,826,https://txschools.net/campus/leadership-prep-school-secondary-061804002
297,829,37,015825001,Lighthouse MS,Lighthouse Public Schools,B,87,104,https://txschools.net/campus/lighthouse-ms-015825001
297,829,37,221801082,Plainview Classical Academy,Texas College Preparatory Academies,B,87,343,https://txschools.net/campus/plainview-classical-academy-221801082
297,829,37,015801002,Por Vida Academy at Corpus Christi,Por Vida Academy,B,87,60,https://txschools.net/campus/por-vida-academy-at-corpus-christi-015801002
297,829,37,072801167,Premier HS - McAllen,Premier High Schools,B,87,48,https://txschools.net/campus/premier-hs-mcallen-072801167
297,829,37,072801149,Premier HS - San Antonio (Ingram),Premier High Schools,B,87,92,https://txschools.net/campus/premier-hs-san-antonio-ingram-072801149
297,829,37,072801165,Premier HS Mesquite,Premier High Schools,B,87,122,https://txschools.net/campus/premier-hs-mesquite-072801165
297,829,37,014803005,Priority Charter Schools - Killeen,Priority Charter Schools,B,87,107,https://txschools.net/campus/priority-charter-schools-killeen-014803005
297,829,37,101838041,Southwest Public Schools Lead &global Studies Acad,Southwest Public Schools,B,87,295,https://txschools.net/campus/southwest-public-schools-lead-global-studies-acad-101838041
297,829,37,015827005,Sst Spring,School of Science and Technology,B,87,778,https://txschools.net/campus/sst-spring-015827005
297,829,37,226801001,Texas Leadership of San Angelo,Texas Leadership Public Schools,B,87,1562,https://txschools.net/campus/texas-leadership-of-san-angelo-226801001
297,829,37,212801102,The Leadership Academy,Cumberland Academy,B,87,308,https://txschools.net/campus/the-leadership-academy-212801102
297,829,37,071803002,Triumph Public High Schools-El Paso East,Triumph Public High Schools-West Texas,B,87,120,https://txschools.net/campus/triumph-public-high-schools-el-paso-east-071803002
297,829,37,108804001,Triumph Public High Schools-Mercedes,Triumph Public High Schools-Rio Grande Valley,B,87,132,https://txschools.net/campus/triumph-public-high-schools-mercedes-108804001
297,829,37,057803020,Uplift Ascend Prep HS,Uplift Education,B,87,302,https://txschools.net/campus/uplift-ascend-prep-hs-057803020
297,829,37,057803010,Uplift Atlas Prep HS,Uplift Education,B,87,491,https://txschools.net/campus/uplift-atlas-prep-hs-057803010
297,829,37,057803006,Uplift Heights Healthcare Institute,Uplift Education,B,87,491,https://txschools.net/campus/uplift-heights-healthcare-institute-057803006
297,829,37,227829001,Valor South Austin,Valor Education,B,87,1371,https://txschools.net/campus/valor-south-austin-227829001
297,829,37,057828003,Winfree Academy Charter School (Richardson),Winfree Academy Charter Schools,B,87,121,https://txschools.net/campus/winfree-academy-charter-school-richardson-057828003
335,829,30,221801011,Amarillo Collegiate Academy,Texas College Preparatory Academies,B,86,500,https://txschools.net/campus/amarillo-collegiate-academy-221801011
335,829,30,227825004,Austin Achieve HS,Austin Achieve Public Schools,B,86,608,https://txschools.net/campus/austin-achieve-hs-227825004
335,829,30,015834106,Basis San Antonio Pri - Jack Lewis Jr Campus,Basis Texas,B,86,717,https://txschools.net/campus/basis-san-antonio-pri-jack-lewis-jr-campus-015834106
335,829,30,015835008,Great Hearts Lakeside,Great Hearts Texas,B,86,1418,https://txschools.net/campus/great-hearts-lakeside-015835008
335,829,30,015835001,Great Hearts Monte Vista,Great Hearts Texas,B,86,513,https://txschools.net/campus/great-hearts-monte-vista-015835001
335,829,30,108807119,IDEA Elsa Academy,IDEA Public Schools,B,86,702,https://txschools.net/campus/idea-elsa-academy-108807119
335,829,30,108807029,IDEA Ewing Halsell College Preparatory,IDEA Public Schools,B,86,584,https://txschools.net/campus/idea-ewing-halsell-college-preparatory-108807029
335,829,30,108807102,IDEA Quest Academy,IDEA Public Schools,B,86,557,https://txschools.net/campus/idea-quest-academy-108807102
335,829,30,108807040,IDEA Rio Vista College Preparatory,IDEA Public Schools,B,86,632,https://txschools.net/campus/idea-rio-vista-college-preparatory-108807040
335,829,30,108807188,IDEA Robindale Academy,IDEA Public Schools,B,86,642,https://txschools.net/campus/idea-robindale-academy-108807188
335,829,30,108807021,IDEA South Flores College Preparatory,IDEA Public Schools,B,86,704,https://txschools.net/campus/idea-south-flores-college-preparatory-108807021
335,829,30,057848032,ILTexas Lancaster-Desoto HS,International Leadership of Texas (ILTexas),B,86,179,https://txschools.net/campus/iltexas-lancaster-desoto-hs-057848032
335,829,30,221801080,Ischool-Creekside,Texas College Preparatory Academies,B,86,117,https://txschools.net/campus/ischool-creekside-221801080
335,829,30,015822010,Jubilee Brownsville,Jubilee Academies,B,86,980,https://txschools.net/campus/jubilee-brownsville-015822010
335,829,30,015822008,Jubilee Harlingen,Jubilee Academies,B,86,362,https://txschools.net/campus/jubilee-harlingen-015822008
335,829,30,227820001,KIPP Austin Collegiate,KIPP Texas Public Schools,B,86,859,https://txschools.net/campus/kipp-austin-collegiate-227820001
335,829,30,227820057,KIPP Liberation College Preparatory,KIPP Texas Public Schools,B,86,368,https://txschools.net/campus/kipp-liberation-college-preparatory-227820057
335,829,30,227820052,KIPP Sharpstown College Prep,KIPP Texas Public Schools,B,86,928,https://txschools.net/campus/kipp-sharpstown-college-prep-227820052
335,829,30,227820055,KIPP Voyage Academy for Girls,KIPP Texas Public Schools,B,86,333,https://txschools.net/campus/kipp-voyage-academy-for-girls-227820055
335,829,30,057850006,Pioneer Technology and Arts Academy North Dallas,Pioneer Technology & Arts Academy,B,86,305,https://txschools.net/campus/pioneer-technology-and-arts-academy-north-dallas-057850006
335,829,30,072801162,Premier HS - Fort Worth (Southside),Premier High Schools,B,86,136,https://txschools.net/campus/premier-hs-fort-worth-southside-072801162
335,829,30,072801159,Premier HS - Wichita Falls,Premier High Schools,B,86,120,https://txschools.net/campus/premier-hs-wichita-falls-072801159
335,829,30,057848035,Richmond Elem,International Leadership of Texas (ILTexas),B,86,867,https://txschools.net/campus/richmond-elem-057848035
335,829,30,015830101,Somerset Academy Collegiate,Somerset Academies of Texas,B,86,1092,https://txschools.net/campus/somerset-academy-collegiate-015830101
335,829,30,015831004,Sst Northwest,School of Science and Technology Discovery,B,86,637,https://txschools.net/campus/sst-northwest-015831004
335,829,30,101859101,Step Charter Elem,Step Charter School,B,86,296,https://txschools.net/campus/step-charter-elem-101859101
335,829,30,057804003,Texans Can Academy - Carrollton Farmers Branch,Texans Can Academies,B,86,173,https://txschools.net/campus/texans-can-academy-carrollton-farmers-branch-057804003
335,829,30,057803021,Uplift Elevate Prep HS,Uplift Education,B,86,190,https://txschools.net/campus/uplift-elevate-prep-hs-057803021
335,829,30,057803043,Uplift Infinity Prep MS,Uplift Education,B,86,354,https://txschools.net/campus/uplift-infinity-prep-ms-057803043
335,829,30,057803019,Uplift Wisdom Prep HS,Uplift Education,B,86,317,https://txschools.net/campus/uplift-wisdom-prep-hs-057803019
335,829,30,057828001,Winfree Academy Charter School (Irving),Winfree Academy Charter Schools,B,86,133,https://txschools.net/campus/winfree-academy-charter-school-irving-057828001
366,829,34,220809101,Fort Worth Academy of Fine Arts Elem,Fort Worth Academy of Fine Arts,B,85,248,https://txschools.net/campus/fort-worth-academy-of-fine-arts-elem-220809101
366,829,34,101846006,Harmony School of Fine Arts and Technology-Houston,Harmony Public Schools - Houston South,B,85,758,https://txschools.net/campus/harmony-school-of-fine-arts-and-technology-houston-101846006
366,829,34,101858009,Harmony Science Academy - Cypress,Harmony Public Schools - Houston North,B,85,676,https://txschools.net/campus/harmony-science-academy-cypress-101858009
366,829,34,108807184,IDEA Edgemere Academy,IDEA Public Schools,B,85,712,https://txschools.net/campus/idea-edgemere-academy-108807184
366,829,34,108807125,IDEA Judson Academy,IDEA Public Schools,B,85,643,https://txschools.net/campus/idea-judson-academy-108807125
366,829,34,108807104,IDEA Mission Academy,IDEA Public Schools,B,85,581,https://txschools.net/campus/idea-mission-academy-108807104
366,829,34,108807010,IDEA Weslaco College Preparatory,IDEA Public Schools,B,85,713,https://txschools.net/campus/idea-weslaco-college-preparatory-108807010
366,829,34,221801057,Ignite Community School - Humble,Texas College Preparatory Academies,B,85,322,https://txschools.net/campus/ignite-community-school-humble-221801057
366,829,34,057848031,ILTexas College Station MS,International Leadership of Texas (ILTexas),B,85,369,https://txschools.net/campus/iltexas-college-station-ms-057848031
366,829,34,227820101,KIPP Austin Comunidad,KIPP Texas Public Schools,B,85,552,https://txschools.net/campus/kipp-austin-comunidad-227820101
366,829,34,227820061,KIPP Nexus MS,KIPP Texas Public Schools,B,85,447,https://txschools.net/campus/kipp-nexus-ms-227820061
366,829,34,227820207,KIPP Sharp Prep,KIPP Texas Public Schools,B,85,1111,https://txschools.net/campus/kipp-sharp-prep-227820207
366,829,34,227820058,KIPP Spirit College Prep,KIPP Texas Public Schools,B,85,531,https://txschools.net/campus/kipp-spirit-college-prep-227820058
366,829,34,071807101,La Fe Preparatory School,La Fe Preparatory School,B,85,185,https://txschools.net/campus/la-fe-preparatory-school-071807101
366,829,34,061804001,Leadership Prep School Teel Elem,Leadership Prep School,B,85,466,https://txschools.net/campus/leadership-prep-school-teel-elem-061804001
366,829,34,057846001,Legacy Prep Charter Academy Mesquite West Campus,Legacy Preparatory,B,85,914,https://txschools.net/campus/legacy-prep-charter-academy-mesquite-west-campus-057846001
366,829,34,057844001,Manara Leadership Academy,Manara Academy,B,85,94,https://txschools.net/campus/manara-leadership-academy-057844001
366,829,34,014804007,Nolan Creek School,Orenda Charter School,B,85,92,https://txschools.net/campus/nolan-creek-school-014804007
366,829,34,101845103,North Central Elem,Yes Prep Public Schools Inc,B,85,834,https://txschools.net/campus/north-central-elem-101845103
366,829,34,015814001,Positive Solutions Charter,Positive Solutions Charter School,B,85,91,https://txschools.net/campus/positive-solutions-charter-015814001
366,829,34,072801101,Premier HS of Abilene,Premier High Schools,B,85,159,https://txschools.net/campus/premier-hs-of-abilene-072801101
366,829,34,072801104,Premier HS of Palmview,Premier High Schools,B,85,96,https://txschools.net/campus/premier-hs-of-palmview-072801104
366,829,34,072801130,Premier HS of San Juan,Premier High Schools,B,85,99,https://txschools.net/campus/premier-hs-of-san-juan-072801130
366,829,34,014801005,Richard Milburn Academy Houston (Suburban),Richard Milburn Alter High School (Killeen),B,85,163,https://txschools.net/campus/richard-milburn-academy-houston-suburban-014801005
366,829,34,236802101,Sam Houston State University Charter School,Sam Houston State University Charter School,B,85,343,https://txschools.net/campus/sam-houston-state-university-charter-school-236802101
366,829,34,015827007,Sst Schertz,School of Science and Technology,B,85,931,https://txschools.net/campus/sst-schertz-015827007
366,829,34,057836041,St Anthony School,St Anthony School,B,85,114,https://txschools.net/campus/st-anthony-school-057836041
366,829,34,057804008,Texans Can Academy - Fort Worth Lancaster Avenue,Texans Can Academies,B,85,285,https://txschools.net/campus/texans-can-academy-fort-worth-lancaster-avenue-057804008
366,829,34,057804007,Texans Can Academy - Fort Worth Westcreek,Texans Can Academies,B,85,214,https://txschools.net/campus/texans-can-academy-fort-worth-westcreek-057804007
366,829,34,071801004,The Linguistic Acad of Elem Paso-Cultural Demo Site,Burnham Wood Charter School District,B,85,379,https://txschools.net/campus/the-linguistic-acad-of-elem-paso-cultural-demo-site-071801004
366,829,34,170802001,Thrive Center for Success,Thrive Center for Success,B,85,177,https://txschools.net/campus/thrive-center-for-success-170802001
366,829,34,057803016,Uplift Grand College Prep and Career Institute,Uplift Education,B,85,385,https://txschools.net/campus/uplift-grand-college-prep-and-career-institute-057803016
366,829,34,057803014,Uplift Mighty Prep HS,Uplift Education,B,85,392,https://txschools.net/campus/uplift-mighty-prep-hs-057803014
366,829,34,227829002,Valor North Austin,Valor Education,B,85,1199,https://txschools.net/campus/valor-north-austin-227829002
366,829,34,071809001,Vista Del Futuro Charter School,Vista Del Futuro Charter School,B,85,347,https://txschools.net/campus/vista-del-futuro-charter-school-071809001
401,829,22,101815101,Alief Montessori Community School,Alief Montessori Community School,B,84,416,https://txschools.net/campus/alief-montessori-community-school-101815101
401,829,22,101819001,Amigos Por Vida-Friends for Life Charter School,Amigos Por Vida-Friends for Life Pub Chtr Sch,B,84,559,https://txschools.net/campus/amigos-por-vida-friends-for-life-charter-school-101819001
401,829,22,015838009,Compass Rose Impact,Compass Rose Public Schools,B,84,152,https://txschools.net/campus/compass-rose-impact-015838009
401,829,22,015802001,George Gervin Academy,George Gervin Academy,B,84,716,https://txschools.net/campus/george-gervin-academy-015802001
401,829,22,227816101,Harmony School of Excellence - Austin,Harmony Public Schools - Central Texas,B,84,485,https://txschools.net/campus/harmony-school-of-excellence-austin-227816101
401,829,22,108802104,Horizon Montessori Pearland - STEM Academy,Horizon Montessori Public Schools,B,84,165,https://txschools.net/campus/horizon-montessori-pearland-stem-academy-108802104
401,829,22,072802001,Huston Academy,Erath Excels Academy Inc,B,84,37,https://txschools.net/campus/huston-academy-072802001
401,829,22,108807025,IDEA Judson College Preparatory,IDEA Public Schools,B,84,731,https://txschools.net/campus/idea-judson-college-preparatory-108807025
401,829,22,108807307,IDEA Lake Houston Academy,IDEA Public Schools,B,84,718,https://txschools.net/campus/idea-lake-houston-academy-108807307
401,829,22,108807026,IDEA Mays College Preparatory,IDEA Public Schools,B,84,701,https://txschools.net/campus/idea-mays-college-preparatory-108807026
401,829,22,108807205,IDEA Mesquite Hills College Preparatory,IDEA Public Schools,B,84,415,https://txschools.net/campus/idea-mesquite-hills-college-preparatory-108807205
401,829,22,108807300,IDEA Round Rock Tech Academy,IDEA Public Schools,B,84,689,https://txschools.net/campus/idea-round-rock-tech-academy-108807300
401,829,22,057848024,ILTexas Saginaw MS,International Leadership of Texas (ILTexas),B,84,379,https://txschools.net/campus/iltexas-saginaw-ms-057848024
401,829,22,057848022,ILTexas Woodhaven MS,International Leadership of Texas (ILTexas),B,84,281,https://txschools.net/campus/iltexas-woodhaven-ms-057848022
401,829,22,227820002,KIPP Austin Brave,KIPP Texas Public Schools,B,84,372,https://txschools.net/campus/kipp-austin-brave-227820002
401,829,22,227820083,KIPP Somos Pri,KIPP Texas Public Schools,B,84,321,https://txschools.net/campus/kipp-somos-pri-227820083
401,829,22,221801034,Lewisville School of Science and Technology,Texas College Preparatory Academies,B,84,87,https://txschools.net/campus/lewisville-school-of-science-and-technology-221801034
401,829,22,057807001,Life School Oak Cliff,Life School,B,84,1456,https://txschools.net/campus/life-school-oak-cliff-057807001
401,829,22,101859103,Step Charter Iii,Step Charter School,B,84,87,https://txschools.net/campus/step-charter-iii-101859103
401,829,22,057804009,Texans Can Academy - Houston North,Texans Can Academies,B,84,216,https://txschools.net/campus/texans-can-academy-houston-north-057804009
401,829,22,227829004,Valor Leander,Valor Education,B,84,756,https://txschools.net/campus/valor-leander-227829004
401,829,22,057828005,Winfree Academy North Richland Hills,Winfree Academy Charter Schools,B,84,231,https://txschools.net/campus/winfree-academy-north-richland-hills-057828005
401,829,22,101845111,Yes Prep Hobby Elem,Yes Prep Public Schools Inc,B,84,266,https://txschools.net/campus/yes-prep-hobby-elem-101845111
424,829,23,220802102,Arlington Classics Academy -Intermediate,Arlington Classics Academy,B,83,528,https://txschools.net/campus/arlington-classics-academy-intermediate-220802102
424,829,23,003801042,Dr Terry Robbins MS,Pineywoods Community Academy,B,83,256,https://txschools.net/campus/dr-terry-robbins-ms-003801042
424,829,23,101846008,Harmony Virtual Academy,Harmony Public Schools - Houston South,B,83,555,https://txschools.net/campus/harmony-virtual-academy-101846008
424,829,23,108807209,IDEA A W Brown College Preparatory,IDEA Public Schools,B,83,192,https://txschools.net/campus/idea-a-w-brown-college-preparatory-108807209
424,829,23,108807037,IDEA Bluff Springs College Preparatory,IDEA Public Schools,B,83,701,https://txschools.net/campus/idea-bluff-springs-college-preparatory-108807037
424,829,23,108807095,IDEA Harlingen College Preparatory,IDEA Public Schools,B,83,551,https://txschools.net/campus/idea-harlingen-college-preparatory-108807095
424,829,23,108807097,IDEA Palmview College Preparatory,IDEA Public Schools,B,83,532,https://txschools.net/campus/idea-palmview-college-preparatory-108807097
424,829,23,108807090,IDEA Parmer Park College Preparatory,IDEA Public Schools,B,83,708,https://txschools.net/campus/idea-parmer-park-college-preparatory-108807090
424,829,23,108807105,IDEA San Benito Academy,IDEA Public Schools,B,83,673,https://txschools.net/campus/idea-san-benito-academy-108807105
424,829,23,057848005,ILTexas Arlington MS,International Leadership of Texas (ILTexas),B,83,388,https://txschools.net/campus/iltexas-arlington-ms-057848005
424,829,23,057848015,ILTexas Katy MS,International Leadership of Texas (ILTexas),B,83,451,https://txschools.net/campus/iltexas-katy-ms-057848015
424,829,23,057830002,Inspired Vision Academy Secondary School,Inspired Vision Academy,B,83,557,https://txschools.net/campus/inspired-vision-academy-secondary-school-057830002
424,829,23,057844101,Manara Academy-Irving,Manara Academy,B,83,326,https://txschools.net/campus/manara-academy-irving-057844101
424,829,23,220817005,Newman International Academy of Mansfield,Newman International Academy of Arlington,B,83,210,https://txschools.net/campus/newman-international-academy-of-mansfield-220817005
424,829,23,072801128,Premier HS - Austin (Wells Branch),Premier High Schools,B,83,86,https://txschools.net/campus/premier-hs-austin-wells-branch-072801128
424,829,23,072801160,Premier HS - Longview,Premier High Schools,B,83,31,https://txschools.net/campus/premier-hs-longview-072801160
424,829,23,015830001,Somerset Academy Brooks,Somerset Academies of Texas,B,83,1221,https://txschools.net/campus/somerset-academy-brooks-015830001
424,829,23,226801002,Texas Leadership of Midland,Texas Leadership Public Schools,B,83,824,https://txschools.net/campus/texas-leadership-of-midland-226801002
424,829,23,101861105,The Rhodes School - Humble,The Rhodes School for Performing Arts,B,83,405,https://txschools.net/campus/the-rhodes-school-humble-101861105
424,829,23,057813107,Trinity Basin Preparatory - Grand Prairie,Trinity Basin Preparatory,B,83,424,https://txschools.net/campus/trinity-basin-preparatory-grand-prairie-057813107
424,829,23,057803102,Uplift Infinity Prep Ps,Uplift Education,B,83,510,https://txschools.net/campus/uplift-infinity-prep-ps-057803102
424,829,23,108808103,Vanguard Picasso,Vanguard Academy,B,83,574,https://txschools.net/campus/vanguard-picasso-108808103
424,829,23,057828002,Winfree Academy Charter School (Lewisville),Winfree Academy Charter Schools,B,83,103,https://txschools.net/campus/winfree-academy-charter-school-lewisville-057828002
424,829,23,101845110,Yes Prep North Rankin Elem,Yes Prep Public Schools Inc,B,83,433,https://txschools.net/campus/yes-prep-north-rankin-elem-101845110
448,829,17,071806004,Harmony Science Academy - Lubbock,Harmony Public Schools - West Texas,B,82,520,https://txschools.net/campus/harmony-science-academy-lubbock-071806004
448,829,17,108807024,IDEA Eastside College Preparatory,IDEA Public Schools,B,82,500,https://txschools.net/campus/idea-eastside-college-preparatory-108807024
448,829,17,108807185,IDEA Mesa Hills Academy,IDEA Public Schools,B,82,638,https://txschools.net/campus/idea-mesa-hills-academy-108807185
448,829,17,057848045,ILTexas Liberty HS,International Leadership of Texas (ILTexas),B,82,670,https://txschools.net/campus/iltexas-liberty-hs-057848045
448,829,17,015822011,Jubilee Leadership Academy,Jubilee Academies,B,82,562,https://txschools.net/campus/jubilee-leadership-academy-015822011
448,829,17,227820081,KIPP Aspire Academy,KIPP Texas Public Schools,B,82,414,https://txschools.net/campus/kipp-aspire-academy-227820081
448,829,17,227820216,KIPP Climb Academy,KIPP Texas Public Schools,B,82,633,https://txschools.net/campus/kipp-climb-academy-227820216
448,829,17,227820218,KIPP Journey Pri,KIPP Texas Public Schools,B,82,1020,https://txschools.net/campus/kipp-journey-pri-227820218
448,829,17,227820073,KIPP Pleasant Grove Leadership Academy,KIPP Texas Public Schools,B,82,526,https://txschools.net/campus/kipp-pleasant-grove-leadership-academy-227820073
448,829,17,227820071,KIPP Truth Academy,KIPP Texas Public Schools,B,82,410,https://txschools.net/campus/kipp-truth-academy-227820071
448,829,17,227804102,NYOS Lamar Elem,NYOS Charter School,B,82,921,https://txschools.net/campus/nyos-lamar-elem-227804102
448,829,17,015801001,Por Vida Academy,Por Vida Academy,B,82,107,https://txschools.net/campus/por-vida-academy-015801001
448,829,17,072801116,Premier HS of Mission,Premier High Schools,B,82,144,https://txschools.net/campus/premier-hs-of-mission-072801116
448,829,17,014801004,Richard Milburn Academy Lubbock,Richard Milburn Alter High School (Killeen),B,82,135,https://txschools.net/campus/richard-milburn-academy-lubbock-014801004
448,829,17,014801009,Richard Milburn Academy Pasadena,Richard Milburn Alter High School (Killeen),B,82,147,https://txschools.net/campus/richard-milburn-academy-pasadena-014801009
448,829,17,178808101,Seashore Learning Center,Seashore Charter Schools,B,82,255,https://txschools.net/campus/seashore-learning-center-178808101
448,829,17,057803114,Uplift White Rock Hills Prep Ps,Uplift Education,B,82,661,https://txschools.net/campus/uplift-white-rock-hills-prep-ps-057803114
448,829,17,057847001,Village Tech Schools,Village Tech Schools,B,82,1330,https://txschools.net/campus/village-tech-schools-057847001
466,829,24,021805041,Arrow Academy - Save Our Streets Center,Arrow Academy,B,81,134,https://txschools.net/campus/arrow-academy-save-our-streets-center-021805041
466,829,24,015834003,Basis San Antonio - Northeast Campus,Basis Texas,B,81,196,https://txschools.net/campus/basis-san-antonio-northeast-campus-015834003
466,829,24,057835104,Golden Rule Grand Prairie,Golden Rule Charter School,B,81,90,https://txschools.net/campus/golden-rule-grand-prairie-057835104
466,829,24,015835006,Great Hearts Forest Heights,Great Hearts Texas,B,81,1414,https://txschools.net/campus/great-hearts-forest-heights-015835006
466,829,24,015835012,Great Hearts Invictus,Great Hearts Texas,B,81,1034,https://txschools.net/campus/great-hearts-invictus-015835012
466,829,24,015835005,Great Hearts Western Hills,Great Hearts Texas,B,81,1378,https://txschools.net/campus/great-hearts-western-hills-015835005
466,829,24,108807191,IDEA Health Professions Academy,IDEA Public Schools,B,81,329,https://txschools.net/campus/idea-health-professions-academy-108807191
466,829,24,108807115,IDEA North Mission Academy,IDEA Public Schools,B,81,682,https://txschools.net/campus/idea-north-mission-academy-108807115
466,829,24,108807117,IDEA Tres Lagos Academy,IDEA Public Schools,B,81,605,https://txschools.net/campus/idea-tres-lagos-academy-108807117
466,829,24,015822006,Jubilee Kingsville,Jubilee Academies,B,81,272,https://txschools.net/campus/jubilee-kingsville-015822006
466,829,24,227820051,KIPP 3D Academy,KIPP Texas Public Schools,B,81,520,https://txschools.net/campus/kipp-3d-academy-227820051
466,829,24,227820211,KIPP Legacy Preparatory,KIPP Texas Public Schools,B,81,797,https://txschools.net/campus/kipp-legacy-preparatory-227820211
466,829,24,165802101,Midland Academy Charter School,Midland Academy Charter School,B,81,431,https://txschools.net/campus/midland-academy-charter-school-165802101
466,829,24,101845104,North Forest Elem,Yes Prep Public Schools Inc,B,81,812,https://txschools.net/campus/north-forest-elem-101845104
466,829,24,057827102,Nova Academy Prichard,Nova Academy Southeast,B,81,181,https://txschools.net/campus/nova-academy-prichard-057827102
466,829,24,101853101,Ripley House Charter School,Bakerripley Community Schools,B,81,337,https://txschools.net/campus/ripley-house-charter-school-101853101
466,829,24,057804001,Texans Can Academy - Dallas North,Texans Can Academies,B,81,140,https://txschools.net/campus/texans-can-academy-dallas-north-057804001
466,829,24,057804005,Texans Can Academy - Grant East,Texans Can Academies,B,81,177,https://txschools.net/campus/texans-can-academy-grant-east-057804005
466,829,24,057804010,Texans Can Academy - Houston Hobby,Texans Can Academies,B,81,291,https://txschools.net/campus/texans-can-academy-houston-hobby-057804010
466,829,24,057804002,Texans Can Academy - Oak Cliff,Texans Can Academies,B,81,506,https://txschools.net/campus/texans-can-academy-oak-cliff-057804002
466,829,24,101864041,The Lawson Academy,The Lawson Academy,B,81,317,https://txschools.net/campus/the-lawson-academy-101864041
466,829,24,057845002,UME Preparatory Academy - Duncanville,UME Preparatory Academy,B,81,247,https://txschools.net/campus/ume-preparatory-academy-duncanville-057845002
466,829,24,057803049,Uplift Mighty Prep MS,Uplift Education,B,81,493,https://txschools.net/campus/uplift-mighty-prep-ms-057803049
466,829,24,057803045,Uplift Williams Prep MS,Uplift Education,B,81,504,https://txschools.net/campus/uplift-williams-prep-ms-057803045
466,829,24,227803001,Wayside Sci-Tech MS and HS,Wayside Schools,B,81,592,https://txschools.net/campus/wayside-sci-tech-ms-and-hs-227803001
491,829,36,101810002,Academy of Accelerated Learning,Academy of Accelerated Learning Inc,B,80,711,https://txschools.net/campus/academy-of-accelerated-learning-101810002
491,829,36,227825005,Austin Achieve Pflugerville,Austin Achieve Public Schools,B,80,588,https://txschools.net/campus/austin-achieve-pflugerville-227825005
491,829,36,101842001,Comquest Academy,Comquest Academy,B,80,35,https://txschools.net/campus/comquest-academy-101842001
491,829,36,105804101,Doral Academy of Texas,Doral Academy of Texas,B,80,450,https://txschools.net/campus/doral-academy-of-texas-105804101
491,829,36,178801001,Dr M L Garza-Gonzalez Charter School,Dr M L Garza-Gonzalez Charter School,B,80,154,https://txschools.net/campus/dr-m-l-garza-gonzalez-charter-school-178801001
491,829,36,015835009,Great Hearts Live Oak,Great Hearts Texas,B,80,1224,https://txschools.net/campus/great-hearts-live-oak-015835009
491,829,36,015805041,Greg A Garcia Early College Int,New Frontiers Public Schools Inc,B,80,173,https://txschools.net/campus/greg-a-garcia-early-college-int-015805041
491,829,36,015828004,Harmony School of Innovation - Laredo,Harmony Public Schools - South Texas,B,80,698,https://txschools.net/campus/harmony-school-of-innovation-laredo-015828004
491,829,36,161807002,Harmony Science Academy - Garland,Harmony Public Schools - North Texas,B,80,778,https://txschools.net/campus/harmony-science-academy-garland-161807002
491,829,36,108802102,Horizon Montessori II - STEM Academy,Horizon Montessori Public Schools,B,80,314,https://txschools.net/campus/horizon-montessori-ii-stem-academy-108802102
491,829,36,071801001,Howard Burnham Elem,Burnham Wood Charter School District,B,80,334,https://txschools.net/campus/howard-burnham-elem-071801001
491,829,36,108807195,IDEA Harlingen Academy,IDEA Public Schools,B,80,620,https://txschools.net/campus/idea-harlingen-academy-108807195
491,829,36,108807210,IDEA Lopez College Preparatory,IDEA Public Schools,B,80,122,https://txschools.net/campus/idea-lopez-college-preparatory-108807210
491,829,36,108807189,IDEA Los Encinos Academy,IDEA Public Schools,B,80,718,https://txschools.net/campus/idea-los-encinos-academy-108807189
491,829,36,108807126,IDEA Mays Academy,IDEA Public Schools,B,80,615,https://txschools.net/campus/idea-mays-academy-108807126
491,829,36,108807183,IDEA Owassa Academy,IDEA Public Schools,B,80,638,https://txschools.net/campus/idea-owassa-academy-108807183
491,829,36,108807108,IDEA Pharr Academy,IDEA Public Schools,B,80,674,https://txschools.net/campus/idea-pharr-academy-108807108
491,829,36,108807086,IDEA Rise College Preparatory,IDEA Public Schools,B,80,644,https://txschools.net/campus/idea-rise-college-preparatory-108807086
491,829,36,057848004,ILTexas Arlington Elem,International Leadership of Texas (ILTexas),B,80,720,https://txschools.net/campus/iltexas-arlington-elem-057848004
491,829,36,057848025,ILTexas Houston Windmill Lakes Elem,International Leadership of Texas (ILTexas),B,80,758,https://txschools.net/campus/iltexas-houston-windmill-lakes-elem-057848025
491,829,36,057848039,ILTexas Pearland K-5,International Leadership of Texas (ILTexas),B,80,682,https://txschools.net/campus/iltexas-pearland-k-5-057848039
491,829,36,057848021,ILTexas Woodhaven Elem,International Leadership of Texas (ILTexas),B,80,559,https://txschools.net/campus/iltexas-woodhaven-elem-057848021
491,829,36,227820063,KIPP Mosaic Academy School,KIPP Texas Public Schools,B,80,956,https://txschools.net/campus/kipp-mosaic-academy-school-227820063
491,829,36,227820217,KIPP Nexus Pri,KIPP Texas Public Schools,B,80,673,https://txschools.net/campus/kipp-nexus-pri-227820217
491,829,36,015806106,Legacy Traditional School - Cibolo,Legacy Traditional Schools - Texas,B,80,975,https://txschools.net/campus/legacy-traditional-school-cibolo-015806106
491,829,36,084802001,Odyssey Academy - Galveston,Odyssey Academy Inc,B,80,784,https://txschools.net/campus/odyssey-academy-galveston-084802001
491,829,36,015843101,Prelude Preparatory Charter School,Prelude Preparatory Charter School,B,80,165,https://txschools.net/campus/prelude-preparatory-charter-school-015843101
491,829,36,014801008,Richard Milburn Academy Amarillo,Richard Milburn Alter High School (Killeen),B,80,133,https://txschools.net/campus/richard-milburn-academy-amarillo-014801008
491,829,36,057804013,Texans Can Academy - Garland,Texans Can Academies,B,80,125,https://txschools.net/campus/texans-can-academy-garland-057804013
491,829,36,057804012,Texans Can Academy - Houston Southwest,Texans Can Academies,B,80,287,https://txschools.net/campus/texans-can-academy-houston-southwest-057804012
491,829,36,226801003,Trinity Leadership,Texas Leadership Public Schools,B,80,912,https://txschools.net/campus/trinity-leadership-226801003
491,829,36,071803003,Triumph Public High Schools-Abilene,Triumph Public High Schools-West Texas,B,80,111,https://txschools.net/campus/triumph-public-high-schools-abilene-071803003
491,829,36,057845001,UME Preparatory Academy,UME Preparatory Academy,B,80,548,https://txschools.net/campus/ume-preparatory-academy-057845001
491,829,36,057803048,Uplift Atlas Prep MS,Uplift Education,B,80,427,https://txschools.net/campus/uplift-atlas-prep-ms-057803048
491,829,36,057803115,Uplift Crescendo Prep Ps,Uplift Education,B,80,562,https://txschools.net/campus/uplift-crescendo-prep-ps-057803115
491,829,36,057803046,Uplift Heights Prep MS,Uplift Education,B,80,468,https://txschools.net/campus/uplift-heights-prep-ms-057803046
491,829,36,101845109,Yes Prep Southwest Oaks Elem,Yes Prep Public Schools Inc,B,80,603,https://txschools.net/campus/yes-prep-southwest-oaks-elem-101845109
528,829,22,101847101,Beatrice Mayes Institute Charter School,Beatrice Mayes Institute Charter School,C,79,628,https://txschools.net/campus/beatrice-mayes-institute-charter-school-101847101
528,829,22,021803102,Brazos School for Inquiry and Creativity Tidwell,Brazos School for Inquiry & Creativity,C,79,156,https://txschools.net/campus/brazos-school-for-inquiry-and-creativity-tidwell-021803102
528,829,22,101828004,Elite College Prep Academy - Riverstone,Houston Gateway Academy Inc,C,79,258,https://txschools.net/campus/elite-college-prep-academy-riverstone-101828004
528,829,22,221801064,Founders Classical Academy - Corinth,Texas College Preparatory Academies,C,79,568,https://txschools.net/campus/founders-classical-academy-corinth-221801064
528,829,22,015828002,Harmony School of Innovation - San Antonio,Harmony Public Schools - South Texas,C,79,384,https://txschools.net/campus/harmony-school-of-innovation-san-antonio-015828002
528,829,22,227816003,Harmony School of Science - Austin,Harmony Public Schools - Central Texas,C,79,497,https://txschools.net/campus/harmony-school-of-science-austin-227816003
528,829,22,108802101,Horizon Montessori - STEM Academy,Horizon Montessori Public Schools,C,79,309,https://txschools.net/campus/horizon-montessori-stem-academy-108802101
528,829,22,108807107,IDEA Alamo Academy,IDEA Public Schools,C,79,668,https://txschools.net/campus/idea-alamo-academy-108807107
528,829,22,108807202,IDEA Edgecliff College Preparatory,IDEA Public Schools,C,79,738,https://txschools.net/campus/idea-edgecliff-college-preparatory-108807202
528,829,22,108807207,IDEA Lake Houston College Preparatory,IDEA Public Schools,C,79,623,https://txschools.net/campus/idea-lake-houston-college-preparatory-108807207
528,829,22,108807305,IDEA Mesquite Hills Academy,IDEA Public Schools,C,79,623,https://txschools.net/campus/idea-mesquite-hills-academy-108807305
528,829,22,108807094,IDEA Spears College Preparatory,IDEA Public Schools,C,79,702,https://txschools.net/campus/idea-spears-college-preparatory-108807094
528,829,22,057848019,ILTexas Lancaster Elem,International Leadership of Texas (ILTexas),C,79,716,https://txschools.net/campus/iltexas-lancaster-elem-057848019
528,829,22,227820054,KIPP Intrepid Preparatory,KIPP Texas Public Schools,C,79,512,https://txschools.net/campus/kipp-intrepid-preparatory-227820054
528,829,22,220817002,Newman International at Cedar Hill,Newman International Academy of Arlington,C,79,965,https://txschools.net/campus/newman-international-at-cedar-hill-220817002
528,829,22,101806102,Ryss Pri at Broadway,Raul Yzaguirre Schools for Success,C,79,509,https://txschools.net/campus/ryss-pri-at-broadway-101806102
528,829,22,003801103,Sarah Strinden Elem,Pineywoods Community Academy,C,79,508,https://txschools.net/campus/sarah-strinden-elem-003801103
528,829,22,178808041,Seashore MS Acad,Seashore Charter Schools,C,79,167,https://txschools.net/campus/seashore-ms-acad-178808041
528,829,22,015827002,Sst Alamo,School of Science and Technology,C,79,810,https://txschools.net/campus/sst-alamo-015827002
528,829,22,057804004,Texans Can Academy - Pleasant Grove,Texans Can Academies,C,79,521,https://txschools.net/campus/texans-can-academy-pleasant-grove-057804004
528,829,22,226801004,Texas Leadership of Abilene,Texas Leadership Public Schools,C,79,772,https://txschools.net/campus/texas-leadership-of-abilene-226801004
528,829,22,057803050,Uplift Elevate Prep MS,Uplift Education,C,79,267,https://txschools.net/campus/uplift-elevate-prep-ms-057803050
528,829,22,057828006,Winfree Academy Charter School Dallas,Winfree Academy Charter Schools,C,79,244,https://txschools.net/campus/winfree-academy-charter-school-dallas-057828006
551,829,20,101803002,Aristoi Classical Academy-Cypress,Aristoi Classical Academy,C,78,584,https://txschools.net/campus/aristoi-classical-academy-cypress-101803002
551,829,20,213801001,Brazos River Charter School,Brazos River Charter School,C,78,60,https://txschools.net/campus/brazos-river-charter-school-213801001
551,829,20,227817101,Cedars International Academy,Cedars International Academy,C,78,437,https://txschools.net/campus/cedars-international-academy-227817101
551,829,20,071810003,El Paso Leadership Academy - MS East,El Paso Leadership Academy,C,78,116,https://txschools.net/campus/el-paso-leadership-academy-ms-east-071810003
551,829,20,101858008,Harmony School of Enrichment - Houston,Harmony Public Schools - Houston North,C,78,663,https://txschools.net/campus/harmony-school-of-enrichment-houston-101858008
551,829,20,161807016,Harmony School of Innovation - Grand Prairie,Harmony Public Schools - North Texas,C,78,517,https://txschools.net/campus/harmony-school-of-innovation-grand-prairie-161807016
551,829,20,071806009,Harmony School of Innovation - Odessa,Harmony Public Schools - West Texas,C,78,644,https://txschools.net/campus/harmony-school-of-innovation-odessa-071806009
551,829,20,057848037,ILTexas Mansfield Heritage Elem,International Leadership of Texas (ILTexas),C,78,623,https://txschools.net/campus/iltexas-mansfield-heritage-elem-057848037
551,829,20,057848012,ILTexas North Richland Hills Elem,International Leadership of Texas (ILTexas),C,78,788,https://txschools.net/campus/iltexas-north-richland-hills-elem-057848012
551,829,20,227820045,KIPP Paseo Preparatory School,KIPP Texas Public Schools,C,78,480,https://txschools.net/campus/kipp-paseo-preparatory-school-227820045
551,829,20,057839101,La Academia De Estrellas,La Academia De Estrellas,C,78,721,https://txschools.net/campus/la-academia-de-estrellas-057839101
551,829,20,101871102,Paul David Castro MS,A' Unlimited Potential,C,78,138,https://txschools.net/campus/paul-david-castro-ms-101871102
551,829,20,072801150,Premier HS - San Angelo,Premier High Schools,C,78,176,https://txschools.net/campus/premier-hs-san-angelo-072801150
551,829,20,072801107,Premier HS of Del Rio,Premier High Schools,C,78,50,https://txschools.net/campus/premier-hs-of-del-rio-072801107
551,829,20,101802041,Ser-Ninos Charter MS,Ser-Ninos Charter School,C,78,281,https://txschools.net/campus/ser-ninos-charter-ms-101802041
551,829,20,015831001,Sst Discovery,School of Science and Technology Discovery,C,78,466,https://txschools.net/campus/sst-discovery-015831001
551,829,20,101868001,The Pro-Vision Academy,The Pro-Vision Academy,C,78,141,https://txschools.net/campus/the-pro-vision-academy-101868001
551,829,20,057803018,Uplift Elevate Prep Ps,Uplift Education,C,78,649,https://txschools.net/campus/uplift-elevate-prep-ps-057803018
551,829,20,057803103,Uplift Gradus Prep Ps,Uplift Education,C,78,670,https://txschools.net/campus/uplift-gradus-prep-ps-057803103
551,829,20,057803044,Uplift Hampton Prep MS,Uplift Education,C,78,523,https://txschools.net/campus/uplift-hampton-prep-ms-057803044
551,829,20,057803047,Uplift Summit Prep MS,Uplift Education,C,78,484,https://txschools.net/campus/uplift-summit-prep-ms-057803047
572,829,27,057806101,Advantage Academy,Advantage Academy,C,77,909,https://txschools.net/campus/advantage-academy-057806101
572,829,27,021805102,Arrow Academy - Harvest Preparatory Academy,Arrow Academy,C,77,113,https://txschools.net/campus/arrow-academy-harvest-preparatory-academy-021805102
572,829,27,015838006,Compass Rose Destiny,Compass Rose Public Schools,C,77,739,https://txschools.net/campus/compass-rose-destiny-015838006
572,829,27,015838003,Compass Rose Legacy Elem,Compass Rose Public Schools,C,77,335,https://txschools.net/campus/compass-rose-legacy-elem-015838003
572,829,27,221801014,Coppell Classical Academy,Texas College Preparatory Academies,C,77,491,https://txschools.net/campus/coppell-classical-academy-221801014
572,829,27,057841001,East Grand Preparatory Academy,Cityscape Schools,C,77,776,https://txschools.net/campus/east-grand-preparatory-academy-057841001
572,829,27,101877001,Elevate Collegiate,Elevate Collegiate Charter School,C,77,224,https://txschools.net/campus/elevate-collegiate-101877001
572,829,27,101804001,George I Sanchez Charter,George I Sanchez Charter,C,77,611,https://txschools.net/campus/george-i-sanchez-charter-101804001
572,829,27,108802103,Horizon Montessori Iii - STEM Academy,Horizon Montessori Public Schools,C,77,246,https://txschools.net/campus/horizon-montessori-iii-stem-academy-108802103
572,829,27,108807124,IDEA Eastside Academy,IDEA Public Schools,C,77,370,https://txschools.net/campus/idea-eastside-academy-108807124
572,829,27,108807103,IDEA Frontier Academy,IDEA Public Schools,C,77,706,https://txschools.net/campus/idea-frontier-academy-108807103
572,829,27,108807111,IDEA McAllen Academy,IDEA Public Schools,C,77,739,https://txschools.net/campus/idea-mcallen-academy-108807111
572,829,27,221801061,Ignite Community School - Mesquite,Texas College Preparatory Academies,C,77,385,https://txschools.net/campus/ignite-community-school-mesquite-221801061
572,829,27,057848023,ILTexas Saginaw Elem,International Leadership of Texas (ILTexas),C,77,902,https://txschools.net/campus/iltexas-saginaw-elem-057848023
572,829,27,057848016,ILTexas Westpark Elem,International Leadership of Texas (ILTexas),C,77,880,https://txschools.net/campus/iltexas-westpark-elem-057848016
572,829,27,014804008,Kingsland School,Orenda Charter School,C,77,120,https://txschools.net/campus/kingsland-school-014804008
572,829,27,227820402,KIPP Esperanza Pri,KIPP Texas Public Schools,C,77,345,https://txschools.net/campus/kipp-esperanza-pri-227820402
572,829,27,227820215,KIPP Unity Pri,KIPP Texas Public Schools,C,77,988,https://txschools.net/campus/kipp-unity-pri-227820215
572,829,27,061804003,Leadership Prep School Majestic Gardens Elem,Leadership Prep School,C,77,602,https://txschools.net/campus/leadership-prep-school-majestic-gardens-elem-061804003
572,829,27,057844102,Manara STEM Academy - Arlington,Manara Academy,C,77,238,https://txschools.net/campus/manara-stem-academy-arlington-057844102
572,829,27,070801002,Oak Cliff Faith Family Academy,Faith Family Academy,C,77,2606,https://txschools.net/campus/oak-cliff-faith-family-academy-070801002
572,829,27,015830103,Somerset Academy Oaks,Somerset Academies of Texas,C,77,275,https://txschools.net/campus/somerset-academy-oaks-015830103
572,829,27,013801101,St Mary's Academy Charter School,St Mary's Academy Charter School,C,77,329,https://txschools.net/campus/st-mary-s-academy-charter-school-013801101
572,829,27,057813108,Trinity Basin Preparatory - West,Trinity Basin Preparatory,C,77,350,https://txschools.net/campus/trinity-basin-preparatory-west-057813108
572,829,27,057803003,Uplift Grand Prep Ps,Uplift Education,C,77,720,https://txschools.net/campus/uplift-grand-prep-ps-057803003
572,829,27,227803102,Wayside Real Learning Academy,Wayside Schools,C,77,711,https://txschools.net/campus/wayside-real-learning-academy-227803102
572,829,27,101845107,Yes Prep Airline Elem,Yes Prep Public Schools Inc,C,77,765,https://txschools.net/campus/yes-prep-airline-elem-101845107
572,829,27,101845106,Yes Prep East End Elem,Yes Prep Public Schools Inc,C,77,721,https://txschools.net/campus/yes-prep-east-end-elem-101845106
600,829,21,015838001,Compass Rose Legacy,Compass Rose Public Schools,C,76,459,https://txschools.net/campus/compass-rose-legacy-015838001
600,829,21,101872002,Etoile Academy Charter School-Bissonnet,Etoile Academy Charter School,C,76,378,https://txschools.net/campus/etoile-academy-charter-school-bissonnet-101872002
600,829,21,221801066,Founders Classical Academy of Schertz,Texas College Preparatory Academies,C,76,791,https://txschools.net/campus/founders-classical-academy-of-schertz-221801066
600,829,21,221801046,Founders Classical Academy-Tyler,Texas College Preparatory Academies,C,76,437,https://txschools.net/campus/founders-classical-academy-tyler-221801046
600,829,21,015835004,Great Hearts Irving,Great Hearts Texas,C,76,926,https://txschools.net/campus/great-hearts-irving-015835004
600,829,21,015835013,Great Hearts Prairie View,Great Hearts Texas,C,76,975,https://txschools.net/campus/great-hearts-prairie-view-015835013
600,829,21,015828005,Harmony Science Academy - Brownsville,Harmony Public Schools - South Texas,C,76,506,https://txschools.net/campus/harmony-science-academy-brownsville-015828005
600,829,21,108807109,IDEA Edinburg Academy,IDEA Public Schools,C,76,715,https://txschools.net/campus/idea-edinburg-academy-108807109
600,829,21,108807193,IDEA Hardy Academy,IDEA Public Schools,C,76,648,https://txschools.net/campus/idea-hardy-academy-108807193
600,829,21,108807198,IDEA Hidden Meadow Academy,IDEA Public Schools,C,76,563,https://txschools.net/campus/idea-hidden-meadow-academy-108807198
600,829,21,108807301,IDEA Horizon Vista Academy,IDEA Public Schools,C,76,703,https://txschools.net/campus/idea-horizon-vista-academy-108807301
600,829,21,108807130,IDEA Ingram Hills Academy,IDEA Public Schools,C,76,520,https://txschools.net/campus/idea-ingram-hills-academy-108807130
600,829,21,108807140,IDEA Rio Vista Academy,IDEA Public Schools,C,76,600,https://txschools.net/campus/idea-rio-vista-academy-108807140
600,829,21,057848027,ILTexas Houston Orem Elem,International Leadership of Texas (ILTexas),C,76,810,https://txschools.net/campus/iltexas-houston-orem-elem-057848027
600,829,21,015807001,Northeast Elem Campus,Southwest Preparatory School,C,76,86,https://txschools.net/campus/northeast-elem-campus-015807001
600,829,21,014803003,Priority Charter Schools Copperas Cove,Priority Charter Schools,C,76,199,https://txschools.net/campus/priority-charter-schools-copperas-cove-014803003
600,829,21,227824004,Promesa College Prep West Corpus Christi,Valere Public Schools,C,76,368,https://txschools.net/campus/promesa-college-prep-west-corpus-christi-227824004
600,829,21,101802102,Ser-Ninos Charter El II,Ser-Ninos Charter School,C,76,223,https://txschools.net/campus/ser-ninos-charter-el-ii-101802102
600,829,21,015831006,Sst Hill Country,School of Science and Technology Discovery,C,76,727,https://txschools.net/campus/sst-hill-country-015831006
600,829,21,227819101,University of Texas Elem Charter School,University of Texas Elem Charter School,C,76,305,https://txschools.net/campus/university-of-texas-elem-charter-school-227819101
600,829,21,057803106,Uplift Triumph Prep Ps,Uplift Education,C,76,488,https://txschools.net/campus/uplift-triumph-prep-ps-057803106
600,829,21,108808106,Vanguard Van Gogh,Vanguard Academy,C,76,1050,https://txschools.net/campus/vanguard-van-gogh-108808106
622,829,19,101803041,Aristoi Classical Academy,Aristoi Classical Academy,C,75,446,https://txschools.net/campus/aristoi-classical-academy-101803041
622,829,19,021803001,Brazos School for Inquiry and Creativity Bryan/Col,Brazos School for Inquiry & Creativity,C,75,154,https://txschools.net/campus/brazos-school-for-inquiry-and-creativity-bryan-col-021803001
622,829,19,015835010,Great Hearts Arlington,Great Hearts Texas,C,75,1104,https://txschools.net/campus/great-hearts-arlington-015835010
622,829,19,161807004,Harmony School of Innovation - Carrollton,Harmony Public Schools - North Texas,C,75,497,https://txschools.net/campus/harmony-school-of-innovation-carrollton-161807004
622,829,19,161807008,Harmony Science Academy - Grand Prairie,Harmony Public Schools - North Texas,C,75,482,https://txschools.net/campus/harmony-science-academy-grand-prairie-161807008
622,829,19,071806008,Harmony Science Academy - Midland,Harmony Public Schools - West Texas,C,75,557,https://txschools.net/campus/harmony-science-academy-midland-071806008
622,829,19,108807190,IDEA Parmer Park Academy,IDEA Public Schools,C,75,613,https://txschools.net/campus/idea-parmer-park-academy-108807190
622,829,19,108807113,IDEA Weslaco Pike Academy,IDEA Public Schools,C,75,696,https://txschools.net/campus/idea-weslaco-pike-academy-108807113
622,829,19,057848001,ILTexas Garland Elem,International Leadership of Texas (ILTexas),C,75,950,https://txschools.net/campus/iltexas-garland-elem-057848001
622,829,19,015822004,Jubilee - Lake View University Prep,Jubilee Academies,C,75,587,https://txschools.net/campus/jubilee-lake-view-university-prep-015822004
622,829,19,227820214,KIPP Zenith Academy,KIPP Texas Public Schools,C,75,800,https://txschools.net/campus/kipp-zenith-academy-227820214
622,829,19,057850001,Pioneer Technology (PTAA) Mesquite,Pioneer Technology & Arts Academy,C,75,465,https://txschools.net/campus/pioneer-technology-ptaa-mesquite-057850001
622,829,19,101806042,Ryss MS at Broadway,Raul Yzaguirre Schools for Success,C,75,287,https://txschools.net/campus/ryss-ms-at-broadway-101806042
622,829,19,101859102,Step Charter II,Step Charter School,C,75,340,https://txschools.net/campus/step-charter-ii-101859102
622,829,19,057813104,Trinity Basin Preparatory - Fort Worth,Trinity Basin Preparatory,C,75,2003,https://txschools.net/campus/trinity-basin-preparatory-fort-worth-057813104
622,829,19,240801003,Triumph Public High Schools-San Antonio,Triumph Public High Schools Central Texas,C,75,112,https://txschools.net/campus/triumph-public-high-schools-san-antonio-240801003
622,829,19,057803110,Uplift Atlas Prep Ps,Uplift Education,C,75,658,https://txschools.net/campus/uplift-atlas-prep-ps-057803110
622,829,19,057803111,Uplift Hampton Prep Ps,Uplift Education,C,75,729,https://txschools.net/campus/uplift-hampton-prep-ps-057803111
622,829,19,227806044,UT Charter Scholars Academy,University of Texas University Charter School,C,75,67,https://txschools.net/campus/ut-charter-scholars-academy-227806044
622,829,19,227829005,Valor San Antonio,Valor Education,C,75,449,https://txschools.net/campus/valor-san-antonio-227829005
642,829,13,123807102,Bob Hope School Beaumont,Bob Hope School,C,74,334,https://txschools.net/campus/bob-hope-school-beaumont-123807102
642,829,13,057841002,Buckner Preparatory,Cityscape Schools,C,74,442,https://txschools.net/campus/buckner-preparatory-057841002
642,829,13,068802001,Compass Academy Charter School,Compass Academy Charter School,C,74,1759,https://txschools.net/campus/compass-academy-charter-school-068802001
642,829,13,101856101,Draw Academy,Draw Academy,C,74,695,https://txschools.net/campus/draw-academy-101856101
642,829,13,227816005,Harmony School of Innovation - Austin,Harmony Public Schools - Central Texas,C,74,364,https://txschools.net/campus/harmony-school-of-innovation-austin-227816005
642,829,13,071806005,Harmony Science Academy - Odessa,Harmony Public Schools - West Texas,C,74,546,https://txschools.net/campus/harmony-science-academy-odessa-071806005
642,829,13,015815001,Heritage Academy of Windcrest,Heritage Academy,C,74,101,https://txschools.net/campus/heritage-academy-of-windcrest-015815001
642,829,13,108807201,IDEA Horizon Vista College Preparatory,IDEA Public Schools,C,74,452,https://txschools.net/campus/idea-horizon-vista-college-preparatory-108807201
642,829,13,108807088,IDEA Robindale College Preparatory,IDEA Public Schools,C,74,780,https://txschools.net/campus/idea-robindale-college-preparatory-108807088
642,829,13,057839103,La Academia De Estrellas MS,La Academia De Estrellas,C,74,300,https://txschools.net/campus/la-academia-de-estrellas-ms-057839103
642,829,13,057850002,Pioneer Technology (PTAA) Greenville,Pioneer Technology & Arts Academy,C,74,865,https://txschools.net/campus/pioneer-technology-ptaa-greenville-057850002
642,829,13,101838102,Southwest Public Schools Int'l Leadership Academy,Southwest Public Schools,C,74,484,https://txschools.net/campus/southwest-public-schools-int-l-leadership-academy-101838102
642,829,13,057813101,Trinity Basin Preparatory - Dallas,Trinity Basin Preparatory,C,74,1654,https://txschools.net/campus/trinity-basin-preparatory-dallas-057813101
642,829,13,057803011,Uplift Grand Prep MS,Uplift Education,C,74,423,https://txschools.net/campus/uplift-grand-prep-ms-057803011
656,829,14,101804004,George I Sanchez North,George I Sanchez Charter,C,73,330,https://txschools.net/campus/george-i-sanchez-north-101804004
656,829,14,161807007,Harmony Science Academy- Fort Worth,Harmony Public Schools - North Texas,C,73,1299,https://txschools.net/campus/harmony-science-academy-fort-worth-161807007
656,829,14,101828101,Houston Gateway Academy,Houston Gateway Academy Inc,C,73,568,https://txschools.net/campus/houston-gateway-academy-101828101
656,829,14,108807192,IDEA Burke Academy,IDEA Public Schools,C,73,680,https://txschools.net/campus/idea-burke-academy-108807192
656,829,14,108807129,IDEA Ewing Halsell Academy,IDEA Public Schools,C,73,673,https://txschools.net/campus/idea-ewing-halsell-academy-108807129
656,829,14,108807093,IDEA Hardy College Preparatory,IDEA Public Schools,C,73,694,https://txschools.net/campus/idea-hardy-college-preparatory-108807093
656,829,14,108807308,IDEA Yukon Academy,IDEA Public Schools,C,73,723,https://txschools.net/campus/idea-yukon-academy-108807308
656,829,14,057848041,ILTexas Bg Ramirez MS,International Leadership of Texas (ILTexas),C,73,424,https://txschools.net/campus/iltexas-bg-ramirez-ms-057848041
656,829,14,057848030,ILTexas College Station Elem,International Leadership of Texas (ILTexas),C,73,798,https://txschools.net/campus/iltexas-college-station-elem-057848030
656,829,14,015825002,Lighthouse High,Lighthouse Public Schools,C,73,88,https://txschools.net/campus/lighthouse-high-015825002
656,829,14,061802004,North Texas Collegiate Academy-North Campus,North Texas Collegiate Academy,C,73,247,https://txschools.net/campus/north-texas-collegiate-academy-north-campus-061802004
656,829,14,072801145,Premier HS Online,Premier High Schools,C,73,3640,https://txschools.net/campus/premier-hs-online-072801145
656,829,14,014801002,Richard Milburn Academy Odessa,Richard Milburn Alter High School (Killeen),C,73,288,https://txschools.net/campus/richard-milburn-academy-odessa-014801002
656,829,14,014801001,Richard Milburn Alter HS (Killeen),Richard Milburn Alter High School (Killeen),C,73,168,https://txschools.net/campus/richard-milburn-alter-hs-killeen-014801001
656,829,14,015807002,Southwest Preparatory Southeast Campus,Southwest Preparatory School,C,73,188,https://txschools.net/campus/southwest-preparatory-southeast-campus-015807002
671,829,13,108807112,IDEA Brownsville Academy,IDEA Public Schools,C,72,636,https://txschools.net/campus/idea-brownsville-academy-108807112
671,829,13,108807139,IDEA Kyle Academy,IDEA Public Schools,C,72,600,https://txschools.net/campus/idea-kyle-academy-108807139
671,829,13,108807085,IDEA Mesa Hills College Preparatory,IDEA Public Schools,C,72,612,https://txschools.net/campus/idea-mesa-hills-college-preparatory-108807085
671,829,13,108807208,IDEA Yukon College Preparatory,IDEA Public Schools,C,72,604,https://txschools.net/campus/idea-yukon-college-preparatory-108807208
671,829,13,227820209,KIPP Explore Academy,KIPP Texas Public Schools,C,72,718,https://txschools.net/campus/kipp-explore-academy-227820209
671,829,13,101855101,Meyerpark Elem,Meyerpark Charter,C,72,259,https://txschools.net/campus/meyerpark-elem-101855101
671,829,13,220817001,Newman International Academy of Arlington,Newman International Academy of Arlington,C,72,709,https://txschools.net/campus/newman-international-academy-of-arlington-220817001
671,829,13,227824003,Promesa College Prep Brownsville,Valere Public Schools,C,72,151,https://txschools.net/campus/promesa-college-prep-brownsville-227824003
671,829,13,101814102,The Varnett School - Northeast,The Varnett Public School,C,72,314,https://txschools.net/campus/the-varnett-school-northeast-101814102
671,829,13,152803001,Triumph Public High Schools-Lubbock,Triumph Public High Schools-Lubbock,C,72,119,https://txschools.net/campus/triumph-public-high-schools-lubbock-152803001
671,829,13,057803104,Uplift Heights Prep Ps,Uplift Education,C,72,887,https://txschools.net/campus/uplift-heights-prep-ps-057803104
671,829,13,057803107,Uplift Luna Prep Ps,Uplift Education,C,72,740,https://txschools.net/campus/uplift-luna-prep-ps-057803107
671,829,13,057803109,Uplift Summit Prep Ps,Uplift Education,C,72,697,https://txschools.net/campus/uplift-summit-prep-ps-057803109
671,829,13,057803015,Uplift Wisdom Prep MS,Uplift Education,C,72,517,https://txschools.net/campus/uplift-wisdom-prep-ms-057803015
685,829,9,221801027,Founders Classical Academy - East Lewisville,Texas College Preparatory Academies,C,71,198,https://txschools.net/campus/founders-classical-academy-east-lewisville-221801027
685,829,9,221801081,Founders Classical Academy - Fort Worth,Texas College Preparatory Academies,C,71,126,https://txschools.net/campus/founders-classical-academy-fort-worth-221801081
685,829,9,101858012,Harmony Science Academy - City Place,Harmony Public Schools - Houston North,C,71,455,https://txschools.net/campus/harmony-science-academy-city-place-101858012
685,829,9,108807087,IDEA Achieve College Preparatory,IDEA Public Schools,C,71,490,https://txschools.net/campus/idea-achieve-college-preparatory-108807087
685,829,9,108807099,IDEA Converse College Preparatory,IDEA Public Schools,C,71,577,https://txschools.net/campus/idea-converse-college-preparatory-108807099
685,829,9,108807110,IDEA Weslaco Academy,IDEA Public Schools,C,71,582,https://txschools.net/campus/idea-weslaco-academy-108807110
685,829,9,227820303,KIPP Pleasant Grove Pri,KIPP Texas Public Schools,C,71,444,https://txschools.net/campus/kipp-pleasant-grove-pri-227820303
685,829,9,227820302,KIPP Truth Elem,KIPP Texas Public Schools,C,71,454,https://txschools.net/campus/kipp-truth-elem-227820302
685,829,9,227831001,Unparalleled Preparatory Academy,Unparalleled Preparatory Academy,C,71,33,https://txschools.net/campus/unparalleled-preparatory-academy-227831001
685,829,9,057803105,Uplift Pinnacle Prep Ps,Uplift Education,C,71,500,https://txschools.net/campus/uplift-pinnacle-prep-ps-057803105
695,829,8,221801060,Denton Classical Academy,Texas College Preparatory Academies,C,70,211,https://txschools.net/campus/denton-classical-academy-221801060
695,829,8,221801073,Founders Classical Academy - Conroe,Texas College Preparatory Academies,C,70,950,https://txschools.net/campus/founders-classical-academy-conroe-221801073
695,829,8,108807120,IDEA Carver Academy,IDEA Public Schools,C,70,419,https://txschools.net/campus/idea-carver-academy-108807120
695,829,8,108807098,IDEA Hidden Meadow College Preparatory,IDEA Public Schools,C,70,363,https://txschools.net/campus/idea-hidden-meadow-college-preparatory-108807098
695,829,8,221801005,Ignite Community School - Huntsville,Texas College Preparatory Academies,C,70,395,https://txschools.net/campus/ignite-community-school-huntsville-221801005
695,829,8,014801007,Richard Milburn Academy Corpus Christi,Richard Milburn Alter High School (Killeen),C,70,235,https://txschools.net/campus/richard-milburn-academy-corpus-christi-014801007
695,829,8,014801010,Richard Milburn Academy Midland,Richard Milburn Alter High School (Killeen),C,70,165,https://txschools.net/campus/richard-milburn-academy-midland-014801010
695,829,8,220801001,Treetops School International,Treetops School International,C,70,186,https://txschools.net/campus/treetops-school-international-220801001
695,829,8,057813106,Trinity Basin Preparatory - Arlington,Trinity Basin Preparatory,C,70,483,https://txschools.net/campus/trinity-basin-preparatory-arlington-057813106
704,829,27,152806001,Betty M Condra School for Education Innovation,Betty M Condra School for Education Innovation,D,69,168,https://txschools.net/campus/betty-m-condra-school-for-education-innovation-152806001
704,829,27,015838008,Compass Rose Dream,Compass Rose Public Schools,D,69,465,https://txschools.net/campus/compass-rose-dream-015838008
704,829,27,015838002,Compass Rose Ingenuity,Compass Rose Public Schools,D,69,795,https://txschools.net/campus/compass-rose-ingenuity-015838002
704,829,27,227824001,East Austin College Prep at Southwest Key,Valere Public Schools,D,69,135,https://txschools.net/campus/east-austin-college-prep-at-southwest-key-227824001
704,829,27,108809001,Excellence In Leadership Academy,Excellence In Leadership Academy,D,69,168,https://txschools.net/campus/excellence-in-leadership-academy-108809001
704,829,27,070801041,Faith Family Master Academy,Faith Family Academy,D,69,277,https://txschools.net/campus/faith-family-master-academy-070801041
704,829,27,057835001,Golden Rule Charter School,Golden Rule Charter School,D,69,498,https://txschools.net/campus/golden-rule-charter-school-057835001
704,829,27,057835101,Golden Rule Sunnyside,Golden Rule Charter School,D,69,102,https://txschools.net/campus/golden-rule-sunnyside-057835101
704,829,27,015835011,Great Hearts Online - TX,Great Hearts Texas,D,69,1063,https://txschools.net/campus/great-hearts-online-tx-015835011
704,829,27,108807302,IDEA Edgecliff Academy,IDEA Public Schools,D,69,730,https://txschools.net/campus/idea-edgecliff-academy-108807302
704,829,27,108807303,IDEA La Joya Academy,IDEA Public Schools,D,69,638,https://txschools.net/campus/idea-la-joya-academy-108807303
704,829,27,108807197,IDEA Palmview Academy,IDEA Public Schools,D,69,654,https://txschools.net/campus/idea-palmview-academy-108807197
704,829,27,108807138,IDEA Pflugerville Academy,IDEA Public Schools,D,69,652,https://txschools.net/campus/idea-pflugerville-academy-108807138
704,829,27,108807136,IDEA Rundberg Academy,IDEA Public Schools,D,69,648,https://txschools.net/campus/idea-rundberg-academy-108807136
704,829,27,108807106,IDEA San Juan Academy,IDEA Public Schools,D,69,532,https://txschools.net/campus/idea-san-juan-academy-108807106
704,829,27,057848014,ILTexas Katy Elem,International Leadership of Texas (ILTexas),D,69,936,https://txschools.net/campus/iltexas-katy-elem-057848014
704,829,27,057819001,Jean Massieu Academy,Jean Massieu Academy,D,69,172,https://txschools.net/campus/jean-massieu-academy-057819001
704,829,27,227820105,KIPP Paseo Pri,KIPP Texas Public Schools,D,69,567,https://txschools.net/campus/kipp-paseo-pri-227820105
704,829,27,101874001,Legacy School of Sport Sciences,Legacy School of Sport Sciences,D,69,550,https://txschools.net/campus/legacy-school-of-sport-sciences-101874001
704,829,27,227826101,Magnolia Montessori for All,Montessori for All,D,69,556,https://txschools.net/campus/magnolia-montessori-for-all-227826101
704,829,27,061802005,North Texas Collegiate Academy-East Campus,North Texas Collegiate Academy,D,69,298,https://txschools.net/campus/north-texas-collegiate-academy-east-campus-061802005
704,829,27,161802102,Quinn Campus Public MS,Rapoport Academy Public School,D,69,268,https://txschools.net/campus/quinn-campus-public-ms-161802102
704,829,27,015807101,Southwest Prep Northwest Elem,Southwest Preparatory School,D,69,116,https://txschools.net/campus/southwest-prep-northwest-elem-015807101
704,829,27,227824002,The East Austin College Prep at Mlk,Valere Public Schools,D,69,158,https://txschools.net/campus/the-east-austin-college-prep-at-mlk-227824002
704,829,27,057813105,Trinity Basin Preparatory - Mesquite,Trinity Basin Preparatory,D,69,797,https://txschools.net/campus/trinity-basin-preparatory-mesquite-057813105
704,829,27,061805002,Trivium Academy - Plano Campus,Trivium Academy,D,69,81,https://txschools.net/campus/trivium-academy-plano-campus-061805002
704,829,27,057803108,Uplift Meridian Prep Ps,Uplift Education,D,69,519,https://txschools.net/campus/uplift-meridian-prep-ps-057803108
704,829,27,227803101,Wayside Eden Park Academy,Wayside Schools,D,69,227,https://txschools.net/campus/wayside-eden-park-academy-227803101
732,829,10,101870002,Beta Academy,Beta Academy,D,68,1041,https://txschools.net/campus/beta-academy-101870002
732,829,10,212801041,Cumberland Academy Upper Elem,Cumberland Academy,D,68,280,https://txschools.net/campus/cumberland-academy-upper-elem-212801041
732,829,10,227816001,Harmony Science Academy - Austin,Harmony Public Schools - Central Texas,D,68,704,https://txschools.net/campus/harmony-science-academy-austin-227816001
732,829,10,101858003,Harmony Science Academy - Bryan,Harmony Public Schools - Houston North,D,68,342,https://txschools.net/campus/harmony-science-academy-bryan-101858003
732,829,10,108807101,IDEA Donna Academy,IDEA Public Schools,D,68,729,https://txschools.net/campus/idea-donna-academy-108807101
732,829,10,108807206,IDEA Southeast College Preparatory,IDEA Public Schools,D,68,566,https://txschools.net/campus/idea-southeast-college-preparatory-108807206
732,829,10,221801022,Ischool Virtual Academy of Texas,Texas College Preparatory Academies,D,68,407,https://txschools.net/campus/ischool-virtual-academy-of-texas-221801022
732,829,10,220817006,Newman International Academy Watauga,Newman International Academy of Arlington,D,68,451,https://txschools.net/campus/newman-international-academy-watauga-220817006
732,829,10,057850005,Pioneer Technology (PTAA) Royse City Elem,Pioneer Technology & Arts Academy,D,68,200,https://txschools.net/campus/pioneer-technology-ptaa-royse-city-elem-057850005
732,829,10,014801006,Richard Milburn Academy Fort Worth,Richard Milburn Alter High School (Killeen),D,68,94,https://txschools.net/campus/richard-milburn-academy-fort-worth-014801006
732,829,10,227829003,Valor Kyle,Valor Education,D,68,963,https://txschools.net/campus/valor-kyle-227829003
743,829,10,221801075,Founders Classical Academy-Bastrop,Texas College Preparatory Academies,D,67,285,https://txschools.net/campus/founders-classical-academy-bastrop-221801075
743,829,10,101858002,Harmony School of Endeavor-Houston,Harmony Public Schools - Houston North,D,67,560,https://txschools.net/campus/harmony-school-of-endeavor-houston-101858002
743,829,10,108807304,IDEA Ambrose and Freda Robinson Academy,IDEA Public Schools,D,67,438,https://txschools.net/campus/idea-ambrose-and-freda-robinson-academy-108807304
743,829,10,108807196,IDEA Sports Park Academy,IDEA Public Schools,D,67,565,https://txschools.net/campus/idea-sports-park-academy-108807196
743,829,10,057848044,ILTexas Msg Ramirez MS,International Leadership of Texas (ILTexas),D,67,434,https://txschools.net/campus/iltexas-msg-ramirez-ms-057848044
743,829,10,015808016,Rise Inspire Academy,Inspire Academies,D,67,29,https://txschools.net/campus/rise-inspire-academy-015808016
743,829,10,015807102,Seguin Campus,Southwest Preparatory School,D,67,269,https://txschools.net/campus/seguin-campus-015807102
743,829,10,101845105,Southside Elem,Yes Prep Public Schools Inc,D,67,631,https://txschools.net/campus/southside-elem-101845105
743,829,10,057813109,Trinity Basin Preparatory - South,Trinity Basin Preparatory,D,67,585,https://txschools.net/campus/trinity-basin-preparatory-south-057813109
743,829,10,057803051,Uplift Ascend Prep MS,Uplift Education,D,67,426,https://txschools.net/campus/uplift-ascend-prep-ms-057803051
743,829,10,057803116,Uplift Wisdom Prep Ps,Uplift Education,D,67,579,https://txschools.net/campus/uplift-wisdom-prep-ps-057803116
754,829,8,161802101,Audre and Bernard Rapoport Academy,Rapoport Academy Public School,D,66,401,https://txschools.net/campus/audre-and-bernard-rapoport-academy-161802101
754,829,8,015838005,Compass Rose Journey,Compass Rose Public Schools,D,66,471,https://txschools.net/campus/compass-rose-journey-015838005
754,829,8,108807121,IDEA South Flores Academy,IDEA Public Schools,D,66,630,https://txschools.net/campus/idea-south-flores-academy-108807121
754,829,8,105801001,Katherine Anne Porter School,Katherine Anne Porter School,D,66,76,https://txschools.net/campus/katherine-anne-porter-school-105801001
754,829,8,057802001,Pegasus Charter HS,Pegasus School of Liberal Arts and Sciences,D,66,277,https://txschools.net/campus/pegasus-charter-hs-057802001
754,829,8,057850004,Pioneer Technology (PTAA) Mesquite Elem,Pioneer Technology & Arts Academy,D,66,175,https://txschools.net/campus/pioneer-technology-ptaa-mesquite-elem-057850004
754,829,8,101868002,Pro-Vision MS,The Pro-Vision Academy,D,66,98,https://txschools.net/campus/pro-vision-ms-101868002
754,829,8,101840101,Two Dimensions Preparatory Academy,Two Dimensions Preparatory Academy,D,66,135,https://txschools.net/campus/two-dimensions-preparatory-academy-101840101
754,829,8,101873001,Yellowstone College Preparatory,Yellowstone College Preparatory,D,66,361,https://txschools.net/campus/yellowstone-college-preparatory-101873001
763,829,6,227825001,Austin Achieve MS,Austin Achieve Public Schools,D,65,694,https://txschools.net/campus/austin-achieve-ms-227825001
763,829,6,057835102,Golden Rule Desoto,Golden Rule Charter School,D,65,408,https://txschools.net/campus/golden-rule-desoto-057835102
763,829,6,108807204,IDEA Ambrose and Freda Robinson College Preparator,IDEA Public Schools,D,65,116,https://txschools.net/campus/idea-ambrose-and-freda-robinson-college-preparator-108807204
763,829,6,221801069,Ignite Community School - Westchase,Texas College Preparatory Academies,D,65,1178,https://txschools.net/campus/ignite-community-school-westchase-221801069
763,829,6,057848043,ILTexas Msg Ramirez Elem,International Leadership of Texas (ILTexas),D,65,919,https://txschools.net/campus/iltexas-msg-ramirez-elem-057848043
763,829,6,057803017,Uplift Ascend Prep Ps,Uplift Education,D,65,841,https://txschools.net/campus/uplift-ascend-prep-ps-057803017
763,829,6,057803008,Uplift Mighty Prep Ps,Uplift Education,D,65,539,https://txschools.net/campus/uplift-mighty-prep-ps-057803008
770,829,4,220811101,East Fort Worth Montessori Academy,East Fort Worth Montessori Academy,D,64,106,https://txschools.net/campus/east-fort-worth-montessori-academy-220811101
770,829,4,161807001,Harmony Science Acad (Waco),Harmony Public Schools - North Texas,D,64,592,https://txschools.net/campus/harmony-science-acad-waco-161807001
770,829,4,108807135,IDEA Montopolis Academy,IDEA Public Schools,D,64,645,https://txschools.net/campus/idea-montopolis-academy-108807135
770,829,4,057848042,ILTexas Bg Ramirez Elem,International Leadership of Texas (ILTexas),D,64,896,https://txschools.net/campus/iltexas-bg-ramirez-elem-057848042
770,829,4,072801166,Premier HS - Houston (Greenspoint),Premier High Schools,D,64,69,https://txschools.net/campus/premier-hs-houston-greenspoint-072801166
775,829,3,108807199,IDEA Converse Academy,IDEA Public Schools,D,63,682,https://txschools.net/campus/idea-converse-academy-108807199
775,829,3,108807194,IDEA Spears Academy,IDEA Public Schools,D,63,719,https://txschools.net/campus/idea-spears-academy-108807194
775,829,3,057848040,ILTexas Pearland 6-8,International Leadership of Texas (ILTexas),D,63,244,https://txschools.net/campus/iltexas-pearland-6-8-057848040
775,829,3,221801079,Responsiveed - Online,Texas College Preparatory Academies,D,63,248,https://txschools.net/campus/responsiveed-online-221801079
779,829,2,015822002,Jubilee Highland Hills,Jubilee Academies,D,62,639,https://txschools.net/campus/jubilee-highland-hills-015822002
779,829,2,015839001,Promesa Academy Charter School,Promesa Academy Charter School,D,62,275,https://txschools.net/campus/promesa-academy-charter-school-015839001
779,829,2,101802101,Ser-Ninos Charter Elem,Ser-Ninos Charter School,D,62,469,https://txschools.net/campus/ser-ninos-charter-elem-101802101
782,829,2,108807187,IDEA Achieve Academy,IDEA Public Schools,D,61,500,https://txschools.net/campus/idea-achieve-academy-108807187
782,829,2,084802003,Odyssey Academy - Webster,Odyssey Academy Inc,D,61,395,https://txschools.net/campus/odyssey-academy-webster-084802003
782,829,2,101838104,Southwest Public Schools Visual & Perf Arts Acad,Southwest Public Schools,D,61,371,https://txschools.net/campus/southwest-public-schools-visual-perf-arts-acad-101838104
785,829,0,108807203,IDEA La Joya College Preparatory,IDEA Public Schools,D,60,514,https://txschools.net/campus/idea-la-joya-college-preparatory-108807203
786,829,11,057829001,A' Academy Elem,A' Academy,F,59,874,https://txschools.net/campus/a-academy-elem-057829001
786,829,11,101875001,Bloom Academy Charter School,Bloom Academy Charter School,F,59,364,https://txschools.net/campus/bloom-academy-charter-school-101875001
786,829,11,071810002,El Paso Leadership Academy - HS East,El Paso Leadership Academy,F,59,361,https://txschools.net/campus/el-paso-leadership-academy-hs-east-071810002
786,829,11,015844101,Essence Preparatory Charter School,Essence Preparatory Charter School,F,59,438,https://txschools.net/campus/essence-preparatory-charter-school-015844101
786,829,11,057831002,Gateway Charter Academy - MS - HS,Gateway Charter Academy,F,59,182,https://txschools.net/campus/gateway-charter-academy-ms-hs-057831002
786,829,11,227820219,KIPP Mosaic Pri,KIPP Texas Public Schools,F,59,1038,https://txschools.net/campus/kipp-mosaic-pri-227820219
786,829,11,084802002,Odyssey Academy - Texas City,Odyssey Academy Inc,F,59,599,https://txschools.net/campus/odyssey-academy-texas-city-084802002
786,829,11,015842001,Royal Academy of Excellence,Royal Public Schools,F,59,394,https://txschools.net/campus/royal-academy-of-excellence-015842001
786,829,11,101814103,The Varnett School - East,The Varnett Public School,F,59,291,https://txschools.net/campus/the-varnett-school-east-101814103
786,829,11,101840103,Two Dimensions/Vickery,Two Dimensions Preparatory Academy,F,59,207,https://txschools.net/campus/two-dimensions-vickery-101840103
786,829,11,101814101,Varnett Charter School,The Varnett Public School,F,59,479,https://txschools.net/campus/varnett-charter-school-101814101
786,829,11,227803103,Wayside Altamira Academy,Wayside Schools,F,59,393,https://txschools.net/campus/wayside-altamira-academy-227803103
798,829,2,108807309,IDEA A W Brown Academy,IDEA Public Schools,F,58,478,https://txschools.net/campus/idea-a-w-brown-academy-108807309
798,829,2,227820213,KIPP Peace Elem,KIPP Texas Public Schools,F,58,469,https://txschools.net/campus/kipp-peace-elem-227820213
798,829,2,061802003,North Texas Collegiate Academy-South Campus,North Texas Collegiate Academy,F,58,252,https://txschools.net/campus/north-texas-collegiate-academy-south-campus-061802003
801,829,2,108810101,Brillante Academy,Brillante Academy,F,57,426,https://txschools.net/campus/brillante-academy-108810101
801,829,2,015838007,Compass Rose Harvest,Compass Rose Public Schools,F,57,471,https://txschools.net/campus/compass-rose-harvest-015838007
801,829,2,227805041,Texas Empowerment Academy,Texas Empowerment Academy,F,57,461,https://txschools.net/campus/texas-empowerment-academy-227805041
804,829,1,071810001,El Paso Leadership Academy,El Paso Leadership Academy,F,56,188,https://txschools.net/campus/el-paso-leadership-academy-071810001
804,829,1,108807127,IDEA Najim Academy,IDEA Public Schools,F,56,463,https://txschools.net/campus/idea-najim-academy-108807127
806,829,4,227825003,Austin Achieve Northeast Elem,Austin Achieve Public Schools,F,55,877,https://txschools.net/campus/austin-achieve-northeast-elem-227825003
806,829,4,101872001,Etoile Academy Charter School,Etoile Academy Charter School,F,55,686,https://txschools.net/campus/etoile-academy-charter-school-101872001
806,829,4,057835103,Golden Rule Southwest,Golden Rule Charter School,F,55,187,https://txschools.net/campus/golden-rule-southwest-057835103
806,829,4,108807122,IDEA Monterrey Park Academy,IDEA Public Schools,F,55,554,https://txschools.net/campus/idea-monterrey-park-academy-108807122
806,829,4,015825101,Lighthouse Elem,Lighthouse Public Schools,F,55,289,https://txschools.net/campus/lighthouse-elem-015825101
811,829,1,108807306,IDEA Southeast Academy,IDEA Public Schools,F,54,683,https://txschools.net/campus/idea-southeast-academy-108807306
811,829,1,221801062,Ignite Community School - Mainland,Texas College Preparatory Academies,F,54,405,https://txschools.net/campus/ignite-community-school-mainland-221801062
813,829,0,057830001,Inspired Vision Academy Elem,Inspired Vision Academy,F,53,547,https://txschools.net/campus/inspired-vision-academy-elem-057830001
814,829,2,212801042,Cumberland Academy MS,Cumberland Academy,F,52,240,https://txschools.net/campus/cumberland-academy-ms-212801042
814,829,2,108807137,IDEA Bluff Springs Academy,IDEA Public Schools,F,52,517,https://txschools.net/campus/idea-bluff-springs-academy-108807137
814,829,2,108807128,IDEA Brackenridge Academy,IDEA Public Schools,F,52,611,https://txschools.net/campus/idea-brackenridge-academy-108807128
817,829,1,108807123,IDEA Walzem Academy,IDEA Public Schools,F,50,604,https://txschools.net/campus/idea-walzem-academy-108807123
817,829,1,221801052,Ignite Community School - Beaumont,Texas College Preparatory Academies,F,50,195,https://txschools.net/campus/ignite-community-school-beaumont-221801052
819,829,2,178807101,Corpus Christi Montessori School,Corpus Christi Montessori School,F,49,132,https://txschools.net/campus/corpus-christi-montessori-school-178807101
819,829,2,221801065,Ignite Community School - Fallbrook,Texas College Preparatory Academies,F,49,152,https://txschools.net/campus/ignite-community-school-fallbrook-221801065
819,829,2,114801001,Pathway Academy,Pathway Academy,F,49,130,https://txschools.net/campus/pathway-academy-114801001
822,829,2,108807186,IDEA Rise Academy,IDEA Public Schools,F,48,641,https://txschools.net/campus/idea-rise-academy-108807186
822,829,2,015808020,Sherman Inspire Academy,Inspire Academies,F,48,428,https://txschools.net/campus/sherman-inspire-academy-015808020
822,829,2,057803112,Uplift Williams Prep Ps,Uplift Education,F,48,545,https://txschools.net/campus/uplift-williams-prep-ps-057803112
825,829,1,057809101,Nova Academy,Nova Academy,F,47,67,https://txschools.net/campus/nova-academy-057809101
825,829,1,101881001,Up Excellence Academy,Up Excellence Academy,F,47,116,https://txschools.net/campus/up-excellence-academy-101881001
827,829,0,071801005,Davinci Acad for Sci and the Arts at San Antonio,Burnham Wood Charter School District,F,45,114,https://txschools.net/campus/davinci-acad-for-sci-and-the-arts-at-san-antonio-071801005
828,829,0,221801083,Ignite Community School - Fort Worth,Texas College Preparatory Academies,F,43,615,https://txschools.net/campus/ignite-community-school-fort-worth-221801083
829,829,0,015845001,Celebrate Dyslexia School,Celebrate Dyslexia Schools,F,41,100,https://txschools.net/campus/celebrate-dyslexia-school-015845001
