# txschools.net — unofficial. Not operated by, endorsed by, or affiliated with the Texas Education Agency.
# source: Texas Education Agency, published publicly at https://txschools.gov
# snapshot: 15 August 2026 — the date this site fetched the source data. The publisher may have revised it since.
# official accountability landing page: Texas Education Agency Reports and Data Portal at https://tea.texas.gov/school-and-district-leaders/accountability/academic-accountability/performance-reporting/texas-education-agency-reports-and-data-portal
# dataset: ranking board
# page: https://txschools.net/rankings/charters/texas-campuses/student-achievement-highest
# rows: 829 (excluding this header and the column row)
# ranking: Texas open-enrollment charter campuses with the highest Student Achievement in 2025-26
# sector: charter (open-enrollment charters only)
# population: 829 campuses of 965 campuses are ranked here.
# population: 136 were not rated by TEA for 2025-26 and are not ranked.
# rank_of is how many rows were actually ranked (can be smaller than the population above); two rows on the same value share a rank ("tied"), and the next rank is skipped.
# empty cell = the source did not publish that figure, suppressed it, or did not report it. It does not mean zero.
# numbers are unformatted: no thousands separators, no currency symbols, no percent signs.
# rights: txschools.net does not grant permission to reuse third-party source material; consult the publisher's terms and policies, including TEA's at https://tea.texas.gov/about-tea/welcome-and-overview/site-policies.
# lines starting with # are comments — pandas: read_csv(path, comment='#')
rank,rank_of,tied,entity_id,name,district,rating,value,enrollment,url
1,829,5,015834007,Basis Cedar Park,Basis Texas,A,98,499,https://txschools.net/campus/basis-cedar-park-015834007
1,829,5,015834001,Basis San Antonio- Shavano Campus,Basis Texas,A,98,1111,https://txschools.net/campus/basis-san-antonio-shavano-campus-015834001
1,829,5,227814001,Chaparral Star Academy,Chaparral Star Academy,A,98,387,https://txschools.net/campus/chaparral-star-academy-227814001
1,829,5,183801003,Panola Early College HS,Panola Charter School,A,98,52,https://txschools.net/campus/panola-early-college-hs-183801003
1,829,5,057803002,Uplift North Hills Prep HS,Uplift Education,A,98,540,https://txschools.net/campus/uplift-north-hills-prep-hs-057803002
1,829,5,220810001,Westlake Academy,Westlake Academy Charter School,A,98,908,https://txschools.net/campus/westlake-academy-220810001
7,829,9,092801001,Dan Chadwick Campus,East Texas Charter Schools,A,97,125,https://txschools.net/campus/dan-chadwick-campus-092801001
7,829,9,014804006,Gateway College Preparatory School,Orenda Charter School,A,97,1678,https://txschools.net/campus/gateway-college-preparatory-school-014804006
7,829,9,101858005,Harmony School of Discovery - Houston,Harmony Public Schools - Houston North,A,97,882,https://txschools.net/campus/harmony-school-of-discovery-houston-101858005
7,829,9,101862005,Harmony School of Innovation - Katy,Harmony Public Schools - Houston West,A,97,927,https://txschools.net/campus/harmony-school-of-innovation-katy-101862005
7,829,9,101862002,Harmony School of Innovation-Sugar Land,Harmony Public Schools - Houston West,A,97,939,https://txschools.net/campus/harmony-school-of-innovation-sugar-land-101862002
7,829,9,161807009,Harmony Science Academy - Euless,Harmony Public Schools - North Texas,A,97,684,https://txschools.net/campus/harmony-science-academy-euless-161807009
7,829,9,072801135,Premier HS of Huntsville,Premier High Schools,A,97,62,https://txschools.net/campus/premier-hs-of-huntsville-072801135
7,829,9,015831008,Sst Hill Country College Prep HS,School of Science and Technology Discovery,A,97,421,https://txschools.net/campus/sst-hill-country-college-prep-hs-015831008
7,829,9,057808102,Universal Academy Coppell,Universal Academy,A,97,1299,https://txschools.net/campus/universal-academy-coppell-057808102
7,829,9,212804102,UT Tyler University Academy at Longview,UT Tyler University Academy,A,97,496,https://txschools.net/campus/ut-tyler-university-academy-at-longview-212804102
17,829,19,015834107,Basis Cedar Park Pri,Basis Texas,A,96,834,https://txschools.net/campus/basis-cedar-park-pri-015834107
17,829,19,015834005,Basis Pflugerville,Basis Texas,A,96,330,https://txschools.net/campus/basis-pflugerville-015834005
17,829,19,015834010,Basis Plano,Basis Texas,A,96,354,https://txschools.net/campus/basis-plano-015834010
17,829,19,015805001,Frank L Madla Early College HS,New Frontiers Public Schools Inc,A,96,146,https://txschools.net/campus/frank-l-madla-early-college-hs-015805001
17,829,19,014804005,Gateway Tech HS,Orenda Charter School,A,96,47,https://txschools.net/campus/gateway-tech-hs-014804005
17,829,19,101858004,Harmony School of Advancement-Houston,Harmony Public Schools - Houston North,A,96,773,https://txschools.net/campus/harmony-school-of-advancement-houston-101858004
17,829,19,227816004,Harmony School of Endeavor - Austin,Harmony Public Schools - Central Texas,A,96,991,https://txschools.net/campus/harmony-school-of-endeavor-austin-227816004
17,829,19,161807005,Harmony School of Innovation - Dallas,Harmony Public Schools - North Texas,A,96,592,https://txschools.net/campus/harmony-school-of-innovation-dallas-161807005
17,829,19,108807014,IDEA Riverview College Preparatory,IDEA Public Schools,A,96,814,https://txschools.net/campus/idea-riverview-college-preparatory-108807014
17,829,19,057848018,ILTexas Katy - Westpark HS,International Leadership of Texas (ILTexas),A,96,858,https://txschools.net/campus/iltexas-katy-westpark-hs-057848018
17,829,19,221801051,Ischool High at University Park,Texas College Preparatory Academies,A,96,458,https://txschools.net/campus/ischool-high-at-university-park-221801051
17,829,19,246801001,Meridian World School LLC,Meridian World School LLC,A,96,1757,https://txschools.net/campus/meridian-world-school-llc-246801001
17,829,19,072801131,Premier HS of Arlington,Premier High Schools,A,96,165,https://txschools.net/campus/premier-hs-of-arlington-072801131
17,829,19,072801001,Premier HS of Comanche/Early,Premier High Schools,A,96,69,https://txschools.net/campus/premier-hs-of-comanche-early-072801001
17,829,19,072801137,Premier HS of Granbury,Premier High Schools,A,96,137,https://txschools.net/campus/premier-hs-of-granbury-072801137
17,829,19,072801112,Premier HS of Midland,Premier High Schools,A,96,157,https://txschools.net/campus/premier-hs-of-midland-072801112
17,829,19,072801121,Premier HS of Waco,Premier High Schools,A,96,133,https://txschools.net/campus/premier-hs-of-waco-072801121
17,829,19,015807004,Southwest Preparatory School-Northwest,Southwest Preparatory School,A,96,121,https://txschools.net/campus/southwest-preparatory-school-northwest-015807004
17,829,19,108804004,Triumph Public High Schools-Brownsville,Triumph Public High Schools-Rio Grande Valley,A,96,117,https://txschools.net/campus/triumph-public-high-schools-brownsville-108804004
17,829,19,240801002,Triumph Public High Schools-Laredo South,Triumph Public High Schools Central Texas,A,96,147,https://txschools.net/campus/triumph-public-high-schools-laredo-south-240801002
37,829,14,227817001,Cedars Academy Next Generation HS at Highland,Cedars International Academy,A,95,106,https://txschools.net/campus/cedars-academy-next-generation-hs-at-highland-227817001
37,829,14,161807011,Harmony School of Innovation - Fort Worth,Harmony Public Schools - North Texas,A,95,999,https://txschools.net/campus/harmony-school-of-innovation-fort-worth-161807011
37,829,14,161807006,Harmony School of Innovation - Garland,Harmony Public Schools - North Texas,A,95,661,https://txschools.net/campus/harmony-school-of-innovation-garland-161807006
37,829,14,161807013,Harmony Science Academy - Carrollton,Harmony Public Schools - North Texas,A,95,557,https://txschools.net/campus/harmony-science-academy-carrollton-161807013
37,829,14,227816008,Harmony Science Academy - Leander,Harmony Public Schools - Central Texas,A,95,640,https://txschools.net/campus/harmony-science-academy-leander-227816008
37,829,14,101846001,Harmony Science Academy-Houston,Harmony Public Schools - Houston South,A,95,749,https://txschools.net/campus/harmony-science-academy-houston-101846001
37,829,14,101862001,Harmony Science Academy-Sugar Land,Harmony Public Schools - Houston West,A,95,757,https://txschools.net/campus/harmony-science-academy-sugar-land-101862001
37,829,14,057848034,ILTexas Aggieland HS,International Leadership of Texas (ILTexas),A,95,233,https://txschools.net/campus/iltexas-aggieland-hs-057848034
37,829,14,072801146,Premier High Schools - Edinburg Career & Technical,Premier High Schools,A,95,140,https://txschools.net/campus/premier-high-schools-edinburg-career-technical-072801146
37,829,14,072801113,Premier HS - Austin (South Campus),Premier High Schools,A,95,127,https://txschools.net/campus/premier-hs-austin-south-campus-072801113
37,829,14,174801101,Stephen F Austin State University Charter School,Stephen F Austin State University Charter School,A,95,254,https://txschools.net/campus/stephen-f-austin-state-university-charter-school-174801101
37,829,14,183801002,Texas Early College HS,Panola Charter School,A,95,93,https://txschools.net/campus/texas-early-college-hs-183801002
37,829,14,057845004,UME Dallas Secondary,UME Preparatory Academy,A,95,758,https://txschools.net/campus/ume-dallas-secondary-057845004
37,829,14,057803041,Uplift North Hills Prep MS,Uplift Education,A,95,499,https://txschools.net/campus/uplift-north-hills-prep-ms-057803041
37,829,14,057803101,Uplift North Hills Prep Ps,Uplift Education,A,95,641,https://txschools.net/campus/uplift-north-hills-prep-ps-057803101
52,829,18,015834110,Basis Plano Pri,Basis Texas,A,94,921,https://txschools.net/campus/basis-plano-pri-015834110
52,829,18,101870001,Beta Academy,Beta Academy,A,94,633,https://txschools.net/campus/beta-academy-101870001
52,829,18,123807003,Bob Hope School - Cy Fair,Bob Hope School,A,94,193,https://txschools.net/campus/bob-hope-school-cy-fair-123807003
52,829,18,057834004,Evolution Academy Houston,Evolution Academy Charter School,A,94,195,https://txschools.net/campus/evolution-academy-houston-057834004
52,829,18,015835007,Great Hearts Irving Upper,Great Hearts Texas,A,94,1021,https://txschools.net/campus/great-hearts-irving-upper-015835007
52,829,18,227816002,Harmony Science Academy-Pflugerville,Harmony Public Schools - Central Texas,A,94,777,https://txschools.net/campus/harmony-science-academy-pflugerville-227816002
52,829,18,057848009,ILTexas Keller - Saginaw HS,International Leadership of Texas (ILTexas),A,94,784,https://txschools.net/campus/iltexas-keller-saginaw-hs-057848009
52,829,18,043801001,Imagine International Academy of North Texas,Imagine International Academy of North Texas,A,94,1438,https://txschools.net/campus/imagine-international-academy-of-north-texas-043801001
52,829,18,072801152,Premier HS Houston Gallery North,Premier High Schools,A,94,128,https://txschools.net/campus/premier-hs-houston-gallery-north-072801152
52,829,18,072801115,Premier HS of Weslaco,Premier High Schools,A,94,118,https://txschools.net/campus/premier-hs-of-weslaco-072801115
52,829,18,101838001,Southwest Public Schools College &career Prep Acad,Southwest Public Schools,A,94,453,https://txschools.net/campus/southwest-public-schools-college-career-prep-acad-101838001
52,829,18,015827006,Sst Champions,School of Science and Technology,A,94,1689,https://txschools.net/campus/sst-champions-015827006
52,829,18,015831009,Sst Sugar Land College Prep HS,School of Science and Technology Discovery,A,94,773,https://txschools.net/campus/sst-sugar-land-college-prep-hs-015831009
52,829,18,240801001,Triumph Public High Schools-Laredo North,Triumph Public High Schools Central Texas,A,94,105,https://txschools.net/campus/triumph-public-high-schools-laredo-north-240801001
52,829,18,108804002,Triumph Public High Schools-McAllen,Triumph Public High Schools-Rio Grande Valley,A,94,119,https://txschools.net/campus/triumph-public-high-schools-mcallen-108804002
52,829,18,061805001,Trivium Academy,Trivium Academy,A,94,422,https://txschools.net/campus/trivium-academy-061805001
52,829,18,212804001,UT Tyler University Academy at Tyler,UT Tyler University Academy,A,94,447,https://txschools.net/campus/ut-tyler-university-academy-at-tyler-212804001
52,829,18,057828004,Winfree Academy Charter School - Grand Prairie,Winfree Academy Charter Schools,A,94,221,https://txschools.net/campus/winfree-academy-charter-school-grand-prairie-057828004
52,829,18,101845101,Yes Prep - North Central,Yes Prep Public Schools Inc,A,94,1025,https://txschools.net/campus/yes-prep-north-central-101845101
71,829,22,227806058,Basepoint Academy - Arlington,University of Texas University Charter School,A,93,34,https://txschools.net/campus/basepoint-academy-arlington-227806058
71,829,22,015834004,Basis Austin,Basis Texas,A,93,252,https://txschools.net/campus/basis-austin-015834004
71,829,22,015834105,Basis Pflugerville Pri,Basis Texas,A,93,995,https://txschools.net/campus/basis-pflugerville-pri-015834105
71,829,22,015834008,Basis Richardson,Basis Texas,A,93,79,https://txschools.net/campus/basis-richardson-015834008
71,829,22,015834101,Basis San Antonio Pri- Medical Center Campus,Basis Texas,A,93,778,https://txschools.net/campus/basis-san-antonio-pri-medical-center-campus-015834101
71,829,22,057834003,Evolution Academy Beaumont,Evolution Academy Charter School,A,93,188,https://txschools.net/campus/evolution-academy-beaumont-057834003
71,829,22,101862006,Harmony School of Excellence - Sugar Land,Harmony Public Schools - Houston West,A,93,1511,https://txschools.net/campus/harmony-school-of-excellence-sugar-land-101862006
71,829,22,071806001,Harmony Science Acad (El Paso),Harmony Public Schools - West Texas,A,93,1036,https://txschools.net/campus/harmony-science-acad-el-paso-071806001
71,829,22,227816006,Harmony Science Academy - Cedar Park,Harmony Public Schools - Central Texas,A,93,736,https://txschools.net/campus/harmony-science-academy-cedar-park-227816006
71,829,22,101862003,Harmony Science Academy-Katy,Harmony Public Schools - Houston West,A,93,1413,https://txschools.net/campus/harmony-science-academy-katy-101862003
71,829,22,015815101,Heritage Academy,Heritage Academy,A,93,33,https://txschools.net/campus/heritage-academy-015815101
71,829,22,108807011,IDEA McAllen College Preparatory,IDEA Public Schools,A,93,895,https://txschools.net/campus/idea-mcallen-college-preparatory-108807011
71,829,22,108807002,IDEA Quest College Preparatory,IDEA Public Schools,A,93,664,https://txschools.net/campus/idea-quest-college-preparatory-108807002
71,829,22,057807002,Life HS Waxahachie,Life School,A,93,1148,https://txschools.net/campus/life-hs-waxahachie-057807002
71,829,22,072801103,Premier HS of Brownsville,Premier High Schools,B,93,176,https://txschools.net/campus/premier-hs-of-brownsville-072801103
71,829,22,072801138,Premier HS of Dayton,Premier High Schools,A,93,92,https://txschools.net/campus/premier-hs-of-dayton-072801138
71,829,22,072801110,Premier HS of Lubbock,Premier High Schools,A,93,135,https://txschools.net/campus/premier-hs-of-lubbock-072801110
71,829,22,101806001,Ryss Early College at Broadway,Raul Yzaguirre Schools for Success,A,93,312,https://txschools.net/campus/ryss-early-college-at-broadway-101806001
71,829,22,015831002,Sst Corpus Christi,School of Science and Technology Discovery,A,93,2304,https://txschools.net/campus/sst-corpus-christi-015831002
71,829,22,246803001,The Texas Girls School,The Texas Girls School,A,93,37,https://txschools.net/campus/the-texas-girls-school-246803001
71,829,22,212804103,UT Tyler University Academy-Palestine,UT Tyler University Academy,A,93,281,https://txschools.net/campus/ut-tyler-university-academy-palestine-212804103
71,829,22,057828003,Winfree Academy Charter School (Richardson),Winfree Academy Charter Schools,B,93,121,https://txschools.net/campus/winfree-academy-charter-school-richardson-057828003
71,829,22,101845008,Yes Prep - 5th Ward,Yes Prep Public Schools Inc,A,93,882,https://txschools.net/campus/yes-prep-5th-ward-101845008
94,829,24,123807002,Bob Hope HS,Bob Hope School,A,92,552,https://txschools.net/campus/bob-hope-hs-123807002
94,829,24,015838010,Compass Rose Opportunity,Compass Rose Public Schools,A,92,146,https://txschools.net/campus/compass-rose-opportunity-015838010
94,829,24,015836001,Eleanor Kolitz Hebrew Language Academy,Eleanor Kolitz Hebrew Language Academy,B,92,464,https://txschools.net/campus/eleanor-kolitz-hebrew-language-academy-015836001
94,829,24,221801043,Founders Classical Academy - Lewisville,Texas College Preparatory Academies,A,92,902,https://txschools.net/campus/founders-classical-academy-lewisville-221801043
94,829,24,101819002,Friends for Life MS,Amigos Por Vida-Friends for Life Pub Chtr Sch,A,92,243,https://txschools.net/campus/friends-for-life-ms-101819002
94,829,24,101858007,Harmony School of Achievement - Houston,Harmony Public Schools - Houston North,A,92,686,https://txschools.net/campus/harmony-school-of-achievement-houston-101858007
94,829,24,161807012,Harmony School of Innovation- Euless,Harmony Public Schools - North Texas,A,92,716,https://txschools.net/campus/harmony-school-of-innovation-euless-161807012
94,829,24,015815041,Heritage Academy of Del Rio,Heritage Academy,A,92,179,https://txschools.net/campus/heritage-academy-of-del-rio-015815041
94,829,24,015815042,Heritage Academy of Del Rio MS,Heritage Academy,A,92,253,https://txschools.net/campus/heritage-academy-of-del-rio-ms-015815042
94,829,24,015815104,Heritage Academy of San Antonio,Heritage Academy,A,92,8,https://txschools.net/campus/heritage-academy-of-san-antonio-015815104
94,829,24,101821001,Houston Heights Charter School,Houston Heights High School,A,92,152,https://txschools.net/campus/houston-heights-charter-school-101821001
94,829,24,108807013,IDEA Weslaco Pike College Preparatory,IDEA Public Schools,A,92,735,https://txschools.net/campus/idea-weslaco-pike-college-preparatory-108807013
94,829,24,043802101,Imagine Lone Star International Academy,Imagine Lone Star International Academy,A,92,269,https://txschools.net/campus/imagine-lone-star-international-academy-043802101
94,829,24,227820013,KIPP Houston HS,KIPP Texas Public Schools,A,92,590,https://txschools.net/campus/kipp-houston-hs-227820013
94,829,24,183801001,Panola CS,Panola Charter School,A,92,29,https://txschools.net/campus/panola-cs-183801001
94,829,24,161802001,Paul and Jane Meyer Public HS,Rapoport Academy Public School,A,92,245,https://txschools.net/campus/paul-and-jane-meyer-public-hs-161802001
94,829,24,072801161,Premier HS - Houston (Sharpstown),Premier High Schools,A,92,154,https://txschools.net/campus/premier-hs-houston-sharpstown-072801161
94,829,24,072801109,Premier HS of Laredo,Premier High Schools,A,92,117,https://txschools.net/campus/premier-hs-of-laredo-072801109
94,829,24,101806101,Ryss Academy at Brownsville,Raul Yzaguirre Schools for Success,A,92,598,https://txschools.net/campus/ryss-academy-at-brownsville-101806101
94,829,24,101806002,Ryss Early College at Brownsville,Raul Yzaguirre Schools for Success,A,92,46,https://txschools.net/campus/ryss-early-college-at-brownsville-101806002
94,829,24,015827008,Sst Sonterra,School of Science and Technology,A,92,202,https://txschools.net/campus/sst-sonterra-015827008
94,829,24,015827003,Sst the Woodlands,School of Science and Technology,A,92,556,https://txschools.net/campus/sst-the-woodlands-015827003
94,829,24,057845003,UME Mansfield Elem,UME Preparatory Academy,A,92,213,https://txschools.net/campus/ume-mansfield-elem-057845003
94,829,24,057808104,Universal Academy-Bartonville,Universal Academy,B,92,83,https://txschools.net/campus/universal-academy-bartonville-057808104
94,829,24,101845002,Yes Prep - Southwest,Yes Prep Public Schools Inc,A,92,1085,https://txschools.net/campus/yes-prep-southwest-101845002
119,829,37,220802040,Arlington Classics Academy - MS,Arlington Classics Academy,B,91,531,https://txschools.net/campus/arlington-classics-academy-ms-220802040
119,829,37,227806059,Basepoint Academy - Forney,University of Texas University Charter School,A,91,50,https://txschools.net/campus/basepoint-academy-forney-227806059
119,829,37,015834104,Basis Benbrook,Basis Texas,B,91,616,https://txschools.net/campus/basis-benbrook-015834104
119,829,37,015834108,Basis Richardson Pri,Basis Texas,B,91,480,https://txschools.net/campus/basis-richardson-pri-015834108
119,829,37,015834006,Basis San Antonio - Jack Lewis Jr Campus,Basis Texas,A,91,238,https://txschools.net/campus/basis-san-antonio-jack-lewis-jr-campus-015834006
119,829,37,015834002,Basis San Antonio- Pri North Central Campus,Basis Texas,A,91,688,https://txschools.net/campus/basis-san-antonio-pri-north-central-campus-015834002
119,829,37,123807001,Bob Hope School,Bob Hope School,A,91,446,https://txschools.net/campus/bob-hope-school-123807001
119,829,37,123807101,Bob Hope School - Elem Campus,Bob Hope School,A,91,626,https://txschools.net/campus/bob-hope-school-elem-campus-123807101
119,829,37,184801001,Crosstimbers Academy,Crosstimbers Academy,A,91,114,https://txschools.net/campus/crosstimbers-academy-184801001
119,829,37,221801068,Founders Classical Academy - Frisco,Texas College Preparatory Academies,A,91,897,https://txschools.net/campus/founders-classical-academy-frisco-221801068
119,829,37,101858010,Harmony School of Excellence - Katy,Harmony Public Schools - Houston North,A,91,1373,https://txschools.net/campus/harmony-school-of-excellence-katy-101858010
119,829,37,015828008,Harmony School of Excellence - Laredo,Harmony Public Schools - South Texas,A,91,690,https://txschools.net/campus/harmony-school-of-excellence-laredo-015828008
119,829,37,015828007,Harmony School of Innovation - Brownsville,Harmony Public Schools - South Texas,A,91,410,https://txschools.net/campus/harmony-school-of-innovation-brownsville-015828007
119,829,37,071806002,Harmony School of Innovation - Elem Paso,Harmony Public Schools - West Texas,A,91,1260,https://txschools.net/campus/harmony-school-of-innovation-elem-paso-071806002
119,829,37,101858011,Harmony Science Academy - Bridgeland,Harmony Public Schools - Houston North,A,91,566,https://txschools.net/campus/harmony-science-academy-bridgeland-101858011
119,829,37,227816007,Harmony Science Academy - Georgetown,Harmony Public Schools - Central Texas,A,91,485,https://txschools.net/campus/harmony-science-academy-georgetown-227816007
119,829,37,101828001,Houston Gateway Academy - Coral Campus,Houston Gateway Academy Inc,A,91,913,https://txschools.net/campus/houston-gateway-academy-coral-campus-101828001
119,829,37,108807003,IDEA Frontier College Preparatory,IDEA Public Schools,A,91,793,https://txschools.net/campus/idea-frontier-college-preparatory-108807003
119,829,37,108807004,IDEA Mission College Preparatory,IDEA Public Schools,A,91,806,https://txschools.net/campus/idea-mission-college-preparatory-108807004
119,829,37,108807008,IDEA Pharr College Preparatory,IDEA Public Schools,A,91,864,https://txschools.net/campus/idea-pharr-college-preparatory-108807008
119,829,37,057848003,ILTexas Garland HS,International Leadership of Texas (ILTexas),A,91,616,https://txschools.net/campus/iltexas-garland-hs-057848003
119,829,37,221801076,Ischool High - Atascocita,Texas College Preparatory Academies,A,91,158,https://txschools.net/campus/ischool-high-atascocita-221801076
119,829,37,015822007,Jubilee Living Way,Jubilee Academies,A,91,322,https://txschools.net/campus/jubilee-living-way-015822007
119,829,37,220817003,Newman International Academy of Arlington Gibbins,Newman International Academy of Arlington,A,91,362,https://txschools.net/campus/newman-international-academy-of-arlington-gibbins-220817003
119,829,37,227804101,NYOS Lamar Secondary,NYOS Charter School,A,91,887,https://txschools.net/campus/nyos-lamar-secondary-227804101
119,829,37,015801002,Por Vida Academy at Corpus Christi,Por Vida Academy,B,91,60,https://txschools.net/campus/por-vida-academy-at-corpus-christi-015801002
119,829,37,072801154,Premier High School-Canyon,Premier High Schools,A,91,43,https://txschools.net/campus/premier-high-school-canyon-072801154
119,829,37,072801164,Premier HS - Desoto,Premier High Schools,B,91,59,https://txschools.net/campus/premier-hs-desoto-072801164
119,829,37,072801163,Premier HS - Fort Worth (Jacksboro),Premier High Schools,A,91,121,https://txschools.net/campus/premier-hs-fort-worth-jacksboro-072801163
119,829,37,072801158,Premier HS - Lubbock (Briercroft),Premier High Schools,A,91,133,https://txschools.net/campus/premier-hs-lubbock-briercroft-072801158
119,829,37,072801142,Premier HS of Amarillo,Premier High Schools,A,91,215,https://txschools.net/campus/premier-hs-of-amarillo-072801142
119,829,37,072801116,Premier HS of Mission,Premier High Schools,B,91,144,https://txschools.net/campus/premier-hs-of-mission-072801116
119,829,37,152802101,Rise Academy,Rise Academy,A,91,287,https://txschools.net/campus/rise-academy-152802101
119,829,37,212801102,The Leadership Academy,Cumberland Academy,B,91,308,https://txschools.net/campus/the-leadership-academy-212801102
119,829,37,071803001,Triumph Public High Schools-El Paso West,Triumph Public High Schools-West Texas,B,91,118,https://txschools.net/campus/triumph-public-high-schools-el-paso-west-071803001
119,829,37,108804003,Triumph Public High Schools-San Benito,Triumph Public High Schools-Rio Grande Valley,A,91,110,https://txschools.net/campus/triumph-public-high-schools-san-benito-108804003
119,829,37,108808101,Vanguard Rembrandt,Vanguard Academy,A,91,1951,https://txschools.net/campus/vanguard-rembrandt-108808101
119,829,37,101845006,Yes Prep - Brays Oaks,Yes Prep Public Schools Inc,A,91,1066,https://txschools.net/campus/yes-prep-brays-oaks-101845006
157,829,35,221801011,Amarillo Collegiate Academy,Texas College Preparatory Academies,B,90,500,https://txschools.net/campus/amarillo-collegiate-academy-221801011
157,829,35,084804101,Ambassadors Preparatory Academy,Ambassadors Preparatory Academy,A,90,140,https://txschools.net/campus/ambassadors-preparatory-academy-084804101
157,829,35,015834106,Basis San Antonio Pri - Jack Lewis Jr Campus,Basis Texas,B,90,717,https://txschools.net/campus/basis-san-antonio-pri-jack-lewis-jr-campus-015834106
157,829,35,123807103,Bob Hope Elem School-Baytown,Bob Hope School,A,90,436,https://txschools.net/campus/bob-hope-elem-school-baytown-123807103
157,829,35,221801063,Founders Classical Academy of Flower Mound,Texas College Preparatory Academies,A,90,948,https://txschools.net/campus/founders-classical-academy-of-flower-mound-221801063
157,829,35,221801077,Founders Classical Academy of Prosper,Texas College Preparatory Academies,B,90,953,https://txschools.net/campus/founders-classical-academy-of-prosper-221801077
157,829,35,071806006,Harmony School of Excellence - Elem Paso,Harmony Public Schools - West Texas,A,90,681,https://txschools.net/campus/harmony-school-of-excellence-elem-paso-071806006
157,829,35,101858001,Harmony School of Excellence-Houston,Harmony Public Schools - Houston North,B,90,1152,https://txschools.net/campus/harmony-school-of-excellence-houston-101858001
157,829,35,101846003,Harmony School of Ingenuity-Houston,Harmony Public Schools - Houston South,A,90,733,https://txschools.net/campus/harmony-school-of-ingenuity-houston-101846003
157,829,35,015828001,Harmony Science Acad (San Antonio),Harmony Public Schools - South Texas,A,90,658,https://txschools.net/campus/harmony-science-acad-san-antonio-015828001
157,829,35,161807003,Harmony Science Academy - Dallas,Harmony Public Schools - North Texas,A,90,1096,https://txschools.net/campus/harmony-science-academy-dallas-161807003
157,829,35,101862004,Harmony Science Academy- Beaumont,Harmony Public Schools - Houston West,A,90,1361,https://txschools.net/campus/harmony-science-academy-beaumont-101862004
157,829,35,101878001,Houston Classical School,Houston Classical Charter School,A,90,430,https://txschools.net/campus/houston-classical-school-101878001
157,829,35,101828002,Houston Gateway Academy Inc Elite College Prep,Houston Gateway Academy Inc,B,90,625,https://txschools.net/campus/houston-gateway-academy-inc-elite-college-prep-101828002
157,829,35,108807012,IDEA Brownsville College Preparatory,IDEA Public Schools,A,90,761,https://txschools.net/campus/idea-brownsville-college-preparatory-108807012
157,829,35,108807084,IDEA Edgemere College Preparatory,IDEA Public Schools,A,90,598,https://txschools.net/campus/idea-edgemere-college-preparatory-108807084
157,829,35,108807009,IDEA Edinburg College Preparatory,IDEA Public Schools,A,90,804,https://txschools.net/campus/idea-edinburg-college-preparatory-108807009
157,829,35,108807022,IDEA Monterrey Park College Preparatory,IDEA Public Schools,A,90,716,https://txschools.net/campus/idea-monterrey-park-college-preparatory-108807022
157,829,35,108807015,IDEA North Mission College Preparatory,IDEA Public Schools,A,90,794,https://txschools.net/campus/idea-north-mission-college-preparatory-108807015
157,829,35,108807200,IDEA Round Rock Tech College Preparatory,IDEA Public Schools,A,90,534,https://txschools.net/campus/idea-round-rock-tech-college-preparatory-108807200
157,829,35,108807005,IDEA San Benito College Preparatory,IDEA Public Schools,A,90,800,https://txschools.net/campus/idea-san-benito-college-preparatory-108807005
157,829,35,108807018,IDEA Toros College Preparatory,IDEA Public Schools,A,90,199,https://txschools.net/campus/idea-toros-college-preparatory-108807018
157,829,35,057848006,ILTexas Arlington-Grand Prairie HS,International Leadership of Texas (ILTexas),B,90,718,https://txschools.net/campus/iltexas-arlington-grand-prairie-hs-057848006
157,829,35,057850003,Pioneer Technology (PTAA) Fate,Pioneer Technology & Arts Academy,A,90,390,https://txschools.net/campus/pioneer-technology-ptaa-fate-057850003
157,829,35,072801162,Premier HS - Fort Worth (Southside),Premier High Schools,B,90,136,https://txschools.net/campus/premier-hs-fort-worth-southside-072801162
157,829,35,072801165,Premier HS Mesquite,Premier High Schools,B,90,122,https://txschools.net/campus/premier-hs-mesquite-072801165
157,829,35,072801147,Premier HS-Houston (Champions),Premier High Schools,A,90,86,https://txschools.net/campus/premier-hs-houston-champions-072801147
157,829,35,015831005,Sst Sugar Land,School of Science and Technology Discovery,A,90,471,https://txschools.net/campus/sst-sugar-land-015831005
157,829,35,123803041,Tekoa Academy of Accelerated Studies,Tekoa Academy of Accelerated Studies STEM School,A,90,35,https://txschools.net/campus/tekoa-academy-of-accelerated-studies-123803041
157,829,35,123803103,Tekoa Academy of Accelerated Studies - Orange,Tekoa Academy of Accelerated Studies STEM School,A,90,108,https://txschools.net/campus/tekoa-academy-of-accelerated-studies-orange-123803103
157,829,35,071803002,Triumph Public High Schools-El Paso East,Triumph Public High Schools-West Texas,B,90,120,https://txschools.net/campus/triumph-public-high-schools-el-paso-east-071803002
157,829,35,108804001,Triumph Public High Schools-Mercedes,Triumph Public High Schools-Rio Grande Valley,B,90,132,https://txschools.net/campus/triumph-public-high-schools-mercedes-108804001
157,829,35,057803021,Uplift Elevate Prep HS,Uplift Education,B,90,190,https://txschools.net/campus/uplift-elevate-prep-hs-057803021
157,829,35,057803009,Uplift Summit Prep HS,Uplift Education,A,90,424,https://txschools.net/campus/uplift-summit-prep-hs-057803009
157,829,35,108808105,Vanguard Beethoven,Vanguard Academy,A,90,1811,https://txschools.net/campus/vanguard-beethoven-108808105
157,829,35,101845001,Yes Prep - Southeast,Yes Prep Public Schools Inc,A,90,802,https://txschools.net/campus/yes-prep-southeast-101845001
193,829,20,101837041,Calvin Nelms MS,Calvin Nelms Charter Schools,B,89,216,https://txschools.net/campus/calvin-nelms-ms-101837041
193,829,20,212801001,Cumberland Academy HS,Cumberland Academy,B,89,364,https://txschools.net/campus/cumberland-academy-hs-212801001
193,829,20,220809101,Fort Worth Academy of Fine Arts Elem,Fort Worth Academy of Fine Arts,B,89,248,https://txschools.net/campus/fort-worth-academy-of-fine-arts-elem-220809101
193,829,20,221801058,Founders Classical Academy of Leander,Texas College Preparatory Academies,A,89,698,https://txschools.net/campus/founders-classical-academy-of-leander-221801058
193,829,20,108807007,IDEA Alamo College Preparatory,IDEA Public Schools,B,89,750,https://txschools.net/campus/idea-alamo-college-preparatory-108807007
193,829,20,108807020,IDEA Carver College Preparatory,IDEA Public Schools,A,89,599,https://txschools.net/campus/idea-carver-college-preparatory-108807020
193,829,20,108807017,IDEA Tres Lagos College Preparatory,IDEA Public Schools,A,89,659,https://txschools.net/campus/idea-tres-lagos-college-preparatory-108807017
193,829,20,057848007,ILTexas Keller Elem,International Leadership of Texas (ILTexas),B,89,928,https://txschools.net/campus/iltexas-keller-elem-057848007
193,829,20,057848008,ILTexas Keller MS,International Leadership of Texas (ILTexas),A,89,432,https://txschools.net/campus/iltexas-keller-ms-057848008
193,829,20,061804001,Leadership Prep School Teel Elem,Leadership Prep School,B,89,466,https://txschools.net/campus/leadership-prep-school-teel-elem-061804001
193,829,20,003801001,Pineywoods Community Academy HS,Pineywoods Community Academy,A,89,296,https://txschools.net/campus/pineywoods-community-academy-hs-003801001
193,829,20,057850006,Pioneer Technology and Arts Academy North Dallas,Pioneer Technology & Arts Academy,B,89,305,https://txschools.net/campus/pioneer-technology-and-arts-academy-north-dallas-057850006
193,829,20,072801129,Premier HS - Elem Paso (Mesa),Premier High Schools,A,89,99,https://txschools.net/campus/premier-hs-elem-paso-mesa-072801129
193,829,20,072801153,Premier HS Odessa,Premier High Schools,A,89,153,https://txschools.net/campus/premier-hs-odessa-072801153
193,829,20,072801130,Premier HS of San Juan,Premier High Schools,B,89,99,https://txschools.net/campus/premier-hs-of-san-juan-072801130
193,829,20,014803101,Priority Charter Schools- Temple Charter Academy,Priority Charter Schools,B,89,223,https://txschools.net/campus/priority-charter-schools-temple-charter-academy-014803101
193,829,20,015831004,Sst Northwest,School of Science and Technology Discovery,B,89,637,https://txschools.net/campus/sst-northwest-015831004
193,829,20,015827004,Sst Willow Creek,School of Science and Technology,A,89,287,https://txschools.net/campus/sst-willow-creek-015827004
193,829,20,057803013,Uplift Infinity Prep HS,Uplift Education,A,89,382,https://txschools.net/campus/uplift-infinity-prep-hs-057803013
193,829,20,108808104,Vanguard Mozart,Vanguard Academy,B,89,1130,https://txschools.net/campus/vanguard-mozart-108808104
193,829,20,101845003,Yes Prep - East End,Yes Prep Public Schools Inc,A,89,1040,https://txschools.net/campus/yes-prep-east-end-101845003
214,829,35,057829002,A' Secondary School,A' Academy,B,88,829,https://txschools.net/campus/a-secondary-school-057829002
214,829,35,101849041,Accelerated Int Charter School,Accelerated Intermediate Academy,A,88,24,https://txschools.net/campus/accelerated-int-charter-school-101849041
214,829,35,101849101,Accelerated Interdisciplinary Acad,Accelerated Intermediate Academy,A,88,142,https://txschools.net/campus/accelerated-interdisciplinary-acad-101849101
214,829,35,015808009,Anne Frank Inspire Academy,Inspire Academies,B,88,532,https://txschools.net/campus/anne-frank-inspire-academy-015808009
214,829,35,220802102,Arlington Classics Academy -Intermediate,Arlington Classics Academy,B,88,528,https://txschools.net/campus/arlington-classics-academy-intermediate-220802102
214,829,35,015835002,Great Hearts Monte Vista North,Great Hearts Texas,B,88,495,https://txschools.net/campus/great-hearts-monte-vista-north-015835002
214,829,35,015835003,Great Hearts Northern Oaks,Great Hearts Texas,B,88,1473,https://txschools.net/campus/great-hearts-northern-oaks-015835003
214,829,35,071806007,Harmony School of Science - Elem Paso,Harmony Public Schools - West Texas,B,88,1494,https://txschools.net/campus/harmony-school-of-science-elem-paso-071806007
214,829,35,161807015,Harmony Science Academy - Plano,Harmony Public Schools - North Texas,B,88,647,https://txschools.net/campus/harmony-science-academy-plano-161807015
214,829,35,108807184,IDEA Edgemere Academy,IDEA Public Schools,B,88,712,https://txschools.net/campus/idea-edgemere-academy-108807184
214,829,35,108807035,IDEA Montopolis College Preparatory,IDEA Public Schools,B,88,824,https://txschools.net/campus/idea-montopolis-college-preparatory-108807035
214,829,35,108807300,IDEA Round Rock Tech Academy,IDEA Public Schools,B,88,689,https://txschools.net/campus/idea-round-rock-tech-academy-108807300
214,829,35,108807006,IDEA San Juan College Preparatory,IDEA Public Schools,A,88,720,https://txschools.net/campus/idea-san-juan-college-preparatory-108807006
214,829,35,108807010,IDEA Weslaco College Preparatory,IDEA Public Schools,B,88,713,https://txschools.net/campus/idea-weslaco-college-preparatory-108807010
214,829,35,057848032,ILTexas Lancaster-Desoto HS,International Leadership of Texas (ILTexas),B,88,179,https://txschools.net/campus/iltexas-lancaster-desoto-hs-057848032
214,829,35,227820059,KIPP Academy West,KIPP Texas Public Schools,A,88,415,https://txschools.net/campus/kipp-academy-west-227820059
214,829,35,227820205,KIPP Shine Prep,KIPP Texas Public Schools,A,88,918,https://txschools.net/campus/kipp-shine-prep-227820205
214,829,35,015807005,Northeast Campus,Southwest Preparatory School,A,88,69,https://txschools.net/campus/northeast-campus-015807005
214,829,35,072801149,Premier HS - San Antonio (Ingram),Premier High Schools,B,88,92,https://txschools.net/campus/premier-hs-san-antonio-ingram-072801149
214,829,35,072801159,Premier HS - Wichita Falls,Premier High Schools,B,88,120,https://txschools.net/campus/premier-hs-wichita-falls-072801159
214,829,35,072801101,Premier HS of Abilene,Premier High Schools,B,88,159,https://txschools.net/campus/premier-hs-of-abilene-072801101
214,829,35,072801144,Premier HS of Pflugerville,Premier High Schools,A,88,92,https://txschools.net/campus/premier-hs-of-pflugerville-072801144
214,829,35,015802004,Ruth Jones McClendon MS,George Gervin Academy,B,88,28,https://txschools.net/campus/ruth-jones-mcclendon-ms-015802004
214,829,35,236802101,Sam Houston State University Charter School,Sam Houston State University Charter School,B,88,343,https://txschools.net/campus/sam-houston-state-university-charter-school-236802101
214,829,35,101838041,Southwest Public Schools Lead &global Studies Acad,Southwest Public Schools,B,88,295,https://txschools.net/campus/southwest-public-schools-lead-global-studies-acad-101838041
214,829,35,015827001,Sst SA College Prep HS,School of Science and Technology,A,88,602,https://txschools.net/campus/sst-sa-college-prep-hs-015827001
214,829,35,015827007,Sst Schertz,School of Science and Technology,B,88,931,https://txschools.net/campus/sst-schertz-015827007
214,829,35,057836101,St Anthony Academy,St Anthony School,B,88,207,https://txschools.net/campus/st-anthony-academy-057836101
214,829,35,123803001,Tekoa Academy of Accelerated Studies,Tekoa Academy of Accelerated Studies STEM School,A,88,38,https://txschools.net/campus/tekoa-academy-of-accelerated-studies-123803001
214,829,35,226801001,Texas Leadership of San Angelo,Texas Leadership Public Schools,B,88,1562,https://txschools.net/campus/texas-leadership-of-san-angelo-226801001
214,829,35,057813110,Trinity Basin Preparatory - Titan Academy,Trinity Basin Preparatory,B,88,445,https://txschools.net/campus/trinity-basin-preparatory-titan-academy-057813110
214,829,35,057808101,Universal Academy,Universal Academy,B,88,669,https://txschools.net/campus/universal-academy-057808101
214,829,35,057803020,Uplift Ascend Prep HS,Uplift Education,B,88,302,https://txschools.net/campus/uplift-ascend-prep-hs-057803020
214,829,35,057803007,Uplift Hampton Prep HS,Uplift Education,A,88,459,https://txschools.net/campus/uplift-hampton-prep-hs-057803007
214,829,35,101845004,Yes Prep - Gulfton,Yes Prep Public Schools Inc,A,88,1035,https://txschools.net/campus/yes-prep-gulfton-101845004
214,829,35,101845012,Yes Prep - Northline,Yes Prep Public Schools Inc,A,88,1036,https://txschools.net/campus/yes-prep-northline-101845012
250,829,17,101837001,Calvin Nelms HS,Calvin Nelms Charter Schools,A,87,198,https://txschools.net/campus/calvin-nelms-hs-101837001
250,829,17,221801023,Founders Classical Academy- Carrollton,Texas College Preparatory Academies,B,87,580,https://txschools.net/campus/founders-classical-academy-carrollton-221801023
250,829,17,221801020,Founders Classical Academy-Corinth-Upper School,Texas College Preparatory Academies,B,87,526,https://txschools.net/campus/founders-classical-academy-corinth-upper-school-221801020
250,829,17,101846002,Harmony School of Innovation - Houston,Harmony Public Schools - Houston South,A,87,518,https://txschools.net/campus/harmony-school-of-innovation-houston-101846002
250,829,17,161807014,Harmony School of Innovation - Waco,Harmony Public Schools - North Texas,B,87,645,https://txschools.net/campus/harmony-school-of-innovation-waco-161807014
250,829,17,108807001,IDEA Donna College Preparatory,IDEA Public Schools,B,87,828,https://txschools.net/campus/idea-donna-college-preparatory-108807001
250,829,17,108807019,IDEA Elsa College Preparatory,IDEA Public Schools,B,87,739,https://txschools.net/campus/idea-elsa-college-preparatory-108807019
250,829,17,108807016,IDEA Rio Grande City College Preparatory,IDEA Public Schools,A,87,681,https://txschools.net/campus/idea-rio-grande-city-college-preparatory-108807016
250,829,17,108807021,IDEA South Flores College Preparatory,IDEA Public Schools,B,87,704,https://txschools.net/campus/idea-south-flores-college-preparatory-108807021
250,829,17,221801056,Ischool High at the Woodlands,Texas College Preparatory Academies,B,87,676,https://txschools.net/campus/ischool-high-at-the-woodlands-221801056
250,829,17,015822010,Jubilee Brownsville,Jubilee Academies,B,87,980,https://txschools.net/campus/jubilee-brownsville-015822010
250,829,17,072801143,Premier High School-El Paso Eastpointe,Premier High Schools,B,87,163,https://txschools.net/campus/premier-high-school-el-paso-eastpointe-072801143
250,829,17,072801157,Premier HS - Corpus Christi,Premier High Schools,A,87,134,https://txschools.net/campus/premier-hs-corpus-christi-072801157
250,829,17,072801167,Premier HS - McAllen,Premier High Schools,B,87,48,https://txschools.net/campus/premier-hs-mcallen-072801167
250,829,17,072801108,Premier HS of Fort Worth,Premier High Schools,A,87,105,https://txschools.net/campus/premier-hs-of-fort-worth-072801108
250,829,17,072801148,Premier HS of Texarkana,Premier High Schools,A,87,114,https://txschools.net/campus/premier-hs-of-texarkana-072801148
250,829,17,057848036,Richmond MS,International Leadership of Texas (ILTexas),A,87,270,https://txschools.net/campus/richmond-ms-057848036
250,829,17,057828001,Winfree Academy Charter School (Irving),Winfree Academy Charter Schools,B,87,133,https://txschools.net/campus/winfree-academy-charter-school-irving-057828001
268,829,18,101803001,Aristoi Classical Upper School,Aristoi Classical Academy,B,86,683,https://txschools.net/campus/aristoi-classical-upper-school-101803001
268,829,18,123805001,Ehrhart School,Ehrhart School,A,86,593,https://txschools.net/campus/ehrhart-school-123805001
268,829,18,057834001,Evolution Academy Charter School,Evolution Academy Charter School,B,86,256,https://txschools.net/campus/evolution-academy-charter-school-057834001
268,829,18,220809001,Fort Worth Academy of Fine Arts,Fort Worth Academy of Fine Arts,B,86,420,https://txschools.net/campus/fort-worth-academy-of-fine-arts-220809001
268,829,18,161807010,Harmony School of Excellence - Dallas,Harmony Public Schools - North Texas,B,86,538,https://txschools.net/campus/harmony-school-of-excellence-dallas-161807010
268,829,18,101846008,Harmony Virtual Academy,Harmony Public Schools - Houston South,B,86,555,https://txschools.net/campus/harmony-virtual-academy-101846008
268,829,18,108807029,IDEA Ewing Halsell College Preparatory,IDEA Public Schools,B,86,584,https://txschools.net/campus/idea-ewing-halsell-college-preparatory-108807029
268,829,18,057848033,ILTexas Houston Windmill Lakes Orem HS,International Leadership of Texas (ILTexas),B,86,835,https://txschools.net/campus/iltexas-houston-windmill-lakes-orem-hs-057848033
268,829,18,015822001,Jubilee San Antonio,Jubilee Academies,B,86,975,https://txschools.net/campus/jubilee-san-antonio-015822001
268,829,18,227820212,KIPP Connect Houston Pri,KIPP Texas Public Schools,B,86,1081,https://txschools.net/campus/kipp-connect-houston-pri-227820212
268,829,18,227820014,KIPP Generations Collegiate,KIPP Texas Public Schools,B,86,592,https://txschools.net/campus/kipp-generations-collegiate-227820014
268,829,18,057846001,Legacy Prep Charter Academy Mesquite West Campus,Legacy Preparatory,B,86,914,https://txschools.net/campus/legacy-prep-charter-academy-mesquite-west-campus-057846001
268,829,18,072801128,Premier HS - Austin (Wells Branch),Premier High Schools,B,86,86,https://txschools.net/campus/premier-hs-austin-wells-branch-072801128
268,829,18,072801107,Premier HS of Del Rio,Premier High Schools,C,86,50,https://txschools.net/campus/premier-hs-of-del-rio-072801107
268,829,18,057803010,Uplift Atlas Prep HS,Uplift Education,B,86,491,https://txschools.net/campus/uplift-atlas-prep-hs-057803010
268,829,18,057803016,Uplift Grand College Prep and Career Institute,Uplift Education,B,86,385,https://txschools.net/campus/uplift-grand-college-prep-and-career-institute-057803016
268,829,18,057803005,Uplift Luna Prep HS,Uplift Education,B,86,501,https://txschools.net/campus/uplift-luna-prep-hs-057803005
268,829,18,101845009,Yes Prep - White Oak,Yes Prep Public Schools Inc,A,86,947,https://txschools.net/campus/yes-prep-white-oak-101845009
268,829,18,101845010,Yes Prep North Forest,Yes Prep Public Schools Inc,A,86,995,https://txschools.net/campus/yes-prep-north-forest-101845010
287,829,19,015835008,Great Hearts Lakeside,Great Hearts Texas,B,85,1418,https://txschools.net/campus/great-hearts-lakeside-015835008
287,829,19,015835001,Great Hearts Monte Vista,Great Hearts Texas,B,85,513,https://txschools.net/campus/great-hearts-monte-vista-015835001
287,829,19,227816101,Harmony School of Excellence - Austin,Harmony Public Schools - Central Texas,B,85,485,https://txschools.net/campus/harmony-school-of-excellence-austin-227816101
287,829,19,108807030,IDEA Ingram Hills College Preparatory,IDEA Public Schools,A,85,508,https://txschools.net/campus/idea-ingram-hills-college-preparatory-108807030
287,829,19,057848031,ILTexas College Station MS,International Leadership of Texas (ILTexas),B,85,369,https://txschools.net/campus/iltexas-college-station-ms-057848031
287,829,19,057848038,ILTexas Mansfield Heritage MS,International Leadership of Texas (ILTexas),B,85,183,https://txschools.net/campus/iltexas-mansfield-heritage-ms-057848038
287,829,19,227820062,KIPP Journey Collegiate School,KIPP Texas Public Schools,A,85,616,https://txschools.net/campus/kipp-journey-collegiate-school-227820062
287,829,19,227820021,KIPP Somos Collegiate,KIPP Texas Public Schools,A,85,553,https://txschools.net/campus/kipp-somos-collegiate-227820021
287,829,19,227820016,KIPP Sunnyside HS,KIPP Texas Public Schools,B,85,606,https://txschools.net/campus/kipp-sunnyside-hs-227820016
287,829,19,061804002,Leadership Prep School Secondary,Leadership Prep School,B,85,826,https://txschools.net/campus/leadership-prep-school-secondary-061804002
287,829,19,057807001,Life School Oak Cliff,Life School,B,85,1456,https://txschools.net/campus/life-school-oak-cliff-057807001
287,829,19,221801082,Plainview Classical Academy,Texas College Preparatory Academies,B,85,343,https://txschools.net/campus/plainview-classical-academy-221801082
287,829,19,072801104,Premier HS of Palmview,Premier High Schools,B,85,96,https://txschools.net/campus/premier-hs-of-palmview-072801104
287,829,19,178808101,Seashore Learning Center,Seashore Charter Schools,B,85,255,https://txschools.net/campus/seashore-learning-center-178808101
287,829,19,015831003,Sst Advancement,School of Science and Technology Discovery,B,85,567,https://txschools.net/campus/sst-advancement-015831003
287,829,19,071801004,The Linguistic Acad of Elem Paso-Cultural Demo Site,Burnham Wood Charter School District,B,85,379,https://txschools.net/campus/the-linguistic-acad-of-elem-paso-cultural-demo-site-071801004
287,829,19,227829004,Valor Leander,Valor Education,B,85,756,https://txschools.net/campus/valor-leander-227829004
287,829,19,227829001,Valor South Austin,Valor Education,B,85,1371,https://txschools.net/campus/valor-south-austin-227829001
287,829,19,057828005,Winfree Academy North Richland Hills,Winfree Academy Charter Schools,B,85,231,https://txschools.net/campus/winfree-academy-north-richland-hills-057828005
287,829,19,101845007,Yes Prep - Northside,Yes Prep Public Schools Inc,A,85,971,https://txschools.net/campus/yes-prep-northside-101845007
307,829,9,072802001,Huston Academy,Erath Excels Academy Inc,B,84,37,https://txschools.net/campus/huston-academy-072802001
307,829,9,108807036,IDEA Rundberg College Preparatory,IDEA Public Schools,A,84,792,https://txschools.net/campus/idea-rundberg-college-preparatory-108807036
307,829,9,227820001,KIPP Austin Collegiate,KIPP Texas Public Schools,B,84,859,https://txschools.net/campus/kipp-austin-collegiate-227820001
307,829,9,227820015,KIPP Northeast College Preparatory,KIPP Texas Public Schools,B,84,591,https://txschools.net/campus/kipp-northeast-college-preparatory-227820015
307,829,9,227820020,KIPP University Prep HS,KIPP Texas Public Schools,A,84,473,https://txschools.net/campus/kipp-university-prep-hs-227820020
307,829,9,072801156,Premier HS - Houston - Hobby,Premier High Schools,A,84,79,https://txschools.net/campus/premier-hs-houston-hobby-072801156
307,829,9,072801150,Premier HS - San Angelo,Premier High Schools,C,84,176,https://txschools.net/campus/premier-hs-san-angelo-072801150
307,829,9,057803014,Uplift Mighty Prep HS,Uplift Education,B,84,392,https://txschools.net/campus/uplift-mighty-prep-hs-057803014
307,829,9,057828002,Winfree Academy Charter School (Lewisville),Winfree Academy Charter Schools,B,84,103,https://txschools.net/campus/winfree-academy-charter-school-lewisville-057828002
307,829,9,101845011,Yes Prep - Southside,Yes Prep Public Schools Inc,A,84,875,https://txschools.net/campus/yes-prep-southside-101845011
317,829,27,213801001,Brazos River Charter School,Brazos River Charter School,C,83,60,https://txschools.net/campus/brazos-river-charter-school-213801001
317,829,27,015838009,Compass Rose Impact,Compass Rose Public Schools,B,83,152,https://txschools.net/campus/compass-rose-impact-015838009
317,829,27,003801042,Dr Terry Robbins MS,Pineywoods Community Academy,B,83,256,https://txschools.net/campus/dr-terry-robbins-ms-003801042
317,829,27,071804002,El Paso Academy West,El Paso Academy,A,83,112,https://txschools.net/campus/el-paso-academy-west-071804002
317,829,27,015828009,Harmony School of Science- San Antonio,Harmony Public Schools - South Texas,B,83,994,https://txschools.net/campus/harmony-school-of-science-san-antonio-015828009
317,829,27,101858006,Harmony School of Technology-Houston,Harmony Public Schools - Houston North,B,83,683,https://txschools.net/campus/harmony-school-of-technology-houston-101858006
317,829,27,101858009,Harmony Science Academy - Cypress,Harmony Public Schools - Houston North,B,83,676,https://txschools.net/campus/harmony-science-academy-cypress-101858009
317,829,27,108807119,IDEA Elsa Academy,IDEA Public Schools,B,83,702,https://txschools.net/campus/idea-elsa-academy-108807119
317,829,27,108807025,IDEA Judson College Preparatory,IDEA Public Schools,B,83,731,https://txschools.net/campus/idea-judson-college-preparatory-108807025
317,829,27,108807039,IDEA Kyle College Preparatory,IDEA Public Schools,A,83,692,https://txschools.net/campus/idea-kyle-college-preparatory-108807039
317,829,27,108807023,IDEA Walzem College Preparatory,IDEA Public Schools,A,83,681,https://txschools.net/campus/idea-walzem-college-preparatory-108807023
317,829,27,057848011,ILTexas Grand Prairie MS,International Leadership of Texas (ILTexas),A,83,423,https://txschools.net/campus/iltexas-grand-prairie-ms-057848011
317,829,27,057830002,Inspired Vision Academy Secondary School,Inspired Vision Academy,B,83,557,https://txschools.net/campus/inspired-vision-academy-secondary-school-057830002
317,829,27,227820050,KIPP Academy MS,KIPP Texas Public Schools,B,83,517,https://txschools.net/campus/kipp-academy-ms-227820050
317,829,27,227820002,KIPP Austin Brave,KIPP Texas Public Schools,B,83,372,https://txschools.net/campus/kipp-austin-brave-227820002
317,829,27,165802101,Midland Academy Charter School,Midland Academy Charter School,B,83,431,https://txschools.net/campus/midland-academy-charter-school-165802101
317,829,27,072801160,Premier HS - Longview,Premier High Schools,B,83,31,https://txschools.net/campus/premier-hs-longview-072801160
317,829,27,014801005,Richard Milburn Academy Houston (Suburban),Richard Milburn Alter High School (Killeen),B,83,163,https://txschools.net/campus/richard-milburn-academy-houston-suburban-014801005
317,829,27,101845102,Southeast Elem,Yes Prep Public Schools Inc,B,83,797,https://txschools.net/campus/southeast-elem-101845102
317,829,27,101859101,Step Charter Elem,Step Charter School,B,83,296,https://txschools.net/campus/step-charter-elem-101859101
317,829,27,123803101,Tekoa Academy of Accelerated Studies,Tekoa Academy of Accelerated Studies STEM School,A,83,214,https://txschools.net/campus/tekoa-academy-of-accelerated-studies-123803101
317,829,27,226801002,Texas Leadership of Midland,Texas Leadership Public Schools,B,83,824,https://txschools.net/campus/texas-leadership-of-midland-226801002
317,829,27,071803003,Triumph Public High Schools-Abilene,Triumph Public High Schools-West Texas,B,83,111,https://txschools.net/campus/triumph-public-high-schools-abilene-071803003
317,829,27,057803006,Uplift Heights Healthcare Institute,Uplift Education,B,83,491,https://txschools.net/campus/uplift-heights-healthcare-institute-057803006
317,829,27,057803004,Uplift Williams Prep HS,Uplift Education,A,83,528,https://txschools.net/campus/uplift-williams-prep-hs-057803004
317,829,27,227829002,Valor North Austin,Valor Education,B,83,1199,https://txschools.net/campus/valor-north-austin-227829002
317,829,27,101845013,Yes Prep - Northwest,Yes Prep Public Schools Inc,A,83,826,https://txschools.net/campus/yes-prep-northwest-101845013
317,829,27,101845005,Yes Prep - West,Yes Prep Public Schools Inc,A,83,1015,https://txschools.net/campus/yes-prep-west-101845005
345,829,24,021805101,Arrow Academy - Liberation Academy,Arrow Academy,B,82,181,https://txschools.net/campus/arrow-academy-liberation-academy-021805101
345,829,24,227825004,Austin Achieve HS,Austin Achieve Public Schools,B,82,608,https://txschools.net/campus/austin-achieve-hs-227825004
345,829,24,015834003,Basis San Antonio - Northeast Campus,Basis Texas,B,82,196,https://txschools.net/campus/basis-san-antonio-northeast-campus-015834003
345,829,24,101871001,Dianne Johnson HS,A' Unlimited Potential,A,82,52,https://txschools.net/campus/dianne-johnson-hs-101871001
345,829,24,015802001,George Gervin Academy,George Gervin Academy,B,82,716,https://txschools.net/campus/george-gervin-academy-015802001
345,829,24,108802104,Horizon Montessori Pearland - STEM Academy,Horizon Montessori Public Schools,B,82,165,https://txschools.net/campus/horizon-montessori-pearland-stem-academy-108802104
345,829,24,108807028,IDEA Brackenridge College Preparatory,IDEA Public Schools,B,82,699,https://txschools.net/campus/idea-brackenridge-college-preparatory-108807028
345,829,24,108807092,IDEA Burke College Preparatory,IDEA Public Schools,B,82,747,https://txschools.net/campus/idea-burke-college-preparatory-108807092
345,829,24,108807083,IDEA Owassa College Preparatory,IDEA Public Schools,A,82,674,https://txschools.net/campus/idea-owassa-college-preparatory-108807083
345,829,24,108807038,IDEA Pflugerville College Preparatory,IDEA Public Schools,A,82,656,https://txschools.net/campus/idea-pflugerville-college-preparatory-108807038
345,829,24,108807040,IDEA Rio Vista College Preparatory,IDEA Public Schools,B,82,632,https://txschools.net/campus/idea-rio-vista-college-preparatory-108807040
345,829,24,108807096,IDEA Sports Park College Preparatory,IDEA Public Schools,A,82,493,https://txschools.net/campus/idea-sports-park-college-preparatory-108807096
345,829,24,057848002,ILTexas Garland MS,International Leadership of Texas (ILTexas),A,82,469,https://txschools.net/campus/iltexas-garland-ms-057848002
345,829,24,057848013,ILTexas North Richland Hills MS,International Leadership of Texas (ILTexas),A,82,346,https://txschools.net/campus/iltexas-north-richland-hills-ms-057848013
345,829,24,221801080,Ischool-Creekside,Texas College Preparatory Academies,B,82,117,https://txschools.net/campus/ischool-creekside-221801080
345,829,24,015822008,Jubilee Harlingen,Jubilee Academies,B,82,362,https://txschools.net/campus/jubilee-harlingen-015822008
345,829,24,014804008,Kingsland School,Orenda Charter School,C,82,120,https://txschools.net/campus/kingsland-school-014804008
345,829,24,227804102,NYOS Lamar Elem,NYOS Charter School,B,82,921,https://txschools.net/campus/nyos-lamar-elem-227804102
345,829,24,084802001,Odyssey Academy - Galveston,Odyssey Academy Inc,B,82,784,https://txschools.net/campus/odyssey-academy-galveston-084802001
345,829,24,015801001,Por Vida Academy,Por Vida Academy,B,82,107,https://txschools.net/campus/por-vida-academy-015801001
345,829,24,072801118,Premier HS of Tyler,Premier High Schools,B,82,68,https://txschools.net/campus/premier-hs-of-tyler-072801118
345,829,24,057848035,Richmond Elem,International Leadership of Texas (ILTexas),B,82,867,https://txschools.net/campus/richmond-elem-057848035
345,829,24,101802001,Ser-Ninos Charter High,Ser-Ninos Charter School,B,82,233,https://txschools.net/campus/ser-ninos-charter-high-101802001
345,829,24,226801003,Trinity Leadership,Texas Leadership Public Schools,B,82,912,https://txschools.net/campus/trinity-leadership-226801003
345,829,24,057847001,Village Tech Schools,Village Tech Schools,B,82,1330,https://txschools.net/campus/village-tech-schools-057847001
370,829,6,227820056,KIPP Connect Preparatory,KIPP Texas Public Schools,A,81,968,https://txschools.net/campus/kipp-connect-preparatory-227820056
370,829,6,227820030,KIPP Oak Cliff Academy,KIPP Texas Public Schools,B,81,304,https://txschools.net/campus/kipp-oak-cliff-academy-227820030
370,829,6,072801117,Premier HS - San Antonio (Windcrest),Premier High Schools,B,81,86,https://txschools.net/campus/premier-hs-san-antonio-windcrest-072801117
370,829,6,072801136,Premier HS of New Braunfels,Premier High Schools,B,81,77,https://txschools.net/campus/premier-hs-of-new-braunfels-072801136
370,829,6,014801009,Richard Milburn Academy Pasadena,Richard Milburn Alter High School (Killeen),B,81,147,https://txschools.net/campus/richard-milburn-academy-pasadena-014801009
370,829,6,015830001,Somerset Academy Brooks,Somerset Academies of Texas,B,81,1221,https://txschools.net/campus/somerset-academy-brooks-015830001
370,829,6,057804013,Texans Can Academy - Garland,Texans Can Academies,B,81,125,https://txschools.net/campus/texans-can-academy-garland-057804013
377,829,18,101815101,Alief Montessori Community School,Alief Montessori Community School,B,80,416,https://txschools.net/campus/alief-montessori-community-school-101815101
377,829,18,101842001,Comquest Academy,Comquest Academy,B,80,35,https://txschools.net/campus/comquest-academy-101842001
377,829,18,071804001,El Paso Academy,El Paso Academy,A,80,183,https://txschools.net/campus/el-paso-academy-071804001
377,829,18,221801071,El Paso Classical Academy,Texas College Preparatory Academies,A,80,291,https://txschools.net/campus/el-paso-classical-academy-221801071
377,829,18,015835006,Great Hearts Forest Heights,Great Hearts Texas,B,80,1414,https://txschools.net/campus/great-hearts-forest-heights-015835006
377,829,18,101846102,Harmony School of Exploration- Houston,Harmony Public Schools - Houston South,B,80,787,https://txschools.net/campus/harmony-school-of-exploration-houston-101846102
377,829,18,108807026,IDEA Mays College Preparatory,IDEA Public Schools,B,80,701,https://txschools.net/campus/idea-mays-college-preparatory-108807026
377,829,18,108807027,IDEA Najim College Preparatory,IDEA Public Schools,A,80,503,https://txschools.net/campus/idea-najim-college-preparatory-108807027
377,829,18,108807102,IDEA Quest Academy,IDEA Public Schools,B,80,557,https://txschools.net/campus/idea-quest-academy-108807102
377,829,18,227820206,KIPP Dream Prep,KIPP Texas Public Schools,B,80,932,https://txschools.net/campus/kipp-dream-prep-227820206
377,829,18,227820018,KIPP East End HS,KIPP Texas Public Schools,A,80,602,https://txschools.net/campus/kipp-east-end-hs-227820018
377,829,18,061804003,Leadership Prep School Majestic Gardens Elem,Leadership Prep School,C,80,602,https://txschools.net/campus/leadership-prep-school-majestic-gardens-elem-061804003
377,829,18,220817002,Newman International at Cedar Hill,Newman International Academy of Arlington,C,80,965,https://txschools.net/campus/newman-international-at-cedar-hill-220817002
377,829,18,072801145,Premier HS Online,Premier High Schools,C,80,3640,https://txschools.net/campus/premier-hs-online-072801145
377,829,18,178808041,Seashore MS Acad,Seashore Charter Schools,C,80,167,https://txschools.net/campus/seashore-ms-acad-178808041
377,829,18,015827002,Sst Alamo,School of Science and Technology,C,80,810,https://txschools.net/campus/sst-alamo-015827002
377,829,18,015827005,Sst Spring,School of Science and Technology,B,80,778,https://txschools.net/campus/sst-spring-015827005
377,829,18,057803019,Uplift Wisdom Prep HS,Uplift Education,B,80,317,https://txschools.net/campus/uplift-wisdom-prep-hs-057803019
377,829,18,101845014,Yes Prep - Hobby,Yes Prep Public Schools Inc,A,80,709,https://txschools.net/campus/yes-prep-hobby-101845014
396,829,11,015835012,Great Hearts Invictus,Great Hearts Texas,B,79,1034,https://txschools.net/campus/great-hearts-invictus-015835012
396,829,11,227816003,Harmony School of Science - Austin,Harmony Public Schools - Central Texas,C,79,497,https://txschools.net/campus/harmony-school-of-science-austin-227816003
396,829,11,108807037,IDEA Bluff Springs College Preparatory,IDEA Public Schools,B,79,701,https://txschools.net/campus/idea-bluff-springs-college-preparatory-108807037
396,829,11,227820207,KIPP Sharp Prep,KIPP Texas Public Schools,B,79,1111,https://txschools.net/campus/kipp-sharp-prep-227820207
396,829,11,014801008,Richard Milburn Academy Amarillo,Richard Milburn Alter High School (Killeen),B,79,133,https://txschools.net/campus/richard-milburn-academy-amarillo-014801008
396,829,11,014801004,Richard Milburn Academy Lubbock,Richard Milburn Alter High School (Killeen),B,79,135,https://txschools.net/campus/richard-milburn-academy-lubbock-014801004
396,829,11,101806043,Ryss MS at East Aldine,Raul Yzaguirre Schools for Success,A,79,137,https://txschools.net/campus/ryss-ms-at-east-aldine-101806043
396,829,11,015830101,Somerset Academy Collegiate,Somerset Academies of Texas,B,79,1092,https://txschools.net/campus/somerset-academy-collegiate-015830101
396,829,11,057804002,Texans Can Academy - Oak Cliff,Texans Can Academies,B,79,506,https://txschools.net/campus/texans-can-academy-oak-cliff-057804002
396,829,11,057845001,UME Preparatory Academy,UME Preparatory Academy,B,79,548,https://txschools.net/campus/ume-preparatory-academy-057845001
396,829,11,108808107,Vanguard Monet,Vanguard Academy,A,79,223,https://txschools.net/campus/vanguard-monet-108808107
396,829,11,057828006,Winfree Academy Charter School Dallas,Winfree Academy Charter Schools,C,79,244,https://txschools.net/campus/winfree-academy-charter-school-dallas-057828006
408,829,17,057806101,Advantage Academy,Advantage Academy,C,78,909,https://txschools.net/campus/advantage-academy-057806101
408,829,17,101803041,Aristoi Classical Academy,Aristoi Classical Academy,C,78,446,https://txschools.net/campus/aristoi-classical-academy-101803041
408,829,17,221801014,Coppell Classical Academy,Texas College Preparatory Academies,C,78,491,https://txschools.net/campus/coppell-classical-academy-221801014
408,829,17,071801003,Davinci School for Science and the Arts,Burnham Wood Charter School District,B,78,1068,https://txschools.net/campus/davinci-school-for-science-and-the-arts-071801003
408,829,17,105804101,Doral Academy of Texas,Doral Academy of Texas,B,78,450,https://txschools.net/campus/doral-academy-of-texas-105804101
408,829,17,015835005,Great Hearts Western Hills,Great Hearts Texas,B,78,1378,https://txschools.net/campus/great-hearts-western-hills-015835005
408,829,17,101846006,Harmony School of Fine Arts and Technology-Houston,Harmony Public Schools - Houston South,B,78,758,https://txschools.net/campus/harmony-school-of-fine-arts-and-technology-houston-101846006
408,829,17,161807002,Harmony Science Academy - Garland,Harmony Public Schools - North Texas,B,78,778,https://txschools.net/campus/harmony-science-academy-garland-161807002
408,829,17,015828003,Harmony Science Academy - Laredo,Harmony Public Schools - South Texas,B,78,651,https://txschools.net/campus/harmony-science-academy-laredo-015828003
408,829,17,108807105,IDEA San Benito Academy,IDEA Public Schools,B,78,673,https://txschools.net/campus/idea-san-benito-academy-108807105
408,829,17,057848015,ILTexas Katy MS,International Leadership of Texas (ILTexas),B,78,451,https://txschools.net/campus/iltexas-katy-ms-057848015
408,829,17,221801034,Lewisville School of Science and Technology,Texas College Preparatory Academies,B,78,87,https://txschools.net/campus/lewisville-school-of-science-and-technology-221801034
408,829,17,220817005,Newman International Academy of Mansfield,Newman International Academy of Arlington,B,78,210,https://txschools.net/campus/newman-international-academy-of-mansfield-220817005
408,829,17,057850002,Pioneer Technology (PTAA) Greenville,Pioneer Technology & Arts Academy,C,78,865,https://txschools.net/campus/pioneer-technology-ptaa-greenville-057850002
408,829,17,015814001,Positive Solutions Charter,Positive Solutions Charter School,B,78,91,https://txschools.net/campus/positive-solutions-charter-015814001
408,829,17,072801166,Premier HS - Houston (Greenspoint),Premier High Schools,D,78,69,https://txschools.net/campus/premier-hs-houston-greenspoint-072801166
408,829,17,057803043,Uplift Infinity Prep MS,Uplift Education,B,78,354,https://txschools.net/campus/uplift-infinity-prep-ms-057803043
408,829,17,057803102,Uplift Infinity Prep Ps,Uplift Education,B,78,510,https://txschools.net/campus/uplift-infinity-prep-ps-057803102
426,829,30,101819001,Amigos Por Vida-Friends for Life Charter School,Amigos Por Vida-Friends for Life Pub Chtr Sch,B,77,559,https://txschools.net/campus/amigos-por-vida-friends-for-life-charter-school-101819001
426,829,30,101803002,Aristoi Classical Academy-Cypress,Aristoi Classical Academy,C,77,584,https://txschools.net/campus/aristoi-classical-academy-cypress-101803002
426,829,30,101828004,Elite College Prep Academy - Riverstone,Houston Gateway Academy Inc,C,77,258,https://txschools.net/campus/elite-college-prep-academy-riverstone-101828004
426,829,30,221801066,Founders Classical Academy of Schertz,Texas College Preparatory Academies,C,77,791,https://txschools.net/campus/founders-classical-academy-of-schertz-221801066
426,829,30,221801046,Founders Classical Academy-Tyler,Texas College Preparatory Academies,C,77,437,https://txschools.net/campus/founders-classical-academy-tyler-221801046
426,829,30,015835004,Great Hearts Irving,Great Hearts Texas,C,77,926,https://txschools.net/campus/great-hearts-irving-015835004
426,829,30,015835009,Great Hearts Live Oak,Great Hearts Texas,B,77,1224,https://txschools.net/campus/great-hearts-live-oak-015835009
426,829,30,108807024,IDEA Eastside College Preparatory,IDEA Public Schools,B,77,500,https://txschools.net/campus/idea-eastside-college-preparatory-108807024
426,829,30,108807091,IDEA Health Professions College Preparatory,IDEA Public Schools,B,77,427,https://txschools.net/campus/idea-health-professions-college-preparatory-108807091
426,829,30,108807125,IDEA Judson Academy,IDEA Public Schools,B,77,643,https://txschools.net/campus/idea-judson-academy-108807125
426,829,30,108807089,IDEA Los Encinos College Preparatory,IDEA Public Schools,B,77,891,https://txschools.net/campus/idea-los-encinos-college-preparatory-108807089
426,829,30,108807104,IDEA Mission Academy,IDEA Public Schools,B,77,581,https://txschools.net/campus/idea-mission-academy-108807104
426,829,30,108807116,IDEA Rio Grande City Academy,IDEA Public Schools,B,77,701,https://txschools.net/campus/idea-rio-grande-city-academy-108807116
426,829,30,108807117,IDEA Tres Lagos Academy,IDEA Public Schools,B,77,605,https://txschools.net/campus/idea-tres-lagos-academy-108807117
426,829,30,221801057,Ignite Community School - Humble,Texas College Preparatory Academies,B,77,322,https://txschools.net/campus/ignite-community-school-humble-221801057
426,829,30,057848017,ILTexas Westpark MS,International Leadership of Texas (ILTexas),B,77,455,https://txschools.net/campus/iltexas-westpark-ms-057848017
426,829,30,227820061,KIPP Nexus MS,KIPP Texas Public Schools,B,77,447,https://txschools.net/campus/kipp-nexus-ms-227820061
426,829,30,227820052,KIPP Sharpstown College Prep,KIPP Texas Public Schools,B,77,928,https://txschools.net/campus/kipp-sharpstown-college-prep-227820052
426,829,30,101845103,North Central Elem,Yes Prep Public Schools Inc,B,77,834,https://txschools.net/campus/north-central-elem-101845103
426,829,30,070801002,Oak Cliff Faith Family Academy,Faith Family Academy,C,77,2606,https://txschools.net/campus/oak-cliff-faith-family-academy-070801002
426,829,30,057850001,Pioneer Technology (PTAA) Mesquite,Pioneer Technology & Arts Academy,C,77,465,https://txschools.net/campus/pioneer-technology-ptaa-mesquite-057850001
426,829,30,003801103,Sarah Strinden Elem,Pineywoods Community Academy,C,77,508,https://txschools.net/campus/sarah-strinden-elem-003801103
426,829,30,015830102,Somerset Academy Lone Star,Somerset Academies of Texas,A,77,105,https://txschools.net/campus/somerset-academy-lone-star-015830102
426,829,30,015831006,Sst Hill Country,School of Science and Technology Discovery,C,77,727,https://txschools.net/campus/sst-hill-country-015831006
426,829,30,101859103,Step Charter Iii,Step Charter School,B,77,87,https://txschools.net/campus/step-charter-iii-101859103
426,829,30,057804007,Texans Can Academy - Fort Worth Westcreek,Texans Can Academies,B,77,214,https://txschools.net/campus/texans-can-academy-fort-worth-westcreek-057804007
426,829,30,226801004,Texas Leadership of Abilene,Texas Leadership Public Schools,C,77,772,https://txschools.net/campus/texas-leadership-of-abilene-226801004
426,829,30,240801003,Triumph Public High Schools-San Antonio,Triumph Public High Schools Central Texas,C,77,112,https://txschools.net/campus/triumph-public-high-schools-san-antonio-240801003
426,829,30,227819101,University of Texas Elem Charter School,University of Texas Elem Charter School,C,77,305,https://txschools.net/campus/university-of-texas-elem-charter-school-227819101
426,829,30,057803012,Uplift Luna Prep MS,Uplift Education,B,77,618,https://txschools.net/campus/uplift-luna-prep-ms-057803012
426,829,30,101845111,Yes Prep Hobby Elem,Yes Prep Public Schools Inc,B,77,266,https://txschools.net/campus/yes-prep-hobby-elem-101845111
457,829,23,021805041,Arrow Academy - Save Our Streets Center,Arrow Academy,B,76,134,https://txschools.net/campus/arrow-academy-save-our-streets-center-021805041
457,829,23,221801064,Founders Classical Academy - Corinth,Texas College Preparatory Academies,C,76,568,https://txschools.net/campus/founders-classical-academy-corinth-221801064
457,829,23,057835104,Golden Rule Grand Prairie,Golden Rule Charter School,B,76,90,https://txschools.net/campus/golden-rule-grand-prairie-057835104
457,829,23,015805041,Greg A Garcia Early College Int,New Frontiers Public Schools Inc,B,76,173,https://txschools.net/campus/greg-a-garcia-early-college-int-015805041
457,829,23,108807195,IDEA Harlingen Academy,IDEA Public Schools,B,76,620,https://txschools.net/campus/idea-harlingen-academy-108807195
457,829,23,108807095,IDEA Harlingen College Preparatory,IDEA Public Schools,B,76,551,https://txschools.net/campus/idea-harlingen-college-preparatory-108807095
457,829,23,108807210,IDEA Lopez College Preparatory,IDEA Public Schools,B,76,122,https://txschools.net/campus/idea-lopez-college-preparatory-108807210
457,829,23,108807185,IDEA Mesa Hills Academy,IDEA Public Schools,B,76,638,https://txschools.net/campus/idea-mesa-hills-academy-108807185
457,829,23,108807305,IDEA Mesquite Hills Academy,IDEA Public Schools,C,76,623,https://txschools.net/campus/idea-mesquite-hills-academy-108807305
457,829,23,108807183,IDEA Owassa Academy,IDEA Public Schools,B,76,638,https://txschools.net/campus/idea-owassa-academy-108807183
457,829,23,108807114,IDEA Riverview Academy,IDEA Public Schools,B,76,718,https://txschools.net/campus/idea-riverview-academy-108807114
457,829,23,057848024,ILTexas Saginaw MS,International Leadership of Texas (ILTexas),B,76,379,https://txschools.net/campus/iltexas-saginaw-ms-057848024
457,829,23,015822013,Jubilee Westwood,Jubilee Academies,B,76,71,https://txschools.net/campus/jubilee-westwood-015822013
457,829,23,227820073,KIPP Pleasant Grove Leadership Academy,KIPP Texas Public Schools,B,76,526,https://txschools.net/campus/kipp-pleasant-grove-leadership-academy-227820073
457,829,23,014801007,Richard Milburn Academy Corpus Christi,Richard Milburn Alter High School (Killeen),C,76,235,https://txschools.net/campus/richard-milburn-academy-corpus-christi-014801007
457,829,23,101806104,Ryss Academy at Pasadena,Raul Yzaguirre Schools for Success,B,76,233,https://txschools.net/campus/ryss-academy-at-pasadena-101806104
457,829,23,015807002,Southwest Preparatory Southeast Campus,Southwest Preparatory School,C,76,188,https://txschools.net/campus/southwest-preparatory-southeast-campus-015807002
457,829,23,057804008,Texans Can Academy - Fort Worth Lancaster Avenue,Texans Can Academies,B,76,285,https://txschools.net/campus/texans-can-academy-fort-worth-lancaster-avenue-057804008
457,829,23,101868001,The Pro-Vision Academy,The Pro-Vision Academy,C,76,141,https://txschools.net/campus/the-pro-vision-academy-101868001
457,829,23,057845002,UME Preparatory Academy - Duncanville,UME Preparatory Academy,B,76,247,https://txschools.net/campus/ume-preparatory-academy-duncanville-057845002
457,829,23,057803115,Uplift Crescendo Prep Ps,Uplift Education,B,76,562,https://txschools.net/campus/uplift-crescendo-prep-ps-057803115
457,829,23,227829005,Valor San Antonio,Valor Education,C,76,449,https://txschools.net/campus/valor-san-antonio-227829005
457,829,23,108808103,Vanguard Picasso,Vanguard Academy,B,76,574,https://txschools.net/campus/vanguard-picasso-108808103
457,829,23,101845110,Yes Prep North Rankin Elem,Yes Prep Public Schools Inc,B,76,433,https://txschools.net/campus/yes-prep-north-rankin-elem-101845110
481,829,26,015835013,Great Hearts Prairie View,Great Hearts Texas,C,75,975,https://txschools.net/campus/great-hearts-prairie-view-015835013
481,829,26,108802101,Horizon Montessori - STEM Academy,Horizon Montessori Public Schools,C,75,309,https://txschools.net/campus/horizon-montessori-stem-academy-108802101
481,829,26,108807202,IDEA Edgecliff College Preparatory,IDEA Public Schools,C,75,738,https://txschools.net/campus/idea-edgecliff-college-preparatory-108807202
481,829,26,108807198,IDEA Hidden Meadow Academy,IDEA Public Schools,C,75,563,https://txschools.net/campus/idea-hidden-meadow-academy-108807198
481,829,26,108807126,IDEA Mays Academy,IDEA Public Schools,B,75,615,https://txschools.net/campus/idea-mays-academy-108807126
481,829,26,108807205,IDEA Mesquite Hills College Preparatory,IDEA Public Schools,B,75,415,https://txschools.net/campus/idea-mesquite-hills-college-preparatory-108807205
481,829,26,108807208,IDEA Yukon College Preparatory,IDEA Public Schools,C,75,604,https://txschools.net/campus/idea-yukon-college-preparatory-108807208
481,829,26,057848037,ILTexas Mansfield Heritage Elem,International Leadership of Texas (ILTexas),C,75,623,https://txschools.net/campus/iltexas-mansfield-heritage-elem-057848037
481,829,26,015822004,Jubilee - Lake View University Prep,Jubilee Academies,C,75,587,https://txschools.net/campus/jubilee-lake-view-university-prep-015822004
481,829,26,227820041,KIPP Austin College Prep,KIPP Texas Public Schools,B,75,431,https://txschools.net/campus/kipp-austin-college-prep-227820041
481,829,26,227820057,KIPP Liberation College Preparatory,KIPP Texas Public Schools,B,75,368,https://txschools.net/campus/kipp-liberation-college-preparatory-227820057
481,829,26,227820060,KIPP Prime College Preparatory,KIPP Texas Public Schools,B,75,428,https://txschools.net/campus/kipp-prime-college-preparatory-227820060
481,829,26,227820058,KIPP Spirit College Prep,KIPP Texas Public Schools,B,75,531,https://txschools.net/campus/kipp-spirit-college-prep-227820058
481,829,26,015825001,Lighthouse MS,Lighthouse Public Schools,B,75,104,https://txschools.net/campus/lighthouse-ms-015825001
481,829,26,057844001,Manara Leadership Academy,Manara Academy,B,75,94,https://txschools.net/campus/manara-leadership-academy-057844001
481,829,26,014803003,Priority Charter Schools Copperas Cove,Priority Charter Schools,C,75,199,https://txschools.net/campus/priority-charter-schools-copperas-cove-014803003
481,829,26,014801001,Richard Milburn Alter HS (Killeen),Richard Milburn Alter High School (Killeen),C,75,168,https://txschools.net/campus/richard-milburn-alter-hs-killeen-014801001
481,829,26,101853042,Ripley House MS Campus,Bakerripley Community Schools,B,75,169,https://txschools.net/campus/ripley-house-ms-campus-101853042
481,829,26,015830103,Somerset Academy Oaks,Somerset Academies of Texas,C,75,275,https://txschools.net/campus/somerset-academy-oaks-015830103
481,829,26,015831001,Sst Discovery,School of Science and Technology Discovery,C,75,466,https://txschools.net/campus/sst-discovery-015831001
481,829,26,057836041,St Anthony School,St Anthony School,B,75,114,https://txschools.net/campus/st-anthony-school-057836041
481,829,26,057804010,Texans Can Academy - Houston Hobby,Texans Can Academies,B,75,291,https://txschools.net/campus/texans-can-academy-houston-hobby-057804010
481,829,26,057804004,Texans Can Academy - Pleasant Grove,Texans Can Academies,C,75,521,https://txschools.net/campus/texans-can-academy-pleasant-grove-057804004
481,829,26,057813108,Trinity Basin Preparatory - West,Trinity Basin Preparatory,C,75,350,https://txschools.net/campus/trinity-basin-preparatory-west-057813108
481,829,26,057803050,Uplift Elevate Prep MS,Uplift Education,C,75,267,https://txschools.net/campus/uplift-elevate-prep-ms-057803050
481,829,26,227806044,UT Charter Scholars Academy,University of Texas University Charter School,C,75,67,https://txschools.net/campus/ut-charter-scholars-academy-227806044
481,829,26,227803001,Wayside Sci-Tech MS and HS,Wayside Schools,B,75,592,https://txschools.net/campus/wayside-sci-tech-ms-and-hs-227803001
508,829,18,068802001,Compass Academy Charter School,Compass Academy Charter School,C,74,1759,https://txschools.net/campus/compass-academy-charter-school-068802001
508,829,18,015835010,Great Hearts Arlington,Great Hearts Texas,C,74,1104,https://txschools.net/campus/great-hearts-arlington-015835010
508,829,18,015835011,Great Hearts Online - TX,Great Hearts Texas,D,74,1063,https://txschools.net/campus/great-hearts-online-tx-015835011
508,829,18,161807007,Harmony Science Academy- Fort Worth,Harmony Public Schools - North Texas,C,74,1299,https://txschools.net/campus/harmony-science-academy-fort-worth-161807007
508,829,18,101828101,Houston Gateway Academy,Houston Gateway Academy Inc,C,74,568,https://txschools.net/campus/houston-gateway-academy-101828101
508,829,18,108807209,IDEA A W Brown College Preparatory,IDEA Public Schools,B,74,192,https://txschools.net/campus/idea-a-w-brown-college-preparatory-108807209
508,829,18,108807207,IDEA Lake Houston College Preparatory,IDEA Public Schools,C,74,623,https://txschools.net/campus/idea-lake-houston-college-preparatory-108807207
508,829,18,108807097,IDEA Palmview College Preparatory,IDEA Public Schools,B,74,532,https://txschools.net/campus/idea-palmview-college-preparatory-108807097
508,829,18,108807090,IDEA Parmer Park College Preparatory,IDEA Public Schools,B,74,708,https://txschools.net/campus/idea-parmer-park-college-preparatory-108807090
508,829,18,108807086,IDEA Rise College Preparatory,IDEA Public Schools,B,74,644,https://txschools.net/campus/idea-rise-college-preparatory-108807086
508,829,18,108807188,IDEA Robindale Academy,IDEA Public Schools,B,74,642,https://txschools.net/campus/idea-robindale-academy-108807188
508,829,18,221801061,Ignite Community School - Mesquite,Texas College Preparatory Academies,C,74,385,https://txschools.net/campus/ignite-community-school-mesquite-221801061
508,829,18,057848030,ILTexas College Station Elem,International Leadership of Texas (ILTexas),C,74,798,https://txschools.net/campus/iltexas-college-station-elem-057848030
508,829,18,227820218,KIPP Journey Pri,KIPP Texas Public Schools,B,74,1020,https://txschools.net/campus/kipp-journey-pri-227820218
508,829,18,057827102,Nova Academy Prichard,Nova Academy Southeast,B,74,181,https://txschools.net/campus/nova-academy-prichard-057827102
508,829,18,015843101,Prelude Preparatory Charter School,Prelude Preparatory Charter School,B,74,165,https://txschools.net/campus/prelude-preparatory-charter-school-015843101
508,829,18,014801010,Richard Milburn Academy Midland,Richard Milburn Alter High School (Killeen),C,74,165,https://txschools.net/campus/richard-milburn-academy-midland-014801010
508,829,18,057804009,Texans Can Academy - Houston North,Texans Can Academies,B,74,216,https://txschools.net/campus/texans-can-academy-houston-north-057804009
508,829,18,170802001,Thrive Center for Success,Thrive Center for Success,B,74,177,https://txschools.net/campus/thrive-center-for-success-170802001
527,829,33,221801060,Denton Classical Academy,Texas College Preparatory Academies,C,73,211,https://txschools.net/campus/denton-classical-academy-221801060
527,829,33,221801073,Founders Classical Academy - Conroe,Texas College Preparatory Academies,C,73,950,https://txschools.net/campus/founders-classical-academy-conroe-221801073
527,829,33,101858008,Harmony School of Enrichment - Houston,Harmony Public Schools - Houston North,C,73,663,https://txschools.net/campus/harmony-school-of-enrichment-houston-101858008
527,829,33,161807016,Harmony School of Innovation - Grand Prairie,Harmony Public Schools - North Texas,C,73,517,https://txschools.net/campus/harmony-school-of-innovation-grand-prairie-161807016
527,829,33,071806005,Harmony Science Academy - Odessa,Harmony Public Schools - West Texas,C,73,546,https://txschools.net/campus/harmony-science-academy-odessa-071806005
527,829,33,108802102,Horizon Montessori II - STEM Academy,Horizon Montessori Public Schools,B,73,314,https://txschools.net/campus/horizon-montessori-ii-stem-academy-108802102
527,829,33,108802103,Horizon Montessori Iii - STEM Academy,Horizon Montessori Public Schools,C,73,246,https://txschools.net/campus/horizon-montessori-iii-stem-academy-108802103
527,829,33,071801001,Howard Burnham Elem,Burnham Wood Charter School District,B,73,334,https://txschools.net/campus/howard-burnham-elem-071801001
527,829,33,108807192,IDEA Burke Academy,IDEA Public Schools,C,73,680,https://txschools.net/campus/idea-burke-academy-108807192
527,829,33,108807201,IDEA Horizon Vista College Preparatory,IDEA Public Schools,C,73,452,https://txschools.net/campus/idea-horizon-vista-college-preparatory-108807201
527,829,33,108807307,IDEA Lake Houston Academy,IDEA Public Schools,B,73,718,https://txschools.net/campus/idea-lake-houston-academy-108807307
527,829,33,108807189,IDEA Los Encinos Academy,IDEA Public Schools,B,73,718,https://txschools.net/campus/idea-los-encinos-academy-108807189
527,829,33,108807111,IDEA McAllen Academy,IDEA Public Schools,C,73,739,https://txschools.net/campus/idea-mcallen-academy-108807111
527,829,33,108807115,IDEA North Mission Academy,IDEA Public Schools,B,73,682,https://txschools.net/campus/idea-north-mission-academy-108807115
527,829,33,108807088,IDEA Robindale College Preparatory,IDEA Public Schools,C,73,780,https://txschools.net/campus/idea-robindale-college-preparatory-108807088
527,829,33,108807308,IDEA Yukon Academy,IDEA Public Schools,C,73,723,https://txschools.net/campus/idea-yukon-academy-108807308
527,829,33,057848005,ILTexas Arlington MS,International Leadership of Texas (ILTexas),B,73,388,https://txschools.net/campus/iltexas-arlington-ms-057848005
527,829,33,227820051,KIPP 3D Academy,KIPP Texas Public Schools,B,73,520,https://txschools.net/campus/kipp-3d-academy-227820051
527,829,33,227820063,KIPP Mosaic Academy School,KIPP Texas Public Schools,B,73,956,https://txschools.net/campus/kipp-mosaic-academy-school-227820063
527,829,33,227820053,KIPP Polaris Academy for Boys,KIPP Texas Public Schools,B,73,340,https://txschools.net/campus/kipp-polaris-academy-for-boys-227820053
527,829,33,227820055,KIPP Voyage Academy for Girls,KIPP Texas Public Schools,B,73,333,https://txschools.net/campus/kipp-voyage-academy-for-girls-227820055
527,829,33,057839101,La Academia De Estrellas,La Academia De Estrellas,C,73,721,https://txschools.net/campus/la-academia-de-estrellas-057839101
527,829,33,015806106,Legacy Traditional School - Cibolo,Legacy Traditional Schools - Texas,B,73,975,https://txschools.net/campus/legacy-traditional-school-cibolo-015806106
527,829,33,227826101,Magnolia Montessori for All,Montessori for All,D,73,556,https://txschools.net/campus/magnolia-montessori-for-all-227826101
527,829,33,101845104,North Forest Elem,Yes Prep Public Schools Inc,B,73,812,https://txschools.net/campus/north-forest-elem-101845104
527,829,33,014803005,Priority Charter Schools - Killeen,Priority Charter Schools,B,73,107,https://txschools.net/campus/priority-charter-schools-killeen-014803005
527,829,33,013801101,St Mary's Academy Charter School,St Mary's Academy Charter School,C,73,329,https://txschools.net/campus/st-mary-s-academy-charter-school-013801101
527,829,33,057804003,Texans Can Academy - Carrollton Farmers Branch,Texans Can Academies,B,73,173,https://txschools.net/campus/texans-can-academy-carrollton-farmers-branch-057804003
527,829,33,057804001,Texans Can Academy - Dallas North,Texans Can Academies,B,73,140,https://txschools.net/campus/texans-can-academy-dallas-north-057804001
527,829,33,101861105,The Rhodes School - Humble,The Rhodes School for Performing Arts,B,73,405,https://txschools.net/campus/the-rhodes-school-humble-101861105
527,829,33,057803048,Uplift Atlas Prep MS,Uplift Education,B,73,427,https://txschools.net/campus/uplift-atlas-prep-ms-057803048
527,829,33,057803047,Uplift Summit Prep MS,Uplift Education,C,73,484,https://txschools.net/campus/uplift-summit-prep-ms-057803047
527,829,33,071809001,Vista Del Futuro Charter School,Vista Del Futuro Charter School,B,73,347,https://txschools.net/campus/vista-del-futuro-charter-school-071809001
527,829,33,101845109,Yes Prep Southwest Oaks Elem,Yes Prep Public Schools Inc,B,73,603,https://txschools.net/campus/yes-prep-southwest-oaks-elem-101845109
561,829,45,101810002,Academy of Accelerated Learning,Academy of Accelerated Learning Inc,B,72,711,https://txschools.net/campus/academy-of-accelerated-learning-101810002
561,829,45,101853106,Baker-Ripley Charter School,Bakerripley Community Schools,A,72,401,https://txschools.net/campus/baker-ripley-charter-school-101853106
561,829,45,101847101,Beatrice Mayes Institute Charter School,Beatrice Mayes Institute Charter School,C,72,628,https://txschools.net/campus/beatrice-mayes-institute-charter-school-101847101
561,829,45,057841001,East Grand Preparatory Academy,Cityscape Schools,C,72,776,https://txschools.net/campus/east-grand-preparatory-academy-057841001
561,829,45,221801027,Founders Classical Academy - East Lewisville,Texas College Preparatory Academies,C,72,198,https://txschools.net/campus/founders-classical-academy-east-lewisville-221801027
561,829,45,221801075,Founders Classical Academy-Bastrop,Texas College Preparatory Academies,D,72,285,https://txschools.net/campus/founders-classical-academy-bastrop-221801075
561,829,45,101804001,George I Sanchez Charter,George I Sanchez Charter,C,72,611,https://txschools.net/campus/george-i-sanchez-charter-101804001
561,829,45,015828004,Harmony School of Innovation - Laredo,Harmony Public Schools - South Texas,B,72,698,https://txschools.net/campus/harmony-school-of-innovation-laredo-015828004
561,829,45,071806009,Harmony School of Innovation - Odessa,Harmony Public Schools - West Texas,C,72,644,https://txschools.net/campus/harmony-school-of-innovation-odessa-071806009
561,829,45,015828002,Harmony School of Innovation - San Antonio,Harmony Public Schools - South Texas,C,72,384,https://txschools.net/campus/harmony-school-of-innovation-san-antonio-015828002
561,829,45,101858012,Harmony Science Academy - City Place,Harmony Public Schools - Houston North,C,72,455,https://txschools.net/campus/harmony-science-academy-city-place-101858012
561,829,45,071806004,Harmony Science Academy - Lubbock,Harmony Public Schools - West Texas,B,72,520,https://txschools.net/campus/harmony-science-academy-lubbock-071806004
561,829,45,071806008,Harmony Science Academy - Midland,Harmony Public Schools - West Texas,C,72,557,https://txschools.net/campus/harmony-science-academy-midland-071806008
561,829,45,108807107,IDEA Alamo Academy,IDEA Public Schools,C,72,668,https://txschools.net/campus/idea-alamo-academy-108807107
561,829,45,108807098,IDEA Hidden Meadow College Preparatory,IDEA Public Schools,C,72,363,https://txschools.net/campus/idea-hidden-meadow-college-preparatory-108807098
561,829,45,108807301,IDEA Horizon Vista Academy,IDEA Public Schools,C,72,703,https://txschools.net/campus/idea-horizon-vista-academy-108807301
561,829,45,108807085,IDEA Mesa Hills College Preparatory,IDEA Public Schools,C,72,612,https://txschools.net/campus/idea-mesa-hills-college-preparatory-108807085
561,829,45,108807190,IDEA Parmer Park Academy,IDEA Public Schools,C,72,613,https://txschools.net/campus/idea-parmer-park-academy-108807190
561,829,45,108807108,IDEA Pharr Academy,IDEA Public Schools,B,72,674,https://txschools.net/campus/idea-pharr-academy-108807108
561,829,45,108807094,IDEA Spears College Preparatory,IDEA Public Schools,C,72,702,https://txschools.net/campus/idea-spears-college-preparatory-108807094
561,829,45,057848010,ILTexas Grand Prairie Elem,International Leadership of Texas (ILTexas),B,72,893,https://txschools.net/campus/iltexas-grand-prairie-elem-057848010
561,829,45,057848028,ILTexas Houston Orem MS,International Leadership of Texas (ILTexas),A,72,420,https://txschools.net/campus/iltexas-houston-orem-ms-057848028
561,829,45,057848026,ILTexas Houston Windmill Lakes MS,International Leadership of Texas (ILTexas),B,72,434,https://txschools.net/campus/iltexas-houston-windmill-lakes-ms-057848026
561,829,45,057848045,ILTexas Liberty HS,International Leadership of Texas (ILTexas),B,72,670,https://txschools.net/campus/iltexas-liberty-hs-057848045
561,829,45,057848016,ILTexas Westpark Elem,International Leadership of Texas (ILTexas),C,72,880,https://txschools.net/campus/iltexas-westpark-elem-057848016
561,829,45,015822006,Jubilee Kingsville,Jubilee Academies,B,72,272,https://txschools.net/campus/jubilee-kingsville-015822006
561,829,45,015822011,Jubilee Leadership Academy,Jubilee Academies,B,72,562,https://txschools.net/campus/jubilee-leadership-academy-015822011
561,829,45,227820101,KIPP Austin Comunidad,KIPP Texas Public Schools,B,72,552,https://txschools.net/campus/kipp-austin-comunidad-227820101
561,829,45,227820216,KIPP Climb Academy,KIPP Texas Public Schools,B,72,633,https://txschools.net/campus/kipp-climb-academy-227820216
561,829,45,227820054,KIPP Intrepid Preparatory,KIPP Texas Public Schools,C,72,512,https://txschools.net/campus/kipp-intrepid-preparatory-227820054
561,829,45,227820217,KIPP Nexus Pri,KIPP Texas Public Schools,B,72,673,https://txschools.net/campus/kipp-nexus-pri-227820217
561,829,45,220817001,Newman International Academy of Arlington,Newman International Academy of Arlington,C,72,709,https://txschools.net/campus/newman-international-academy-of-arlington-220817001
561,829,45,014804007,Nolan Creek School,Orenda Charter School,B,72,92,https://txschools.net/campus/nolan-creek-school-014804007
561,829,45,061802004,North Texas Collegiate Academy-North Campus,North Texas Collegiate Academy,C,72,247,https://txschools.net/campus/north-texas-collegiate-academy-north-campus-061802004
561,829,45,057850005,Pioneer Technology (PTAA) Royse City Elem,Pioneer Technology & Arts Academy,D,72,200,https://txschools.net/campus/pioneer-technology-ptaa-royse-city-elem-057850005
561,829,45,227824004,Promesa College Prep West Corpus Christi,Valere Public Schools,C,72,368,https://txschools.net/campus/promesa-college-prep-west-corpus-christi-227824004
561,829,45,015808016,Rise Inspire Academy,Inspire Academies,D,72,29,https://txschools.net/campus/rise-inspire-academy-015808016
561,829,45,101806102,Ryss Pri at Broadway,Raul Yzaguirre Schools for Success,C,72,509,https://txschools.net/campus/ryss-pri-at-broadway-101806102
561,829,45,057804005,Texans Can Academy - Grant East,Texans Can Academies,B,72,177,https://txschools.net/campus/texans-can-academy-grant-east-057804005
561,829,45,220801001,Treetops School International,Treetops School International,C,72,186,https://txschools.net/campus/treetops-school-international-220801001
561,829,45,057803018,Uplift Elevate Prep Ps,Uplift Education,C,72,649,https://txschools.net/campus/uplift-elevate-prep-ps-057803018
561,829,45,057803103,Uplift Gradus Prep Ps,Uplift Education,C,72,670,https://txschools.net/campus/uplift-gradus-prep-ps-057803103
561,829,45,057803114,Uplift White Rock Hills Prep Ps,Uplift Education,B,72,661,https://txschools.net/campus/uplift-white-rock-hills-prep-ps-057803114
561,829,45,108808106,Vanguard Van Gogh,Vanguard Academy,C,72,1050,https://txschools.net/campus/vanguard-van-gogh-108808106
561,829,45,227803101,Wayside Eden Park Academy,Wayside Schools,D,72,227,https://txschools.net/campus/wayside-eden-park-academy-227803101
561,829,45,101845106,Yes Prep East End Elem,Yes Prep Public Schools Inc,C,72,721,https://txschools.net/campus/yes-prep-east-end-elem-101845106
607,829,23,227817101,Cedars International Academy,Cedars International Academy,C,71,437,https://txschools.net/campus/cedars-international-academy-227817101
607,829,23,221801081,Founders Classical Academy - Fort Worth,Texas College Preparatory Academies,C,71,126,https://txschools.net/campus/founders-classical-academy-fort-worth-221801081
607,829,23,161807004,Harmony School of Innovation - Carrollton,Harmony Public Schools - North Texas,C,71,497,https://txschools.net/campus/harmony-school-of-innovation-carrollton-161807004
607,829,23,108807087,IDEA Achieve College Preparatory,IDEA Public Schools,C,71,490,https://txschools.net/campus/idea-achieve-college-preparatory-108807087
607,829,23,108807112,IDEA Brownsville Academy,IDEA Public Schools,C,71,636,https://txschools.net/campus/idea-brownsville-academy-108807112
607,829,23,108807099,IDEA Converse College Preparatory,IDEA Public Schools,C,71,577,https://txschools.net/campus/idea-converse-college-preparatory-108807099
607,829,23,108807109,IDEA Edinburg Academy,IDEA Public Schools,C,71,715,https://txschools.net/campus/idea-edinburg-academy-108807109
607,829,23,108807103,IDEA Frontier Academy,IDEA Public Schools,C,71,706,https://txschools.net/campus/idea-frontier-academy-108807103
607,829,23,108807130,IDEA Ingram Hills Academy,IDEA Public Schools,C,71,520,https://txschools.net/campus/idea-ingram-hills-academy-108807130
607,829,23,108807113,IDEA Weslaco Pike Academy,IDEA Public Schools,C,71,696,https://txschools.net/campus/idea-weslaco-pike-academy-108807113
607,829,23,057848001,ILTexas Garland Elem,International Leadership of Texas (ILTexas),C,71,950,https://txschools.net/campus/iltexas-garland-elem-057848001
607,829,23,057848014,ILTexas Katy Elem,International Leadership of Texas (ILTexas),D,71,936,https://txschools.net/campus/iltexas-katy-elem-057848014
607,829,23,057848012,ILTexas North Richland Hills Elem,International Leadership of Texas (ILTexas),C,71,788,https://txschools.net/campus/iltexas-north-richland-hills-elem-057848012
607,829,23,057848022,ILTexas Woodhaven MS,International Leadership of Texas (ILTexas),B,71,281,https://txschools.net/campus/iltexas-woodhaven-ms-057848022
607,829,23,227820045,KIPP Paseo Preparatory School,KIPP Texas Public Schools,C,71,480,https://txschools.net/campus/kipp-paseo-preparatory-school-227820045
607,829,23,071807101,La Fe Preparatory School,La Fe Preparatory School,B,71,185,https://txschools.net/campus/la-fe-preparatory-school-071807101
607,829,23,101806042,Ryss MS at Broadway,Raul Yzaguirre Schools for Success,C,71,287,https://txschools.net/campus/ryss-ms-at-broadway-101806042
607,829,23,057804012,Texans Can Academy - Houston Southwest,Texans Can Academies,B,71,287,https://txschools.net/campus/texans-can-academy-houston-southwest-057804012
607,829,23,101864041,The Lawson Academy,The Lawson Academy,B,71,317,https://txschools.net/campus/the-lawson-academy-101864041
607,829,23,057813107,Trinity Basin Preparatory - Grand Prairie,Trinity Basin Preparatory,B,71,424,https://txschools.net/campus/trinity-basin-preparatory-grand-prairie-057813107
607,829,23,057803003,Uplift Grand Prep Ps,Uplift Education,C,71,720,https://txschools.net/campus/uplift-grand-prep-ps-057803003
607,829,23,057803111,Uplift Hampton Prep Ps,Uplift Education,C,71,729,https://txschools.net/campus/uplift-hampton-prep-ps-057803111
607,829,23,057803046,Uplift Heights Prep MS,Uplift Education,B,71,468,https://txschools.net/campus/uplift-heights-prep-ms-057803046
607,829,23,101845107,Yes Prep Airline Elem,Yes Prep Public Schools Inc,C,71,765,https://txschools.net/campus/yes-prep-airline-elem-101845107
631,829,23,227825005,Austin Achieve Pflugerville,Austin Achieve Public Schools,B,70,588,https://txschools.net/campus/austin-achieve-pflugerville-227825005
631,829,23,015838006,Compass Rose Destiny,Compass Rose Public Schools,C,70,739,https://txschools.net/campus/compass-rose-destiny-015838006
631,829,23,015838001,Compass Rose Legacy,Compass Rose Public Schools,C,70,459,https://txschools.net/campus/compass-rose-legacy-015838001
631,829,23,015838003,Compass Rose Legacy Elem,Compass Rose Public Schools,C,70,335,https://txschools.net/campus/compass-rose-legacy-elem-015838003
631,829,23,101804004,George I Sanchez North,George I Sanchez Charter,C,70,330,https://txschools.net/campus/george-i-sanchez-north-101804004
631,829,23,108807129,IDEA Ewing Halsell Academy,IDEA Public Schools,C,70,673,https://txschools.net/campus/idea-ewing-halsell-academy-108807129
631,829,23,108807139,IDEA Kyle Academy,IDEA Public Schools,C,70,600,https://txschools.net/campus/idea-kyle-academy-108807139
631,829,23,108807110,IDEA Weslaco Academy,IDEA Public Schools,C,70,582,https://txschools.net/campus/idea-weslaco-academy-108807110
631,829,23,221801005,Ignite Community School - Huntsville,Texas College Preparatory Academies,C,70,395,https://txschools.net/campus/ignite-community-school-huntsville-221801005
631,829,23,057848020,ILTexas Lancaster MS,International Leadership of Texas (ILTexas),B,70,337,https://txschools.net/campus/iltexas-lancaster-ms-057848020
631,829,23,057848039,ILTexas Pearland K-5,International Leadership of Texas (ILTexas),B,70,682,https://txschools.net/campus/iltexas-pearland-k-5-057848039
631,829,23,057848023,ILTexas Saginaw Elem,International Leadership of Texas (ILTexas),C,70,902,https://txschools.net/campus/iltexas-saginaw-elem-057848023
631,829,23,227820209,KIPP Explore Academy,KIPP Texas Public Schools,C,70,718,https://txschools.net/campus/kipp-explore-academy-227820209
631,829,23,227820083,KIPP Somos Pri,KIPP Texas Public Schools,B,70,321,https://txschools.net/campus/kipp-somos-pri-227820083
631,829,23,227820215,KIPP Unity Pri,KIPP Texas Public Schools,C,70,988,https://txschools.net/campus/kipp-unity-pri-227820215
631,829,23,057844101,Manara Academy-Irving,Manara Academy,B,70,326,https://txschools.net/campus/manara-academy-irving-057844101
631,829,23,014801002,Richard Milburn Academy Odessa,Richard Milburn Alter High School (Killeen),C,70,288,https://txschools.net/campus/richard-milburn-academy-odessa-014801002
631,829,23,101802041,Ser-Ninos Charter MS,Ser-Ninos Charter School,C,70,281,https://txschools.net/campus/ser-ninos-charter-ms-101802041
631,829,23,101859102,Step Charter II,Step Charter School,C,70,340,https://txschools.net/campus/step-charter-ii-101859102
631,829,23,057813104,Trinity Basin Preparatory - Fort Worth,Trinity Basin Preparatory,C,70,2003,https://txschools.net/campus/trinity-basin-preparatory-fort-worth-057813104
631,829,23,152803001,Triumph Public High Schools-Lubbock,Triumph Public High Schools-Lubbock,C,70,119,https://txschools.net/campus/triumph-public-high-schools-lubbock-152803001
631,829,23,227831001,Unparalleled Preparatory Academy,Unparalleled Preparatory Academy,C,70,33,https://txschools.net/campus/unparalleled-preparatory-academy-227831001
631,829,23,057803110,Uplift Atlas Prep Ps,Uplift Education,C,70,658,https://txschools.net/campus/uplift-atlas-prep-ps-057803110
631,829,23,057803044,Uplift Hampton Prep MS,Uplift Education,C,70,523,https://txschools.net/campus/uplift-hampton-prep-ms-057803044
655,829,18,101870002,Beta Academy,Beta Academy,D,69,1041,https://txschools.net/campus/beta-academy-101870002
655,829,18,123807102,Bob Hope School Beaumont,Bob Hope School,C,69,334,https://txschools.net/campus/bob-hope-school-beaumont-123807102
655,829,18,021803102,Brazos School for Inquiry and Creativity Tidwell,Brazos School for Inquiry & Creativity,C,69,156,https://txschools.net/campus/brazos-school-for-inquiry-and-creativity-tidwell-021803102
655,829,18,227816005,Harmony School of Innovation - Austin,Harmony Public Schools - Central Texas,C,69,364,https://txschools.net/campus/harmony-school-of-innovation-austin-227816005
655,829,18,108807302,IDEA Edgecliff Academy,IDEA Public Schools,D,69,730,https://txschools.net/campus/idea-edgecliff-academy-108807302
655,829,18,108807093,IDEA Hardy College Preparatory,IDEA Public Schools,C,69,694,https://txschools.net/campus/idea-hardy-college-preparatory-108807093
655,829,18,108807140,IDEA Rio Vista Academy,IDEA Public Schools,C,69,600,https://txschools.net/campus/idea-rio-vista-academy-108807140
655,829,18,227820081,KIPP Aspire Academy,KIPP Texas Public Schools,B,69,414,https://txschools.net/campus/kipp-aspire-academy-227820081
655,829,18,227820071,KIPP Truth Academy,KIPP Texas Public Schools,B,69,410,https://txschools.net/campus/kipp-truth-academy-227820071
655,829,18,227820214,KIPP Zenith Academy,KIPP Texas Public Schools,C,69,800,https://txschools.net/campus/kipp-zenith-academy-227820214
655,829,18,057839103,La Academia De Estrellas MS,La Academia De Estrellas,C,69,300,https://txschools.net/campus/la-academia-de-estrellas-ms-057839103
655,829,18,061802005,North Texas Collegiate Academy-East Campus,North Texas Collegiate Academy,D,69,298,https://txschools.net/campus/north-texas-collegiate-academy-east-campus-061802005
655,829,18,101871102,Paul David Castro MS,A' Unlimited Potential,C,69,138,https://txschools.net/campus/paul-david-castro-ms-101871102
655,829,18,221801079,Responsiveed - Online,Texas College Preparatory Academies,D,69,248,https://txschools.net/campus/responsiveed-online-221801079
655,829,18,057813101,Trinity Basin Preparatory - Dallas,Trinity Basin Preparatory,C,69,1654,https://txschools.net/campus/trinity-basin-preparatory-dallas-057813101
655,829,18,057813105,Trinity Basin Preparatory - Mesquite,Trinity Basin Preparatory,D,69,797,https://txschools.net/campus/trinity-basin-preparatory-mesquite-057813105
655,829,18,057803108,Uplift Meridian Prep Ps,Uplift Education,D,69,519,https://txschools.net/campus/uplift-meridian-prep-ps-057803108
655,829,18,057803045,Uplift Williams Prep MS,Uplift Education,B,69,504,https://txschools.net/campus/uplift-williams-prep-ms-057803045
655,829,18,227829003,Valor Kyle,Valor Education,D,69,963,https://txschools.net/campus/valor-kyle-227829003
674,829,0,221801022,Ischool Virtual Academy of Texas,Texas College Preparatory Academies,D,68,407,https://txschools.net/campus/ischool-virtual-academy-of-texas-221801022
675,829,14,021803001,Brazos School for Inquiry and Creativity Bryan/Col,Brazos School for Inquiry & Creativity,C,67,154,https://txschools.net/campus/brazos-school-for-inquiry-and-creativity-bryan-col-021803001
675,829,14,178801001,Dr M L Garza-Gonzalez Charter School,Dr M L Garza-Gonzalez Charter School,B,67,154,https://txschools.net/campus/dr-m-l-garza-gonzalez-charter-school-178801001
675,829,14,015828005,Harmony Science Academy - Brownsville,Harmony Public Schools - South Texas,C,67,506,https://txschools.net/campus/harmony-science-academy-brownsville-015828005
675,829,14,108807120,IDEA Carver Academy,IDEA Public Schools,C,67,419,https://txschools.net/campus/idea-carver-academy-108807120
675,829,14,108807101,IDEA Donna Academy,IDEA Public Schools,D,67,729,https://txschools.net/campus/idea-donna-academy-108807101
675,829,14,108807197,IDEA Palmview Academy,IDEA Public Schools,D,67,654,https://txschools.net/campus/idea-palmview-academy-108807197
675,829,14,108807206,IDEA Southeast College Preparatory,IDEA Public Schools,D,67,566,https://txschools.net/campus/idea-southeast-college-preparatory-108807206
675,829,14,101874001,Legacy School of Sport Sciences,Legacy School of Sport Sciences,D,67,550,https://txschools.net/campus/legacy-school-of-sport-sciences-101874001
675,829,14,015825002,Lighthouse High,Lighthouse Public Schools,C,67,88,https://txschools.net/campus/lighthouse-high-015825002
675,829,14,220817006,Newman International Academy Watauga,Newman International Academy of Arlington,D,67,451,https://txschools.net/campus/newman-international-academy-watauga-220817006
675,829,14,057850004,Pioneer Technology (PTAA) Mesquite Elem,Pioneer Technology & Arts Academy,D,67,175,https://txschools.net/campus/pioneer-technology-ptaa-mesquite-elem-057850004
675,829,14,015807102,Seguin Campus,Southwest Preparatory School,D,67,269,https://txschools.net/campus/seguin-campus-015807102
675,829,14,057813106,Trinity Basin Preparatory - Arlington,Trinity Basin Preparatory,C,67,483,https://txschools.net/campus/trinity-basin-preparatory-arlington-057813106
675,829,14,061805002,Trivium Academy - Plano Campus,Trivium Academy,D,67,81,https://txschools.net/campus/trivium-academy-plano-campus-061805002
675,829,14,057803011,Uplift Grand Prep MS,Uplift Education,C,67,423,https://txschools.net/campus/uplift-grand-prep-ms-057803011
690,829,1,057802001,Pegasus Charter HS,Pegasus School of Liberal Arts and Sciences,D,66,277,https://txschools.net/campus/pegasus-charter-hs-057802001
690,829,1,014801006,Richard Milburn Academy Fort Worth,Richard Milburn Alter High School (Killeen),D,66,94,https://txschools.net/campus/richard-milburn-academy-fort-worth-014801006
692,829,17,057835001,Golden Rule Charter School,Golden Rule Charter School,D,65,498,https://txschools.net/campus/golden-rule-charter-school-057835001
692,829,17,161807008,Harmony Science Academy - Grand Prairie,Harmony Public Schools - North Texas,C,65,482,https://txschools.net/campus/harmony-science-academy-grand-prairie-161807008
692,829,17,015815001,Heritage Academy of Windcrest,Heritage Academy,C,65,101,https://txschools.net/campus/heritage-academy-of-windcrest-015815001
692,829,17,108807124,IDEA Eastside Academy,IDEA Public Schools,C,65,370,https://txschools.net/campus/idea-eastside-academy-108807124
692,829,17,108807138,IDEA Pflugerville Academy,IDEA Public Schools,D,65,652,https://txschools.net/campus/idea-pflugerville-academy-108807138
692,829,17,108807106,IDEA San Juan Academy,IDEA Public Schools,D,65,532,https://txschools.net/campus/idea-san-juan-academy-108807106
692,829,17,108807121,IDEA South Flores Academy,IDEA Public Schools,D,65,630,https://txschools.net/campus/idea-south-flores-academy-108807121
692,829,17,108807196,IDEA Sports Park Academy,IDEA Public Schools,D,65,565,https://txschools.net/campus/idea-sports-park-academy-108807196
692,829,17,057848004,ILTexas Arlington Elem,International Leadership of Texas (ILTexas),B,65,720,https://txschools.net/campus/iltexas-arlington-elem-057848004
692,829,17,057819001,Jean Massieu Academy,Jean Massieu Academy,D,65,172,https://txschools.net/campus/jean-massieu-academy-057819001
692,829,17,227820402,KIPP Esperanza Pri,KIPP Texas Public Schools,C,65,345,https://txschools.net/campus/kipp-esperanza-pri-227820402
692,829,17,227824003,Promesa College Prep Brownsville,Valere Public Schools,C,65,151,https://txschools.net/campus/promesa-college-prep-brownsville-227824003
692,829,17,161802102,Quinn Campus Public MS,Rapoport Academy Public School,D,65,268,https://txschools.net/campus/quinn-campus-public-ms-161802102
692,829,17,057813109,Trinity Basin Preparatory - South,Trinity Basin Preparatory,D,65,585,https://txschools.net/campus/trinity-basin-preparatory-south-057813109
692,829,17,057803107,Uplift Luna Prep Ps,Uplift Education,C,65,740,https://txschools.net/campus/uplift-luna-prep-ps-057803107
692,829,17,057803049,Uplift Mighty Prep MS,Uplift Education,B,65,493,https://txschools.net/campus/uplift-mighty-prep-ms-057803049
692,829,17,057803109,Uplift Summit Prep Ps,Uplift Education,C,65,697,https://txschools.net/campus/uplift-summit-prep-ps-057803109
692,829,17,057803106,Uplift Triumph Prep Ps,Uplift Education,C,65,488,https://txschools.net/campus/uplift-triumph-prep-ps-057803106
710,829,8,101872002,Etoile Academy Charter School-Bissonnet,Etoile Academy Charter School,C,64,378,https://txschools.net/campus/etoile-academy-charter-school-bissonnet-101872002
710,829,8,108809001,Excellence In Leadership Academy,Excellence In Leadership Academy,D,64,168,https://txschools.net/campus/excellence-in-leadership-academy-108809001
710,829,8,057835101,Golden Rule Sunnyside,Golden Rule Charter School,D,64,102,https://txschools.net/campus/golden-rule-sunnyside-057835101
710,829,8,108807304,IDEA Ambrose and Freda Robinson Academy,IDEA Public Schools,D,64,438,https://txschools.net/campus/idea-ambrose-and-freda-robinson-academy-108807304
710,829,8,108807199,IDEA Converse Academy,IDEA Public Schools,D,64,682,https://txschools.net/campus/idea-converse-academy-108807199
710,829,8,108807191,IDEA Health Professions Academy,IDEA Public Schools,B,64,329,https://txschools.net/campus/idea-health-professions-academy-108807191
710,829,8,101853101,Ripley House Charter School,Bakerripley Community Schools,B,64,337,https://txschools.net/campus/ripley-house-charter-school-101853101
710,829,8,101802102,Ser-Ninos Charter El II,Ser-Ninos Charter School,C,64,223,https://txschools.net/campus/ser-ninos-charter-el-ii-101802102
710,829,8,101802101,Ser-Ninos Charter Elem,Ser-Ninos Charter School,D,64,469,https://txschools.net/campus/ser-ninos-charter-elem-101802101
719,829,11,021805102,Arrow Academy - Harvest Preparatory Academy,Arrow Academy,C,62,113,https://txschools.net/campus/arrow-academy-harvest-preparatory-academy-021805102
719,829,11,015838002,Compass Rose Ingenuity,Compass Rose Public Schools,D,62,795,https://txschools.net/campus/compass-rose-ingenuity-015838002
719,829,11,108807204,IDEA Ambrose and Freda Robinson College Preparator,IDEA Public Schools,D,62,116,https://txschools.net/campus/idea-ambrose-and-freda-robinson-college-preparator-108807204
719,829,11,108807203,IDEA La Joya College Preparatory,IDEA Public Schools,D,62,514,https://txschools.net/campus/idea-la-joya-college-preparatory-108807203
719,829,11,108807136,IDEA Rundberg Academy,IDEA Public Schools,D,62,648,https://txschools.net/campus/idea-rundberg-academy-108807136
719,829,11,057848040,ILTexas Pearland 6-8,International Leadership of Texas (ILTexas),D,62,244,https://txschools.net/campus/iltexas-pearland-6-8-057848040
719,829,11,227820211,KIPP Legacy Preparatory,KIPP Texas Public Schools,B,62,797,https://txschools.net/campus/kipp-legacy-preparatory-227820211
719,829,11,057844102,Manara STEM Academy - Arlington,Manara Academy,C,62,238,https://txschools.net/campus/manara-stem-academy-arlington-057844102
719,829,11,101868002,Pro-Vision MS,The Pro-Vision Academy,D,62,98,https://txschools.net/campus/pro-vision-ms-101868002
719,829,11,101845105,Southside Elem,Yes Prep Public Schools Inc,D,62,631,https://txschools.net/campus/southside-elem-101845105
719,829,11,101814102,The Varnett School - Northeast,The Varnett Public School,C,62,314,https://txschools.net/campus/the-varnett-school-northeast-101814102
719,829,11,057803105,Uplift Pinnacle Prep Ps,Uplift Education,C,62,500,https://txschools.net/campus/uplift-pinnacle-prep-ps-057803105
731,829,0,227824002,The East Austin College Prep at Mlk,Valere Public Schools,D,61,158,https://txschools.net/campus/the-east-austin-college-prep-at-mlk-227824002
732,829,17,015838007,Compass Rose Harvest,Compass Rose Public Schools,F,60,471,https://txschools.net/campus/compass-rose-harvest-015838007
732,829,17,212801042,Cumberland Academy MS,Cumberland Academy,F,60,240,https://txschools.net/campus/cumberland-academy-ms-212801042
732,829,17,071810002,El Paso Leadership Academy - HS East,El Paso Leadership Academy,F,60,361,https://txschools.net/campus/el-paso-leadership-academy-hs-east-071810002
732,829,17,070801041,Faith Family Master Academy,Faith Family Academy,D,60,277,https://txschools.net/campus/faith-family-master-academy-070801041
732,829,17,057835102,Golden Rule Desoto,Golden Rule Charter School,D,60,408,https://txschools.net/campus/golden-rule-desoto-057835102
732,829,17,161807001,Harmony Science Acad (Waco),Harmony Public Schools - North Texas,D,60,592,https://txschools.net/campus/harmony-science-acad-waco-161807001
732,829,17,101858003,Harmony Science Academy - Bryan,Harmony Public Schools - Houston North,D,60,342,https://txschools.net/campus/harmony-science-academy-bryan-101858003
732,829,17,108807135,IDEA Montopolis Academy,IDEA Public Schools,D,60,645,https://txschools.net/campus/idea-montopolis-academy-108807135
732,829,17,221801069,Ignite Community School - Westchase,Texas College Preparatory Academies,D,60,1178,https://txschools.net/campus/ignite-community-school-westchase-221801069
732,829,17,057848041,ILTexas Bg Ramirez MS,International Leadership of Texas (ILTexas),C,60,424,https://txschools.net/campus/iltexas-bg-ramirez-ms-057848041
732,829,17,227820105,KIPP Paseo Pri,KIPP Texas Public Schools,D,60,567,https://txschools.net/campus/kipp-paseo-pri-227820105
732,829,17,227820303,KIPP Pleasant Grove Pri,KIPP Texas Public Schools,C,60,444,https://txschools.net/campus/kipp-pleasant-grove-pri-227820303
732,829,17,101855101,Meyerpark Elem,Meyerpark Charter,C,60,259,https://txschools.net/campus/meyerpark-elem-101855101
732,829,17,084802002,Odyssey Academy - Texas City,Odyssey Academy Inc,F,60,599,https://txschools.net/campus/odyssey-academy-texas-city-084802002
732,829,17,084802003,Odyssey Academy - Webster,Odyssey Academy Inc,D,60,395,https://txschools.net/campus/odyssey-academy-webster-084802003
732,829,17,057803051,Uplift Ascend Prep MS,Uplift Education,D,60,426,https://txschools.net/campus/uplift-ascend-prep-ms-057803051
732,829,17,057803104,Uplift Heights Prep Ps,Uplift Education,C,60,887,https://txschools.net/campus/uplift-heights-prep-ps-057803104
732,829,17,057803015,Uplift Wisdom Prep MS,Uplift Education,C,60,517,https://txschools.net/campus/uplift-wisdom-prep-ms-057803015
750,829,17,057829001,A' Academy Elem,A' Academy,F,59,874,https://txschools.net/campus/a-academy-elem-057829001
750,829,17,227825001,Austin Achieve MS,Austin Achieve Public Schools,D,59,694,https://txschools.net/campus/austin-achieve-ms-227825001
750,829,17,057841002,Buckner Preparatory,Cityscape Schools,C,59,442,https://txschools.net/campus/buckner-preparatory-057841002
750,829,17,015838005,Compass Rose Journey,Compass Rose Public Schools,D,59,471,https://txschools.net/campus/compass-rose-journey-015838005
750,829,17,101856101,Draw Academy,Draw Academy,C,59,695,https://txschools.net/campus/draw-academy-101856101
750,829,17,220811101,East Fort Worth Montessori Academy,East Fort Worth Montessori Academy,D,59,106,https://txschools.net/campus/east-fort-worth-montessori-academy-220811101
750,829,17,057831002,Gateway Charter Academy - MS - HS,Gateway Charter Academy,F,59,182,https://txschools.net/campus/gateway-charter-academy-ms-hs-057831002
750,829,17,057835103,Golden Rule Southwest,Golden Rule Charter School,F,59,187,https://txschools.net/campus/golden-rule-southwest-057835103
750,829,17,108807187,IDEA Achieve Academy,IDEA Public Schools,D,59,500,https://txschools.net/campus/idea-achieve-academy-108807187
750,829,17,057848025,ILTexas Houston Windmill Lakes Elem,International Leadership of Texas (ILTexas),B,59,758,https://txschools.net/campus/iltexas-houston-windmill-lakes-elem-057848025
750,829,17,057848019,ILTexas Lancaster Elem,International Leadership of Texas (ILTexas),C,59,716,https://txschools.net/campus/iltexas-lancaster-elem-057848019
750,829,17,015822002,Jubilee Highland Hills,Jubilee Academies,D,59,639,https://txschools.net/campus/jubilee-highland-hills-015822002
750,829,17,227820219,KIPP Mosaic Pri,KIPP Texas Public Schools,F,59,1038,https://txschools.net/campus/kipp-mosaic-pri-227820219
750,829,17,015807101,Southwest Prep Northwest Elem,Southwest Preparatory School,D,59,116,https://txschools.net/campus/southwest-prep-northwest-elem-015807101
750,829,17,101838102,Southwest Public Schools Int'l Leadership Academy,Southwest Public Schools,C,59,484,https://txschools.net/campus/southwest-public-schools-int-l-leadership-academy-101838102
750,829,17,101838104,Southwest Public Schools Visual & Perf Arts Acad,Southwest Public Schools,D,59,371,https://txschools.net/campus/southwest-public-schools-visual-perf-arts-acad-101838104
750,829,17,057803017,Uplift Ascend Prep Ps,Uplift Education,D,59,841,https://txschools.net/campus/uplift-ascend-prep-ps-057803017
750,829,17,227803102,Wayside Real Learning Academy,Wayside Schools,C,59,711,https://txschools.net/campus/wayside-real-learning-academy-227803102
768,829,6,108810101,Brillante Academy,Brillante Academy,F,58,426,https://txschools.net/campus/brillante-academy-108810101
768,829,6,057831001,Gateway Charter Academy,Gateway Charter Academy,B,58,248,https://txschools.net/campus/gateway-charter-academy-057831001
768,829,6,101858002,Harmony School of Endeavor-Houston,Harmony Public Schools - Houston North,D,58,560,https://txschools.net/campus/harmony-school-of-endeavor-houston-101858002
768,829,6,108807193,IDEA Hardy Academy,IDEA Public Schools,C,58,648,https://txschools.net/campus/idea-hardy-academy-108807193
768,829,6,108807194,IDEA Spears Academy,IDEA Public Schools,D,58,719,https://txschools.net/campus/idea-spears-academy-108807194
768,829,6,057848027,ILTexas Houston Orem Elem,International Leadership of Texas (ILTexas),C,58,810,https://txschools.net/campus/iltexas-houston-orem-elem-057848027
768,829,6,227820302,KIPP Truth Elem,KIPP Texas Public Schools,C,58,454,https://txschools.net/campus/kipp-truth-elem-227820302
775,829,6,178807101,Corpus Christi Montessori School,Corpus Christi Montessori School,F,57,132,https://txschools.net/campus/corpus-christi-montessori-school-178807101
775,829,6,108807303,IDEA La Joya Academy,IDEA Public Schools,D,57,638,https://txschools.net/campus/idea-la-joya-academy-108807303
775,829,6,057848044,ILTexas Msg Ramirez MS,International Leadership of Texas (ILTexas),D,57,434,https://txschools.net/campus/iltexas-msg-ramirez-ms-057848044
775,829,6,057803008,Uplift Mighty Prep Ps,Uplift Education,D,57,539,https://txschools.net/campus/uplift-mighty-prep-ps-057803008
775,829,6,057803116,Uplift Wisdom Prep Ps,Uplift Education,D,57,579,https://txschools.net/campus/uplift-wisdom-prep-ps-057803116
775,829,6,227803103,Wayside Altamira Academy,Wayside Schools,F,57,393,https://txschools.net/campus/wayside-altamira-academy-227803103
775,829,6,101873001,Yellowstone College Preparatory,Yellowstone College Preparatory,D,57,361,https://txschools.net/campus/yellowstone-college-preparatory-101873001
782,829,10,212801041,Cumberland Academy Upper Elem,Cumberland Academy,D,56,280,https://txschools.net/campus/cumberland-academy-upper-elem-212801041
782,829,10,227824001,East Austin College Prep at Southwest Key,Valere Public Schools,D,56,135,https://txschools.net/campus/east-austin-college-prep-at-southwest-key-227824001
782,829,10,108807123,IDEA Walzem Academy,IDEA Public Schools,F,56,604,https://txschools.net/campus/idea-walzem-academy-108807123
782,829,10,057848042,ILTexas Bg Ramirez Elem,International Leadership of Texas (ILTexas),D,56,896,https://txschools.net/campus/iltexas-bg-ramirez-elem-057848042
782,829,10,057848021,ILTexas Woodhaven Elem,International Leadership of Texas (ILTexas),B,56,559,https://txschools.net/campus/iltexas-woodhaven-elem-057848021
782,829,10,057830001,Inspired Vision Academy Elem,Inspired Vision Academy,F,56,547,https://txschools.net/campus/inspired-vision-academy-elem-057830001
782,829,10,105801001,Katherine Anne Porter School,Katherine Anne Porter School,D,56,76,https://txschools.net/campus/katherine-anne-porter-school-105801001
782,829,10,015807001,Northeast Elem Campus,Southwest Preparatory School,C,56,86,https://txschools.net/campus/northeast-elem-campus-015807001
782,829,10,015839001,Promesa Academy Charter School,Promesa Academy Charter School,D,56,275,https://txschools.net/campus/promesa-academy-charter-school-015839001
782,829,10,101840103,Two Dimensions/Vickery,Two Dimensions Preparatory Academy,F,56,207,https://txschools.net/campus/two-dimensions-vickery-101840103
782,829,10,101814101,Varnett Charter School,The Varnett Public School,F,56,479,https://txschools.net/campus/varnett-charter-school-101814101
793,829,4,101877001,Elevate Collegiate,Elevate Collegiate Charter School,C,55,224,https://txschools.net/campus/elevate-collegiate-101877001
793,829,4,108807137,IDEA Bluff Springs Academy,IDEA Public Schools,F,55,517,https://txschools.net/campus/idea-bluff-springs-academy-108807137
793,829,4,227820213,KIPP Peace Elem,KIPP Texas Public Schools,F,55,469,https://txschools.net/campus/kipp-peace-elem-227820213
793,829,4,061802003,North Texas Collegiate Academy-South Campus,North Texas Collegiate Academy,F,55,252,https://txschools.net/campus/north-texas-collegiate-academy-south-campus-061802003
793,829,4,015808020,Sherman Inspire Academy,Inspire Academies,F,55,428,https://txschools.net/campus/sherman-inspire-academy-015808020
798,829,12,152806001,Betty M Condra School for Education Innovation,Betty M Condra School for Education Innovation,D,54,168,https://txschools.net/campus/betty-m-condra-school-for-education-innovation-152806001
798,829,12,071810001,El Paso Leadership Academy,El Paso Leadership Academy,F,54,188,https://txschools.net/campus/el-paso-leadership-academy-071810001
798,829,12,108807309,IDEA A W Brown Academy,IDEA Public Schools,F,54,478,https://txschools.net/campus/idea-a-w-brown-academy-108807309
798,829,12,108807128,IDEA Brackenridge Academy,IDEA Public Schools,F,54,611,https://txschools.net/campus/idea-brackenridge-academy-108807128
798,829,12,108807122,IDEA Monterrey Park Academy,IDEA Public Schools,F,54,554,https://txschools.net/campus/idea-monterrey-park-academy-108807122
798,829,12,108807186,IDEA Rise Academy,IDEA Public Schools,F,54,641,https://txschools.net/campus/idea-rise-academy-108807186
798,829,12,108807306,IDEA Southeast Academy,IDEA Public Schools,F,54,683,https://txschools.net/campus/idea-southeast-academy-108807306
798,829,12,221801052,Ignite Community School - Beaumont,Texas College Preparatory Academies,F,54,195,https://txschools.net/campus/ignite-community-school-beaumont-221801052
798,829,12,221801065,Ignite Community School - Fallbrook,Texas College Preparatory Academies,F,54,152,https://txschools.net/campus/ignite-community-school-fallbrook-221801065
798,829,12,221801062,Ignite Community School - Mainland,Texas College Preparatory Academies,F,54,405,https://txschools.net/campus/ignite-community-school-mainland-221801062
798,829,12,015825101,Lighthouse Elem,Lighthouse Public Schools,F,54,289,https://txschools.net/campus/lighthouse-elem-015825101
798,829,12,101814103,The Varnett School - East,The Varnett Public School,F,54,291,https://txschools.net/campus/the-varnett-school-east-101814103
798,829,12,101840101,Two Dimensions Preparatory Academy,Two Dimensions Preparatory Academy,D,54,135,https://txschools.net/campus/two-dimensions-preparatory-academy-101840101
811,829,1,161802101,Audre and Bernard Rapoport Academy,Rapoport Academy Public School,D,53,401,https://txschools.net/campus/audre-and-bernard-rapoport-academy-161802101
811,829,1,015842001,Royal Academy of Excellence,Royal Public Schools,F,53,394,https://txschools.net/campus/royal-academy-of-excellence-015842001
813,829,3,071810003,El Paso Leadership Academy - MS East,El Paso Leadership Academy,C,52,116,https://txschools.net/campus/el-paso-leadership-academy-ms-east-071810003
813,829,3,227816001,Harmony Science Academy - Austin,Harmony Public Schools - Central Texas,D,52,704,https://txschools.net/campus/harmony-science-academy-austin-227816001
813,829,3,108807127,IDEA Najim Academy,IDEA Public Schools,F,52,463,https://txschools.net/campus/idea-najim-academy-108807127
813,829,3,227805041,Texas Empowerment Academy,Texas Empowerment Academy,F,52,461,https://txschools.net/campus/texas-empowerment-academy-227805041
817,829,5,227825003,Austin Achieve Northeast Elem,Austin Achieve Public Schools,F,51,877,https://txschools.net/campus/austin-achieve-northeast-elem-227825003
817,829,5,015844101,Essence Preparatory Charter School,Essence Preparatory Charter School,F,51,438,https://txschools.net/campus/essence-preparatory-charter-school-015844101
817,829,5,101872001,Etoile Academy Charter School,Etoile Academy Charter School,F,51,686,https://txschools.net/campus/etoile-academy-charter-school-101872001
817,829,5,057848043,ILTexas Msg Ramirez Elem,International Leadership of Texas (ILTexas),D,51,919,https://txschools.net/campus/iltexas-msg-ramirez-elem-057848043
817,829,5,114801001,Pathway Academy,Pathway Academy,F,51,130,https://txschools.net/campus/pathway-academy-114801001
817,829,5,057803112,Uplift Williams Prep Ps,Uplift Education,F,51,545,https://txschools.net/campus/uplift-williams-prep-ps-057803112
823,829,0,101875001,Bloom Academy Charter School,Bloom Academy Charter School,F,50,364,https://txschools.net/campus/bloom-academy-charter-school-101875001
824,829,0,071801005,Davinci Acad for Sci and the Arts at San Antonio,Burnham Wood Charter School District,F,49,114,https://txschools.net/campus/davinci-acad-for-sci-and-the-arts-at-san-antonio-071801005
825,829,1,015838008,Compass Rose Dream,Compass Rose Public Schools,D,48,465,https://txschools.net/campus/compass-rose-dream-015838008
825,829,1,057809101,Nova Academy,Nova Academy,F,48,67,https://txschools.net/campus/nova-academy-057809101
827,829,0,221801083,Ignite Community School - Fort Worth,Texas College Preparatory Academies,F,45,615,https://txschools.net/campus/ignite-community-school-fort-worth-221801083
828,829,0,101881001,Up Excellence Academy,Up Excellence Academy,F,44,116,https://txschools.net/campus/up-excellence-academy-101881001
829,829,0,015845001,Celebrate Dyslexia School,Celebrate Dyslexia Schools,F,39,100,https://txschools.net/campus/celebrate-dyslexia-school-015845001
